match_id,season,round,round_number,match_date,home_team,away_team,venue,home_state,away_state,is_interstate,home_rest_days,away_rest_days,home_goals,home_behinds,home_score,away_goals,away_behinds,away_score,score_margin,home_win,target_home_win
M10001,1983,Round 1,1,1983-05-01,Adelaide Crows,Brisbane Lions,Adelaide Oval,SA,QLD,1,8,7,16,4,100,14,4,88,12,1,1
M10002,1983,Round 1,1,1983-05-03,GWS Giants,Fremantle Dockers,GIANTS Stadium,NSW,WA,1,9,9,17,2,104,14,4,88,16,1,1
M10003,1983,Round 1,1,1983-05-05,Collingwood Magpies,Richmond Tigers,MCG,VIC,VIC,0,7,8,15,4,94,17,1,103,-9,0,0
M10004,1983,Round 1,1,1983-05-07,West Coast Eagles,Sydney Swans,Optus Stadium,WA,NSW,1,7,8,14,4,88,14,5,89,-1,0,0
M10005,1983,Round 1,1,1983-05-09,North Melbourne Kangaroos,Carlton Blues,Marvel Stadium,VIC,VIC,0,7,7,16,6,102,14,1,85,17,1,1
M10006,1983,Round 1,1,1983-05-11,Hawthorn Hawks,Western Bulldogs,MCG,VIC,VIC,0,7,7,16,1,97,11,7,73,24,1,1
M10007,1983,Round 1,1,1983-05-13,Essendon Bombers,Port Adelaide Power,Marvel Stadium,VIC,SA,1,8,7,15,9,99,13,0,78,21,1,1
M10008,1983,Round 1,1,1983-05-15,Gold Coast Suns,Melbourne Demons,Heritage Bank Stadium,QLD,VIC,1,6,6,17,0,102,15,2,92,10,1,1
M10009,1983,Round 1,1,1983-05-17,St Kilda Saints,Geelong Cats,Marvel Stadium,VIC,VIC,0,8,7,15,1,91,16,0,96,-5,0,0
M10010,1983,Round 2,2,1983-06-01,Port Adelaide Power,Brisbane Lions,Adelaide Oval,SA,QLD,1,9,7,15,9,99,13,5,83,16,1,1
M10011,1983,Round 2,2,1983-06-03,Fremantle Dockers,Carlton Blues,Optus Stadium,WA,VIC,1,7,8,14,3,87,13,1,79,8,1,1
M10012,1983,Round 2,2,1983-06-05,North Melbourne Kangaroos,Essendon Bombers,Marvel Stadium,VIC,VIC,0,8,9,16,4,100,15,4,94,6,1,1
M10013,1983,Round 2,2,1983-06-07,West Coast Eagles,St Kilda Saints,Optus Stadium,WA,VIC,1,7,6,14,8,92,12,8,80,12,1,1
M10014,1983,Round 2,2,1983-06-09,Gold Coast Suns,Adelaide Crows,Heritage Bank Stadium,QLD,SA,1,6,7,15,4,94,11,5,71,23,1,1
M10015,1983,Round 2,2,1983-06-11,Geelong Cats,Hawthorn Hawks,GMHBA Stadium,VIC,VIC,0,7,6,12,6,78,12,5,77,1,1,1
M10016,1983,Round 2,2,1983-06-13,Richmond Tigers,Sydney Swans,MCG,VIC,NSW,1,8,6,16,5,101,14,3,87,14,1,1
M10017,1983,Round 2,2,1983-06-15,Western Bulldogs,GWS Giants,Marvel Stadium,VIC,NSW,1,7,6,16,6,102,14,4,88,14,1,1
M10018,1983,Round 2,2,1983-06-17,Collingwood Magpies,Melbourne Demons,MCG,VIC,VIC,0,6,7,15,7,97,15,7,97,0,0,0
M10019,1983,Round 3,3,1983-07-01,Hawthorn Hawks,North Melbourne Kangaroos,MCG,VIC,VIC,0,9,7,14,6,90,15,3,93,-3,0,0
M10020,1983,Round 3,3,1983-07-03,Adelaide Crows,Geelong Cats,Adelaide Oval,SA,VIC,1,7,6,13,1,79,16,2,98,-19,0,0
M10021,1983,Round 3,3,1983-07-05,Essendon Bombers,Western Bulldogs,Marvel Stadium,VIC,VIC,0,7,7,16,7,103,16,3,99,4,1,1
M10022,1983,Round 3,3,1983-07-07,GWS Giants,Melbourne Demons,GIANTS Stadium,NSW,VIC,1,6,7,18,1,109,14,5,89,20,1,1
M10023,1983,Round 3,3,1983-07-09,Sydney Swans,Richmond Tigers,SCG,NSW,VIC,1,9,7,16,6,102,15,3,93,9,1,1
M10024,1983,Round 3,3,1983-07-11,Brisbane Lions,Collingwood Magpies,Gabba,QLD,VIC,1,7,6,14,9,93,14,2,86,7,1,1
M10025,1983,Round 3,3,1983-07-13,St Kilda Saints,Port Adelaide Power,Marvel Stadium,VIC,SA,1,9,7,15,2,92,14,8,92,0,0,0
M10026,1983,Round 3,3,1983-07-15,Gold Coast Suns,Carlton Blues,Heritage Bank Stadium,QLD,VIC,1,7,8,15,7,97,15,5,95,2,1,1
M10027,1983,Round 3,3,1983-07-17,West Coast Eagles,Fremantle Dockers,Optus Stadium,WA,WA,0,9,8,14,6,90,13,4,82,8,1,1
M10028,1983,Round 4,4,1983-08-01,West Coast Eagles,Essendon Bombers,Optus Stadium,WA,VIC,1,7,7,16,9,105,15,1,91,14,1,1
M10029,1983,Round 4,4,1983-08-03,Geelong Cats,St Kilda Saints,GMHBA Stadium,VIC,VIC,0,7,7,14,6,90,11,6,72,18,1,1
M10030,1983,Round 4,4,1983-08-05,GWS Giants,Port Adelaide Power,GIANTS Stadium,NSW,SA,1,7,6,12,7,79,13,4,82,-3,0,0
M10031,1983,Round 4,4,1983-08-07,Brisbane Lions,Melbourne Demons,Gabba,QLD,VIC,1,7,9,14,6,90,9,5,59,31,1,1
M10032,1983,Round 4,4,1983-08-09,Gold Coast Suns,Collingwood Magpies,Heritage Bank Stadium,QLD,VIC,1,8,6,17,4,106,15,8,98,8,1,1
M10033,1983,Round 4,4,1983-08-11,Western Bulldogs,Richmond Tigers,Marvel Stadium,VIC,VIC,0,8,7,15,7,97,15,4,94,3,1,1
M10034,1983,Round 4,4,1983-08-13,Sydney Swans,North Melbourne Kangaroos,SCG,NSW,VIC,1,7,8,14,0,84,13,5,83,1,1,1
M10035,1983,Round 4,4,1983-08-15,Adelaide Crows,Carlton Blues,Adelaide Oval,SA,VIC,1,7,6,15,6,96,11,7,73,23,1,1
M10036,1983,Round 4,4,1983-08-17,Fremantle Dockers,Hawthorn Hawks,Optus Stadium,WA,VIC,1,6,8,16,8,104,14,4,88,16,1,1
M10037,1983,Round 5,5,1983-09-01,Melbourne Demons,Hawthorn Hawks,MCG,VIC,VIC,0,9,8,15,2,92,14,5,89,3,1,1
M10038,1983,Round 5,5,1983-09-03,Western Bulldogs,Geelong Cats,Marvel Stadium,VIC,VIC,0,7,7,15,5,95,14,5,89,6,1,1
M10039,1983,Round 5,5,1983-09-05,Adelaide Crows,Brisbane Lions,Adelaide Oval,SA,QLD,1,7,7,17,5,107,14,4,88,19,1,1
M10040,1983,Round 5,5,1983-09-07,Essendon Bombers,Collingwood Magpies,Marvel Stadium,VIC,VIC,0,7,8,16,5,101,14,8,92,9,1,1
M10041,1983,Round 5,5,1983-09-09,North Melbourne Kangaroos,St Kilda Saints,Marvel Stadium,VIC,VIC,0,7,9,16,4,100,13,2,80,20,1,1
M10042,1983,Round 5,5,1983-09-11,West Coast Eagles,Fremantle Dockers,Optus Stadium,WA,WA,0,7,6,15,7,97,13,2,80,17,1,1
M10043,1983,Round 5,5,1983-09-13,Richmond Tigers,Sydney Swans,MCG,VIC,NSW,1,8,8,14,4,88,15,3,93,-5,0,0
M10044,1983,Round 5,5,1983-09-15,Gold Coast Suns,Port Adelaide Power,Heritage Bank Stadium,QLD,SA,1,7,7,14,6,90,16,0,96,-6,0,0
M10045,1983,Round 5,5,1983-09-17,GWS Giants,Carlton Blues,GIANTS Stadium,NSW,VIC,1,8,6,14,2,86,14,5,89,-3,0,0
M10046,1983,Round 6,6,1983-04-01,West Coast Eagles,St Kilda Saints,Optus Stadium,WA,VIC,1,7,8,16,6,102,15,3,93,9,1,1
M10047,1983,Round 6,6,1983-04-03,Melbourne Demons,Collingwood Magpies,MCG,VIC,VIC,0,9,7,15,5,95,13,2,80,15,1,1
M10048,1983,Round 6,6,1983-04-05,Brisbane Lions,Adelaide Crows,Gabba,QLD,SA,1,7,7,16,2,98,11,3,69,29,1,1
M10049,1983,Round 6,6,1983-04-07,Hawthorn Hawks,Gold Coast Suns,MCG,VIC,QLD,1,7,7,16,7,103,13,3,81,22,1,1
M10050,1983,Round 6,6,1983-04-09,Carlton Blues,Essendon Bombers,Marvel Stadium,VIC,VIC,0,6,8,16,7,103,11,3,69,34,1,1
M10051,1983,Round 6,6,1983-04-11,Sydney Swans,Port Adelaide Power,SCG,NSW,SA,1,7,7,13,6,84,10,5,65,19,1,1
M10052,1983,Round 6,6,1983-04-13,Western Bulldogs,North Melbourne Kangaroos,Marvel Stadium,VIC,VIC,0,6,7,16,0,96,13,7,85,11,1,1
M10053,1983,Round 6,6,1983-04-15,Richmond Tigers,Fremantle Dockers,MCG,VIC,WA,1,9,7,12,5,77,14,7,91,-14,0,0
M10054,1983,Round 6,6,1983-04-17,Geelong Cats,GWS Giants,GMHBA Stadium,VIC,NSW,1,9,9,15,4,94,10,9,69,25,1,1
M10055,1983,Round 7,7,1983-05-01,Western Bulldogs,Hawthorn Hawks,Marvel Stadium,VIC,VIC,0,7,8,16,4,100,16,5,101,-1,0,0
M10056,1983,Round 7,7,1983-05-03,North Melbourne Kangaroos,Sydney Swans,Marvel Stadium,VIC,NSW,1,8,6,15,2,92,16,0,96,-4,0,0
M10057,1983,Round 7,7,1983-05-05,West Coast Eagles,Adelaide Crows,Optus Stadium,WA,SA,1,7,6,15,1,91,13,7,85,6,1,1
M10058,1983,Round 7,7,1983-05-07,Melbourne Demons,Richmond Tigers,MCG,VIC,VIC,0,6,7,11,7,73,14,7,91,-18,0,0
M10059,1983,Round 7,7,1983-05-09,Geelong Cats,Carlton Blues,GMHBA Stadium,VIC,VIC,0,8,8,16,4,100,13,3,81,19,1,1
M10060,1983,Round 7,7,1983-05-11,Brisbane Lions,St Kilda Saints,Gabba,QLD,VIC,1,7,8,16,4,100,14,6,90,10,1,1
M10061,1983,Round 7,7,1983-05-13,Port Adelaide Power,Fremantle Dockers,Adelaide Oval,SA,WA,1,7,7,15,6,96,13,5,83,13,1,1
M10062,1983,Round 7,7,1983-05-15,GWS Giants,Essendon Bombers,GIANTS Stadium,NSW,VIC,1,9,9,17,5,107,13,9,87,20,1,1
M10063,1983,Round 7,7,1983-05-17,Collingwood Magpies,Gold Coast Suns,MCG,VIC,QLD,1,9,7,16,2,98,14,4,88,10,1,1
M10064,1983,Round 8,8,1983-06-01,Brisbane Lions,Port Adelaide Power,Gabba,QLD,SA,1,7,8,14,5,89,12,6,78,11,1,1
M10065,1983,Round 8,8,1983-06-03,Essendon Bombers,Gold Coast Suns,Marvel Stadium,VIC,QLD,1,9,7,14,4,88,16,3,99,-11,0,0
M10066,1983,Round 8,8,1983-06-05,Fremantle Dockers,Hawthorn Hawks,Optus Stadium,WA,VIC,1,8,7,14,6,90,13,2,80,10,1,1
M10067,1983,Round 8,8,1983-06-07,Sydney Swans,Geelong Cats,SCG,NSW,VIC,1,8,6,15,2,92,12,0,72,20,1,1
M10068,1983,Round 8,8,1983-06-09,West Coast Eagles,Collingwood Magpies,Optus Stadium,WA,VIC,1,7,6,15,7,97,14,0,84,13,1,1
M10069,1983,Round 8,8,1983-06-11,North Melbourne Kangaroos,Carlton Blues,Marvel Stadium,VIC,VIC,0,7,7,17,2,104,12,5,77,27,1,1
M10070,1983,Round 8,8,1983-06-13,Melbourne Demons,St Kilda Saints,MCG,VIC,VIC,0,9,7,16,7,103,12,8,80,23,1,1
M10071,1983,Round 8,8,1983-06-15,GWS Giants,Richmond Tigers,GIANTS Stadium,NSW,VIC,1,8,7,15,7,97,12,8,80,17,1,1
M10072,1983,Round 8,8,1983-06-17,Western Bulldogs,Adelaide Crows,Marvel Stadium,VIC,SA,1,7,6,17,7,109,14,4,88,21,1,1
M10073,1983,Round 9,9,1983-07-01,North Melbourne Kangaroos,Fremantle Dockers,Marvel Stadium,VIC,WA,1,9,7,16,6,102,14,6,90,12,1,1
M10074,1983,Round 9,9,1983-07-03,Sydney Swans,Western Bulldogs,SCG,NSW,VIC,1,9,7,13,5,83,10,7,67,16,1,1
M10075,1983,Round 9,9,1983-07-05,Richmond Tigers,Carlton Blues,MCG,VIC,VIC,0,9,7,16,0,96,14,1,85,11,1,1
M10076,1983,Round 9,9,1983-07-07,Brisbane Lions,GWS Giants,Gabba,QLD,NSW,1,7,7,14,6,90,12,6,78,12,1,1
M10077,1983,Round 9,9,1983-07-09,Geelong Cats,St Kilda Saints,GMHBA Stadium,VIC,VIC,0,6,7,14,6,90,14,5,89,1,1,1
M10078,1983,Round 9,9,1983-07-11,Hawthorn Hawks,Adelaide Crows,MCG,VIC,SA,1,7,8,15,6,96,13,4,82,14,1,1
M10079,1983,Round 9,9,1983-07-13,Port Adelaide Power,Melbourne Demons,Adelaide Oval,SA,VIC,1,7,8,16,3,99,12,2,74,25,1,1
M10080,1983,Round 9,9,1983-07-15,West Coast Eagles,Essendon Bombers,Optus Stadium,WA,VIC,1,9,7,15,0,90,12,1,73,17,1,1
M10081,1983,Round 9,9,1983-07-17,Collingwood Magpies,Gold Coast Suns,MCG,VIC,QLD,1,7,7,12,6,78,14,2,86,-8,0,0
M10082,1983,Round 10,10,1983-08-01,Brisbane Lions,Geelong Cats,Gabba,QLD,VIC,1,9,7,16,1,97,13,4,82,15,1,1
M10083,1983,Round 10,10,1983-08-03,St Kilda Saints,Carlton Blues,Marvel Stadium,VIC,VIC,0,7,9,12,6,78,14,3,87,-9,0,0
M10084,1983,Round 10,10,1983-08-05,GWS Giants,Fremantle Dockers,GIANTS Stadium,NSW,WA,1,7,7,17,4,106,14,5,89,17,1,1
M10085,1983,Round 10,10,1983-08-07,Hawthorn Hawks,North Melbourne Kangaroos,MCG,VIC,VIC,0,9,6,14,6,90,15,2,92,-2,0,0
M10086,1983,Round 10,10,1983-08-09,Western Bulldogs,West Coast Eagles,Marvel Stadium,VIC,WA,1,8,7,16,9,105,14,4,88,17,1,1
M10087,1983,Round 10,10,1983-08-11,Essendon Bombers,Port Adelaide Power,Marvel Stadium,VIC,SA,1,8,8,15,6,96,15,4,94,2,1,1
M10088,1983,Round 10,10,1983-08-13,Gold Coast Suns,Sydney Swans,Heritage Bank Stadium,QLD,NSW,1,7,7,16,5,101,13,4,82,19,1,1
M10089,1983,Round 10,10,1983-08-15,Collingwood Magpies,Adelaide Crows,MCG,VIC,SA,1,7,7,16,3,99,14,5,89,10,1,1
M10090,1983,Round 10,10,1983-08-17,Melbourne Demons,Richmond Tigers,MCG,VIC,VIC,0,7,7,16,1,97,16,4,100,-3,0,0
M10091,1983,Round 11,11,1983-09-01,Port Adelaide Power,Adelaide Crows,Adelaide Oval,SA,SA,0,7,8,15,2,92,12,3,75,17,1,1
M10092,1983,Round 11,11,1983-09-03,St Kilda Saints,Collingwood Magpies,Marvel Stadium,VIC,VIC,0,7,7,15,6,96,13,4,82,14,1,1
M10093,1983,Round 11,11,1983-09-05,Gold Coast Suns,Carlton Blues,Heritage Bank Stadium,QLD,VIC,1,6,7,14,3,87,12,2,74,13,1,1
M10094,1983,Round 11,11,1983-09-07,Melbourne Demons,Geelong Cats,MCG,VIC,VIC,0,8,7,16,5,101,14,4,88,13,1,1
M10095,1983,Round 11,11,1983-09-09,West Coast Eagles,GWS Giants,Optus Stadium,WA,NSW,1,6,7,15,4,94,14,4,88,6,1,1
M10096,1983,Round 11,11,1983-09-11,Brisbane Lions,Hawthorn Hawks,Gabba,QLD,VIC,1,7,9,14,3,87,14,3,87,0,0,0
M10097,1983,Round 11,11,1983-09-13,Essendon Bombers,Fremantle Dockers,Marvel Stadium,VIC,WA,1,7,9,15,2,92,14,6,90,2,1,1
M10098,1983,Round 11,11,1983-09-15,Richmond Tigers,North Melbourne Kangaroos,MCG,VIC,VIC,0,7,7,14,6,90,13,4,82,8,1,1
M10099,1983,Round 11,11,1983-09-17,Sydney Swans,Western Bulldogs,SCG,NSW,VIC,1,8,6,15,5,95,12,7,79,16,1,1
M10100,1983,Round 12,12,1983-04-01,GWS Giants,Sydney Swans,GIANTS Stadium,NSW,NSW,0,7,7,13,1,79,14,2,86,-7,0,0
M10101,1983,Round 12,12,1983-04-03,North Melbourne Kangaroos,Essendon Bombers,Marvel Stadium,VIC,VIC,0,8,7,14,8,92,13,6,84,8,1,1
M10102,1983,Round 12,12,1983-04-05,Melbourne Demons,Carlton Blues,MCG,VIC,VIC,0,8,9,17,1,103,15,8,98,5,1,1
M10103,1983,Round 12,12,1983-04-07,Gold Coast Suns,West Coast Eagles,Heritage Bank Stadium,QLD,WA,1,6,7,15,3,93,14,1,85,8,1,1
M10104,1983,Round 12,12,1983-04-09,Collingwood Magpies,Brisbane Lions,MCG,VIC,QLD,1,8,6,14,7,91,14,3,87,4,1,1
M10105,1983,Round 12,12,1983-04-11,Fremantle Dockers,Western Bulldogs,Optus Stadium,WA,VIC,1,9,7,15,9,99,14,0,84,15,1,1
M10106,1983,Round 12,12,1983-04-13,Adelaide Crows,Geelong Cats,Adelaide Oval,SA,VIC,1,9,7,16,6,102,12,1,73,29,1,1
M10107,1983,Round 12,12,1983-04-15,Richmond Tigers,Hawthorn Hawks,MCG,VIC,VIC,0,7,8,16,6,102,16,4,100,2,1,1
M10108,1983,Round 12,12,1983-04-17,Port Adelaide Power,St Kilda Saints,Adelaide Oval,SA,VIC,1,9,7,13,6,84,11,6,72,12,1,1
M10109,1983,Round 13,13,1983-05-01,Brisbane Lions,Adelaide Crows,Gabba,QLD,SA,1,7,7,13,6,84,12,5,77,7,1,1
M10110,1983,Round 13,13,1983-05-03,Geelong Cats,Richmond Tigers,GMHBA Stadium,VIC,VIC,0,6,6,15,0,90,15,2,92,-2,0,0
M10111,1983,Round 13,13,1983-05-05,Melbourne Demons,Collingwood Magpies,MCG,VIC,VIC,0,7,7,17,3,105,13,4,82,23,1,1
M10112,1983,Round 13,13,1983-05-07,Western Bulldogs,Sydney Swans,Marvel Stadium,VIC,NSW,1,7,7,18,5,113,17,5,107,6,1,1
M10113,1983,Round 13,13,1983-05-09,Carlton Blues,North Melbourne Kangaroos,Marvel Stadium,VIC,VIC,0,8,6,16,2,98,15,8,98,0,0,0
M10114,1983,Round 13,13,1983-05-11,Port Adelaide Power,Gold Coast Suns,Adelaide Oval,SA,QLD,1,7,7,15,5,95,11,6,72,23,1,1
M10115,1983,Round 13,13,1983-05-13,Hawthorn Hawks,GWS Giants,MCG,VIC,NSW,1,7,8,15,4,94,15,5,95,-1,0,0
M10116,1983,Round 13,13,1983-05-15,Essendon Bombers,St Kilda Saints,Marvel Stadium,VIC,VIC,0,9,7,16,1,97,16,4,100,-3,0,0
M10117,1983,Round 13,13,1983-05-17,West Coast Eagles,Fremantle Dockers,Optus Stadium,WA,WA,0,6,7,17,2,104,14,6,90,14,1,1
M10118,1983,Round 14,14,1983-06-01,St Kilda Saints,Carlton Blues,Marvel Stadium,VIC,VIC,0,7,6,16,3,99,13,7,85,14,1,1
M10119,1983,Round 14,14,1983-06-03,Hawthorn Hawks,Sydney Swans,MCG,VIC,NSW,1,6,9,14,4,88,15,4,94,-6,0,0
M10120,1983,Round 14,14,1983-06-05,Brisbane Lions,Melbourne Demons,Gabba,QLD,VIC,1,9,6,13,5,83,15,5,95,-12,0,0
M10121,1983,Round 14,14,1983-06-07,Richmond Tigers,Collingwood Magpies,MCG,VIC,VIC,0,9,8,12,6,78,15,8,98,-20,0,0
M10122,1983,Round 14,14,1983-06-09,Gold Coast Suns,West Coast Eagles,Heritage Bank Stadium,QLD,WA,1,9,7,12,0,72,15,4,94,-22,0,0
M10123,1983,Round 14,14,1983-06-11,Essendon Bombers,Western Bulldogs,Marvel Stadium,VIC,VIC,0,7,7,15,3,93,14,9,93,0,0,0
M10124,1983,Round 14,14,1983-06-13,Port Adelaide Power,GWS Giants,Adelaide Oval,SA,NSW,1,8,6,16,0,96,12,7,79,17,1,1
M10125,1983,Round 14,14,1983-06-15,Fremantle Dockers,North Melbourne Kangaroos,Optus Stadium,WA,VIC,1,6,7,17,6,108,14,5,89,19,1,1
M10126,1983,Round 14,14,1983-06-17,Geelong Cats,Adelaide Crows,GMHBA Stadium,VIC,SA,1,7,9,14,6,90,14,4,88,2,1,1
M10127,1983,Round 15,15,1983-07-01,Melbourne Demons,Richmond Tigers,MCG,VIC,VIC,0,7,7,17,3,105,15,4,94,11,1,1
M10128,1983,Round 15,15,1983-07-03,Sydney Swans,North Melbourne Kangaroos,SCG,NSW,VIC,1,7,7,16,2,98,16,1,97,1,1,1
M10129,1983,Round 15,15,1983-07-05,Adelaide Crows,Essendon Bombers,Adelaide Oval,SA,VIC,1,7,8,16,9,105,15,6,96,9,1,1
M10130,1983,Round 15,15,1983-07-07,Fremantle Dockers,Gold Coast Suns,Optus Stadium,WA,QLD,1,7,8,16,4,100,14,6,90,10,1,1
M10131,1983,Round 15,15,1983-07-09,GWS Giants,Western Bulldogs,GIANTS Stadium,NSW,VIC,1,9,7,15,6,96,13,7,85,11,1,1
M10132,1983,Round 15,15,1983-07-11,West Coast Eagles,Hawthorn Hawks,Optus Stadium,WA,VIC,1,9,7,14,3,87,17,2,104,-17,0,0
M10133,1983,Round 15,15,1983-07-13,Geelong Cats,Collingwood Magpies,GMHBA Stadium,VIC,VIC,0,7,9,15,4,94,15,4,94,0,0,0
M10134,1983,Round 15,15,1983-07-15,Carlton Blues,St Kilda Saints,Marvel Stadium,VIC,VIC,0,8,7,17,3,105,15,5,95,10,1,1
M10135,1983,Round 15,15,1983-07-17,Port Adelaide Power,Brisbane Lions,Adelaide Oval,SA,QLD,1,9,7,15,6,96,15,4,94,2,1,1
M10136,1983,Round 16,16,1983-08-01,Western Bulldogs,Geelong Cats,Marvel Stadium,VIC,VIC,0,8,7,14,7,91,15,0,90,1,1,1
M10137,1983,Round 16,16,1983-08-03,Brisbane Lions,Richmond Tigers,Gabba,QLD,VIC,1,6,7,16,0,96,14,1,85,11,1,1
M10138,1983,Round 16,16,1983-08-05,St Kilda Saints,Hawthorn Hawks,Marvel Stadium,VIC,VIC,0,8,8,13,9,87,14,4,88,-1,0,0
M10139,1983,Round 16,16,1983-08-07,GWS Giants,Fremantle Dockers,GIANTS Stadium,NSW,WA,1,8,7,20,1,121,13,8,86,35,1,1
M10140,1983,Round 16,16,1983-08-09,Adelaide Crows,Gold Coast Suns,Adelaide Oval,SA,QLD,1,7,7,16,4,100,12,5,77,23,1,1
M10141,1983,Round 16,16,1983-08-11,Melbourne Demons,Sydney Swans,MCG,VIC,NSW,1,7,7,15,5,95,13,7,85,10,1,1
M10142,1983,Round 16,16,1983-08-13,Port Adelaide Power,West Coast Eagles,Adelaide Oval,SA,WA,1,6,6,16,7,103,12,4,76,27,1,1
M10143,1983,Round 16,16,1983-08-15,Essendon Bombers,North Melbourne Kangaroos,Marvel Stadium,VIC,VIC,0,6,7,12,9,81,16,4,100,-19,0,0
M10144,1983,Round 16,16,1983-08-17,Collingwood Magpies,Carlton Blues,MCG,VIC,VIC,0,7,9,14,4,88,15,4,94,-6,0,0
M10145,1983,Round 17,17,1983-09-01,Carlton Blues,Essendon Bombers,Marvel Stadium,VIC,VIC,0,9,7,14,6,90,14,3,87,3,1,1
M10146,1983,Round 17,17,1983-09-03,West Coast Eagles,St Kilda Saints,Optus Stadium,WA,VIC,1,6,7,16,9,105,10,5,65,40,1,1
M10147,1983,Round 17,17,1983-09-05,Richmond Tigers,Geelong Cats,MCG,VIC,VIC,0,8,7,14,7,91,15,5,95,-4,0,0
M10148,1983,Round 17,17,1983-09-07,Western Bulldogs,Gold Coast Suns,Marvel Stadium,VIC,QLD,1,7,9,16,6,102,14,8,92,10,1,1
M10149,1983,Round 17,17,1983-09-09,GWS Giants,Sydney Swans,GIANTS Stadium,NSW,NSW,0,8,9,15,6,96,15,4,94,2,1,1
M10150,1983,Round 17,17,1983-09-11,North Melbourne Kangaroos,Adelaide Crows,Marvel Stadium,VIC,SA,1,7,7,16,1,97,15,1,91,6,1,1
M10151,1983,Round 17,17,1983-09-13,Hawthorn Hawks,Collingwood Magpies,MCG,VIC,VIC,0,7,9,14,8,92,13,3,81,11,1,1
M10152,1983,Round 17,17,1983-09-15,Brisbane Lions,Port Adelaide Power,Gabba,QLD,SA,1,7,7,14,4,88,18,9,117,-29,0,0
M10153,1983,Round 17,17,1983-09-17,Melbourne Demons,Fremantle Dockers,MCG,VIC,WA,1,6,9,13,4,82,14,3,87,-5,0,0
M10154,1983,Round 18,18,1983-04-01,Brisbane Lions,Sydney Swans,Gabba,QLD,NSW,1,7,7,12,5,77,14,0,84,-7,0,0
M10155,1983,Round 18,18,1983-04-03,Melbourne Demons,Gold Coast Suns,MCG,VIC,QLD,1,8,7,16,3,99,12,5,77,22,1,1
M10156,1983,Round 18,18,1983-04-05,St Kilda Saints,Port Adelaide Power,Marvel Stadium,VIC,SA,1,7,8,15,3,93,15,5,95,-2,0,0
M10157,1983,Round 18,18,1983-04-07,Fremantle Dockers,Hawthorn Hawks,Optus Stadium,WA,VIC,1,7,8,13,5,83,10,8,68,15,1,1
M10158,1983,Round 18,18,1983-04-09,Richmond Tigers,West Coast Eagles,MCG,VIC,WA,1,8,7,14,9,93,10,2,62,31,1,1
M10159,1983,Round 18,18,1983-04-11,Essendon Bombers,Adelaide Crows,Marvel Stadium,VIC,SA,1,7,7,14,7,91,13,5,83,8,1,1
M10160,1983,Round 18,18,1983-04-13,Collingwood Magpies,GWS Giants,MCG,VIC,NSW,1,7,7,16,9,105,12,7,79,26,1,1
M10161,1983,Round 18,18,1983-04-15,North Melbourne Kangaroos,Carlton Blues,Marvel Stadium,VIC,VIC,0,9,7,15,0,90,12,8,80,10,1,1
M10162,1983,Round 18,18,1983-04-17,Geelong Cats,Western Bulldogs,GMHBA Stadium,VIC,VIC,0,7,6,16,7,103,12,8,80,23,1,1
M10163,1983,Round 19,19,1983-05-01,Hawthorn Hawks,North Melbourne Kangaroos,MCG,VIC,VIC,0,9,9,18,5,113,16,6,102,11,1,1
M10164,1983,Round 19,19,1983-05-03,Carlton Blues,Gold Coast Suns,Marvel Stadium,VIC,QLD,1,7,6,13,7,85,13,4,82,3,1,1
M10165,1983,Round 19,19,1983-05-05,Melbourne Demons,Collingwood Magpies,MCG,VIC,VIC,0,7,8,15,4,94,13,5,83,11,1,1
M10166,1983,Round 19,19,1983-05-07,Fremantle Dockers,West Coast Eagles,Optus Stadium,WA,WA,0,7,9,16,3,99,14,3,87,12,1,1
M10167,1983,Round 19,19,1983-05-09,St Kilda Saints,Essendon Bombers,Marvel Stadium,VIC,VIC,0,8,8,14,8,92,13,6,84,8,1,1
M10168,1983,Round 19,19,1983-05-11,Adelaide Crows,GWS Giants,Adelaide Oval,SA,NSW,1,7,9,16,7,103,14,4,88,15,1,1
M10169,1983,Round 19,19,1983-05-13,Brisbane Lions,Western Bulldogs,Gabba,QLD,VIC,1,7,6,16,4,100,12,4,76,24,1,1
M10170,1983,Round 19,19,1983-05-15,Port Adelaide Power,Geelong Cats,Adelaide Oval,SA,VIC,1,9,8,16,2,98,14,4,88,10,1,1
M10171,1983,Round 19,19,1983-05-17,Sydney Swans,Richmond Tigers,SCG,NSW,VIC,1,9,7,15,4,94,15,5,95,-1,0,0
M10172,1983,Round 20,20,1983-06-01,Carlton Blues,North Melbourne Kangaroos,Marvel Stadium,VIC,VIC,0,7,8,16,1,97,16,2,98,-1,0,0
M10173,1983,Round 20,20,1983-06-03,Melbourne Demons,Geelong Cats,MCG,VIC,VIC,0,7,6,15,2,92,15,5,95,-3,0,0
M10174,1983,Round 20,20,1983-06-05,Sydney Swans,Collingwood Magpies,SCG,NSW,VIC,1,7,7,17,5,107,12,1,73,34,1,1
M10175,1983,Round 20,20,1983-06-07,Adelaide Crows,St Kilda Saints,Adelaide Oval,SA,VIC,1,7,7,17,6,108,11,7,73,35,1,1
M10176,1983,Round 20,20,1983-06-09,Gold Coast Suns,Western Bulldogs,Heritage Bank Stadium,QLD,VIC,1,7,7,14,5,89,10,9,69,20,1,1
M10177,1983,Round 20,20,1983-06-11,GWS Giants,Essendon Bombers,GIANTS Stadium,NSW,VIC,1,7,7,15,5,95,15,2,92,3,1,1
M10178,1983,Round 20,20,1983-06-13,Hawthorn Hawks,West Coast Eagles,MCG,VIC,WA,1,7,7,14,9,93,15,2,92,1,1,1
M10179,1983,Round 20,20,1983-06-15,Richmond Tigers,Port Adelaide Power,MCG,VIC,SA,1,7,7,15,5,95,13,2,80,15,1,1
M10180,1983,Round 20,20,1983-06-17,Brisbane Lions,Fremantle Dockers,Gabba,QLD,WA,1,7,7,16,4,100,14,6,90,10,1,1
M10181,1983,Round 21,21,1983-07-01,Gold Coast Suns,St Kilda Saints,Heritage Bank Stadium,QLD,VIC,1,7,7,16,8,104,13,4,82,22,1,1
M10182,1983,Round 21,21,1983-07-03,Hawthorn Hawks,Sydney Swans,MCG,VIC,NSW,1,7,7,15,7,97,15,5,95,2,1,1
M10183,1983,Round 21,21,1983-07-05,Geelong Cats,Western Bulldogs,GMHBA Stadium,VIC,VIC,0,9,9,13,4,82,12,1,73,9,1,1
M10184,1983,Round 21,21,1983-07-07,GWS Giants,Brisbane Lions,GIANTS Stadium,NSW,QLD,1,8,9,13,4,82,13,4,82,0,0,0
M10185,1983,Round 21,21,1983-07-09,Carlton Blues,Richmond Tigers,Marvel Stadium,VIC,VIC,0,6,6,15,5,95,13,2,80,15,1,1
M10186,1983,Round 21,21,1983-07-11,West Coast Eagles,Fremantle Dockers,Optus Stadium,WA,WA,0,9,7,16,0,96,13,4,82,14,1,1
M10187,1983,Round 21,21,1983-07-13,Adelaide Crows,North Melbourne Kangaroos,Adelaide Oval,SA,VIC,1,9,7,16,3,99,14,4,88,11,1,1
M10188,1983,Round 21,21,1983-07-15,Port Adelaide Power,Collingwood Magpies,Adelaide Oval,SA,VIC,1,9,6,14,8,92,12,2,74,18,1,1
M10189,1983,Round 21,21,1983-07-17,Melbourne Demons,Essendon Bombers,MCG,VIC,VIC,0,7,6,16,0,96,13,5,83,13,1,1
M10190,1983,Round 22,22,1983-08-01,Richmond Tigers,Melbourne Demons,MCG,VIC,VIC,0,9,7,15,3,93,14,7,91,2,1,1
M10191,1983,Round 22,22,1983-08-03,North Melbourne Kangaroos,Port Adelaide Power,Marvel Stadium,VIC,SA,1,7,7,16,1,97,12,8,80,17,1,1
M10192,1983,Round 22,22,1983-08-05,GWS Giants,Gold Coast Suns,GIANTS Stadium,NSW,QLD,1,6,7,14,3,87,15,2,92,-5,0,0
M10193,1983,Round 22,22,1983-08-07,Sydney Swans,West Coast Eagles,SCG,NSW,WA,1,7,7,16,2,98,14,7,91,7,1,1
M10194,1983,Round 22,22,1983-08-09,Fremantle Dockers,Brisbane Lions,Optus Stadium,WA,QLD,1,7,9,16,6,102,14,5,89,13,1,1
M10195,1983,Round 22,22,1983-08-11,St Kilda Saints,Geelong Cats,Marvel Stadium,VIC,VIC,0,9,8,15,4,94,12,9,81,13,1,1
M10196,1983,Round 22,22,1983-08-13,Adelaide Crows,Collingwood Magpies,Adelaide Oval,SA,VIC,1,6,8,19,8,122,11,8,74,48,1,1
M10197,1983,Round 22,22,1983-08-15,Western Bulldogs,Carlton Blues,Marvel Stadium,VIC,VIC,0,8,7,14,6,90,15,4,94,-4,0,0
M10198,1983,Round 22,22,1983-08-17,Essendon Bombers,Hawthorn Hawks,Marvel Stadium,VIC,VIC,0,8,7,17,4,106,14,5,89,17,1,1
M10199,1984,Round 1,1,1984-05-01,Western Bulldogs,Carlton Blues,Marvel Stadium,VIC,VIC,0,8,7,15,6,96,10,1,61,35,1,1
M10200,1984,Round 1,1,1984-05-03,Hawthorn Hawks,North Melbourne Kangaroos,MCG,VIC,VIC,0,8,7,12,7,79,13,5,83,-4,0,0
M10201,1984,Round 1,1,1984-05-05,Port Adelaide Power,Fremantle Dockers,Adelaide Oval,SA,WA,1,7,7,14,1,85,11,7,73,12,1,1
M10202,1984,Round 1,1,1984-05-07,Adelaide Crows,Richmond Tigers,Adelaide Oval,SA,VIC,1,6,6,14,4,88,17,6,108,-20,0,0
M10203,1984,Round 1,1,1984-05-09,Collingwood Magpies,Gold Coast Suns,MCG,VIC,QLD,1,8,7,16,4,100,15,2,92,8,1,1
M10204,1984,Round 1,1,1984-05-11,Essendon Bombers,Melbourne Demons,Marvel Stadium,VIC,VIC,0,7,7,14,7,91,12,7,79,12,1,1
M10205,1984,Round 1,1,1984-05-13,Sydney Swans,St Kilda Saints,SCG,NSW,VIC,1,7,6,13,7,85,16,5,101,-16,0,0
M10206,1984,Round 1,1,1984-05-15,Geelong Cats,GWS Giants,GMHBA Stadium,VIC,NSW,1,8,7,16,4,100,16,4,100,0,0,0
M10207,1984,Round 1,1,1984-05-17,West Coast Eagles,Brisbane Lions,Optus Stadium,WA,QLD,1,8,9,15,6,96,15,2,92,4,1,1
M10208,1984,Round 2,2,1984-06-01,Gold Coast Suns,Fremantle Dockers,Heritage Bank Stadium,QLD,WA,1,7,9,16,4,100,16,1,97,3,1,1
M10209,1984,Round 2,2,1984-06-03,Richmond Tigers,Western Bulldogs,MCG,VIC,VIC,0,7,6,14,4,88,16,2,98,-10,0,0
M10210,1984,Round 2,2,1984-06-05,Collingwood Magpies,St Kilda Saints,MCG,VIC,VIC,0,8,9,16,4,100,13,5,83,17,1,1
M10211,1984,Round 2,2,1984-06-07,Melbourne Demons,Adelaide Crows,MCG,VIC,SA,1,9,7,17,1,103,15,5,95,8,1,1
M10212,1984,Round 2,2,1984-06-09,Hawthorn Hawks,Geelong Cats,MCG,VIC,VIC,0,6,7,14,9,93,13,2,80,13,1,1
M10213,1984,Round 2,2,1984-06-11,Brisbane Lions,North Melbourne Kangaroos,Gabba,QLD,VIC,1,7,8,16,6,102,12,8,80,22,1,1
M10214,1984,Round 2,2,1984-06-13,Port Adelaide Power,West Coast Eagles,Adelaide Oval,SA,WA,1,7,9,14,3,87,13,7,85,2,1,1
M10215,1984,Round 2,2,1984-06-15,GWS Giants,Carlton Blues,GIANTS Stadium,NSW,VIC,1,9,7,12,5,77,14,3,87,-10,0,0
M10216,1984,Round 2,2,1984-06-17,Sydney Swans,Essendon Bombers,SCG,NSW,VIC,1,7,7,17,6,108,11,5,71,37,1,1
M10217,1984,Round 3,3,1984-07-01,Adelaide Crows,Collingwood Magpies,Adelaide Oval,SA,VIC,1,7,6,18,6,114,13,7,85,29,1,1
M10218,1984,Round 3,3,1984-07-03,Essendon Bombers,GWS Giants,Marvel Stadium,VIC,NSW,1,7,6,19,5,119,12,2,74,45,1,1
M10219,1984,Round 3,3,1984-07-05,Hawthorn Hawks,West Coast Eagles,MCG,VIC,WA,1,7,8,17,4,106,15,9,99,7,1,1
M10220,1984,Round 3,3,1984-07-07,Geelong Cats,Fremantle Dockers,GMHBA Stadium,VIC,WA,1,8,7,17,4,106,13,6,84,22,1,1
M10221,1984,Round 3,3,1984-07-09,Brisbane Lions,North Melbourne Kangaroos,Gabba,QLD,VIC,1,7,6,17,3,105,10,8,68,37,1,1
M10222,1984,Round 3,3,1984-07-11,Gold Coast Suns,Melbourne Demons,Heritage Bank Stadium,QLD,VIC,1,6,7,12,6,78,13,3,81,-3,0,0
M10223,1984,Round 3,3,1984-07-13,Sydney Swans,Port Adelaide Power,SCG,NSW,SA,1,9,7,14,6,90,13,5,83,7,1,1
M10224,1984,Round 3,3,1984-07-15,Richmond Tigers,Carlton Blues,MCG,VIC,VIC,0,8,7,11,4,70,16,3,99,-29,0,0
M10225,1984,Round 3,3,1984-07-17,Western Bulldogs,St Kilda Saints,Marvel Stadium,VIC,VIC,0,6,7,15,3,93,17,0,102,-9,0,0
M10226,1984,Round 4,4,1984-08-01,Collingwood Magpies,Brisbane Lions,MCG,VIC,QLD,1,7,8,14,2,86,15,9,99,-13,0,0
M10227,1984,Round 4,4,1984-08-03,West Coast Eagles,Richmond Tigers,Optus Stadium,WA,VIC,1,8,7,15,2,92,15,3,93,-1,0,0
M10228,1984,Round 4,4,1984-08-05,Melbourne Demons,GWS Giants,MCG,VIC,NSW,1,6,7,17,7,109,13,8,86,23,1,1
M10229,1984,Round 4,4,1984-08-07,Sydney Swans,Gold Coast Suns,SCG,NSW,QLD,1,9,7,17,2,104,13,5,83,21,1,1
M10230,1984,Round 4,4,1984-08-09,Port Adelaide Power,Carlton Blues,Adelaide Oval,SA,VIC,1,9,7,15,7,97,16,2,98,-1,0,0
M10231,1984,Round 4,4,1984-08-11,Adelaide Crows,Fremantle Dockers,Adelaide Oval,SA,WA,1,8,6,16,2,98,14,4,88,10,1,1
M10232,1984,Round 4,4,1984-08-13,Western Bulldogs,North Melbourne Kangaroos,Marvel Stadium,VIC,VIC,0,6,7,15,5,95,14,6,90,5,1,1
M10233,1984,Round 4,4,1984-08-15,Geelong Cats,Essendon Bombers,GMHBA Stadium,VIC,VIC,0,7,8,20,3,123,14,1,85,38,1,1
M10234,1984,Round 4,4,1984-08-17,St Kilda Saints,Hawthorn Hawks,Marvel Stadium,VIC,VIC,0,7,8,16,3,99,13,4,82,17,1,1
M10235,1984,Round 5,5,1984-09-01,Port Adelaide Power,Carlton Blues,Adelaide Oval,SA,VIC,1,7,7,14,5,89,11,9,75,14,1,1
M10236,1984,Round 5,5,1984-09-03,Melbourne Demons,St Kilda Saints,MCG,VIC,VIC,0,8,8,16,8,104,14,4,88,16,1,1
M10237,1984,Round 5,5,1984-09-05,Geelong Cats,Richmond Tigers,GMHBA Stadium,VIC,VIC,0,7,6,14,3,87,13,3,81,6,1,1
M10238,1984,Round 5,5,1984-09-07,Collingwood Magpies,Hawthorn Hawks,MCG,VIC,VIC,0,7,6,15,4,94,13,7,85,9,1,1
M10239,1984,Round 5,5,1984-09-09,Gold Coast Suns,Essendon Bombers,Heritage Bank Stadium,QLD,VIC,1,7,7,15,5,95,11,9,75,20,1,1
M10240,1984,Round 5,5,1984-09-11,Adelaide Crows,North Melbourne Kangaroos,Adelaide Oval,SA,VIC,1,7,7,18,1,109,12,7,79,30,1,1
M10241,1984,Round 5,5,1984-09-13,Western Bulldogs,West Coast Eagles,Marvel Stadium,VIC,WA,1,7,7,17,6,108,11,4,70,38,1,1
M10242,1984,Round 5,5,1984-09-15,Sydney Swans,Brisbane Lions,SCG,NSW,QLD,1,7,7,12,9,81,16,2,98,-17,0,0
M10243,1984,Round 5,5,1984-09-17,Fremantle Dockers,GWS Giants,Optus Stadium,WA,NSW,1,6,8,15,1,91,16,4,100,-9,0,0
M10244,1984,Round 6,6,1984-04-01,Fremantle Dockers,Geelong Cats,Optus Stadium,WA,VIC,1,7,9,17,3,105,12,2,74,31,1,1
M10245,1984,Round 6,6,1984-04-03,Gold Coast Suns,West Coast Eagles,Heritage Bank Stadium,QLD,WA,1,7,7,17,4,106,13,3,81,25,1,1
M10246,1984,Round 6,6,1984-04-05,St Kilda Saints,Essendon Bombers,Marvel Stadium,VIC,VIC,0,7,9,14,2,86,11,1,67,19,1,1
M10247,1984,Round 6,6,1984-04-07,GWS Giants,Hawthorn Hawks,GIANTS Stadium,NSW,VIC,1,7,6,17,2,104,12,7,79,25,1,1
M10248,1984,Round 6,6,1984-04-09,Brisbane Lions,Collingwood Magpies,Gabba,QLD,VIC,1,7,7,14,8,92,14,3,87,5,1,1
M10249,1984,Round 6,6,1984-04-11,North Melbourne Kangaroos,Adelaide Crows,Marvel Stadium,VIC,SA,1,7,9,17,7,109,14,3,87,22,1,1
M10250,1984,Round 6,6,1984-04-13,Richmond Tigers,Port Adelaide Power,MCG,VIC,SA,1,8,6,16,7,103,16,3,99,4,1,1
M10251,1984,Round 6,6,1984-04-15,Melbourne Demons,Carlton Blues,MCG,VIC,VIC,0,9,7,15,7,97,13,4,82,15,1,1
M10252,1984,Round 6,6,1984-04-17,Sydney Swans,Western Bulldogs,SCG,NSW,VIC,1,9,7,17,4,106,14,8,92,14,1,1
M10253,1984,Round 7,7,1984-05-01,West Coast Eagles,Sydney Swans,Optus Stadium,WA,NSW,1,7,9,12,2,74,13,5,83,-9,0,0
M10254,1984,Round 7,7,1984-05-03,St Kilda Saints,Melbourne Demons,Marvel Stadium,VIC,VIC,0,7,6,15,5,95,9,9,63,32,1,1
M10255,1984,Round 7,7,1984-05-05,Western Bulldogs,Carlton Blues,Marvel Stadium,VIC,VIC,0,8,6,14,6,90,10,2,62,28,1,1
M10256,1984,Round 7,7,1984-05-07,Collingwood Magpies,Fremantle Dockers,MCG,VIC,WA,1,6,6,13,7,85,14,2,86,-1,0,0
M10257,1984,Round 7,7,1984-05-09,Brisbane Lions,GWS Giants,Gabba,QLD,NSW,1,9,7,15,5,95,12,5,77,18,1,1
M10258,1984,Round 7,7,1984-05-11,North Melbourne Kangaroos,Port Adelaide Power,Marvel Stadium,VIC,SA,1,8,8,14,6,90,13,1,79,11,1,1
M10259,1984,Round 7,7,1984-05-13,Hawthorn Hawks,Geelong Cats,MCG,VIC,VIC,0,8,6,16,5,101,12,6,78,23,1,1
M10260,1984,Round 7,7,1984-05-15,Adelaide Crows,Essendon Bombers,Adelaide Oval,SA,VIC,1,7,7,16,6,102,14,7,91,11,1,1
M10261,1984,Round 7,7,1984-05-17,Gold Coast Suns,Richmond Tigers,Heritage Bank Stadium,QLD,VIC,1,6,6,15,5,95,15,1,91,4,1,1
M10262,1984,Round 8,8,1984-06-01,Western Bulldogs,Fremantle Dockers,Marvel Stadium,VIC,WA,1,8,7,15,7,97,14,5,89,8,1,1
M10263,1984,Round 8,8,1984-06-03,Port Adelaide Power,Geelong Cats,Adelaide Oval,SA,VIC,1,8,7,18,1,109,12,7,79,30,1,1
M10264,1984,Round 8,8,1984-06-05,Adelaide Crows,Melbourne Demons,Adelaide Oval,SA,VIC,1,8,9,17,4,106,11,5,71,35,1,1
M10265,1984,Round 8,8,1984-06-07,Collingwood Magpies,West Coast Eagles,MCG,VIC,WA,1,7,7,15,3,93,14,3,87,6,1,1
M10266,1984,Round 8,8,1984-06-09,Brisbane Lions,Carlton Blues,Gabba,QLD,VIC,1,7,6,15,9,99,12,2,74,25,1,1
M10267,1984,Round 8,8,1984-06-11,Essendon Bombers,Gold Coast Suns,Marvel Stadium,VIC,QLD,1,6,7,14,7,91,13,5,83,8,1,1
M10268,1984,Round 8,8,1984-06-13,Richmond Tigers,Hawthorn Hawks,MCG,VIC,VIC,0,6,6,16,6,102,13,2,80,22,1,1
M10269,1984,Round 8,8,1984-06-15,North Melbourne Kangaroos,St Kilda Saints,Marvel Stadium,VIC,VIC,0,7,6,13,6,84,18,3,111,-27,0,0
M10270,1984,Round 8,8,1984-06-17,Sydney Swans,GWS Giants,SCG,NSW,NSW,0,7,7,15,2,92,12,5,77,15,1,1
M10271,1984,Round 9,9,1984-07-01,West Coast Eagles,Essendon Bombers,Optus Stadium,WA,VIC,1,6,8,15,7,97,12,6,78,19,1,1
M10272,1984,Round 9,9,1984-07-03,Sydney Swans,St Kilda Saints,SCG,NSW,VIC,1,7,8,14,4,88,13,4,82,6,1,1
M10273,1984,Round 9,9,1984-07-05,Hawthorn Hawks,Richmond Tigers,MCG,VIC,VIC,0,7,7,13,9,87,15,3,93,-6,0,0
M10274,1984,Round 9,9,1984-07-07,North Melbourne Kangaroos,Western Bulldogs,Marvel Stadium,VIC,VIC,0,7,7,14,8,92,15,6,96,-4,0,0
M10275,1984,Round 9,9,1984-07-09,Brisbane Lions,Fremantle Dockers,Gabba,QLD,WA,1,8,6,13,7,85,14,7,91,-6,0,0
M10276,1984,Round 9,9,1984-07-11,Geelong Cats,Melbourne Demons,GMHBA Stadium,VIC,VIC,0,9,7,15,6,96,14,8,92,4,1,1
M10277,1984,Round 9,9,1984-07-13,Collingwood Magpies,Port Adelaide Power,MCG,VIC,SA,1,9,6,19,2,116,11,6,72,44,1,1
M10278,1984,Round 9,9,1984-07-15,GWS Giants,Gold Coast Suns,GIANTS Stadium,NSW,QLD,1,9,7,14,1,85,13,5,83,2,1,1
M10279,1984,Round 9,9,1984-07-17,Carlton Blues,Adelaide Crows,Marvel Stadium,VIC,SA,1,7,6,15,5,95,15,4,94,1,1,1
M10280,1984,Round 10,10,1984-08-01,Essendon Bombers,GWS Giants,Marvel Stadium,VIC,NSW,1,9,8,18,5,113,13,7,85,28,1,1
M10281,1984,Round 10,10,1984-08-03,Fremantle Dockers,Hawthorn Hawks,Optus Stadium,WA,VIC,1,9,7,13,6,84,13,2,80,4,1,1
M10282,1984,Round 10,10,1984-08-05,Carlton Blues,Richmond Tigers,Marvel Stadium,VIC,VIC,0,9,7,17,6,108,15,8,98,10,1,1
M10283,1984,Round 10,10,1984-08-07,North Melbourne Kangaroos,Sydney Swans,Marvel Stadium,VIC,NSW,1,8,7,16,2,98,15,6,96,2,1,1
M10284,1984,Round 10,10,1984-08-09,Adelaide Crows,Geelong Cats,Adelaide Oval,SA,VIC,1,9,9,15,3,93,11,3,69,24,1,1
M10285,1984,Round 10,10,1984-08-11,Melbourne Demons,Port Adelaide Power,MCG,VIC,SA,1,8,8,16,5,101,11,4,70,31,1,1
M10286,1984,Round 10,10,1984-08-13,West Coast Eagles,Collingwood Magpies,Optus Stadium,WA,VIC,1,7,7,14,5,89,12,2,74,15,1,1
M10287,1984,Round 10,10,1984-08-15,St Kilda Saints,Western Bulldogs,Marvel Stadium,VIC,VIC,0,7,9,13,9,87,15,9,99,-12,0,0
M10288,1984,Round 10,10,1984-08-17,Brisbane Lions,Gold Coast Suns,Gabba,QLD,QLD,0,8,7,15,1,91,12,1,73,18,1,1
M10289,1984,Round 11,11,1984-09-01,Port Adelaide Power,Geelong Cats,Adelaide Oval,SA,VIC,1,7,7,15,6,96,12,0,72,24,1,1
M10290,1984,Round 11,11,1984-09-03,Fremantle Dockers,Essendon Bombers,Optus Stadium,WA,VIC,1,7,6,14,5,89,14,1,85,4,1,1
M10291,1984,Round 11,11,1984-09-05,Melbourne Demons,Adelaide Crows,MCG,VIC,SA,1,6,9,14,3,87,13,3,81,6,1,1
M10292,1984,Round 11,11,1984-09-07,Western Bulldogs,North Melbourne Kangaroos,Marvel Stadium,VIC,VIC,0,7,6,17,6,108,13,6,84,24,1,1
M10293,1984,Round 11,11,1984-09-09,Brisbane Lions,Carlton Blues,Gabba,QLD,VIC,1,8,6,16,4,100,13,7,85,15,1,1
M10294,1984,Round 11,11,1984-09-11,Collingwood Magpies,West Coast Eagles,MCG,VIC,WA,1,8,7,16,7,103,11,8,74,29,1,1
M10295,1984,Round 11,11,1984-09-13,GWS Giants,St Kilda Saints,GIANTS Stadium,NSW,VIC,1,7,6,15,1,91,14,2,86,5,1,1
M10296,1984,Round 11,11,1984-09-15,Gold Coast Suns,Richmond Tigers,Heritage Bank Stadium,QLD,VIC,1,7,6,15,2,92,15,7,97,-5,0,0
M10297,1984,Round 11,11,1984-09-17,Sydney Swans,Hawthorn Hawks,SCG,NSW,VIC,1,9,9,14,4,88,14,4,88,0,0,0
M10298,1984,Round 12,12,1984-04-01,Geelong Cats,Carlton Blues,GMHBA Stadium,VIC,VIC,0,6,9,17,4,106,11,8,74,32,1,1
M10299,1984,Round 12,12,1984-04-03,Brisbane Lions,Western Bulldogs,Gabba,QLD,VIC,1,9,7,15,5,95,13,7,85,10,1,1
M10300,1984,Round 12,12,1984-04-05,Hawthorn Hawks,GWS Giants,MCG,VIC,NSW,1,7,6,19,8,122,14,5,89,33,1,1
M10301,1984,Round 12,12,1984-04-07,St Kilda Saints,Essendon Bombers,Marvel Stadium,VIC,VIC,0,7,7,17,4,106,11,3,69,37,1,1
M10302,1984,Round 12,12,1984-04-09,Port Adelaide Power,Collingwood Magpies,Adelaide Oval,SA,VIC,1,8,9,15,5,95,13,2,80,15,1,1
M10303,1984,Round 12,12,1984-04-11,Sydney Swans,North Melbourne Kangaroos,SCG,NSW,VIC,1,9,7,17,3,105,16,6,102,3,1,1
M10304,1984,Round 12,12,1984-04-13,Gold Coast Suns,Melbourne Demons,Heritage Bank Stadium,QLD,VIC,1,9,7,14,7,91,12,8,80,11,1,1
M10305,1984,Round 12,12,1984-04-15,Richmond Tigers,West Coast Eagles,MCG,VIC,WA,1,7,7,18,5,113,18,1,109,4,1,1
M10306,1984,Round 12,12,1984-04-17,Adelaide Crows,Fremantle Dockers,Adelaide Oval,SA,WA,1,7,7,14,5,89,14,5,89,0,0,0
M10307,1984,Round 13,13,1984-05-01,Carlton Blues,West Coast Eagles,Marvel Stadium,VIC,WA,1,6,9,12,4,76,13,7,85,-9,0,0
M10308,1984,Round 13,13,1984-05-03,Brisbane Lions,Port Adelaide Power,Gabba,QLD,SA,1,7,8,16,5,101,15,3,93,8,1,1
M10309,1984,Round 13,13,1984-05-05,Melbourne Demons,GWS Giants,MCG,VIC,NSW,1,9,9,15,2,92,15,8,98,-6,0,0
M10310,1984,Round 13,13,1984-05-07,Adelaide Crows,St Kilda Saints,Adelaide Oval,SA,VIC,1,7,7,14,4,88,14,3,87,1,1,1
M10311,1984,Round 13,13,1984-05-09,Collingwood Magpies,Geelong Cats,MCG,VIC,VIC,0,9,7,17,4,106,13,6,84,22,1,1
M10312,1984,Round 13,13,1984-05-11,Fremantle Dockers,North Melbourne Kangaroos,Optus Stadium,WA,VIC,1,7,7,16,5,101,13,7,85,16,1,1
M10313,1984,Round 13,13,1984-05-13,Western Bulldogs,Richmond Tigers,Marvel Stadium,VIC,VIC,0,6,7,17,6,108,15,7,97,11,1,1
M10314,1984,Round 13,13,1984-05-15,Essendon Bombers,Hawthorn Hawks,Marvel Stadium,VIC,VIC,0,7,7,14,2,86,15,3,93,-7,0,0
M10315,1984,Round 13,13,1984-05-17,Gold Coast Suns,Sydney Swans,Heritage Bank Stadium,QLD,NSW,1,8,7,18,2,110,16,3,99,11,1,1
M10316,1984,Round 14,14,1984-06-01,St Kilda Saints,Western Bulldogs,Marvel Stadium,VIC,VIC,0,8,7,16,0,96,15,1,91,5,1,1
M10317,1984,Round 14,14,1984-06-03,North Melbourne Kangaroos,GWS Giants,Marvel Stadium,VIC,NSW,1,9,7,16,5,101,13,8,86,15,1,1
M10318,1984,Round 14,14,1984-06-05,Collingwood Magpies,West Coast Eagles,MCG,VIC,WA,1,7,7,16,6,102,13,6,84,18,1,1
M10319,1984,Round 14,14,1984-06-07,Geelong Cats,Gold Coast Suns,GMHBA Stadium,VIC,QLD,1,8,9,17,4,106,14,0,84,22,1,1
M10320,1984,Round 14,14,1984-06-09,Hawthorn Hawks,Fremantle Dockers,MCG,VIC,WA,1,7,9,14,3,87,14,4,88,-1,0,0
M10321,1984,Round 14,14,1984-06-11,Essendon Bombers,Melbourne Demons,Marvel Stadium,VIC,VIC,0,7,7,17,0,102,15,8,98,4,1,1
M10322,1984,Round 14,14,1984-06-13,Richmond Tigers,Port Adelaide Power,MCG,VIC,SA,1,7,8,11,3,69,15,5,95,-26,0,0
M10323,1984,Round 14,14,1984-06-15,Brisbane Lions,Sydney Swans,Gabba,QLD,NSW,1,9,9,14,4,88,13,4,82,6,1,1
M10324,1984,Round 14,14,1984-06-17,Adelaide Crows,Carlton Blues,Adelaide Oval,SA,VIC,1,7,7,14,3,87,15,2,92,-5,0,0
M10325,1984,Round 15,15,1984-07-01,Brisbane Lions,Western Bulldogs,Gabba,QLD,VIC,1,7,7,16,6,102,15,3,93,9,1,1
M10326,1984,Round 15,15,1984-07-03,St Kilda Saints,Fremantle Dockers,Marvel Stadium,VIC,WA,1,9,6,15,4,94,14,4,88,6,1,1
M10327,1984,Round 15,15,1984-07-05,Richmond Tigers,Carlton Blues,MCG,VIC,VIC,0,6,6,15,3,93,12,3,75,18,1,1
M10328,1984,Round 15,15,1984-07-07,Melbourne Demons,Gold Coast Suns,MCG,VIC,QLD,1,8,9,15,3,93,10,7,67,26,1,1
M10329,1984,Round 15,15,1984-07-09,Geelong Cats,GWS Giants,GMHBA Stadium,VIC,NSW,1,8,7,13,3,81,14,5,89,-8,0,0
M10330,1984,Round 15,15,1984-07-11,West Coast Eagles,Adelaide Crows,Optus Stadium,WA,SA,1,7,7,13,7,85,15,3,93,-8,0,0
M10331,1984,Round 15,15,1984-07-13,Hawthorn Hawks,Port Adelaide Power,MCG,VIC,SA,1,7,7,14,2,86,15,5,95,-9,0,0
M10332,1984,Round 15,15,1984-07-15,North Melbourne Kangaroos,Essendon Bombers,Marvel Stadium,VIC,VIC,0,8,6,14,5,89,12,7,79,10,1,1
M10333,1984,Round 15,15,1984-07-17,Sydney Swans,Collingwood Magpies,SCG,NSW,VIC,1,7,7,14,6,90,14,6,90,0,0,0
M10334,1984,Round 16,16,1984-08-01,St Kilda Saints,Sydney Swans,Marvel Stadium,VIC,NSW,1,9,7,15,2,92,13,2,80,12,1,1
M10335,1984,Round 16,16,1984-08-03,Western Bulldogs,Fremantle Dockers,Marvel Stadium,VIC,WA,1,9,7,16,9,105,15,5,95,10,1,1
M10336,1984,Round 16,16,1984-08-05,Melbourne Demons,GWS Giants,MCG,VIC,NSW,1,8,7,15,5,95,14,5,89,6,1,1
M10337,1984,Round 16,16,1984-08-07,Geelong Cats,Carlton Blues,GMHBA Stadium,VIC,VIC,0,7,7,14,2,86,12,6,78,8,1,1
M10338,1984,Round 16,16,1984-08-09,Hawthorn Hawks,West Coast Eagles,MCG,VIC,WA,1,7,7,14,5,89,14,7,91,-2,0,0
M10339,1984,Round 16,16,1984-08-11,Richmond Tigers,North Melbourne Kangaroos,MCG,VIC,VIC,0,7,9,20,0,120,14,7,91,29,1,1
M10340,1984,Round 16,16,1984-08-13,Port Adelaide Power,Brisbane Lions,Adelaide Oval,SA,QLD,1,7,7,16,2,98,17,6,108,-10,0,0
M10341,1984,Round 16,16,1984-08-15,Adelaide Crows,Gold Coast Suns,Adelaide Oval,SA,QLD,1,7,9,18,5,113,15,6,96,17,1,1
M10342,1984,Round 16,16,1984-08-17,Collingwood Magpies,Essendon Bombers,MCG,VIC,VIC,0,7,6,14,7,91,17,6,108,-17,0,0
M10343,1984,Round 17,17,1984-09-01,Brisbane Lions,North Melbourne Kangaroos,Gabba,QLD,VIC,1,7,8,15,5,95,14,4,88,7,1,1
M10344,1984,Round 17,17,1984-09-03,Geelong Cats,Carlton Blues,GMHBA Stadium,VIC,VIC,0,8,6,17,2,104,16,3,99,5,1,1
M10345,1984,Round 17,17,1984-09-05,Adelaide Crows,Melbourne Demons,Adelaide Oval,SA,VIC,1,9,8,15,1,91,12,5,77,14,1,1
M10346,1984,Round 17,17,1984-09-07,Hawthorn Hawks,Fremantle Dockers,MCG,VIC,WA,1,7,9,15,3,93,13,1,79,14,1,1
M10347,1984,Round 17,17,1984-09-09,Western Bulldogs,Port Adelaide Power,Marvel Stadium,VIC,SA,1,9,6,14,6,90,13,4,82,8,1,1
M10348,1984,Round 17,17,1984-09-11,Collingwood Magpies,Richmond Tigers,MCG,VIC,VIC,0,6,7,15,4,94,14,5,89,5,1,1
M10349,1984,Round 17,17,1984-09-13,Sydney Swans,West Coast Eagles,SCG,NSW,WA,1,8,7,14,6,90,13,6,84,6,1,1
M10350,1984,Round 17,17,1984-09-15,St Kilda Saints,Essendon Bombers,Marvel Stadium,VIC,VIC,0,8,7,15,6,96,15,5,95,1,1,1
M10351,1984,Round 17,17,1984-09-17,Gold Coast Suns,GWS Giants,Heritage Bank Stadium,QLD,NSW,1,9,8,15,5,95,12,4,76,19,1,1
M10352,1984,Round 18,18,1984-04-01,Richmond Tigers,Western Bulldogs,MCG,VIC,VIC,0,8,6,14,9,93,14,4,88,5,1,1
M10353,1984,Round 18,18,1984-04-03,Essendon Bombers,Fremantle Dockers,Marvel Stadium,VIC,WA,1,7,7,17,8,110,12,7,79,31,1,1
M10354,1984,Round 18,18,1984-04-05,Carlton Blues,Collingwood Magpies,Marvel Stadium,VIC,VIC,0,9,7,15,4,94,12,4,76,18,1,1
M10355,1984,Round 18,18,1984-04-07,Geelong Cats,Hawthorn Hawks,GMHBA Stadium,VIC,VIC,0,9,7,17,2,104,14,3,87,17,1,1
M10356,1984,Round 18,18,1984-04-09,North Melbourne Kangaroos,West Coast Eagles,Marvel Stadium,VIC,WA,1,7,9,15,6,96,12,4,76,20,1,1
M10357,1984,Round 18,18,1984-04-11,Port Adelaide Power,GWS Giants,Adelaide Oval,SA,NSW,1,8,6,16,5,101,14,1,85,16,1,1
M10358,1984,Round 18,18,1984-04-13,St Kilda Saints,Sydney Swans,Marvel Stadium,VIC,NSW,1,9,7,13,4,82,14,5,89,-7,0,0
M10359,1984,Round 18,18,1984-04-15,Adelaide Crows,Gold Coast Suns,Adelaide Oval,SA,QLD,1,7,9,14,3,87,12,7,79,8,1,1
M10360,1984,Round 18,18,1984-04-17,Melbourne Demons,Brisbane Lions,MCG,VIC,QLD,1,8,6,15,3,93,14,1,85,8,1,1
M10361,1984,Round 19,19,1984-05-01,Gold Coast Suns,Fremantle Dockers,Heritage Bank Stadium,QLD,WA,1,7,7,15,8,98,11,5,71,27,1,1
M10362,1984,Round 19,19,1984-05-03,North Melbourne Kangaroos,Sydney Swans,Marvel Stadium,VIC,NSW,1,7,7,14,3,87,15,4,94,-7,0,0
M10363,1984,Round 19,19,1984-05-05,West Coast Eagles,Port Adelaide Power,Optus Stadium,WA,SA,1,6,9,17,7,109,13,3,81,28,1,1
M10364,1984,Round 19,19,1984-05-07,GWS Giants,Hawthorn Hawks,GIANTS Stadium,NSW,VIC,1,7,7,15,2,92,14,7,91,1,1,1
M10365,1984,Round 19,19,1984-05-09,Geelong Cats,Carlton Blues,GMHBA Stadium,VIC,VIC,0,6,7,17,5,107,11,4,70,37,1,1
M10366,1984,Round 19,19,1984-05-11,Adelaide Crows,Melbourne Demons,Adelaide Oval,SA,VIC,1,7,7,16,6,102,15,1,91,11,1,1
M10367,1984,Round 19,19,1984-05-13,Richmond Tigers,Collingwood Magpies,MCG,VIC,VIC,0,9,6,15,0,90,11,7,73,17,1,1
M10368,1984,Round 19,19,1984-05-15,St Kilda Saints,Essendon Bombers,Marvel Stadium,VIC,VIC,0,6,7,15,8,98,13,2,80,18,1,1
M10369,1984,Round 19,19,1984-05-17,Western Bulldogs,Brisbane Lions,Marvel Stadium,VIC,QLD,1,7,8,14,4,88,13,7,85,3,1,1
M10370,1984,Round 20,20,1984-06-01,Collingwood Magpies,Gold Coast Suns,MCG,VIC,QLD,1,8,7,14,5,89,13,2,80,9,1,1
M10371,1984,Round 20,20,1984-06-03,Hawthorn Hawks,Adelaide Crows,MCG,VIC,SA,1,9,9,18,2,110,12,4,76,34,1,1
M10372,1984,Round 20,20,1984-06-05,Fremantle Dockers,Brisbane Lions,Optus Stadium,WA,QLD,1,7,7,17,2,104,15,5,95,9,1,1
M10373,1984,Round 20,20,1984-06-07,Port Adelaide Power,Geelong Cats,Adelaide Oval,SA,VIC,1,9,7,16,3,99,12,9,81,18,1,1
M10374,1984,Round 20,20,1984-06-09,Richmond Tigers,Melbourne Demons,MCG,VIC,VIC,0,7,7,17,5,107,15,3,93,14,1,1
M10375,1984,Round 20,20,1984-06-11,Sydney Swans,Carlton Blues,SCG,NSW,VIC,1,8,7,15,1,91,12,5,77,14,1,1
M10376,1984,Round 20,20,1984-06-13,West Coast Eagles,North Melbourne Kangaroos,Optus Stadium,WA,VIC,1,9,7,15,5,95,13,5,83,12,1,1
M10377,1984,Round 20,20,1984-06-15,St Kilda Saints,GWS Giants,Marvel Stadium,VIC,NSW,1,7,6,16,4,100,13,2,80,20,1,1
M10378,1984,Round 20,20,1984-06-17,Essendon Bombers,Western Bulldogs,Marvel Stadium,VIC,VIC,0,7,8,15,5,95,13,4,82,13,1,1
M10379,1984,Round 21,21,1984-07-01,Melbourne Demons,Port Adelaide Power,MCG,VIC,SA,1,8,8,15,3,93,11,3,69,24,1,1
M10380,1984,Round 21,21,1984-07-03,West Coast Eagles,Richmond Tigers,Optus Stadium,WA,VIC,1,7,7,13,6,84,14,3,87,-3,0,0
M10381,1984,Round 21,21,1984-07-05,GWS Giants,Adelaide Crows,GIANTS Stadium,NSW,SA,1,7,8,16,2,98,13,5,83,15,1,1
M10382,1984,Round 21,21,1984-07-07,Collingwood Magpies,Gold Coast Suns,MCG,VIC,QLD,1,7,9,16,1,97,13,7,85,12,1,1
M10383,1984,Round 21,21,1984-07-09,Geelong Cats,Essendon Bombers,GMHBA Stadium,VIC,VIC,0,8,7,15,5,95,14,7,91,4,1,1
M10384,1984,Round 21,21,1984-07-11,Brisbane Lions,Hawthorn Hawks,Gabba,QLD,VIC,1,6,7,15,3,93,13,8,86,7,1,1
M10385,1984,Round 21,21,1984-07-13,Fremantle Dockers,Carlton Blues,Optus Stadium,WA,VIC,1,7,6,16,3,99,15,7,97,2,1,1
M10386,1984,Round 21,21,1984-07-15,St Kilda Saints,North Melbourne Kangaroos,Marvel Stadium,VIC,VIC,0,7,9,17,6,108,15,6,96,12,1,1
M10387,1984,Round 21,21,1984-07-17,Western Bulldogs,Sydney Swans,Marvel Stadium,VIC,NSW,1,7,7,12,4,76,13,7,85,-9,0,0
M10388,1984,Round 22,22,1984-08-01,Richmond Tigers,Port Adelaide Power,MCG,VIC,SA,1,6,6,15,7,97,11,3,69,28,1,1
M10389,1984,Round 22,22,1984-08-03,Adelaide Crows,Essendon Bombers,Adelaide Oval,SA,VIC,1,6,6,13,1,79,11,3,69,10,1,1
M10390,1984,Round 22,22,1984-08-05,West Coast Eagles,Melbourne Demons,Optus Stadium,WA,VIC,1,7,7,14,5,89,12,6,78,11,1,1
M10391,1984,Round 22,22,1984-08-07,Geelong Cats,Hawthorn Hawks,GMHBA Stadium,VIC,VIC,0,9,6,14,7,91,13,2,80,11,1,1
M10392,1984,Round 22,22,1984-08-09,Sydney Swans,GWS Giants,SCG,NSW,NSW,0,7,6,15,1,91,16,4,100,-9,0,0
M10393,1984,Round 22,22,1984-08-11,Gold Coast Suns,St Kilda Saints,Heritage Bank Stadium,QLD,VIC,1,7,9,17,3,105,14,5,89,16,1,1
M10394,1984,Round 22,22,1984-08-13,Fremantle Dockers,Collingwood Magpies,Optus Stadium,WA,VIC,1,7,9,17,6,108,15,0,90,18,1,1
M10395,1984,Round 22,22,1984-08-15,Brisbane Lions,Western Bulldogs,Gabba,QLD,VIC,1,9,8,15,4,94,12,3,75,19,1,1
M10396,1984,Round 22,22,1984-08-17,Carlton Blues,North Melbourne Kangaroos,Marvel Stadium,VIC,VIC,0,6,7,15,6,96,14,2,86,10,1,1
M10397,1985,Round 1,1,1985-05-01,Collingwood Magpies,Carlton Blues,MCG,VIC,VIC,0,7,9,16,4,100,14,4,88,12,1,1
M10398,1985,Round 1,1,1985-05-03,Fremantle Dockers,GWS Giants,Optus Stadium,WA,NSW,1,8,9,17,7,109,13,3,81,28,1,1
M10399,1985,Round 1,1,1985-05-05,North Melbourne Kangaroos,Melbourne Demons,Marvel Stadium,VIC,VIC,0,9,9,14,5,89,16,5,101,-12,0,0
M10400,1985,Round 1,1,1985-05-07,West Coast Eagles,St Kilda Saints,Optus Stadium,WA,VIC,1,8,9,14,6,90,14,5,89,1,1,1
M10401,1985,Round 1,1,1985-05-09,Richmond Tigers,Hawthorn Hawks,MCG,VIC,VIC,0,8,7,17,1,103,15,1,91,12,1,1
M10402,1985,Round 1,1,1985-05-11,Sydney Swans,Gold Coast Suns,SCG,NSW,QLD,1,8,6,14,6,90,14,7,91,-1,0,0
M10403,1985,Round 1,1,1985-05-13,Essendon Bombers,Brisbane Lions,Marvel Stadium,VIC,QLD,1,8,6,17,0,102,14,7,91,11,1,1
M10404,1985,Round 1,1,1985-05-15,Geelong Cats,Port Adelaide Power,GMHBA Stadium,VIC,SA,1,7,8,16,4,100,14,7,91,9,1,1
M10405,1985,Round 1,1,1985-05-17,Western Bulldogs,Adelaide Crows,Marvel Stadium,VIC,SA,1,7,6,15,3,93,12,0,72,21,1,1
M10406,1985,Round 2,2,1985-06-01,North Melbourne Kangaroos,Western Bulldogs,Marvel Stadium,VIC,VIC,0,7,9,12,3,75,14,8,92,-17,0,0
M10407,1985,Round 2,2,1985-06-03,West Coast Eagles,St Kilda Saints,Optus Stadium,WA,VIC,1,8,8,15,0,90,15,1,91,-1,0,0
M10408,1985,Round 2,2,1985-06-05,GWS Giants,Melbourne Demons,GIANTS Stadium,NSW,VIC,1,7,7,15,0,90,16,7,103,-13,0,0
M10409,1985,Round 2,2,1985-06-07,Brisbane Lions,Hawthorn Hawks,Gabba,QLD,VIC,1,9,7,17,6,108,13,4,82,26,1,1
M10410,1985,Round 2,2,1985-06-09,Essendon Bombers,Port Adelaide Power,Marvel Stadium,VIC,SA,1,7,7,16,6,102,13,4,82,20,1,1
M10411,1985,Round 2,2,1985-06-11,Adelaide Crows,Carlton Blues,Adelaide Oval,SA,VIC,1,6,7,15,1,91,17,3,105,-14,0,0
M10412,1985,Round 2,2,1985-06-13,Sydney Swans,Fremantle Dockers,SCG,NSW,WA,1,9,7,13,9,87,15,0,90,-3,0,0
M10413,1985,Round 2,2,1985-06-15,Gold Coast Suns,Collingwood Magpies,Heritage Bank Stadium,QLD,VIC,1,7,7,14,4,88,14,6,90,-2,0,0
M10414,1985,Round 2,2,1985-06-17,Geelong Cats,Richmond Tigers,GMHBA Stadium,VIC,VIC,0,7,8,13,3,81,15,6,96,-15,0,0
M10415,1985,Round 3,3,1985-07-01,West Coast Eagles,GWS Giants,Optus Stadium,WA,NSW,1,7,8,15,2,92,11,8,74,18,1,1
M10416,1985,Round 3,3,1985-07-03,Port Adelaide Power,Fremantle Dockers,Adelaide Oval,SA,WA,1,9,8,15,8,98,14,3,87,11,1,1
M10417,1985,Round 3,3,1985-07-05,Melbourne Demons,North Melbourne Kangaroos,MCG,VIC,VIC,0,7,8,15,2,92,12,5,77,15,1,1
M10418,1985,Round 3,3,1985-07-07,Essendon Bombers,Hawthorn Hawks,Marvel Stadium,VIC,VIC,0,8,7,17,5,107,14,5,89,18,1,1
M10419,1985,Round 3,3,1985-07-09,Adelaide Crows,Sydney Swans,Adelaide Oval,SA,NSW,1,7,6,13,4,82,15,6,96,-14,0,0
M10420,1985,Round 3,3,1985-07-11,Geelong Cats,Richmond Tigers,GMHBA Stadium,VIC,VIC,0,7,8,16,3,99,16,4,100,-1,0,0
M10421,1985,Round 3,3,1985-07-13,St Kilda Saints,Collingwood Magpies,Marvel Stadium,VIC,VIC,0,9,7,15,9,99,12,6,78,21,1,1
M10422,1985,Round 3,3,1985-07-15,Brisbane Lions,Western Bulldogs,Gabba,QLD,VIC,1,9,7,15,0,90,13,5,83,7,1,1
M10423,1985,Round 3,3,1985-07-17,Gold Coast Suns,Carlton Blues,Heritage Bank Stadium,QLD,VIC,1,6,7,15,4,94,15,4,94,0,0,0
M10424,1985,Round 4,4,1985-08-01,Fremantle Dockers,GWS Giants,Optus Stadium,WA,NSW,1,7,7,16,4,100,13,4,82,18,1,1
M10425,1985,Round 4,4,1985-08-03,Adelaide Crows,Essendon Bombers,Adelaide Oval,SA,VIC,1,7,6,18,5,113,12,6,78,35,1,1
M10426,1985,Round 4,4,1985-08-05,Collingwood Magpies,Sydney Swans,MCG,VIC,NSW,1,7,7,12,8,80,14,5,89,-9,0,0
M10427,1985,Round 4,4,1985-08-07,Geelong Cats,Melbourne Demons,GMHBA Stadium,VIC,VIC,0,8,6,15,6,96,14,4,88,8,1,1
M10428,1985,Round 4,4,1985-08-09,Richmond Tigers,Hawthorn Hawks,MCG,VIC,VIC,0,7,7,18,2,110,12,6,78,32,1,1
M10429,1985,Round 4,4,1985-08-11,Port Adelaide Power,Brisbane Lions,Adelaide Oval,SA,QLD,1,9,7,14,6,90,15,6,96,-6,0,0
M10430,1985,Round 4,4,1985-08-13,Carlton Blues,Western Bulldogs,Marvel Stadium,VIC,VIC,0,7,8,16,6,102,15,5,95,7,1,1
M10431,1985,Round 4,4,1985-08-15,North Melbourne Kangaroos,West Coast Eagles,Marvel Stadium,VIC,WA,1,8,7,15,3,93,14,8,92,1,1,1
M10432,1985,Round 4,4,1985-08-17,St Kilda Saints,Gold Coast Suns,Marvel Stadium,VIC,QLD,1,9,7,15,2,92,12,5,77,15,1,1
M10433,1985,Round 5,5,1985-09-01,Western Bulldogs,GWS Giants,Marvel Stadium,VIC,NSW,1,9,9,15,6,96,13,5,83,13,1,1
M10434,1985,Round 5,5,1985-09-03,Gold Coast Suns,Brisbane Lions,Heritage Bank Stadium,QLD,QLD,0,7,7,15,4,94,13,3,81,13,1,1
M10435,1985,Round 5,5,1985-09-05,North Melbourne Kangaroos,Carlton Blues,Marvel Stadium,VIC,VIC,0,8,8,14,8,92,13,4,82,10,1,1
M10436,1985,Round 5,5,1985-09-07,Richmond Tigers,Geelong Cats,MCG,VIC,VIC,0,7,9,16,4,100,13,4,82,18,1,1
M10437,1985,Round 5,5,1985-09-09,West Coast Eagles,Fremantle Dockers,Optus Stadium,WA,WA,0,7,7,12,6,78,13,4,82,-4,0,0
M10438,1985,Round 5,5,1985-09-11,St Kilda Saints,Adelaide Crows,Marvel Stadium,VIC,SA,1,6,7,18,5,113,13,8,86,27,1,1
M10439,1985,Round 5,5,1985-09-13,Port Adelaide Power,Melbourne Demons,Adelaide Oval,SA,VIC,1,7,7,19,1,115,13,4,82,33,1,1
M10440,1985,Round 5,5,1985-09-15,Sydney Swans,Essendon Bombers,SCG,NSW,VIC,1,7,8,16,3,99,11,3,69,30,1,1
M10441,1985,Round 5,5,1985-09-17,Hawthorn Hawks,Collingwood Magpies,MCG,VIC,VIC,0,8,9,13,9,87,13,2,80,7,1,1
M10442,1985,Round 6,6,1985-04-01,GWS Giants,Gold Coast Suns,GIANTS Stadium,NSW,QLD,1,7,9,15,8,98,12,7,79,19,1,1
M10443,1985,Round 6,6,1985-04-03,Sydney Swans,Western Bulldogs,SCG,NSW,VIC,1,7,6,14,7,91,13,6,84,7,1,1
M10444,1985,Round 6,6,1985-04-05,Geelong Cats,West Coast Eagles,GMHBA Stadium,VIC,WA,1,9,8,14,8,92,13,2,80,12,1,1
M10445,1985,Round 6,6,1985-04-07,Hawthorn Hawks,Melbourne Demons,MCG,VIC,VIC,0,7,7,16,5,101,15,3,93,8,1,1
M10446,1985,Round 6,6,1985-04-09,St Kilda Saints,Fremantle Dockers,Marvel Stadium,VIC,WA,1,7,8,13,9,87,13,5,83,4,1,1
M10447,1985,Round 6,6,1985-04-11,Richmond Tigers,North Melbourne Kangaroos,MCG,VIC,VIC,0,7,8,17,3,105,14,6,90,15,1,1
M10448,1985,Round 6,6,1985-04-13,Collingwood Magpies,Port Adelaide Power,MCG,VIC,SA,1,7,7,15,6,96,13,3,81,15,1,1
M10449,1985,Round 6,6,1985-04-15,Carlton Blues,Adelaide Crows,Marvel Stadium,VIC,SA,1,6,7,15,6,96,12,4,76,20,1,1
M10450,1985,Round 6,6,1985-04-17,Brisbane Lions,Essendon Bombers,Gabba,QLD,VIC,1,7,7,12,5,77,12,0,72,5,1,1
M10451,1985,Round 7,7,1985-05-01,Port Adelaide Power,Hawthorn Hawks,Adelaide Oval,SA,VIC,1,8,9,13,6,84,12,2,74,10,1,1
M10452,1985,Round 7,7,1985-05-03,Richmond Tigers,Sydney Swans,MCG,VIC,NSW,1,7,7,14,6,90,14,6,90,0,0,0
M10453,1985,Round 7,7,1985-05-05,Carlton Blues,Fremantle Dockers,Marvel Stadium,VIC,WA,1,9,7,16,6,102,13,6,84,18,1,1
M10454,1985,Round 7,7,1985-05-07,Geelong Cats,GWS Giants,GMHBA Stadium,VIC,NSW,1,7,8,15,6,96,12,3,75,21,1,1
M10455,1985,Round 7,7,1985-05-09,Melbourne Demons,St Kilda Saints,MCG,VIC,VIC,0,9,9,16,7,103,14,1,85,18,1,1
M10456,1985,Round 7,7,1985-05-11,Collingwood Magpies,Western Bulldogs,MCG,VIC,VIC,0,6,8,14,7,91,13,4,82,9,1,1
M10457,1985,Round 7,7,1985-05-13,West Coast Eagles,North Melbourne Kangaroos,Optus Stadium,WA,VIC,1,7,9,15,6,96,14,8,92,4,1,1
M10458,1985,Round 7,7,1985-05-15,Essendon Bombers,Adelaide Crows,Marvel Stadium,VIC,SA,1,6,6,15,5,95,13,3,81,14,1,1
M10459,1985,Round 7,7,1985-05-17,Brisbane Lions,Gold Coast Suns,Gabba,QLD,QLD,0,6,8,16,8,104,12,7,79,25,1,1
M10460,1985,Round 8,8,1985-06-01,Western Bulldogs,Collingwood Magpies,Marvel Stadium,VIC,VIC,0,7,9,15,3,93,14,6,90,3,1,1
M10461,1985,Round 8,8,1985-06-03,Gold Coast Suns,St Kilda Saints,Heritage Bank Stadium,QLD,VIC,1,6,6,15,4,94,14,4,88,6,1,1
M10462,1985,Round 8,8,1985-06-05,Sydney Swans,Port Adelaide Power,SCG,NSW,SA,1,7,7,16,6,102,14,4,88,14,1,1
M10463,1985,Round 8,8,1985-06-07,Geelong Cats,GWS Giants,GMHBA Stadium,VIC,NSW,1,9,7,16,8,104,12,6,78,26,1,1
M10464,1985,Round 8,8,1985-06-09,Essendon Bombers,Brisbane Lions,Marvel Stadium,VIC,QLD,1,8,8,17,5,107,11,9,75,32,1,1
M10465,1985,Round 8,8,1985-06-11,Hawthorn Hawks,North Melbourne Kangaroos,MCG,VIC,VIC,0,7,6,13,2,80,11,5,71,9,1,1
M10466,1985,Round 8,8,1985-06-13,Adelaide Crows,Fremantle Dockers,Adelaide Oval,SA,WA,1,7,7,18,7,115,13,0,78,37,1,1
M10467,1985,Round 8,8,1985-06-15,West Coast Eagles,Melbourne Demons,Optus Stadium,WA,VIC,1,7,7,18,2,110,14,6,90,20,1,1
M10468,1985,Round 8,8,1985-06-17,Carlton Blues,Richmond Tigers,Marvel Stadium,VIC,VIC,0,7,6,16,8,104,13,5,83,21,1,1
M10469,1985,Round 9,9,1985-07-01,North Melbourne Kangaroos,Geelong Cats,Marvel Stadium,VIC,VIC,0,8,7,16,2,98,13,3,81,17,1,1
M10470,1985,Round 9,9,1985-07-03,Sydney Swans,GWS Giants,SCG,NSW,NSW,0,7,9,13,5,83,13,4,82,1,1,1
M10471,1985,Round 9,9,1985-07-05,Collingwood Magpies,Brisbane Lions,MCG,VIC,QLD,1,9,7,16,1,97,13,6,84,13,1,1
M10472,1985,Round 9,9,1985-07-07,Western Bulldogs,Gold Coast Suns,Marvel Stadium,VIC,QLD,1,9,6,19,6,120,13,6,84,36,1,1
M10473,1985,Round 9,9,1985-07-09,Hawthorn Hawks,West Coast Eagles,MCG,VIC,WA,1,9,7,14,5,89,13,6,84,5,1,1
M10474,1985,Round 9,9,1985-07-11,St Kilda Saints,Richmond Tigers,Marvel Stadium,VIC,VIC,0,7,9,12,5,77,14,6,90,-13,0,0
M10475,1985,Round 9,9,1985-07-13,Fremantle Dockers,Port Adelaide Power,Optus Stadium,WA,SA,1,7,7,15,6,96,14,5,89,7,1,1
M10476,1985,Round 9,9,1985-07-15,Carlton Blues,Essendon Bombers,Marvel Stadium,VIC,VIC,0,7,8,13,4,82,13,5,83,-1,0,0
M10477,1985,Round 9,9,1985-07-17,Adelaide Crows,Melbourne Demons,Adelaide Oval,SA,VIC,1,6,7,14,5,89,13,2,80,9,1,1
M10478,1985,Round 10,10,1985-08-01,St Kilda Saints,GWS Giants,Marvel Stadium,VIC,NSW,1,8,7,19,5,119,15,4,94,25,1,1
M10479,1985,Round 10,10,1985-08-03,Melbourne Demons,Hawthorn Hawks,MCG,VIC,VIC,0,7,8,13,7,85,12,4,76,9,1,1
M10480,1985,Round 10,10,1985-08-05,North Melbourne Kangaroos,West Coast Eagles,Marvel Stadium,VIC,WA,1,6,7,17,3,105,13,5,83,22,1,1
M10481,1985,Round 10,10,1985-08-07,Carlton Blues,Western Bulldogs,Marvel Stadium,VIC,VIC,0,9,7,17,3,105,13,7,85,20,1,1
M10482,1985,Round 10,10,1985-08-09,Geelong Cats,Collingwood Magpies,GMHBA Stadium,VIC,VIC,0,7,6,16,1,97,10,9,69,28,1,1
M10483,1985,Round 10,10,1985-08-11,Sydney Swans,Essendon Bombers,SCG,NSW,VIC,1,7,7,15,7,97,14,5,89,8,1,1
M10484,1985,Round 10,10,1985-08-13,Port Adelaide Power,Gold Coast Suns,Adelaide Oval,SA,QLD,1,7,7,14,6,90,13,5,83,7,1,1
M10485,1985,Round 10,10,1985-08-15,Richmond Tigers,Adelaide Crows,MCG,VIC,SA,1,7,7,13,8,86,11,2,68,18,1,1
M10486,1985,Round 10,10,1985-08-17,Brisbane Lions,Fremantle Dockers,Gabba,QLD,WA,1,6,7,14,4,88,16,3,99,-11,0,0
M10487,1985,Round 11,11,1985-09-01,Fremantle Dockers,Melbourne Demons,Optus Stadium,WA,VIC,1,9,6,13,5,83,14,6,90,-7,0,0
M10488,1985,Round 11,11,1985-09-03,Port Adelaide Power,Carlton Blues,Adelaide Oval,SA,VIC,1,9,8,13,4,82,14,7,91,-9,0,0
M10489,1985,Round 11,11,1985-09-05,West Coast Eagles,Gold Coast Suns,Optus Stadium,WA,QLD,1,7,6,15,3,93,13,3,81,12,1,1
M10490,1985,Round 11,11,1985-09-07,Hawthorn Hawks,GWS Giants,MCG,VIC,NSW,1,7,9,16,5,101,13,6,84,17,1,1
M10491,1985,Round 11,11,1985-09-09,Geelong Cats,Richmond Tigers,GMHBA Stadium,VIC,VIC,0,9,7,17,4,106,14,5,89,17,1,1
M10492,1985,Round 11,11,1985-09-11,Adelaide Crows,Western Bulldogs,Adelaide Oval,SA,VIC,1,7,6,16,6,102,13,4,82,20,1,1
M10493,1985,Round 11,11,1985-09-13,Sydney Swans,Collingwood Magpies,SCG,NSW,VIC,1,6,6,14,3,87,13,4,82,5,1,1
M10494,1985,Round 11,11,1985-09-15,St Kilda Saints,Essendon Bombers,Marvel Stadium,VIC,VIC,0,7,6,17,3,105,16,2,98,7,1,1
M10495,1985,Round 11,11,1985-09-17,North Melbourne Kangaroos,Brisbane Lions,Marvel Stadium,VIC,QLD,1,7,7,15,6,96,14,5,89,7,1,1
M10496,1985,Round 12,12,1985-04-01,Carlton Blues,Geelong Cats,Marvel Stadium,VIC,VIC,0,7,7,15,2,92,14,6,90,2,1,1
M10497,1985,Round 12,12,1985-04-03,Port Adelaide Power,Melbourne Demons,Adelaide Oval,SA,VIC,1,6,7,16,1,97,15,2,92,5,1,1
M10498,1985,Round 12,12,1985-04-05,St Kilda Saints,Brisbane Lions,Marvel Stadium,VIC,QLD,1,7,7,14,4,88,14,6,90,-2,0,0
M10499,1985,Round 12,12,1985-04-07,Fremantle Dockers,Adelaide Crows,Optus Stadium,WA,SA,1,8,6,13,4,82,13,5,83,-1,0,0
M10500,1985,Round 12,12,1985-04-09,Essendon Bombers,Richmond Tigers,Marvel Stadium,VIC,VIC,0,6,7,14,6,90,17,1,103,-13,0,0
M10501,1985,Round 12,12,1985-04-11,West Coast Eagles,Gold Coast Suns,Optus Stadium,WA,QLD,1,7,7,16,4,100,12,3,75,25,1,1
M10502,1985,Round 12,12,1985-04-13,North Melbourne Kangaroos,Hawthorn Hawks,Marvel Stadium,VIC,VIC,0,6,8,15,8,98,14,4,88,10,1,1
M10503,1985,Round 12,12,1985-04-15,Western Bulldogs,GWS Giants,Marvel Stadium,VIC,NSW,1,7,6,16,1,97,12,6,78,19,1,1
M10504,1985,Round 12,12,1985-04-17,Collingwood Magpies,Sydney Swans,MCG,VIC,NSW,1,6,8,16,3,99,11,2,68,31,1,1
M10505,1985,Round 13,13,1985-05-01,Geelong Cats,Brisbane Lions,GMHBA Stadium,VIC,QLD,1,8,7,17,2,104,15,3,93,11,1,1
M10506,1985,Round 13,13,1985-05-03,St Kilda Saints,West Coast Eagles,Marvel Stadium,VIC,WA,1,9,6,13,7,85,16,6,102,-17,0,0
M10507,1985,Round 13,13,1985-05-05,North Melbourne Kangaroos,Port Adelaide Power,Marvel Stadium,VIC,SA,1,7,8,14,5,89,15,5,95,-6,0,0
M10508,1985,Round 13,13,1985-05-07,Fremantle Dockers,Carlton Blues,Optus Stadium,WA,VIC,1,8,9,15,3,93,12,4,76,17,1,1
M10509,1985,Round 13,13,1985-05-09,Hawthorn Hawks,Sydney Swans,MCG,VIC,NSW,1,6,8,16,5,101,14,3,87,14,1,1
M10510,1985,Round 13,13,1985-05-11,Gold Coast Suns,Collingwood Magpies,Heritage Bank Stadium,QLD,VIC,1,7,7,14,4,88,14,6,90,-2,0,0
M10511,1985,Round 13,13,1985-05-13,Adelaide Crows,Melbourne Demons,Adelaide Oval,SA,VIC,1,9,9,15,0,90,16,4,100,-10,0,0
M10512,1985,Round 13,13,1985-05-15,GWS Giants,Western Bulldogs,GIANTS Stadium,NSW,VIC,1,9,7,15,3,93,11,1,67,26,1,1
M10513,1985,Round 13,13,1985-05-17,Essendon Bombers,Richmond Tigers,Marvel Stadium,VIC,VIC,0,7,7,15,5,95,16,5,101,-6,0,0
M10514,1985,Round 14,14,1985-06-01,North Melbourne Kangaroos,Sydney Swans,Marvel Stadium,VIC,NSW,1,9,8,14,8,92,15,3,93,-1,0,0
M10515,1985,Round 14,14,1985-06-03,Adelaide Crows,Richmond Tigers,Adelaide Oval,SA,VIC,1,6,8,16,6,102,14,7,91,11,1,1
M10516,1985,Round 14,14,1985-06-05,Gold Coast Suns,Collingwood Magpies,Heritage Bank Stadium,QLD,VIC,1,9,8,12,5,77,13,5,83,-6,0,0
M10517,1985,Round 14,14,1985-06-07,GWS Giants,St Kilda Saints,GIANTS Stadium,NSW,VIC,1,7,7,16,5,101,13,3,81,20,1,1
M10518,1985,Round 14,14,1985-06-09,Western Bulldogs,Geelong Cats,Marvel Stadium,VIC,VIC,0,7,8,18,8,116,13,5,83,33,1,1
M10519,1985,Round 14,14,1985-06-11,Melbourne Demons,Hawthorn Hawks,MCG,VIC,VIC,0,7,7,13,5,83,16,2,98,-15,0,0
M10520,1985,Round 14,14,1985-06-13,Essendon Bombers,Fremantle Dockers,Marvel Stadium,VIC,WA,1,7,7,16,3,99,16,6,102,-3,0,0
M10521,1985,Round 14,14,1985-06-15,Brisbane Lions,Carlton Blues,Gabba,QLD,VIC,1,9,6,14,4,88,13,5,83,5,1,1
M10522,1985,Round 14,14,1985-06-17,Port Adelaide Power,West Coast Eagles,Adelaide Oval,SA,WA,1,9,9,12,9,81,14,6,90,-9,0,0
M10523,1985,Round 15,15,1985-07-01,West Coast Eagles,Hawthorn Hawks,Optus Stadium,WA,VIC,1,6,8,14,3,87,13,7,85,2,1,1
M10524,1985,Round 15,15,1985-07-03,Western Bulldogs,Collingwood Magpies,Marvel Stadium,VIC,VIC,0,7,6,13,3,81,14,4,88,-7,0,0
M10525,1985,Round 15,15,1985-07-05,St Kilda Saints,Port Adelaide Power,Marvel Stadium,VIC,SA,1,9,7,12,7,79,16,8,104,-25,0,0
M10526,1985,Round 15,15,1985-07-07,Richmond Tigers,Brisbane Lions,MCG,VIC,QLD,1,8,7,12,8,80,15,3,93,-13,0,0
M10527,1985,Round 15,15,1985-07-09,GWS Giants,Fremantle Dockers,GIANTS Stadium,NSW,WA,1,9,9,14,6,90,12,4,76,14,1,1
M10528,1985,Round 15,15,1985-07-11,Essendon Bombers,Melbourne Demons,Marvel Stadium,VIC,VIC,0,9,8,16,6,102,15,5,95,7,1,1
M10529,1985,Round 15,15,1985-07-13,North Melbourne Kangaroos,Geelong Cats,Marvel Stadium,VIC,VIC,0,9,7,15,6,96,15,3,93,3,1,1
M10530,1985,Round 15,15,1985-07-15,Sydney Swans,Carlton Blues,SCG,NSW,VIC,1,7,9,15,1,91,12,7,79,12,1,1
M10531,1985,Round 15,15,1985-07-17,Gold Coast Suns,Adelaide Crows,Heritage Bank Stadium,QLD,SA,1,7,7,14,2,86,13,1,79,7,1,1
M10532,1985,Round 16,16,1985-08-01,Brisbane Lions,Melbourne Demons,Gabba,QLD,VIC,1,9,7,14,6,90,13,3,81,9,1,1
M10533,1985,Round 16,16,1985-08-03,North Melbourne Kangaroos,Hawthorn Hawks,Marvel Stadium,VIC,VIC,0,6,7,13,6,84,13,7,85,-1,0,0
M10534,1985,Round 16,16,1985-08-05,West Coast Eagles,Essendon Bombers,Optus Stadium,WA,VIC,1,8,9,18,4,112,16,2,98,14,1,1
M10535,1985,Round 16,16,1985-08-07,St Kilda Saints,Fremantle Dockers,Marvel Stadium,VIC,WA,1,9,8,15,2,92,12,2,74,18,1,1
M10536,1985,Round 16,16,1985-08-09,Collingwood Magpies,Geelong Cats,MCG,VIC,VIC,0,8,6,15,8,98,15,2,92,6,1,1
M10537,1985,Round 16,16,1985-08-11,Adelaide Crows,Carlton Blues,Adelaide Oval,SA,VIC,1,9,7,15,4,94,10,2,62,32,1,1
M10538,1985,Round 16,16,1985-08-13,GWS Giants,Port Adelaide Power,GIANTS Stadium,NSW,SA,1,7,6,11,9,75,13,4,82,-7,0,0
M10539,1985,Round 16,16,1985-08-15,Western Bulldogs,Richmond Tigers,Marvel Stadium,VIC,VIC,0,7,6,15,6,96,13,7,85,11,1,1
M10540,1985,Round 16,16,1985-08-17,Sydney Swans,Gold Coast Suns,SCG,NSW,QLD,1,8,7,15,4,94,15,3,93,1,1,1
M10541,1985,Round 17,17,1985-09-01,West Coast Eagles,North Melbourne Kangaroos,Optus Stadium,WA,VIC,1,6,6,14,1,85,13,2,80,5,1,1
M10542,1985,Round 17,17,1985-09-03,Sydney Swans,Richmond Tigers,SCG,NSW,VIC,1,7,6,14,2,86,13,9,87,-1,0,0
M10543,1985,Round 17,17,1985-09-05,Western Bulldogs,Carlton Blues,Marvel Stadium,VIC,VIC,0,6,7,14,5,89,14,7,91,-2,0,0
M10544,1985,Round 17,17,1985-09-07,Fremantle Dockers,Melbourne Demons,Optus Stadium,WA,VIC,1,9,6,13,1,79,12,0,72,7,1,1
M10545,1985,Round 17,17,1985-09-09,Adelaide Crows,Geelong Cats,Adelaide Oval,SA,VIC,1,8,7,20,5,125,15,2,92,33,1,1
M10546,1985,Round 17,17,1985-09-11,Gold Coast Suns,Essendon Bombers,Heritage Bank Stadium,QLD,VIC,1,8,6,14,1,85,16,3,99,-14,0,0
M10547,1985,Round 17,17,1985-09-13,Hawthorn Hawks,Port Adelaide Power,MCG,VIC,SA,1,8,7,16,4,100,10,7,67,33,1,1
M10548,1985,Round 17,17,1985-09-15,GWS Giants,Brisbane Lions,GIANTS Stadium,NSW,QLD,1,7,7,18,3,111,13,6,84,27,1,1
M10549,1985,Round 17,17,1985-09-17,Collingwood Magpies,St Kilda Saints,MCG,VIC,VIC,0,7,7,18,4,112,13,2,80,32,1,1
M10550,1985,Round 18,18,1985-04-01,St Kilda Saints,North Melbourne Kangaroos,Marvel Stadium,VIC,VIC,0,9,7,16,0,96,14,5,89,7,1,1
M10551,1985,Round 18,18,1985-04-03,Geelong Cats,Adelaide Crows,GMHBA Stadium,VIC,SA,1,7,7,16,2,98,11,6,72,26,1,1
M10552,1985,Round 18,18,1985-04-05,West Coast Eagles,Gold Coast Suns,Optus Stadium,WA,QLD,1,7,9,17,2,104,18,3,111,-7,0,0
M10553,1985,Round 18,18,1985-04-07,Essendon Bombers,Hawthorn Hawks,Marvel Stadium,VIC,VIC,0,7,8,14,4,88,12,6,78,10,1,1
M10554,1985,Round 18,18,1985-04-09,Brisbane Lions,Port Adelaide Power,Gabba,QLD,SA,1,7,7,16,7,103,15,2,92,11,1,1
M10555,1985,Round 18,18,1985-04-11,Fremantle Dockers,Carlton Blues,Optus Stadium,WA,VIC,1,7,7,16,5,101,16,5,101,0,0,0
M10556,1985,Round 18,18,1985-04-13,Western Bulldogs,GWS Giants,Marvel Stadium,VIC,NSW,1,7,9,16,4,100,13,7,85,15,1,1
M10557,1985,Round 18,18,1985-04-15,Richmond Tigers,Melbourne Demons,MCG,VIC,VIC,0,8,7,13,2,80,14,6,90,-10,0,0
M10558,1985,Round 18,18,1985-04-17,Sydney Swans,Collingwood Magpies,SCG,NSW,VIC,1,8,8,15,9,99,12,7,79,20,1,1
M10559,1985,Round 19,19,1985-05-01,GWS Giants,Carlton Blues,GIANTS Stadium,NSW,VIC,1,6,6,17,2,104,13,9,87,17,1,1
M10560,1985,Round 19,19,1985-05-03,West Coast Eagles,St Kilda Saints,Optus Stadium,WA,VIC,1,7,7,16,4,100,11,7,73,27,1,1
M10561,1985,Round 19,19,1985-05-05,North Melbourne Kangaroos,Brisbane Lions,Marvel Stadium,VIC,QLD,1,7,6,16,5,101,14,4,88,13,1,1
M10562,1985,Round 19,19,1985-05-07,Richmond Tigers,Adelaide Crows,MCG,VIC,SA,1,7,8,17,2,104,11,7,73,31,1,1
M10563,1985,Round 19,19,1985-05-09,Sydney Swans,Collingwood Magpies,SCG,NSW,VIC,1,9,8,13,4,82,16,1,97,-15,0,0
M10564,1985,Round 19,19,1985-05-11,Essendon Bombers,Geelong Cats,Marvel Stadium,VIC,VIC,0,7,9,14,7,91,10,2,62,29,1,1
M10565,1985,Round 19,19,1985-05-13,Western Bulldogs,Melbourne Demons,Marvel Stadium,VIC,VIC,0,9,7,15,6,96,12,5,77,19,1,1
M10566,1985,Round 19,19,1985-05-15,Port Adelaide Power,Hawthorn Hawks,Adelaide Oval,SA,VIC,1,7,6,15,3,93,11,8,74,19,1,1
M10567,1985,Round 19,19,1985-05-17,Gold Coast Suns,Fremantle Dockers,Heritage Bank Stadium,QLD,WA,1,7,7,16,4,100,9,5,59,41,1,1
M10568,1985,Round 20,20,1985-06-01,Essendon Bombers,Western Bulldogs,Marvel Stadium,VIC,VIC,0,7,6,17,6,108,14,6,90,18,1,1
M10569,1985,Round 20,20,1985-06-03,Hawthorn Hawks,Adelaide Crows,MCG,VIC,SA,1,8,9,15,4,94,13,4,82,12,1,1
M10570,1985,Round 20,20,1985-06-05,Gold Coast Suns,Richmond Tigers,Heritage Bank Stadium,QLD,VIC,1,6,7,18,5,113,14,3,87,26,1,1
M10571,1985,Round 20,20,1985-06-07,Sydney Swans,Collingwood Magpies,SCG,NSW,VIC,1,7,7,13,3,81,16,6,102,-21,0,0
M10572,1985,Round 20,20,1985-06-09,Brisbane Lions,Melbourne Demons,Gabba,QLD,VIC,1,8,9,16,6,102,13,6,84,18,1,1
M10573,1985,Round 20,20,1985-06-11,Geelong Cats,West Coast Eagles,GMHBA Stadium,VIC,WA,1,6,8,15,6,96,15,1,91,5,1,1
M10574,1985,Round 20,20,1985-06-13,St Kilda Saints,Fremantle Dockers,Marvel Stadium,VIC,WA,1,7,7,14,6,90,15,4,94,-4,0,0
M10575,1985,Round 20,20,1985-06-15,North Melbourne Kangaroos,GWS Giants,Marvel Stadium,VIC,NSW,1,7,8,11,6,72,13,9,87,-15,0,0
M10576,1985,Round 20,20,1985-06-17,Port Adelaide Power,Carlton Blues,Adelaide Oval,SA,VIC,1,7,9,17,0,102,14,5,89,13,1,1
M10577,1985,Round 21,21,1985-07-01,North Melbourne Kangaroos,Collingwood Magpies,Marvel Stadium,VIC,VIC,0,8,7,15,8,98,11,4,70,28,1,1
M10578,1985,Round 21,21,1985-07-03,Sydney Swans,Western Bulldogs,SCG,NSW,VIC,1,6,8,18,7,115,15,7,97,18,1,1
M10579,1985,Round 21,21,1985-07-05,Geelong Cats,Hawthorn Hawks,GMHBA Stadium,VIC,VIC,0,7,9,14,6,90,13,3,81,9,1,1
M10580,1985,Round 21,21,1985-07-07,St Kilda Saints,Melbourne Demons,Marvel Stadium,VIC,VIC,0,8,8,14,2,86,15,5,95,-9,0,0
M10581,1985,Round 21,21,1985-07-09,Adelaide Crows,Richmond Tigers,Adelaide Oval,SA,VIC,1,7,7,14,3,87,13,0,78,9,1,1
M10582,1985,Round 21,21,1985-07-11,Port Adelaide Power,Fremantle Dockers,Adelaide Oval,SA,WA,1,7,7,17,7,109,14,5,89,20,1,1
M10583,1985,Round 21,21,1985-07-13,Brisbane Lions,Carlton Blues,Gabba,QLD,VIC,1,7,6,16,2,98,16,7,103,-5,0,0
M10584,1985,Round 21,21,1985-07-15,Essendon Bombers,GWS Giants,Marvel Stadium,VIC,NSW,1,7,6,16,7,103,13,8,86,17,1,1
M10585,1985,Round 21,21,1985-07-17,Gold Coast Suns,West Coast Eagles,Heritage Bank Stadium,QLD,WA,1,7,9,16,6,102,11,8,74,28,1,1
M10586,1985,Round 22,22,1985-08-01,Richmond Tigers,Hawthorn Hawks,MCG,VIC,VIC,0,7,8,14,9,93,14,1,85,8,1,1
M10587,1985,Round 22,22,1985-08-03,Fremantle Dockers,Carlton Blues,Optus Stadium,WA,VIC,1,7,7,12,5,77,15,4,94,-17,0,0
M10588,1985,Round 22,22,1985-08-05,Port Adelaide Power,St Kilda Saints,Adelaide Oval,SA,VIC,1,6,6,12,2,74,12,5,77,-3,0,0
M10589,1985,Round 22,22,1985-08-07,Melbourne Demons,Adelaide Crows,MCG,VIC,SA,1,7,7,18,1,109,14,1,85,24,1,1
M10590,1985,Round 22,22,1985-08-09,Western Bulldogs,Brisbane Lions,Marvel Stadium,VIC,QLD,1,6,7,15,4,94,10,6,66,28,1,1
M10591,1985,Round 22,22,1985-08-11,Sydney Swans,West Coast Eagles,SCG,NSW,WA,1,8,8,16,0,96,13,4,82,14,1,1
M10592,1985,Round 22,22,1985-08-13,Collingwood Magpies,North Melbourne Kangaroos,MCG,VIC,VIC,0,7,7,16,4,100,12,4,76,24,1,1
M10593,1985,Round 22,22,1985-08-15,Gold Coast Suns,Geelong Cats,Heritage Bank Stadium,QLD,VIC,1,7,7,13,0,78,13,1,79,-1,0,0
M10594,1985,Round 22,22,1985-08-17,GWS Giants,Essendon Bombers,GIANTS Stadium,NSW,VIC,1,8,7,18,6,114,14,5,89,25,1,1
M10595,1986,Round 1,1,1986-05-01,Adelaide Crows,Collingwood Magpies,Adelaide Oval,SA,VIC,1,7,8,12,6,78,10,6,66,12,1,1
M10596,1986,Round 1,1,1986-05-03,Geelong Cats,Essendon Bombers,GMHBA Stadium,VIC,VIC,0,7,6,16,3,99,15,5,95,4,1,1
M10597,1986,Round 1,1,1986-05-05,West Coast Eagles,St Kilda Saints,Optus Stadium,WA,VIC,1,7,6,17,2,104,15,7,97,7,1,1
M10598,1986,Round 1,1,1986-05-07,Brisbane Lions,North Melbourne Kangaroos,Gabba,QLD,VIC,1,7,7,14,4,88,14,3,87,1,1,1
M10599,1986,Round 1,1,1986-05-09,Melbourne Demons,Port Adelaide Power,MCG,VIC,SA,1,9,7,17,3,105,15,4,94,11,1,1
M10600,1986,Round 1,1,1986-05-11,Richmond Tigers,Fremantle Dockers,MCG,VIC,WA,1,7,7,15,6,96,14,6,90,6,1,1
M10601,1986,Round 1,1,1986-05-13,Carlton Blues,Hawthorn Hawks,Marvel Stadium,VIC,VIC,0,6,7,16,7,103,14,6,90,13,1,1
M10602,1986,Round 1,1,1986-05-15,Gold Coast Suns,Sydney Swans,Heritage Bank Stadium,QLD,NSW,1,7,6,17,8,110,12,6,78,32,1,1
M10603,1986,Round 1,1,1986-05-17,GWS Giants,Western Bulldogs,GIANTS Stadium,NSW,VIC,1,9,7,17,3,105,15,5,95,10,1,1
M10604,1986,Round 2,2,1986-06-01,West Coast Eagles,Richmond Tigers,Optus Stadium,WA,VIC,1,7,7,12,7,79,15,2,92,-13,0,0
M10605,1986,Round 2,2,1986-06-03,North Melbourne Kangaroos,Geelong Cats,Marvel Stadium,VIC,VIC,0,8,7,14,9,93,14,8,92,1,1,1
M10606,1986,Round 2,2,1986-06-05,Melbourne Demons,Sydney Swans,MCG,VIC,NSW,1,8,6,16,1,97,12,3,75,22,1,1
M10607,1986,Round 2,2,1986-06-07,Carlton Blues,Essendon Bombers,Marvel Stadium,VIC,VIC,0,9,7,15,4,94,12,6,78,16,1,1
M10608,1986,Round 2,2,1986-06-09,Adelaide Crows,GWS Giants,Adelaide Oval,SA,NSW,1,7,7,15,5,95,15,0,90,5,1,1
M10609,1986,Round 2,2,1986-06-11,Hawthorn Hawks,Collingwood Magpies,MCG,VIC,VIC,0,8,7,16,5,101,14,6,90,11,1,1
M10610,1986,Round 2,2,1986-06-13,Brisbane Lions,Gold Coast Suns,Gabba,QLD,QLD,0,6,6,14,4,88,16,2,98,-10,0,0
M10611,1986,Round 2,2,1986-06-15,Western Bulldogs,St Kilda Saints,Marvel Stadium,VIC,VIC,0,7,7,15,5,95,12,8,80,15,1,1
M10612,1986,Round 2,2,1986-06-17,Port Adelaide Power,Fremantle Dockers,Adelaide Oval,SA,WA,1,7,6,15,5,95,14,3,87,8,1,1
M10613,1986,Round 3,3,1986-07-01,Adelaide Crows,West Coast Eagles,Adelaide Oval,SA,WA,1,7,6,12,6,78,14,3,87,-9,0,0
M10614,1986,Round 3,3,1986-07-03,Collingwood Magpies,Fremantle Dockers,MCG,VIC,WA,1,9,8,14,7,91,13,0,78,13,1,1
M10615,1986,Round 3,3,1986-07-05,Sydney Swans,St Kilda Saints,SCG,NSW,VIC,1,7,6,17,6,108,14,5,89,19,1,1
M10616,1986,Round 3,3,1986-07-07,Brisbane Lions,Port Adelaide Power,Gabba,QLD,SA,1,9,9,13,1,79,13,2,80,-1,0,0
M10617,1986,Round 3,3,1986-07-09,Western Bulldogs,North Melbourne Kangaroos,Marvel Stadium,VIC,VIC,0,7,7,14,3,87,14,6,90,-3,0,0
M10618,1986,Round 3,3,1986-07-11,Richmond Tigers,Geelong Cats,MCG,VIC,VIC,0,6,7,18,5,113,12,2,74,39,1,1
M10619,1986,Round 3,3,1986-07-13,Gold Coast Suns,GWS Giants,Heritage Bank Stadium,QLD,NSW,1,9,7,16,3,99,13,8,86,13,1,1
M10620,1986,Round 3,3,1986-07-15,Essendon Bombers,Melbourne Demons,Marvel Stadium,VIC,VIC,0,7,7,15,5,95,16,7,103,-8,0,0
M10621,1986,Round 3,3,1986-07-17,Carlton Blues,Hawthorn Hawks,Marvel Stadium,VIC,VIC,0,7,9,14,4,88,16,7,103,-15,0,0
M10622,1986,Round 4,4,1986-08-01,North Melbourne Kangaroos,Sydney Swans,Marvel Stadium,VIC,NSW,1,7,9,16,4,100,11,5,71,29,1,1
M10623,1986,Round 4,4,1986-08-03,Western Bulldogs,Melbourne Demons,Marvel Stadium,VIC,VIC,0,8,6,15,5,95,16,8,104,-9,0,0
M10624,1986,Round 4,4,1986-08-05,Geelong Cats,Port Adelaide Power,GMHBA Stadium,VIC,SA,1,9,8,15,4,94,13,3,81,13,1,1
M10625,1986,Round 4,4,1986-08-07,Collingwood Magpies,Carlton Blues,MCG,VIC,VIC,0,9,7,12,6,78,14,6,90,-12,0,0
M10626,1986,Round 4,4,1986-08-09,Hawthorn Hawks,Gold Coast Suns,MCG,VIC,QLD,1,7,8,15,4,94,11,3,69,25,1,1
M10627,1986,Round 4,4,1986-08-11,Fremantle Dockers,Richmond Tigers,Optus Stadium,WA,VIC,1,9,7,15,2,92,14,9,93,-1,0,0
M10628,1986,Round 4,4,1986-08-13,West Coast Eagles,GWS Giants,Optus Stadium,WA,NSW,1,7,7,16,2,98,14,2,86,12,1,1
M10629,1986,Round 4,4,1986-08-15,St Kilda Saints,Essendon Bombers,Marvel Stadium,VIC,VIC,0,8,9,14,0,84,12,6,78,6,1,1
M10630,1986,Round 4,4,1986-08-17,Brisbane Lions,Adelaide Crows,Gabba,QLD,SA,1,9,7,13,6,84,12,9,81,3,1,1
M10631,1986,Round 5,5,1986-09-01,Brisbane Lions,St Kilda Saints,Gabba,QLD,VIC,1,8,7,16,2,98,15,3,93,5,1,1
M10632,1986,Round 5,5,1986-09-03,Port Adelaide Power,Carlton Blues,Adelaide Oval,SA,VIC,1,7,9,16,5,101,13,2,80,21,1,1
M10633,1986,Round 5,5,1986-09-05,West Coast Eagles,North Melbourne Kangaroos,Optus Stadium,WA,VIC,1,6,8,13,8,86,12,6,78,8,1,1
M10634,1986,Round 5,5,1986-09-07,Western Bulldogs,Geelong Cats,Marvel Stadium,VIC,VIC,0,7,8,14,3,87,15,1,91,-4,0,0
M10635,1986,Round 5,5,1986-09-09,Richmond Tigers,GWS Giants,MCG,VIC,NSW,1,7,9,18,1,109,13,4,82,27,1,1
M10636,1986,Round 5,5,1986-09-11,Sydney Swans,Essendon Bombers,SCG,NSW,VIC,1,7,7,18,5,113,16,4,100,13,1,1
M10637,1986,Round 5,5,1986-09-13,Fremantle Dockers,Hawthorn Hawks,Optus Stadium,WA,VIC,1,7,6,18,3,111,14,7,91,20,1,1
M10638,1986,Round 5,5,1986-09-15,Melbourne Demons,Adelaide Crows,MCG,VIC,SA,1,7,8,19,3,117,13,0,78,39,1,1
M10639,1986,Round 5,5,1986-09-17,Collingwood Magpies,Gold Coast Suns,MCG,VIC,QLD,1,6,7,15,8,98,13,7,85,13,1,1
M10640,1986,Round 6,6,1986-04-01,Western Bulldogs,Brisbane Lions,Marvel Stadium,VIC,QLD,1,8,9,14,0,84,14,4,88,-4,0,0
M10641,1986,Round 6,6,1986-04-03,Port Adelaide Power,Fremantle Dockers,Adelaide Oval,SA,WA,1,7,7,16,4,100,12,2,74,26,1,1
M10642,1986,Round 6,6,1986-04-05,Essendon Bombers,Geelong Cats,Marvel Stadium,VIC,VIC,0,6,7,15,7,97,12,4,76,21,1,1
M10643,1986,Round 6,6,1986-04-07,North Melbourne Kangaroos,GWS Giants,Marvel Stadium,VIC,NSW,1,7,7,15,3,93,17,3,105,-12,0,0
M10644,1986,Round 6,6,1986-04-09,Richmond Tigers,Sydney Swans,MCG,VIC,NSW,1,7,7,17,6,108,13,6,84,24,1,1
M10645,1986,Round 6,6,1986-04-11,St Kilda Saints,Gold Coast Suns,Marvel Stadium,VIC,QLD,1,8,7,16,3,99,15,6,96,3,1,1
M10646,1986,Round 6,6,1986-04-13,Hawthorn Hawks,Melbourne Demons,MCG,VIC,VIC,0,7,9,14,3,87,14,3,87,0,0,0
M10647,1986,Round 6,6,1986-04-15,Adelaide Crows,Collingwood Magpies,Adelaide Oval,SA,VIC,1,6,6,14,4,88,16,7,103,-15,0,0
M10648,1986,Round 6,6,1986-04-17,Carlton Blues,West Coast Eagles,Marvel Stadium,VIC,WA,1,9,8,13,7,85,11,5,71,14,1,1
M10649,1986,Round 7,7,1986-05-01,Gold Coast Suns,Hawthorn Hawks,Heritage Bank Stadium,QLD,VIC,1,7,7,17,1,103,13,4,82,21,1,1
M10650,1986,Round 7,7,1986-05-03,Essendon Bombers,Geelong Cats,Marvel Stadium,VIC,VIC,0,7,7,15,2,92,14,4,88,4,1,1
M10651,1986,Round 7,7,1986-05-05,Carlton Blues,Western Bulldogs,Marvel Stadium,VIC,VIC,0,7,7,16,2,98,13,3,81,17,1,1
M10652,1986,Round 7,7,1986-05-07,GWS Giants,Sydney Swans,GIANTS Stadium,NSW,NSW,0,7,6,16,7,103,16,6,102,1,1,1
M10653,1986,Round 7,7,1986-05-09,St Kilda Saints,North Melbourne Kangaroos,Marvel Stadium,VIC,VIC,0,9,7,17,7,109,12,4,76,33,1,1
M10654,1986,Round 7,7,1986-05-11,Adelaide Crows,West Coast Eagles,Adelaide Oval,SA,WA,1,6,6,14,3,87,14,6,90,-3,0,0
M10655,1986,Round 7,7,1986-05-13,Fremantle Dockers,Collingwood Magpies,Optus Stadium,WA,VIC,1,7,7,15,5,95,15,0,90,5,1,1
M10656,1986,Round 7,7,1986-05-15,Port Adelaide Power,Melbourne Demons,Adelaide Oval,SA,VIC,1,7,7,15,4,94,11,5,71,23,1,1
M10657,1986,Round 7,7,1986-05-17,Brisbane Lions,Richmond Tigers,Gabba,QLD,VIC,1,7,6,15,6,96,15,4,94,2,1,1
M10658,1986,Round 8,8,1986-06-01,Carlton Blues,Geelong Cats,Marvel Stadium,VIC,VIC,0,9,8,14,6,90,13,7,85,5,1,1
M10659,1986,Round 8,8,1986-06-03,Sydney Swans,Adelaide Crows,SCG,NSW,SA,1,9,9,18,2,110,13,5,83,27,1,1
M10660,1986,Round 8,8,1986-06-05,Essendon Bombers,Richmond Tigers,Marvel Stadium,VIC,VIC,0,7,7,18,6,114,13,3,81,33,1,1
M10661,1986,Round 8,8,1986-06-07,St Kilda Saints,Melbourne Demons,Marvel Stadium,VIC,VIC,0,7,7,15,2,92,13,2,80,12,1,1
M10662,1986,Round 8,8,1986-06-09,West Coast Eagles,Fremantle Dockers,Optus Stadium,WA,WA,0,7,8,18,2,110,13,4,82,28,1,1
M10663,1986,Round 8,8,1986-06-11,Collingwood Magpies,Hawthorn Hawks,MCG,VIC,VIC,0,7,7,14,2,86,13,0,78,8,1,1
M10664,1986,Round 8,8,1986-06-13,Western Bulldogs,Port Adelaide Power,Marvel Stadium,VIC,SA,1,7,7,13,3,81,13,2,80,1,1,1
M10665,1986,Round 8,8,1986-06-15,Brisbane Lions,North Melbourne Kangaroos,Gabba,QLD,VIC,1,7,8,13,7,85,14,4,88,-3,0,0
M10666,1986,Round 8,8,1986-06-17,Gold Coast Suns,GWS Giants,Heritage Bank Stadium,QLD,NSW,1,7,6,16,3,99,11,8,74,25,1,1
M10667,1986,Round 9,9,1986-07-01,West Coast Eagles,Hawthorn Hawks,Optus Stadium,WA,VIC,1,8,7,16,4,100,18,3,111,-11,0,0
M10668,1986,Round 9,9,1986-07-03,Gold Coast Suns,North Melbourne Kangaroos,Heritage Bank Stadium,QLD,VIC,1,7,7,11,9,75,16,6,102,-27,0,0
M10669,1986,Round 9,9,1986-07-05,Essendon Bombers,Richmond Tigers,Marvel Stadium,VIC,VIC,0,8,7,15,6,96,14,0,84,12,1,1
M10670,1986,Round 9,9,1986-07-07,Geelong Cats,Port Adelaide Power,GMHBA Stadium,VIC,SA,1,7,6,17,2,104,12,5,77,27,1,1
M10671,1986,Round 9,9,1986-07-09,St Kilda Saints,Sydney Swans,Marvel Stadium,VIC,NSW,1,8,7,16,5,101,18,1,109,-8,0,0
M10672,1986,Round 9,9,1986-07-11,GWS Giants,Fremantle Dockers,GIANTS Stadium,NSW,WA,1,9,8,11,4,70,14,3,87,-17,0,0
M10673,1986,Round 9,9,1986-07-13,Melbourne Demons,Collingwood Magpies,MCG,VIC,VIC,0,7,7,15,5,95,13,7,85,10,1,1
M10674,1986,Round 9,9,1986-07-15,Brisbane Lions,Carlton Blues,Gabba,QLD,VIC,1,6,7,16,5,101,13,1,79,22,1,1
M10675,1986,Round 9,9,1986-07-17,Western Bulldogs,Adelaide Crows,Marvel Stadium,VIC,SA,1,6,7,17,5,107,12,1,73,34,1,1
M10676,1986,Round 10,10,1986-08-01,GWS Giants,Sydney Swans,GIANTS Stadium,NSW,NSW,0,8,7,15,4,94,15,8,98,-4,0,0
M10677,1986,Round 10,10,1986-08-03,Gold Coast Suns,Port Adelaide Power,Heritage Bank Stadium,QLD,SA,1,9,6,16,5,101,14,3,87,14,1,1
M10678,1986,Round 10,10,1986-08-05,North Melbourne Kangaroos,Melbourne Demons,Marvel Stadium,VIC,VIC,0,7,7,14,2,86,12,4,76,10,1,1
M10679,1986,Round 10,10,1986-08-07,Richmond Tigers,Hawthorn Hawks,MCG,VIC,VIC,0,9,7,14,4,88,13,3,81,7,1,1
M10680,1986,Round 10,10,1986-08-09,Fremantle Dockers,Adelaide Crows,Optus Stadium,WA,SA,1,7,6,14,1,85,15,6,96,-11,0,0
M10681,1986,Round 10,10,1986-08-11,Geelong Cats,Western Bulldogs,GMHBA Stadium,VIC,VIC,0,9,8,16,6,102,15,7,97,5,1,1
M10682,1986,Round 10,10,1986-08-13,Essendon Bombers,St Kilda Saints,Marvel Stadium,VIC,VIC,0,8,7,14,7,91,12,6,78,13,1,1
M10683,1986,Round 10,10,1986-08-15,Carlton Blues,West Coast Eagles,Marvel Stadium,VIC,WA,1,6,7,18,5,113,12,7,79,34,1,1
M10684,1986,Round 10,10,1986-08-17,Brisbane Lions,Collingwood Magpies,Gabba,QLD,VIC,1,7,9,16,5,101,11,5,71,30,1,1
M10685,1986,Round 11,11,1986-09-01,GWS Giants,Hawthorn Hawks,GIANTS Stadium,NSW,VIC,1,7,7,16,7,103,15,6,96,7,1,1
M10686,1986,Round 11,11,1986-09-03,Collingwood Magpies,Melbourne Demons,MCG,VIC,VIC,0,7,8,13,4,82,11,6,72,10,1,1
M10687,1986,Round 11,11,1986-09-05,Essendon Bombers,Sydney Swans,Marvel Stadium,VIC,NSW,1,6,7,14,3,87,12,4,76,11,1,1
M10688,1986,Round 11,11,1986-09-07,Fremantle Dockers,Carlton Blues,Optus Stadium,WA,VIC,1,6,8,16,7,103,16,8,104,-1,0,0
M10689,1986,Round 11,11,1986-09-09,Adelaide Crows,North Melbourne Kangaroos,Adelaide Oval,SA,VIC,1,7,7,15,6,96,12,1,73,23,1,1
M10690,1986,Round 11,11,1986-09-11,Geelong Cats,Western Bulldogs,GMHBA Stadium,VIC,VIC,0,6,7,16,3,99,15,3,93,6,1,1
M10691,1986,Round 11,11,1986-09-13,Gold Coast Suns,Brisbane Lions,Heritage Bank Stadium,QLD,QLD,0,9,6,13,2,80,11,5,71,9,1,1
M10692,1986,Round 11,11,1986-09-15,St Kilda Saints,Port Adelaide Power,Marvel Stadium,VIC,SA,1,9,9,16,2,98,16,3,99,-1,0,0
M10693,1986,Round 11,11,1986-09-17,Richmond Tigers,West Coast Eagles,MCG,VIC,WA,1,7,8,18,4,112,13,5,83,29,1,1
M10694,1986,Round 12,12,1986-04-01,Collingwood Magpies,St Kilda Saints,MCG,VIC,VIC,0,7,9,15,1,91,11,4,70,21,1,1
M10695,1986,Round 12,12,1986-04-03,Sydney Swans,Brisbane Lions,SCG,NSW,QLD,1,8,7,15,7,97,19,2,116,-19,0,0
M10696,1986,Round 12,12,1986-04-05,Western Bulldogs,Port Adelaide Power,Marvel Stadium,VIC,SA,1,7,8,14,3,87,15,1,91,-4,0,0
M10697,1986,Round 12,12,1986-04-07,North Melbourne Kangaroos,Adelaide Crows,Marvel Stadium,VIC,SA,1,6,8,17,3,105,11,4,70,35,1,1
M10698,1986,Round 12,12,1986-04-09,Fremantle Dockers,West Coast Eagles,Optus Stadium,WA,WA,0,7,7,17,6,108,14,2,86,22,1,1
M10699,1986,Round 12,12,1986-04-11,Hawthorn Hawks,Gold Coast Suns,MCG,VIC,QLD,1,7,7,14,5,89,13,6,84,5,1,1
M10700,1986,Round 12,12,1986-04-13,GWS Giants,Essendon Bombers,GIANTS Stadium,NSW,VIC,1,6,7,16,3,99,12,9,81,18,1,1
M10701,1986,Round 12,12,1986-04-15,Richmond Tigers,Geelong Cats,MCG,VIC,VIC,0,7,7,12,3,75,13,4,82,-7,0,0
M10702,1986,Round 12,12,1986-04-17,Melbourne Demons,Carlton Blues,MCG,VIC,VIC,0,7,7,14,5,89,13,2,80,9,1,1
M10703,1986,Round 13,13,1986-05-01,West Coast Eagles,Fremantle Dockers,Optus Stadium,WA,WA,0,9,7,16,8,104,13,6,84,20,1,1
M10704,1986,Round 13,13,1986-05-03,GWS Giants,Richmond Tigers,GIANTS Stadium,NSW,VIC,1,7,8,13,3,81,15,0,90,-9,0,0
M10705,1986,Round 13,13,1986-05-05,Carlton Blues,St Kilda Saints,Marvel Stadium,VIC,VIC,0,9,7,16,3,99,14,5,89,10,1,1
M10706,1986,Round 13,13,1986-05-07,Brisbane Lions,Essendon Bombers,Gabba,QLD,VIC,1,6,7,15,1,91,13,7,85,6,1,1
M10707,1986,Round 13,13,1986-05-09,Western Bulldogs,Gold Coast Suns,Marvel Stadium,VIC,QLD,1,8,9,16,6,102,14,8,92,10,1,1
M10708,1986,Round 13,13,1986-05-11,Melbourne Demons,Port Adelaide Power,MCG,VIC,SA,1,9,8,16,5,101,14,1,85,16,1,1
M10709,1986,Round 13,13,1986-05-13,Collingwood Magpies,Sydney Swans,MCG,VIC,NSW,1,6,6,18,5,113,12,3,75,38,1,1
M10710,1986,Round 13,13,1986-05-15,Hawthorn Hawks,North Melbourne Kangaroos,MCG,VIC,VIC,0,7,8,16,2,98,15,6,96,2,1,1
M10711,1986,Round 13,13,1986-05-17,Adelaide Crows,Geelong Cats,Adelaide Oval,SA,VIC,1,7,7,16,1,97,14,7,91,6,1,1
M10712,1986,Round 14,14,1986-06-01,Richmond Tigers,Port Adelaide Power,MCG,VIC,SA,1,8,7,15,2,92,15,1,91,1,1,1
M10713,1986,Round 14,14,1986-06-03,West Coast Eagles,Fremantle Dockers,Optus Stadium,WA,WA,0,7,9,15,4,94,13,6,84,10,1,1
M10714,1986,Round 14,14,1986-06-05,Essendon Bombers,Geelong Cats,Marvel Stadium,VIC,VIC,0,9,8,16,4,100,14,8,92,8,1,1
M10715,1986,Round 14,14,1986-06-07,Brisbane Lions,Hawthorn Hawks,Gabba,QLD,VIC,1,6,7,12,0,72,15,6,96,-24,0,0
M10716,1986,Round 14,14,1986-06-09,GWS Giants,Western Bulldogs,GIANTS Stadium,NSW,VIC,1,7,6,16,8,104,12,7,79,25,1,1
M10717,1986,Round 14,14,1986-06-11,Sydney Swans,Adelaide Crows,SCG,NSW,SA,1,7,9,16,0,96,15,1,91,5,1,1
M10718,1986,Round 14,14,1986-06-13,St Kilda Saints,Melbourne Demons,Marvel Stadium,VIC,VIC,0,7,9,16,7,103,14,3,87,16,1,1
M10719,1986,Round 14,14,1986-06-15,Gold Coast Suns,North Melbourne Kangaroos,Heritage Bank Stadium,QLD,VIC,1,8,6,16,8,104,12,6,78,26,1,1
M10720,1986,Round 14,14,1986-06-17,Carlton Blues,Collingwood Magpies,Marvel Stadium,VIC,VIC,0,7,7,16,2,98,13,1,79,19,1,1
M10721,1986,Round 15,15,1986-07-01,Essendon Bombers,Adelaide Crows,Marvel Stadium,VIC,SA,1,7,7,17,3,105,14,1,85,20,1,1
M10722,1986,Round 15,15,1986-07-03,Gold Coast Suns,North Melbourne Kangaroos,Heritage Bank Stadium,QLD,VIC,1,7,7,15,6,96,14,5,89,7,1,1
M10723,1986,Round 15,15,1986-07-05,Western Bulldogs,St Kilda Saints,Marvel Stadium,VIC,VIC,0,6,9,16,7,103,14,4,88,15,1,1
M10724,1986,Round 15,15,1986-07-07,Richmond Tigers,Port Adelaide Power,MCG,VIC,SA,1,7,7,15,2,92,14,3,87,5,1,1
M10725,1986,Round 15,15,1986-07-09,Fremantle Dockers,Collingwood Magpies,Optus Stadium,WA,VIC,1,7,8,13,4,82,15,3,93,-11,0,0
M10726,1986,Round 15,15,1986-07-11,Sydney Swans,West Coast Eagles,SCG,NSW,WA,1,7,6,13,0,78,15,8,98,-20,0,0
M10727,1986,Round 15,15,1986-07-13,GWS Giants,Geelong Cats,GIANTS Stadium,NSW,VIC,1,7,7,15,4,94,15,7,97,-3,0,0
M10728,1986,Round 15,15,1986-07-15,Brisbane Lions,Hawthorn Hawks,Gabba,QLD,VIC,1,7,7,14,1,85,12,7,79,6,1,1
M10729,1986,Round 15,15,1986-07-17,Melbourne Demons,Carlton Blues,MCG,VIC,VIC,0,7,7,17,4,106,15,8,98,8,1,1
M10730,1986,Round 16,16,1986-08-01,West Coast Eagles,Fremantle Dockers,Optus Stadium,WA,WA,0,7,9,15,5,95,14,3,87,8,1,1
M10731,1986,Round 16,16,1986-08-03,Port Adelaide Power,Western Bulldogs,Adelaide Oval,SA,VIC,1,7,7,14,6,90,14,2,86,4,1,1
M10732,1986,Round 16,16,1986-08-05,Essendon Bombers,Brisbane Lions,Marvel Stadium,VIC,QLD,1,9,7,15,5,95,13,4,82,13,1,1
M10733,1986,Round 16,16,1986-08-07,Collingwood Magpies,North Melbourne Kangaroos,MCG,VIC,VIC,0,6,7,16,4,100,13,6,84,16,1,1
M10734,1986,Round 16,16,1986-08-09,Hawthorn Hawks,Adelaide Crows,MCG,VIC,SA,1,6,7,16,4,100,11,5,71,29,1,1
M10735,1986,Round 16,16,1986-08-11,Melbourne Demons,Geelong Cats,MCG,VIC,VIC,0,8,7,18,6,114,14,5,89,25,1,1
M10736,1986,Round 16,16,1986-08-13,GWS Giants,Sydney Swans,GIANTS Stadium,NSW,NSW,0,7,9,15,3,93,10,3,63,30,1,1
M10737,1986,Round 16,16,1986-08-15,St Kilda Saints,Gold Coast Suns,Marvel Stadium,VIC,QLD,1,9,7,15,4,94,15,4,94,0,0,0
M10738,1986,Round 16,16,1986-08-17,Carlton Blues,Richmond Tigers,Marvel Stadium,VIC,VIC,0,7,8,18,2,110,14,1,85,25,1,1
M10739,1986,Round 17,17,1986-09-01,St Kilda Saints,Sydney Swans,Marvel Stadium,VIC,NSW,1,9,7,16,6,102,13,6,84,18,1,1
M10740,1986,Round 17,17,1986-09-03,Hawthorn Hawks,GWS Giants,MCG,VIC,NSW,1,9,9,17,1,103,11,3,69,34,1,1
M10741,1986,Round 17,17,1986-09-05,Essendon Bombers,West Coast Eagles,Marvel Stadium,VIC,WA,1,7,7,15,5,95,17,6,108,-13,0,0
M10742,1986,Round 17,17,1986-09-07,Richmond Tigers,Port Adelaide Power,MCG,VIC,SA,1,6,7,15,5,95,15,5,95,0,0,0
M10743,1986,Round 17,17,1986-09-09,Gold Coast Suns,Collingwood Magpies,Heritage Bank Stadium,QLD,VIC,1,8,7,16,5,101,16,2,98,3,1,1
M10744,1986,Round 17,17,1986-09-11,North Melbourne Kangaroos,Western Bulldogs,Marvel Stadium,VIC,VIC,0,7,6,14,1,85,13,8,86,-1,0,0
M10745,1986,Round 17,17,1986-09-13,Brisbane Lions,Geelong Cats,Gabba,QLD,VIC,1,7,6,16,4,100,13,5,83,17,1,1
M10746,1986,Round 17,17,1986-09-15,Melbourne Demons,Carlton Blues,MCG,VIC,VIC,0,7,9,15,4,94,13,4,82,12,1,1
M10747,1986,Round 17,17,1986-09-17,Adelaide Crows,Fremantle Dockers,Adelaide Oval,SA,WA,1,7,7,13,5,83,14,5,89,-6,0,0
M10748,1986,Round 18,18,1986-04-01,Richmond Tigers,Collingwood Magpies,MCG,VIC,VIC,0,7,7,17,2,104,14,6,90,14,1,1
M10749,1986,Round 18,18,1986-04-03,Brisbane Lions,Gold Coast Suns,Gabba,QLD,QLD,0,7,6,15,3,93,13,2,80,13,1,1
M10750,1986,Round 18,18,1986-04-05,GWS Giants,Port Adelaide Power,GIANTS Stadium,NSW,SA,1,6,9,15,6,96,16,8,104,-8,0,0
M10751,1986,Round 18,18,1986-04-07,Adelaide Crows,Sydney Swans,Adelaide Oval,SA,NSW,1,8,7,15,4,94,12,6,78,16,1,1
M10752,1986,Round 18,18,1986-04-09,Fremantle Dockers,Essendon Bombers,Optus Stadium,WA,VIC,1,9,8,16,4,100,16,1,97,3,1,1
M10753,1986,Round 18,18,1986-04-11,Western Bulldogs,Hawthorn Hawks,Marvel Stadium,VIC,VIC,0,7,9,14,5,89,13,6,84,5,1,1
M10754,1986,Round 18,18,1986-04-13,North Melbourne Kangaroos,Melbourne Demons,Marvel Stadium,VIC,VIC,0,7,8,16,2,98,17,0,102,-4,0,0
M10755,1986,Round 18,18,1986-04-15,St Kilda Saints,Geelong Cats,Marvel Stadium,VIC,VIC,0,7,7,17,4,106,13,6,84,22,1,1
M10756,1986,Round 18,18,1986-04-17,West Coast Eagles,Carlton Blues,Optus Stadium,WA,VIC,1,6,7,17,7,109,13,1,79,30,1,1
M10757,1986,Round 19,19,1986-05-01,Richmond Tigers,Hawthorn Hawks,MCG,VIC,VIC,0,8,8,14,9,93,12,0,72,21,1,1
M10758,1986,Round 19,19,1986-05-03,Collingwood Magpies,Adelaide Crows,MCG,VIC,SA,1,7,7,18,9,117,15,6,96,21,1,1
M10759,1986,Round 19,19,1986-05-05,Brisbane Lions,Carlton Blues,Gabba,QLD,VIC,1,9,7,15,5,95,13,7,85,10,1,1
M10760,1986,Round 19,19,1986-05-07,North Melbourne Kangaroos,Port Adelaide Power,Marvel Stadium,VIC,SA,1,6,6,13,6,84,14,5,89,-5,0,0
M10761,1986,Round 19,19,1986-05-09,Western Bulldogs,West Coast Eagles,Marvel Stadium,VIC,WA,1,6,6,15,2,92,13,3,81,11,1,1
M10762,1986,Round 19,19,1986-05-11,St Kilda Saints,Essendon Bombers,Marvel Stadium,VIC,VIC,0,7,6,15,6,96,14,1,85,11,1,1
M10763,1986,Round 19,19,1986-05-13,Sydney Swans,GWS Giants,SCG,NSW,NSW,0,9,7,15,5,95,18,3,111,-16,0,0
M10764,1986,Round 19,19,1986-05-15,Geelong Cats,Gold Coast Suns,GMHBA Stadium,VIC,QLD,1,7,7,19,8,122,15,6,96,26,1,1
M10765,1986,Round 19,19,1986-05-17,Melbourne Demons,Fremantle Dockers,MCG,VIC,WA,1,9,8,13,8,86,14,6,90,-4,0,0
M10766,1986,Round 20,20,1986-06-01,Richmond Tigers,St Kilda Saints,MCG,VIC,VIC,0,6,7,17,0,102,13,3,81,21,1,1
M10767,1986,Round 20,20,1986-06-03,Essendon Bombers,Gold Coast Suns,Marvel Stadium,VIC,QLD,1,7,9,17,8,110,12,4,76,34,1,1
M10768,1986,Round 20,20,1986-06-05,Sydney Swans,Carlton Blues,SCG,NSW,VIC,1,7,7,16,4,100,14,1,85,15,1,1
M10769,1986,Round 20,20,1986-06-07,Port Adelaide Power,Brisbane Lions,Adelaide Oval,SA,QLD,1,7,6,15,7,97,14,0,84,13,1,1
M10770,1986,Round 20,20,1986-06-09,Adelaide Crows,North Melbourne Kangaroos,Adelaide Oval,SA,VIC,1,6,6,12,8,80,15,9,99,-19,0,0
M10771,1986,Round 20,20,1986-06-11,Geelong Cats,Collingwood Magpies,GMHBA Stadium,VIC,VIC,0,6,7,15,5,95,13,4,82,13,1,1
M10772,1986,Round 20,20,1986-06-13,Western Bulldogs,GWS Giants,Marvel Stadium,VIC,NSW,1,7,7,15,4,94,12,5,77,17,1,1
M10773,1986,Round 20,20,1986-06-15,Melbourne Demons,Hawthorn Hawks,MCG,VIC,VIC,0,7,9,14,6,90,15,8,98,-8,0,0
M10774,1986,Round 20,20,1986-06-17,West Coast Eagles,Fremantle Dockers,Optus Stadium,WA,WA,0,8,7,18,6,114,13,5,83,31,1,1
M10775,1986,Round 21,21,1986-07-01,Hawthorn Hawks,St Kilda Saints,MCG,VIC,VIC,0,7,6,16,7,103,13,2,80,23,1,1
M10776,1986,Round 21,21,1986-07-03,Port Adelaide Power,Richmond Tigers,Adelaide Oval,SA,VIC,1,7,7,15,6,96,14,3,87,9,1,1
M10777,1986,Round 21,21,1986-07-05,Western Bulldogs,Essendon Bombers,Marvel Stadium,VIC,VIC,0,6,6,15,9,99,11,3,69,30,1,1
M10778,1986,Round 21,21,1986-07-07,West Coast Eagles,Adelaide Crows,Optus Stadium,WA,SA,1,7,6,15,7,97,13,2,80,17,1,1
M10779,1986,Round 21,21,1986-07-09,North Melbourne Kangaroos,Gold Coast Suns,Marvel Stadium,VIC,QLD,1,9,7,15,4,94,16,4,100,-6,0,0
M10780,1986,Round 21,21,1986-07-11,Sydney Swans,Geelong Cats,SCG,NSW,VIC,1,9,7,12,8,80,14,6,90,-10,0,0
M10781,1986,Round 21,21,1986-07-13,Fremantle Dockers,GWS Giants,Optus Stadium,WA,NSW,1,8,9,17,5,107,10,0,60,47,1,1
M10782,1986,Round 21,21,1986-07-15,Melbourne Demons,Carlton Blues,MCG,VIC,VIC,0,6,9,14,9,93,16,3,99,-6,0,0
M10783,1986,Round 21,21,1986-07-17,Brisbane Lions,Collingwood Magpies,Gabba,QLD,VIC,1,8,6,14,2,86,16,6,102,-16,0,0
M10784,1986,Round 22,22,1986-08-01,St Kilda Saints,Essendon Bombers,Marvel Stadium,VIC,VIC,0,8,7,16,5,101,14,7,91,10,1,1
M10785,1986,Round 22,22,1986-08-03,Richmond Tigers,Adelaide Crows,MCG,VIC,SA,1,6,8,13,0,78,15,2,92,-14,0,0
M10786,1986,Round 22,22,1986-08-05,Geelong Cats,Brisbane Lions,GMHBA Stadium,VIC,QLD,1,7,6,16,7,103,11,2,68,35,1,1
M10787,1986,Round 22,22,1986-08-07,Collingwood Magpies,Melbourne Demons,MCG,VIC,VIC,0,7,7,16,6,102,14,4,88,14,1,1
M10788,1986,Round 22,22,1986-08-09,Western Bulldogs,GWS Giants,Marvel Stadium,VIC,NSW,1,7,9,14,6,90,14,5,89,1,1,1
M10789,1986,Round 22,22,1986-08-11,Fremantle Dockers,North Melbourne Kangaroos,Optus Stadium,WA,VIC,1,6,7,16,5,101,16,5,101,0,0,0
M10790,1986,Round 22,22,1986-08-13,Sydney Swans,Carlton Blues,SCG,NSW,VIC,1,9,6,13,6,84,15,4,94,-10,0,0
M10791,1986,Round 22,22,1986-08-15,West Coast Eagles,Hawthorn Hawks,Optus Stadium,WA,VIC,1,9,9,13,4,82,12,5,77,5,1,1
M10792,1986,Round 22,22,1986-08-17,Gold Coast Suns,Port Adelaide Power,Heritage Bank Stadium,QLD,SA,1,7,7,15,3,93,13,6,84,9,1,1
M10793,1987,Round 1,1,1987-05-01,Carlton Blues,Gold Coast Suns,Marvel Stadium,VIC,QLD,1,7,8,15,4,94,14,5,89,5,1,1
M10794,1987,Round 1,1,1987-05-03,Port Adelaide Power,Essendon Bombers,Adelaide Oval,SA,VIC,1,7,6,18,6,114,12,4,76,38,1,1
M10795,1987,Round 1,1,1987-05-05,Brisbane Lions,Western Bulldogs,Gabba,QLD,VIC,1,7,9,14,9,93,14,7,91,2,1,1
M10796,1987,Round 1,1,1987-05-07,Sydney Swans,Fremantle Dockers,SCG,NSW,WA,1,9,8,18,5,113,12,6,78,35,1,1
M10797,1987,Round 1,1,1987-05-09,West Coast Eagles,Geelong Cats,Optus Stadium,WA,VIC,1,6,7,16,6,102,15,3,93,9,1,1
M10798,1987,Round 1,1,1987-05-11,Adelaide Crows,Hawthorn Hawks,Adelaide Oval,SA,VIC,1,7,9,17,1,103,13,6,84,19,1,1
M10799,1987,Round 1,1,1987-05-13,North Melbourne Kangaroos,Melbourne Demons,Marvel Stadium,VIC,VIC,0,7,9,15,7,97,15,1,91,6,1,1
M10800,1987,Round 1,1,1987-05-15,St Kilda Saints,Collingwood Magpies,Marvel Stadium,VIC,VIC,0,8,7,16,4,100,14,2,86,14,1,1
M10801,1987,Round 1,1,1987-05-17,Richmond Tigers,GWS Giants,MCG,VIC,NSW,1,6,7,14,6,90,14,0,84,6,1,1
M10802,1987,Round 2,2,1987-06-01,St Kilda Saints,North Melbourne Kangaroos,Marvel Stadium,VIC,VIC,0,7,7,15,4,94,13,5,83,11,1,1
M10803,1987,Round 2,2,1987-06-03,Carlton Blues,Melbourne Demons,Marvel Stadium,VIC,VIC,0,9,7,14,5,89,12,6,78,11,1,1
M10804,1987,Round 2,2,1987-06-05,Essendon Bombers,Collingwood Magpies,Marvel Stadium,VIC,VIC,0,8,7,16,2,98,14,2,86,12,1,1
M10805,1987,Round 2,2,1987-06-07,Adelaide Crows,Fremantle Dockers,Adelaide Oval,SA,WA,1,6,7,15,4,94,15,7,97,-3,0,0
M10806,1987,Round 2,2,1987-06-09,GWS Giants,West Coast Eagles,GIANTS Stadium,NSW,WA,1,7,9,19,0,114,12,0,72,42,1,1
M10807,1987,Round 2,2,1987-06-11,Port Adelaide Power,Sydney Swans,Adelaide Oval,SA,NSW,1,7,9,15,5,95,15,1,91,4,1,1
M10808,1987,Round 2,2,1987-06-13,Hawthorn Hawks,Richmond Tigers,MCG,VIC,VIC,0,8,9,13,8,86,14,4,88,-2,0,0
M10809,1987,Round 2,2,1987-06-15,Geelong Cats,Western Bulldogs,GMHBA Stadium,VIC,VIC,0,6,9,15,6,96,18,3,111,-15,0,0
M10810,1987,Round 2,2,1987-06-17,Gold Coast Suns,Brisbane Lions,Heritage Bank Stadium,QLD,QLD,0,7,7,16,3,99,14,3,87,12,1,1
M10811,1987,Round 3,3,1987-07-01,Western Bulldogs,St Kilda Saints,Marvel Stadium,VIC,VIC,0,7,6,17,3,105,16,4,100,5,1,1
M10812,1987,Round 3,3,1987-07-03,Hawthorn Hawks,Sydney Swans,MCG,VIC,NSW,1,7,9,17,4,106,15,5,95,11,1,1
M10813,1987,Round 3,3,1987-07-05,Essendon Bombers,Gold Coast Suns,Marvel Stadium,VIC,QLD,1,7,7,15,5,95,14,5,89,6,1,1
M10814,1987,Round 3,3,1987-07-07,Port Adelaide Power,Melbourne Demons,Adelaide Oval,SA,VIC,1,6,9,15,5,95,10,3,63,32,1,1
M10815,1987,Round 3,3,1987-07-09,Geelong Cats,Fremantle Dockers,GMHBA Stadium,VIC,WA,1,8,6,15,4,94,15,5,95,-1,0,0
M10816,1987,Round 3,3,1987-07-11,North Melbourne Kangaroos,Brisbane Lions,Marvel Stadium,VIC,QLD,1,6,6,13,5,83,13,5,83,0,0,0
M10817,1987,Round 3,3,1987-07-13,West Coast Eagles,Richmond Tigers,Optus Stadium,WA,VIC,1,9,7,15,2,92,11,1,67,25,1,1
M10818,1987,Round 3,3,1987-07-15,Adelaide Crows,Collingwood Magpies,Adelaide Oval,SA,VIC,1,7,7,15,3,93,13,7,85,8,1,1
M10819,1987,Round 3,3,1987-07-17,Carlton Blues,GWS Giants,Marvel Stadium,VIC,NSW,1,9,8,13,3,81,16,3,99,-18,0,0
M10820,1987,Round 4,4,1987-08-01,Western Bulldogs,Port Adelaide Power,Marvel Stadium,VIC,SA,1,7,7,16,2,98,17,5,107,-9,0,0
M10821,1987,Round 4,4,1987-08-03,GWS Giants,Sydney Swans,GIANTS Stadium,NSW,NSW,0,7,9,13,5,83,14,9,93,-10,0,0
M10822,1987,Round 4,4,1987-08-05,St Kilda Saints,Melbourne Demons,Marvel Stadium,VIC,VIC,0,9,6,16,6,102,15,0,90,12,1,1
M10823,1987,Round 4,4,1987-08-07,Gold Coast Suns,Collingwood Magpies,Heritage Bank Stadium,QLD,VIC,1,7,7,15,1,91,15,4,94,-3,0,0
M10824,1987,Round 4,4,1987-08-09,Essendon Bombers,Hawthorn Hawks,Marvel Stadium,VIC,VIC,0,7,8,13,3,81,14,4,88,-7,0,0
M10825,1987,Round 4,4,1987-08-11,Richmond Tigers,Geelong Cats,MCG,VIC,VIC,0,6,6,13,0,78,13,5,83,-5,0,0
M10826,1987,Round 4,4,1987-08-13,Brisbane Lions,North Melbourne Kangaroos,Gabba,QLD,VIC,1,8,9,16,2,98,13,1,79,19,1,1
M10827,1987,Round 4,4,1987-08-15,Carlton Blues,West Coast Eagles,Marvel Stadium,VIC,WA,1,9,8,14,2,86,14,2,86,0,0,0
M10828,1987,Round 4,4,1987-08-17,Fremantle Dockers,Adelaide Crows,Optus Stadium,WA,SA,1,7,7,16,7,103,11,2,68,35,1,1
M10829,1987,Round 5,5,1987-09-01,Port Adelaide Power,Melbourne Demons,Adelaide Oval,SA,VIC,1,7,7,17,8,110,12,6,78,32,1,1
M10830,1987,Round 5,5,1987-09-03,West Coast Eagles,North Melbourne Kangaroos,Optus Stadium,WA,VIC,1,7,7,15,4,94,13,3,81,13,1,1
M10831,1987,Round 5,5,1987-09-05,Richmond Tigers,Geelong Cats,MCG,VIC,VIC,0,7,7,14,1,85,13,6,84,1,1,1
M10832,1987,Round 5,5,1987-09-07,St Kilda Saints,Carlton Blues,Marvel Stadium,VIC,VIC,0,7,8,17,5,107,15,4,94,13,1,1
M10833,1987,Round 5,5,1987-09-09,Fremantle Dockers,Brisbane Lions,Optus Stadium,WA,QLD,1,6,9,17,4,106,15,3,93,13,1,1
M10834,1987,Round 5,5,1987-09-11,Western Bulldogs,Essendon Bombers,Marvel Stadium,VIC,VIC,0,8,7,15,5,95,14,5,89,6,1,1
M10835,1987,Round 5,5,1987-09-13,Gold Coast Suns,Collingwood Magpies,Heritage Bank Stadium,QLD,VIC,1,6,7,14,2,86,13,7,85,1,1,1
M10836,1987,Round 5,5,1987-09-15,Hawthorn Hawks,GWS Giants,MCG,VIC,NSW,1,9,7,15,0,90,15,4,94,-4,0,0
M10837,1987,Round 5,5,1987-09-17,Adelaide Crows,Sydney Swans,Adelaide Oval,SA,NSW,1,8,8,15,5,95,14,0,84,11,1,1
M10838,1987,Round 6,6,1987-04-01,Collingwood Magpies,Carlton Blues,MCG,VIC,VIC,0,9,8,14,5,89,15,9,99,-10,0,0
M10839,1987,Round 6,6,1987-04-03,Geelong Cats,Brisbane Lions,GMHBA Stadium,VIC,QLD,1,6,7,19,2,116,14,4,88,28,1,1
M10840,1987,Round 6,6,1987-04-05,GWS Giants,Richmond Tigers,GIANTS Stadium,NSW,VIC,1,9,7,14,2,86,12,5,77,9,1,1
M10841,1987,Round 6,6,1987-04-07,Fremantle Dockers,Sydney Swans,Optus Stadium,WA,NSW,1,7,8,15,7,97,15,3,93,4,1,1
M10842,1987,Round 6,6,1987-04-09,Essendon Bombers,St Kilda Saints,Marvel Stadium,VIC,VIC,0,7,6,17,2,104,13,3,81,23,1,1
M10843,1987,Round 6,6,1987-04-11,Adelaide Crows,Port Adelaide Power,Adelaide Oval,SA,SA,0,9,8,16,5,101,14,3,87,14,1,1
M10844,1987,Round 6,6,1987-04-13,Hawthorn Hawks,North Melbourne Kangaroos,MCG,VIC,VIC,0,6,9,15,7,97,15,1,91,6,1,1
M10845,1987,Round 6,6,1987-04-15,Melbourne Demons,Western Bulldogs,MCG,VIC,VIC,0,8,6,14,4,88,15,3,93,-5,0,0
M10846,1987,Round 6,6,1987-04-17,West Coast Eagles,Gold Coast Suns,Optus Stadium,WA,QLD,1,8,9,15,5,95,17,2,104,-9,0,0
M10847,1987,Round 7,7,1987-05-01,Fremantle Dockers,St Kilda Saints,Optus Stadium,WA,VIC,1,8,7,15,1,91,13,2,80,11,1,1
M10848,1987,Round 7,7,1987-05-03,North Melbourne Kangaroos,Adelaide Crows,Marvel Stadium,VIC,SA,1,7,7,16,4,100,13,2,80,20,1,1
M10849,1987,Round 7,7,1987-05-05,Geelong Cats,Port Adelaide Power,GMHBA Stadium,VIC,SA,1,7,8,15,4,94,15,1,91,3,1,1
M10850,1987,Round 7,7,1987-05-07,Carlton Blues,West Coast Eagles,Marvel Stadium,VIC,WA,1,6,7,15,7,97,13,4,82,15,1,1
M10851,1987,Round 7,7,1987-05-09,Richmond Tigers,Gold Coast Suns,MCG,VIC,QLD,1,6,7,14,2,86,15,0,90,-4,0,0
M10852,1987,Round 7,7,1987-05-11,Western Bulldogs,Essendon Bombers,Marvel Stadium,VIC,VIC,0,7,9,14,5,89,14,5,89,0,0,0
M10853,1987,Round 7,7,1987-05-13,Hawthorn Hawks,GWS Giants,MCG,VIC,NSW,1,7,8,16,5,101,14,7,91,10,1,1
M10854,1987,Round 7,7,1987-05-15,Melbourne Demons,Collingwood Magpies,MCG,VIC,VIC,0,6,9,15,7,97,14,6,90,7,1,1
M10855,1987,Round 7,7,1987-05-17,Sydney Swans,Brisbane Lions,SCG,NSW,QLD,1,6,8,17,4,106,12,2,74,32,1,1
M10856,1987,Round 8,8,1987-06-01,Geelong Cats,Gold Coast Suns,GMHBA Stadium,VIC,QLD,1,9,7,16,5,101,13,5,83,18,1,1
M10857,1987,Round 8,8,1987-06-03,Brisbane Lions,Collingwood Magpies,Gabba,QLD,VIC,1,9,6,15,5,95,13,5,83,12,1,1
M10858,1987,Round 8,8,1987-06-05,North Melbourne Kangaroos,Port Adelaide Power,Marvel Stadium,VIC,SA,1,7,9,16,4,100,15,7,97,3,1,1
M10859,1987,Round 8,8,1987-06-07,GWS Giants,West Coast Eagles,GIANTS Stadium,NSW,WA,1,8,6,16,2,98,14,3,87,11,1,1
M10860,1987,Round 8,8,1987-06-09,Fremantle Dockers,Adelaide Crows,Optus Stadium,WA,SA,1,9,6,17,4,106,15,3,93,13,1,1
M10861,1987,Round 8,8,1987-06-11,Western Bulldogs,Carlton Blues,Marvel Stadium,VIC,VIC,0,7,7,18,6,114,13,2,80,34,1,1
M10862,1987,Round 8,8,1987-06-13,Hawthorn Hawks,Melbourne Demons,MCG,VIC,VIC,0,7,7,15,7,97,14,0,84,13,1,1
M10863,1987,Round 8,8,1987-06-15,St Kilda Saints,Sydney Swans,Marvel Stadium,VIC,NSW,1,7,9,16,6,102,15,4,94,8,1,1
M10864,1987,Round 8,8,1987-06-17,Richmond Tigers,Essendon Bombers,MCG,VIC,VIC,0,7,6,16,6,102,14,9,93,9,1,1
M10865,1987,Round 9,9,1987-07-01,Sydney Swans,Essendon Bombers,SCG,NSW,VIC,1,6,8,14,9,93,13,2,80,13,1,1
M10866,1987,Round 9,9,1987-07-03,Carlton Blues,Gold Coast Suns,Marvel Stadium,VIC,QLD,1,9,7,13,4,82,10,8,68,14,1,1
M10867,1987,Round 9,9,1987-07-05,Fremantle Dockers,Port Adelaide Power,Optus Stadium,WA,SA,1,7,9,13,4,82,16,7,103,-21,0,0
M10868,1987,Round 9,9,1987-07-07,Adelaide Crows,Brisbane Lions,Adelaide Oval,SA,QLD,1,6,7,15,2,92,14,5,89,3,1,1
M10869,1987,Round 9,9,1987-07-09,St Kilda Saints,Hawthorn Hawks,Marvel Stadium,VIC,VIC,0,9,7,13,5,83,13,1,79,4,1,1
M10870,1987,Round 9,9,1987-07-11,Collingwood Magpies,West Coast Eagles,MCG,VIC,WA,1,6,7,16,5,101,14,7,91,10,1,1
M10871,1987,Round 9,9,1987-07-13,GWS Giants,Western Bulldogs,GIANTS Stadium,NSW,VIC,1,6,7,15,8,98,14,5,89,9,1,1
M10872,1987,Round 9,9,1987-07-15,Melbourne Demons,Richmond Tigers,MCG,VIC,VIC,0,7,8,16,2,98,13,4,82,16,1,1
M10873,1987,Round 9,9,1987-07-17,North Melbourne Kangaroos,Geelong Cats,Marvel Stadium,VIC,VIC,0,9,9,16,5,101,13,3,81,20,1,1
M10874,1987,Round 10,10,1987-08-01,North Melbourne Kangaroos,Collingwood Magpies,Marvel Stadium,VIC,VIC,0,7,9,18,6,114,14,2,86,28,1,1
M10875,1987,Round 10,10,1987-08-03,Geelong Cats,Melbourne Demons,GMHBA Stadium,VIC,VIC,0,7,7,16,2,98,12,6,78,20,1,1
M10876,1987,Round 10,10,1987-08-05,West Coast Eagles,St Kilda Saints,Optus Stadium,WA,VIC,1,6,7,14,6,90,11,7,73,17,1,1
M10877,1987,Round 10,10,1987-08-07,Sydney Swans,Gold Coast Suns,SCG,NSW,QLD,1,7,7,14,2,86,14,7,91,-5,0,0
M10878,1987,Round 10,10,1987-08-09,Brisbane Lions,Port Adelaide Power,Gabba,QLD,SA,1,7,7,16,2,98,11,1,67,31,1,1
M10879,1987,Round 10,10,1987-08-11,Essendon Bombers,Hawthorn Hawks,Marvel Stadium,VIC,VIC,0,7,7,15,8,98,16,5,101,-3,0,0
M10880,1987,Round 10,10,1987-08-13,Richmond Tigers,GWS Giants,MCG,VIC,NSW,1,7,6,15,5,95,15,3,93,2,1,1
M10881,1987,Round 10,10,1987-08-15,Carlton Blues,Western Bulldogs,Marvel Stadium,VIC,VIC,0,7,8,18,3,111,13,6,84,27,1,1
M10882,1987,Round 10,10,1987-08-17,Adelaide Crows,Fremantle Dockers,Adelaide Oval,SA,WA,1,8,7,13,5,83,15,9,99,-16,0,0
M10883,1987,Round 11,11,1987-09-01,Richmond Tigers,St Kilda Saints,MCG,VIC,VIC,0,7,7,14,3,87,13,2,80,7,1,1
M10884,1987,Round 11,11,1987-09-03,Fremantle Dockers,Carlton Blues,Optus Stadium,WA,VIC,1,7,6,15,8,98,14,4,88,10,1,1
M10885,1987,Round 11,11,1987-09-05,North Melbourne Kangaroos,Western Bulldogs,Marvel Stadium,VIC,VIC,0,7,9,12,6,78,14,3,87,-9,0,0
M10886,1987,Round 11,11,1987-09-07,Essendon Bombers,Collingwood Magpies,Marvel Stadium,VIC,VIC,0,7,7,14,7,91,12,4,76,15,1,1
M10887,1987,Round 11,11,1987-09-09,West Coast Eagles,Geelong Cats,Optus Stadium,WA,VIC,1,8,9,15,3,93,13,6,84,9,1,1
M10888,1987,Round 11,11,1987-09-11,Gold Coast Suns,Hawthorn Hawks,Heritage Bank Stadium,QLD,VIC,1,7,8,15,6,96,13,3,81,15,1,1
M10889,1987,Round 11,11,1987-09-13,Sydney Swans,Adelaide Crows,SCG,NSW,SA,1,9,7,15,7,97,14,9,93,4,1,1
M10890,1987,Round 11,11,1987-09-15,Port Adelaide Power,GWS Giants,Adelaide Oval,SA,NSW,1,7,9,16,4,100,12,2,74,26,1,1
M10891,1987,Round 11,11,1987-09-17,Brisbane Lions,Melbourne Demons,Gabba,QLD,VIC,1,7,7,17,6,108,15,6,96,12,1,1
M10892,1987,Round 12,12,1987-04-01,Melbourne Demons,St Kilda Saints,MCG,VIC,VIC,0,7,9,17,2,104,13,4,82,22,1,1
M10893,1987,Round 12,12,1987-04-03,Carlton Blues,North Melbourne Kangaroos,Marvel Stadium,VIC,VIC,0,9,7,14,5,89,14,6,90,-1,0,0
M10894,1987,Round 12,12,1987-04-05,West Coast Eagles,Geelong Cats,Optus Stadium,WA,VIC,1,7,8,16,5,101,12,6,78,23,1,1
M10895,1987,Round 12,12,1987-04-07,Gold Coast Suns,Brisbane Lions,Heritage Bank Stadium,QLD,QLD,0,7,7,15,5,95,16,8,104,-9,0,0
M10896,1987,Round 12,12,1987-04-09,Hawthorn Hawks,Adelaide Crows,MCG,VIC,SA,1,9,8,14,2,86,12,8,80,6,1,1
M10897,1987,Round 12,12,1987-04-11,Collingwood Magpies,GWS Giants,MCG,VIC,NSW,1,8,7,14,8,92,12,3,75,17,1,1
M10898,1987,Round 12,12,1987-04-13,Fremantle Dockers,Essendon Bombers,Optus Stadium,WA,VIC,1,7,7,16,1,97,13,1,79,18,1,1
M10899,1987,Round 12,12,1987-04-15,Richmond Tigers,Western Bulldogs,MCG,VIC,VIC,0,7,7,16,2,98,15,2,92,6,1,1
M10900,1987,Round 12,12,1987-04-17,Port Adelaide Power,Sydney Swans,Adelaide Oval,SA,NSW,1,6,9,15,4,94,12,5,77,17,1,1
M10901,1987,Round 13,13,1987-05-01,Collingwood Magpies,Richmond Tigers,MCG,VIC,VIC,0,9,7,15,4,94,12,7,79,15,1,1
M10902,1987,Round 13,13,1987-05-03,Brisbane Lions,Melbourne Demons,Gabba,QLD,VIC,1,7,9,15,2,92,13,5,83,9,1,1
M10903,1987,Round 13,13,1987-05-05,Sydney Swans,West Coast Eagles,SCG,NSW,WA,1,7,7,15,4,94,14,7,91,3,1,1
M10904,1987,Round 13,13,1987-05-07,St Kilda Saints,Geelong Cats,Marvel Stadium,VIC,VIC,0,8,6,14,7,91,12,4,76,15,1,1
M10905,1987,Round 13,13,1987-05-09,Essendon Bombers,Fremantle Dockers,Marvel Stadium,VIC,WA,1,8,6,17,2,104,12,6,78,26,1,1
M10906,1987,Round 13,13,1987-05-11,Hawthorn Hawks,Western Bulldogs,MCG,VIC,VIC,0,7,8,14,6,90,14,2,86,4,1,1
M10907,1987,Round 13,13,1987-05-13,North Melbourne Kangaroos,Carlton Blues,Marvel Stadium,VIC,VIC,0,8,6,14,8,92,12,6,78,14,1,1
M10908,1987,Round 13,13,1987-05-15,Gold Coast Suns,Port Adelaide Power,Heritage Bank Stadium,QLD,SA,1,6,9,17,7,109,14,2,86,23,1,1
M10909,1987,Round 13,13,1987-05-17,Adelaide Crows,GWS Giants,Adelaide Oval,SA,NSW,1,8,7,15,5,95,13,6,84,11,1,1
M10910,1987,Round 14,14,1987-06-01,Hawthorn Hawks,North Melbourne Kangaroos,MCG,VIC,VIC,0,9,7,14,4,88,12,6,78,10,1,1
M10911,1987,Round 14,14,1987-06-03,Collingwood Magpies,GWS Giants,MCG,VIC,NSW,1,8,8,13,7,85,13,2,80,5,1,1
M10912,1987,Round 14,14,1987-06-05,Port Adelaide Power,Geelong Cats,Adelaide Oval,SA,VIC,1,7,6,17,8,110,15,6,96,14,1,1
M10913,1987,Round 14,14,1987-06-07,Gold Coast Suns,West Coast Eagles,Heritage Bank Stadium,QLD,WA,1,7,9,12,5,77,13,4,82,-5,0,0
M10914,1987,Round 14,14,1987-06-09,Western Bulldogs,Sydney Swans,Marvel Stadium,VIC,NSW,1,7,7,15,0,90,16,6,102,-12,0,0
M10915,1987,Round 14,14,1987-06-11,Carlton Blues,Richmond Tigers,Marvel Stadium,VIC,VIC,0,7,7,17,5,107,17,3,105,2,1,1
M10916,1987,Round 14,14,1987-06-13,Melbourne Demons,Adelaide Crows,MCG,VIC,SA,1,7,7,15,1,91,12,0,72,19,1,1
M10917,1987,Round 14,14,1987-06-15,Essendon Bombers,Brisbane Lions,Marvel Stadium,VIC,QLD,1,9,9,15,4,94,15,6,96,-2,0,0
M10918,1987,Round 14,14,1987-06-17,Fremantle Dockers,St Kilda Saints,Optus Stadium,WA,VIC,1,6,9,13,6,84,16,2,98,-14,0,0
M10919,1987,Round 15,15,1987-07-01,GWS Giants,Collingwood Magpies,GIANTS Stadium,NSW,VIC,1,8,8,16,3,99,14,6,90,9,1,1
M10920,1987,Round 15,15,1987-07-03,Adelaide Crows,Western Bulldogs,Adelaide Oval,SA,VIC,1,8,8,15,1,91,13,5,83,8,1,1
M10921,1987,Round 15,15,1987-07-05,Carlton Blues,Essendon Bombers,Marvel Stadium,VIC,VIC,0,7,7,18,2,110,13,3,81,29,1,1
M10922,1987,Round 15,15,1987-07-07,Port Adelaide Power,North Melbourne Kangaroos,Adelaide Oval,SA,VIC,1,7,8,14,3,87,16,2,98,-11,0,0
M10923,1987,Round 15,15,1987-07-09,Melbourne Demons,Geelong Cats,MCG,VIC,VIC,0,7,7,13,7,85,14,1,85,0,0,0
M10924,1987,Round 15,15,1987-07-11,Fremantle Dockers,St Kilda Saints,Optus Stadium,WA,VIC,1,8,8,13,5,83,12,6,78,5,1,1
M10925,1987,Round 15,15,1987-07-13,Brisbane Lions,Gold Coast Suns,Gabba,QLD,QLD,0,7,6,14,9,93,15,2,92,1,1,1
M10926,1987,Round 15,15,1987-07-15,West Coast Eagles,Hawthorn Hawks,Optus Stadium,WA,VIC,1,8,8,16,3,99,20,3,123,-24,0,0
M10927,1987,Round 15,15,1987-07-17,Richmond Tigers,Sydney Swans,MCG,VIC,NSW,1,6,7,13,6,84,12,2,74,10,1,1
M10928,1987,Round 16,16,1987-08-01,North Melbourne Kangaroos,GWS Giants,Marvel Stadium,VIC,NSW,1,8,7,17,5,107,12,2,74,33,1,1
M10929,1987,Round 16,16,1987-08-03,Gold Coast Suns,Brisbane Lions,Heritage Bank Stadium,QLD,QLD,0,8,6,14,4,88,15,6,96,-8,0,0
M10930,1987,Round 16,16,1987-08-05,Collingwood Magpies,Essendon Bombers,MCG,VIC,VIC,0,8,7,16,6,102,13,8,86,16,1,1
M10931,1987,Round 16,16,1987-08-07,Fremantle Dockers,Richmond Tigers,Optus Stadium,WA,VIC,1,8,8,17,1,103,14,4,88,15,1,1
M10932,1987,Round 16,16,1987-08-09,Melbourne Demons,Carlton Blues,MCG,VIC,VIC,0,6,8,17,4,106,15,0,90,16,1,1
M10933,1987,Round 16,16,1987-08-11,Western Bulldogs,Port Adelaide Power,Marvel Stadium,VIC,SA,1,7,9,14,1,85,13,6,84,1,1,1
M10934,1987,Round 16,16,1987-08-13,Geelong Cats,Adelaide Crows,GMHBA Stadium,VIC,SA,1,7,7,15,4,94,16,2,98,-4,0,0
M10935,1987,Round 16,16,1987-08-15,Sydney Swans,West Coast Eagles,SCG,NSW,WA,1,7,6,16,5,101,13,8,86,15,1,1
M10936,1987,Round 16,16,1987-08-17,Hawthorn Hawks,St Kilda Saints,MCG,VIC,VIC,0,7,8,17,8,110,15,5,95,15,1,1
M10937,1987,Round 17,17,1987-09-01,Essendon Bombers,Sydney Swans,Marvel Stadium,VIC,NSW,1,7,8,17,5,107,15,7,97,10,1,1
M10938,1987,Round 17,17,1987-09-03,Gold Coast Suns,St Kilda Saints,Heritage Bank Stadium,QLD,VIC,1,7,6,15,5,95,12,4,76,19,1,1
M10939,1987,Round 17,17,1987-09-05,Hawthorn Hawks,Geelong Cats,MCG,VIC,VIC,0,9,8,15,6,96,13,5,83,13,1,1
M10940,1987,Round 17,17,1987-09-07,Adelaide Crows,Port Adelaide Power,Adelaide Oval,SA,SA,0,8,7,16,4,100,14,2,86,14,1,1
M10941,1987,Round 17,17,1987-09-09,Fremantle Dockers,Melbourne Demons,Optus Stadium,WA,VIC,1,7,7,15,6,96,13,5,83,13,1,1
M10942,1987,Round 17,17,1987-09-11,Collingwood Magpies,GWS Giants,MCG,VIC,NSW,1,6,9,16,3,99,15,2,92,7,1,1
M10943,1987,Round 17,17,1987-09-13,North Melbourne Kangaroos,Western Bulldogs,Marvel Stadium,VIC,VIC,0,9,8,16,6,102,15,4,94,8,1,1
M10944,1987,Round 17,17,1987-09-15,West Coast Eagles,Richmond Tigers,Optus Stadium,WA,VIC,1,8,8,14,9,93,15,8,98,-5,0,0
M10945,1987,Round 17,17,1987-09-17,Brisbane Lions,Carlton Blues,Gabba,QLD,VIC,1,9,8,14,4,88,13,6,84,4,1,1
M10946,1987,Round 18,18,1987-04-01,North Melbourne Kangaroos,Essendon Bombers,Marvel Stadium,VIC,VIC,0,9,7,17,0,102,14,9,93,9,1,1
M10947,1987,Round 18,18,1987-04-03,Sydney Swans,Richmond Tigers,SCG,NSW,VIC,1,9,7,12,4,76,14,2,86,-10,0,0
M10948,1987,Round 18,18,1987-04-05,Geelong Cats,Western Bulldogs,GMHBA Stadium,VIC,VIC,0,7,7,16,6,102,15,1,91,11,1,1
M10949,1987,Round 18,18,1987-04-07,Hawthorn Hawks,Carlton Blues,MCG,VIC,VIC,0,7,8,16,0,96,12,7,79,17,1,1
M10950,1987,Round 18,18,1987-04-09,Brisbane Lions,Fremantle Dockers,Gabba,QLD,WA,1,8,6,18,5,113,12,7,79,34,1,1
M10951,1987,Round 18,18,1987-04-11,Port Adelaide Power,St Kilda Saints,Adelaide Oval,SA,VIC,1,6,9,14,3,87,14,3,87,0,0,0
M10952,1987,Round 18,18,1987-04-13,Melbourne Demons,GWS Giants,MCG,VIC,NSW,1,7,7,16,8,104,14,5,89,15,1,1
M10953,1987,Round 18,18,1987-04-15,Collingwood Magpies,Adelaide Crows,MCG,VIC,SA,1,8,7,16,5,101,11,6,72,29,1,1
M10954,1987,Round 18,18,1987-04-17,Gold Coast Suns,West Coast Eagles,Heritage Bank Stadium,QLD,WA,1,7,7,18,9,117,13,0,78,39,1,1
M10955,1987,Round 19,19,1987-05-01,Adelaide Crows,Melbourne Demons,Adelaide Oval,SA,VIC,1,8,7,16,6,102,14,5,89,13,1,1
M10956,1987,Round 19,19,1987-05-03,West Coast Eagles,Essendon Bombers,Optus Stadium,WA,VIC,1,8,7,14,7,91,12,6,78,13,1,1
M10957,1987,Round 19,19,1987-05-05,Richmond Tigers,Carlton Blues,MCG,VIC,VIC,0,9,7,15,8,98,14,1,85,13,1,1
M10958,1987,Round 19,19,1987-05-07,Gold Coast Suns,Geelong Cats,Heritage Bank Stadium,QLD,VIC,1,8,7,15,9,99,14,4,88,11,1,1
M10959,1987,Round 19,19,1987-05-09,Port Adelaide Power,GWS Giants,Adelaide Oval,SA,NSW,1,8,7,16,7,103,15,6,96,7,1,1
M10960,1987,Round 19,19,1987-05-11,Fremantle Dockers,Western Bulldogs,Optus Stadium,WA,VIC,1,9,7,17,1,103,17,9,111,-8,0,0
M10961,1987,Round 19,19,1987-05-13,Collingwood Magpies,St Kilda Saints,MCG,VIC,VIC,0,9,7,16,7,103,14,2,86,17,1,1
M10962,1987,Round 19,19,1987-05-15,Sydney Swans,Brisbane Lions,SCG,NSW,QLD,1,8,7,18,4,112,16,2,98,14,1,1
M10963,1987,Round 19,19,1987-05-17,North Melbourne Kangaroos,Hawthorn Hawks,Marvel Stadium,VIC,VIC,0,7,8,14,8,92,17,4,106,-14,0,0
M10964,1987,Round 20,20,1987-06-01,GWS Giants,Adelaide Crows,GIANTS Stadium,NSW,SA,1,7,6,17,3,105,15,4,94,11,1,1
M10965,1987,Round 20,20,1987-06-03,Gold Coast Suns,North Melbourne Kangaroos,Heritage Bank Stadium,QLD,VIC,1,7,7,16,7,103,14,8,92,11,1,1
M10966,1987,Round 20,20,1987-06-05,Hawthorn Hawks,Collingwood Magpies,MCG,VIC,VIC,0,6,6,15,3,93,15,1,91,2,1,1
M10967,1987,Round 20,20,1987-06-07,Geelong Cats,Essendon Bombers,GMHBA Stadium,VIC,VIC,0,9,7,14,7,91,16,4,100,-9,0,0
M10968,1987,Round 20,20,1987-06-09,Port Adelaide Power,Western Bulldogs,Adelaide Oval,SA,VIC,1,6,7,13,6,84,11,8,74,10,1,1
M10969,1987,Round 20,20,1987-06-11,Brisbane Lions,Sydney Swans,Gabba,QLD,NSW,1,6,7,14,1,85,15,9,99,-14,0,0
M10970,1987,Round 20,20,1987-06-13,Fremantle Dockers,Carlton Blues,Optus Stadium,WA,VIC,1,6,7,14,7,91,13,5,83,8,1,1
M10971,1987,Round 20,20,1987-06-15,Richmond Tigers,Melbourne Demons,MCG,VIC,VIC,0,9,8,14,6,90,15,4,94,-4,0,0
M10972,1987,Round 20,20,1987-06-17,West Coast Eagles,St Kilda Saints,Optus Stadium,WA,VIC,1,7,8,15,6,96,14,1,85,11,1,1
M10973,1987,Round 21,21,1987-07-01,Richmond Tigers,GWS Giants,MCG,VIC,NSW,1,7,7,21,4,130,18,1,109,21,1,1
M10974,1987,Round 21,21,1987-07-03,Essendon Bombers,Collingwood Magpies,Marvel Stadium,VIC,VIC,0,9,7,19,1,115,14,2,86,29,1,1
M10975,1987,Round 21,21,1987-07-05,Carlton Blues,Geelong Cats,Marvel Stadium,VIC,VIC,0,7,6,15,6,96,12,5,77,19,1,1
M10976,1987,Round 21,21,1987-07-07,North Melbourne Kangaroos,Hawthorn Hawks,Marvel Stadium,VIC,VIC,0,7,7,16,3,99,14,3,87,12,1,1
M10977,1987,Round 21,21,1987-07-09,Port Adelaide Power,West Coast Eagles,Adelaide Oval,SA,WA,1,7,7,16,1,97,14,2,86,11,1,1
M10978,1987,Round 21,21,1987-07-11,Adelaide Crows,Fremantle Dockers,Adelaide Oval,SA,WA,1,6,9,17,7,109,12,7,79,30,1,1
M10979,1987,Round 21,21,1987-07-13,Melbourne Demons,Western Bulldogs,MCG,VIC,VIC,0,7,7,17,5,107,15,9,99,8,1,1
M10980,1987,Round 21,21,1987-07-15,Gold Coast Suns,St Kilda Saints,Heritage Bank Stadium,QLD,VIC,1,7,8,18,3,111,14,5,89,22,1,1
M10981,1987,Round 21,21,1987-07-17,Brisbane Lions,Sydney Swans,Gabba,QLD,NSW,1,9,7,17,3,105,14,7,91,14,1,1
M10982,1987,Round 22,22,1987-08-01,St Kilda Saints,Western Bulldogs,Marvel Stadium,VIC,VIC,0,7,7,15,2,92,10,7,67,25,1,1
M10983,1987,Round 22,22,1987-08-03,Carlton Blues,Essendon Bombers,Marvel Stadium,VIC,VIC,0,7,7,15,3,93,15,3,93,0,0,0
M10984,1987,Round 22,22,1987-08-05,Richmond Tigers,GWS Giants,MCG,VIC,NSW,1,7,9,17,7,109,13,4,82,27,1,1
M10985,1987,Round 22,22,1987-08-07,Fremantle Dockers,Geelong Cats,Optus Stadium,WA,VIC,1,6,7,13,5,83,15,2,92,-9,0,0
M10986,1987,Round 22,22,1987-08-09,North Melbourne Kangaroos,Port Adelaide Power,Marvel Stadium,VIC,SA,1,8,7,15,6,96,17,6,108,-12,0,0
M10987,1987,Round 22,22,1987-08-11,Brisbane Lions,Collingwood Magpies,Gabba,QLD,VIC,1,6,9,17,1,103,12,5,77,26,1,1
M10988,1987,Round 22,22,1987-08-13,Gold Coast Suns,West Coast Eagles,Heritage Bank Stadium,QLD,WA,1,8,8,16,4,100,14,2,86,14,1,1
M10989,1987,Round 22,22,1987-08-15,Hawthorn Hawks,Sydney Swans,MCG,VIC,NSW,1,7,8,16,4,100,13,2,80,20,1,1
M10990,1987,Round 22,22,1987-08-17,Melbourne Demons,Adelaide Crows,MCG,VIC,SA,1,6,7,15,4,94,12,8,80,14,1,1
M10991,1988,Round 1,1,1988-05-01,Adelaide Crows,Sydney Swans,Adelaide Oval,SA,NSW,1,8,9,16,8,104,13,4,82,22,1,1
M10992,1988,Round 1,1,1988-05-03,GWS Giants,Carlton Blues,GIANTS Stadium,NSW,VIC,1,8,7,15,5,95,14,4,88,7,1,1
M10993,1988,Round 1,1,1988-05-05,Brisbane Lions,Melbourne Demons,Gabba,QLD,VIC,1,9,8,12,1,73,15,6,96,-23,0,0
M10994,1988,Round 1,1,1988-05-07,Hawthorn Hawks,Essendon Bombers,MCG,VIC,VIC,0,7,7,14,4,88,11,0,66,22,1,1
M10995,1988,Round 1,1,1988-05-09,Port Adelaide Power,St Kilda Saints,Adelaide Oval,SA,VIC,1,6,7,15,4,94,11,5,71,23,1,1
M10996,1988,Round 1,1,1988-05-11,Gold Coast Suns,Fremantle Dockers,Heritage Bank Stadium,QLD,WA,1,7,9,16,3,99,14,8,92,7,1,1
M10997,1988,Round 1,1,1988-05-13,Collingwood Magpies,Western Bulldogs,MCG,VIC,VIC,0,8,8,15,4,94,12,2,74,20,1,1
M10998,1988,Round 1,1,1988-05-15,Geelong Cats,North Melbourne Kangaroos,GMHBA Stadium,VIC,VIC,0,7,7,13,5,83,16,7,103,-20,0,0
M10999,1988,Round 1,1,1988-05-17,Richmond Tigers,West Coast Eagles,MCG,VIC,WA,1,7,6,17,4,106,15,3,93,13,1,1
M11000,1988,Round 2,2,1988-06-01,GWS Giants,Richmond Tigers,GIANTS Stadium,NSW,VIC,1,7,7,15,3,93,16,0,96,-3,0,0
M11001,1988,Round 2,2,1988-06-03,Collingwood Magpies,Melbourne Demons,MCG,VIC,VIC,0,9,7,15,5,95,14,3,87,8,1,1
M11002,1988,Round 2,2,1988-06-05,West Coast Eagles,Gold Coast Suns,Optus Stadium,WA,QLD,1,7,8,16,2,98,15,3,93,5,1,1
M11003,1988,Round 2,2,1988-06-07,Geelong Cats,St Kilda Saints,GMHBA Stadium,VIC,VIC,0,7,7,15,3,93,11,8,74,19,1,1
M11004,1988,Round 2,2,1988-06-09,Brisbane Lions,North Melbourne Kangaroos,Gabba,QLD,VIC,1,8,6,14,9,93,13,5,83,10,1,1
M11005,1988,Round 2,2,1988-06-11,Adelaide Crows,Essendon Bombers,Adelaide Oval,SA,VIC,1,9,8,18,7,115,14,3,87,28,1,1
M11006,1988,Round 2,2,1988-06-13,Western Bulldogs,Port Adelaide Power,Marvel Stadium,VIC,SA,1,9,8,17,6,108,14,5,89,19,1,1
M11007,1988,Round 2,2,1988-06-15,Carlton Blues,Hawthorn Hawks,Marvel Stadium,VIC,VIC,0,7,6,17,2,104,14,1,85,19,1,1
M11008,1988,Round 2,2,1988-06-17,Fremantle Dockers,Sydney Swans,Optus Stadium,WA,NSW,1,7,8,16,4,100,12,8,80,20,1,1
M11009,1988,Round 3,3,1988-07-01,Fremantle Dockers,North Melbourne Kangaroos,Optus Stadium,WA,VIC,1,7,8,16,4,100,11,4,70,30,1,1
M11010,1988,Round 3,3,1988-07-03,Gold Coast Suns,Port Adelaide Power,Heritage Bank Stadium,QLD,SA,1,8,7,15,5,95,13,4,82,13,1,1
M11011,1988,Round 3,3,1988-07-05,GWS Giants,West Coast Eagles,GIANTS Stadium,NSW,WA,1,6,7,13,5,83,13,9,87,-4,0,0
M11012,1988,Round 3,3,1988-07-07,Richmond Tigers,Melbourne Demons,MCG,VIC,VIC,0,9,7,17,1,103,14,5,89,14,1,1
M11013,1988,Round 3,3,1988-07-09,Collingwood Magpies,Hawthorn Hawks,MCG,VIC,VIC,0,7,7,13,4,82,11,7,73,9,1,1
M11014,1988,Round 3,3,1988-07-11,Carlton Blues,Brisbane Lions,Marvel Stadium,VIC,QLD,1,9,9,15,3,93,13,3,81,12,1,1
M11015,1988,Round 3,3,1988-07-13,Adelaide Crows,Sydney Swans,Adelaide Oval,SA,NSW,1,8,7,13,6,84,15,2,92,-8,0,0
M11016,1988,Round 3,3,1988-07-15,Essendon Bombers,St Kilda Saints,Marvel Stadium,VIC,VIC,0,7,7,16,4,100,14,1,85,15,1,1
M11017,1988,Round 3,3,1988-07-17,Geelong Cats,Western Bulldogs,GMHBA Stadium,VIC,VIC,0,7,7,11,5,71,14,4,88,-17,0,0
M11018,1988,Round 4,4,1988-08-01,Sydney Swans,Adelaide Crows,SCG,NSW,SA,1,7,8,15,5,95,13,2,80,15,1,1
M11019,1988,Round 4,4,1988-08-03,Hawthorn Hawks,Collingwood Magpies,MCG,VIC,VIC,0,6,8,14,6,90,13,5,83,7,1,1
M11020,1988,Round 4,4,1988-08-05,Fremantle Dockers,Gold Coast Suns,Optus Stadium,WA,QLD,1,8,6,15,4,94,12,5,77,17,1,1
M11021,1988,Round 4,4,1988-08-07,Port Adelaide Power,St Kilda Saints,Adelaide Oval,SA,VIC,1,8,9,16,1,97,11,7,73,24,1,1
M11022,1988,Round 4,4,1988-08-09,Carlton Blues,North Melbourne Kangaroos,Marvel Stadium,VIC,VIC,0,9,7,17,1,103,12,1,73,30,1,1
M11023,1988,Round 4,4,1988-08-11,West Coast Eagles,Western Bulldogs,Optus Stadium,WA,VIC,1,8,6,15,5,95,12,7,79,16,1,1
M11024,1988,Round 4,4,1988-08-13,Geelong Cats,Brisbane Lions,GMHBA Stadium,VIC,QLD,1,6,7,15,7,97,13,5,83,14,1,1
M11025,1988,Round 4,4,1988-08-15,Melbourne Demons,GWS Giants,MCG,VIC,NSW,1,9,8,16,7,103,12,8,80,23,1,1
M11026,1988,Round 4,4,1988-08-17,Essendon Bombers,Richmond Tigers,Marvel Stadium,VIC,VIC,0,7,9,16,2,98,13,6,84,14,1,1
M11027,1988,Round 5,5,1988-09-01,Geelong Cats,Western Bulldogs,GMHBA Stadium,VIC,VIC,0,7,6,14,3,87,15,5,95,-8,0,0
M11028,1988,Round 5,5,1988-09-03,Collingwood Magpies,West Coast Eagles,MCG,VIC,WA,1,8,7,14,2,86,12,6,78,8,1,1
M11029,1988,Round 5,5,1988-09-05,Sydney Swans,Carlton Blues,SCG,NSW,VIC,1,9,6,17,7,109,12,8,80,29,1,1
M11030,1988,Round 5,5,1988-09-07,Port Adelaide Power,Hawthorn Hawks,Adelaide Oval,SA,VIC,1,9,7,16,5,101,14,3,87,14,1,1
M11031,1988,Round 5,5,1988-09-09,Gold Coast Suns,Richmond Tigers,Heritage Bank Stadium,QLD,VIC,1,6,6,15,3,93,14,9,93,0,0,0
M11032,1988,Round 5,5,1988-09-11,Brisbane Lions,Adelaide Crows,Gabba,QLD,SA,1,8,6,18,3,111,16,8,104,7,1,1
M11033,1988,Round 5,5,1988-09-13,Melbourne Demons,Fremantle Dockers,MCG,VIC,WA,1,9,7,13,8,86,13,6,84,2,1,1
M11034,1988,Round 5,5,1988-09-15,GWS Giants,Essendon Bombers,GIANTS Stadium,NSW,VIC,1,6,8,13,9,87,16,6,102,-15,0,0
M11035,1988,Round 5,5,1988-09-17,North Melbourne Kangaroos,St Kilda Saints,Marvel Stadium,VIC,VIC,0,6,6,12,8,80,14,4,88,-8,0,0
M11036,1988,Round 6,6,1988-04-01,Gold Coast Suns,Port Adelaide Power,Heritage Bank Stadium,QLD,SA,1,7,7,18,6,114,15,3,93,21,1,1
M11037,1988,Round 6,6,1988-04-03,Western Bulldogs,Sydney Swans,Marvel Stadium,VIC,NSW,1,7,7,16,6,102,14,9,93,9,1,1
M11038,1988,Round 6,6,1988-04-05,GWS Giants,St Kilda Saints,GIANTS Stadium,NSW,VIC,1,9,7,15,5,95,12,8,80,15,1,1
M11039,1988,Round 6,6,1988-04-07,Adelaide Crows,Fremantle Dockers,Adelaide Oval,SA,WA,1,7,7,14,3,87,15,1,91,-4,0,0
M11040,1988,Round 6,6,1988-04-09,Brisbane Lions,North Melbourne Kangaroos,Gabba,QLD,VIC,1,9,7,15,3,93,14,7,91,2,1,1
M11041,1988,Round 6,6,1988-04-11,Carlton Blues,Essendon Bombers,Marvel Stadium,VIC,VIC,0,7,8,19,7,121,12,4,76,45,1,1
M11042,1988,Round 6,6,1988-04-13,Hawthorn Hawks,Melbourne Demons,MCG,VIC,VIC,0,7,7,16,2,98,14,1,85,13,1,1
M11043,1988,Round 6,6,1988-04-15,Geelong Cats,West Coast Eagles,GMHBA Stadium,VIC,WA,1,6,7,16,3,99,13,9,87,12,1,1
M11044,1988,Round 6,6,1988-04-17,Collingwood Magpies,Richmond Tigers,MCG,VIC,VIC,0,8,9,15,7,97,13,8,86,11,1,1
M11045,1988,Round 7,7,1988-05-01,West Coast Eagles,Carlton Blues,Optus Stadium,WA,VIC,1,7,7,14,6,90,15,4,94,-4,0,0
M11046,1988,Round 7,7,1988-05-03,Geelong Cats,Adelaide Crows,GMHBA Stadium,VIC,SA,1,7,6,19,1,115,12,9,81,34,1,1
M11047,1988,Round 7,7,1988-05-05,Port Adelaide Power,Collingwood Magpies,Adelaide Oval,SA,VIC,1,7,7,16,5,101,13,3,81,20,1,1
M11048,1988,Round 7,7,1988-05-07,North Melbourne Kangaroos,Brisbane Lions,Marvel Stadium,VIC,QLD,1,7,8,13,5,83,15,2,92,-9,0,0
M11049,1988,Round 7,7,1988-05-09,Fremantle Dockers,GWS Giants,Optus Stadium,WA,NSW,1,7,8,17,7,109,13,6,84,25,1,1
M11050,1988,Round 7,7,1988-05-11,Hawthorn Hawks,Melbourne Demons,MCG,VIC,VIC,0,6,6,16,2,98,11,6,72,26,1,1
M11051,1988,Round 7,7,1988-05-13,Gold Coast Suns,Sydney Swans,Heritage Bank Stadium,QLD,NSW,1,7,8,13,7,85,14,5,89,-4,0,0
M11052,1988,Round 7,7,1988-05-15,Essendon Bombers,Western Bulldogs,Marvel Stadium,VIC,VIC,0,9,8,14,5,89,14,1,85,4,1,1
M11053,1988,Round 7,7,1988-05-17,Richmond Tigers,St Kilda Saints,MCG,VIC,VIC,0,7,7,12,6,78,14,9,93,-15,0,0
M11054,1988,Round 8,8,1988-06-01,Collingwood Magpies,Essendon Bombers,MCG,VIC,VIC,0,8,8,16,0,96,11,5,71,25,1,1
M11055,1988,Round 8,8,1988-06-03,Brisbane Lions,Carlton Blues,Gabba,QLD,VIC,1,9,6,13,6,84,13,6,84,0,0,0
M11056,1988,Round 8,8,1988-06-05,Port Adelaide Power,Western Bulldogs,Adelaide Oval,SA,VIC,1,6,7,14,4,88,14,6,90,-2,0,0
M11057,1988,Round 8,8,1988-06-07,Sydney Swans,St Kilda Saints,SCG,NSW,VIC,1,6,6,13,6,84,11,5,71,13,1,1
M11058,1988,Round 8,8,1988-06-09,GWS Giants,Melbourne Demons,GIANTS Stadium,NSW,VIC,1,7,6,16,2,98,13,0,78,20,1,1
M11059,1988,Round 8,8,1988-06-11,West Coast Eagles,Gold Coast Suns,Optus Stadium,WA,QLD,1,6,7,16,1,97,12,5,77,20,1,1
M11060,1988,Round 8,8,1988-06-13,North Melbourne Kangaroos,Fremantle Dockers,Marvel Stadium,VIC,WA,1,8,7,14,7,91,13,8,86,5,1,1
M11061,1988,Round 8,8,1988-06-15,Hawthorn Hawks,Geelong Cats,MCG,VIC,VIC,0,8,7,16,6,102,11,2,68,34,1,1
M11062,1988,Round 8,8,1988-06-17,Richmond Tigers,Adelaide Crows,MCG,VIC,SA,1,7,7,15,7,97,15,4,94,3,1,1
M11063,1988,Round 9,9,1988-07-01,Fremantle Dockers,Carlton Blues,Optus Stadium,WA,VIC,1,7,7,16,1,97,16,5,101,-4,0,0
M11064,1988,Round 9,9,1988-07-03,Melbourne Demons,West Coast Eagles,MCG,VIC,WA,1,8,7,15,6,96,13,6,84,12,1,1
M11065,1988,Round 9,9,1988-07-05,Essendon Bombers,GWS Giants,Marvel Stadium,VIC,NSW,1,6,9,15,3,93,12,7,79,14,1,1
M11066,1988,Round 9,9,1988-07-07,Adelaide Crows,Brisbane Lions,Adelaide Oval,SA,QLD,1,6,8,19,3,117,14,6,90,27,1,1
M11067,1988,Round 9,9,1988-07-09,Gold Coast Suns,Hawthorn Hawks,Heritage Bank Stadium,QLD,VIC,1,7,6,16,1,97,13,8,86,11,1,1
M11068,1988,Round 9,9,1988-07-11,Richmond Tigers,Sydney Swans,MCG,VIC,NSW,1,7,8,16,4,100,14,9,93,7,1,1
M11069,1988,Round 9,9,1988-07-13,Collingwood Magpies,St Kilda Saints,MCG,VIC,VIC,0,7,7,19,3,117,16,7,103,14,1,1
M11070,1988,Round 9,9,1988-07-15,Port Adelaide Power,Western Bulldogs,Adelaide Oval,SA,VIC,1,6,7,16,5,101,14,5,89,12,1,1
M11071,1988,Round 9,9,1988-07-17,Geelong Cats,North Melbourne Kangaroos,GMHBA Stadium,VIC,VIC,0,7,7,15,4,94,11,6,72,22,1,1
M11072,1988,Round 10,10,1988-08-01,GWS Giants,Collingwood Magpies,GIANTS Stadium,NSW,VIC,1,8,7,16,4,100,11,3,69,31,1,1
M11073,1988,Round 10,10,1988-08-03,Adelaide Crows,West Coast Eagles,Adelaide Oval,SA,WA,1,7,7,16,2,98,14,0,84,14,1,1
M11074,1988,Round 10,10,1988-08-05,Gold Coast Suns,St Kilda Saints,Heritage Bank Stadium,QLD,VIC,1,7,7,14,1,85,13,3,81,4,1,1
M11075,1988,Round 10,10,1988-08-07,Geelong Cats,Essendon Bombers,GMHBA Stadium,VIC,VIC,0,7,7,19,6,120,13,2,80,40,1,1
M11076,1988,Round 10,10,1988-08-09,Hawthorn Hawks,North Melbourne Kangaroos,MCG,VIC,VIC,0,7,9,12,8,80,13,6,84,-4,0,0
M11077,1988,Round 10,10,1988-08-11,Carlton Blues,Richmond Tigers,Marvel Stadium,VIC,VIC,0,7,9,16,6,102,12,9,81,21,1,1
M11078,1988,Round 10,10,1988-08-13,Western Bulldogs,Fremantle Dockers,Marvel Stadium,VIC,WA,1,9,7,14,6,90,12,2,74,16,1,1
M11079,1988,Round 10,10,1988-08-15,Port Adelaide Power,Melbourne Demons,Adelaide Oval,SA,VIC,1,8,7,13,7,85,13,7,85,0,0,0
M11080,1988,Round 10,10,1988-08-17,Brisbane Lions,Sydney Swans,Gabba,QLD,NSW,1,6,7,17,7,109,17,4,106,3,1,1
M11081,1988,Round 11,11,1988-09-01,North Melbourne Kangaroos,Collingwood Magpies,Marvel Stadium,VIC,VIC,0,7,7,18,3,111,14,3,87,24,1,1
M11082,1988,Round 11,11,1988-09-03,Brisbane Lions,Geelong Cats,Gabba,QLD,VIC,1,7,7,13,4,82,14,9,93,-11,0,0
M11083,1988,Round 11,11,1988-09-05,Essendon Bombers,Fremantle Dockers,Marvel Stadium,VIC,WA,1,8,8,15,9,99,17,5,107,-8,0,0
M11084,1988,Round 11,11,1988-09-07,West Coast Eagles,Carlton Blues,Optus Stadium,WA,VIC,1,7,8,14,2,86,15,6,96,-10,0,0
M11085,1988,Round 11,11,1988-09-09,GWS Giants,St Kilda Saints,GIANTS Stadium,NSW,VIC,1,7,7,11,6,72,15,1,91,-19,0,0
M11086,1988,Round 11,11,1988-09-11,Richmond Tigers,Sydney Swans,MCG,VIC,NSW,1,7,9,17,1,103,14,9,93,10,1,1
M11087,1988,Round 11,11,1988-09-13,Adelaide Crows,Gold Coast Suns,Adelaide Oval,SA,QLD,1,7,7,19,5,119,14,0,84,35,1,1
M11088,1988,Round 11,11,1988-09-15,Western Bulldogs,Hawthorn Hawks,Marvel Stadium,VIC,VIC,0,7,6,18,4,112,18,0,108,4,1,1
M11089,1988,Round 11,11,1988-09-17,Melbourne Demons,Port Adelaide Power,MCG,VIC,SA,1,7,6,13,3,81,13,3,81,0,0,0
M11090,1988,Round 12,12,1988-04-01,St Kilda Saints,GWS Giants,Marvel Stadium,VIC,NSW,1,9,7,15,3,93,14,1,85,8,1,1
M11091,1988,Round 12,12,1988-04-03,Collingwood Magpies,Gold Coast Suns,MCG,VIC,QLD,1,9,7,15,6,96,12,4,76,20,1,1
M11092,1988,Round 12,12,1988-04-05,Fremantle Dockers,Western Bulldogs,Optus Stadium,WA,VIC,1,7,7,17,4,106,15,1,91,15,1,1
M11093,1988,Round 12,12,1988-04-07,Sydney Swans,Hawthorn Hawks,SCG,NSW,VIC,1,7,6,16,3,99,13,9,87,12,1,1
M11094,1988,Round 12,12,1988-04-09,Essendon Bombers,West Coast Eagles,Marvel Stadium,VIC,WA,1,9,7,16,4,100,14,7,91,9,1,1
M11095,1988,Round 12,12,1988-04-11,Adelaide Crows,Port Adelaide Power,Adelaide Oval,SA,SA,0,7,6,17,6,108,13,2,80,28,1,1
M11096,1988,Round 12,12,1988-04-13,North Melbourne Kangaroos,Richmond Tigers,Marvel Stadium,VIC,VIC,0,7,8,16,5,101,15,4,94,7,1,1
M11097,1988,Round 12,12,1988-04-15,Brisbane Lions,Melbourne Demons,Gabba,QLD,VIC,1,7,9,16,4,100,12,7,79,21,1,1
M11098,1988,Round 12,12,1988-04-17,Geelong Cats,Carlton Blues,GMHBA Stadium,VIC,VIC,0,7,7,17,3,105,12,6,78,27,1,1
M11099,1988,Round 13,13,1988-05-01,North Melbourne Kangaroos,Western Bulldogs,Marvel Stadium,VIC,VIC,0,6,6,17,3,105,15,0,90,15,1,1
M11100,1988,Round 13,13,1988-05-03,Hawthorn Hawks,Sydney Swans,MCG,VIC,NSW,1,8,7,18,3,111,12,6,78,33,1,1
M11101,1988,Round 13,13,1988-05-05,Collingwood Magpies,Melbourne Demons,MCG,VIC,VIC,0,6,7,14,4,88,14,5,89,-1,0,0
M11102,1988,Round 13,13,1988-05-07,Adelaide Crows,St Kilda Saints,Adelaide Oval,SA,VIC,1,9,7,14,6,90,17,4,106,-16,0,0
M11103,1988,Round 13,13,1988-05-09,Brisbane Lions,GWS Giants,Gabba,QLD,NSW,1,7,7,15,2,92,14,8,92,0,0,0
M11104,1988,Round 13,13,1988-05-11,Richmond Tigers,Carlton Blues,MCG,VIC,VIC,0,7,7,15,6,96,15,2,92,4,1,1
M11105,1988,Round 13,13,1988-05-13,West Coast Eagles,Essendon Bombers,Optus Stadium,WA,VIC,1,8,7,18,2,110,12,3,75,35,1,1
M11106,1988,Round 13,13,1988-05-15,Port Adelaide Power,Fremantle Dockers,Adelaide Oval,SA,WA,1,7,9,14,4,88,11,5,71,17,1,1
M11107,1988,Round 13,13,1988-05-17,Geelong Cats,Gold Coast Suns,GMHBA Stadium,VIC,QLD,1,7,6,15,8,98,19,1,115,-17,0,0
M11108,1988,Round 14,14,1988-06-01,Hawthorn Hawks,Gold Coast Suns,MCG,VIC,QLD,1,8,8,14,1,85,14,3,87,-2,0,0
M11109,1988,Round 14,14,1988-06-03,Fremantle Dockers,Geelong Cats,Optus Stadium,WA,VIC,1,8,6,15,3,93,15,5,95,-2,0,0
M11110,1988,Round 14,14,1988-06-05,Richmond Tigers,GWS Giants,MCG,VIC,NSW,1,7,8,18,4,112,12,5,77,35,1,1
M11111,1988,Round 14,14,1988-06-07,Western Bulldogs,Sydney Swans,Marvel Stadium,VIC,NSW,1,9,7,17,1,103,14,6,90,13,1,1
M11112,1988,Round 14,14,1988-06-09,Port Adelaide Power,Carlton Blues,Adelaide Oval,SA,VIC,1,8,7,15,4,94,13,5,83,11,1,1
M11113,1988,Round 14,14,1988-06-11,North Melbourne Kangaroos,Brisbane Lions,Marvel Stadium,VIC,QLD,1,6,9,16,4,100,13,2,80,20,1,1
M11114,1988,Round 14,14,1988-06-13,Essendon Bombers,Collingwood Magpies,Marvel Stadium,VIC,VIC,0,7,7,15,0,90,13,1,79,11,1,1
M11115,1988,Round 14,14,1988-06-15,Melbourne Demons,Adelaide Crows,MCG,VIC,SA,1,8,6,15,6,96,15,7,97,-1,0,0
M11116,1988,Round 14,14,1988-06-17,West Coast Eagles,St Kilda Saints,Optus Stadium,WA,VIC,1,7,9,16,4,100,15,8,98,2,1,1
M11117,1988,Round 15,15,1988-07-01,Hawthorn Hawks,Collingwood Magpies,MCG,VIC,VIC,0,7,7,15,2,92,15,3,93,-1,0,0
M11118,1988,Round 15,15,1988-07-03,Adelaide Crows,West Coast Eagles,Adelaide Oval,SA,WA,1,7,8,17,3,105,15,8,98,7,1,1
M11119,1988,Round 15,15,1988-07-05,Fremantle Dockers,Carlton Blues,Optus Stadium,WA,VIC,1,8,8,16,2,98,13,2,80,18,1,1
M11120,1988,Round 15,15,1988-07-07,St Kilda Saints,Western Bulldogs,Marvel Stadium,VIC,VIC,0,7,7,18,5,113,15,9,99,14,1,1
M11121,1988,Round 15,15,1988-07-09,Port Adelaide Power,North Melbourne Kangaroos,Adelaide Oval,SA,VIC,1,9,7,15,2,92,13,3,81,11,1,1
M11122,1988,Round 15,15,1988-07-11,Brisbane Lions,Gold Coast Suns,Gabba,QLD,QLD,0,9,9,13,3,81,17,2,104,-23,0,0
M11123,1988,Round 15,15,1988-07-13,GWS Giants,Geelong Cats,GIANTS Stadium,NSW,VIC,1,6,9,15,5,95,13,5,83,12,1,1
M11124,1988,Round 15,15,1988-07-15,Richmond Tigers,Sydney Swans,MCG,VIC,NSW,1,7,7,17,4,106,14,6,90,16,1,1
M11125,1988,Round 15,15,1988-07-17,Melbourne Demons,Essendon Bombers,MCG,VIC,VIC,0,9,7,16,5,101,13,8,86,15,1,1
M11126,1988,Round 16,16,1988-08-01,Port Adelaide Power,Carlton Blues,Adelaide Oval,SA,VIC,1,9,6,16,5,101,17,5,107,-6,0,0
M11127,1988,Round 16,16,1988-08-03,West Coast Eagles,Richmond Tigers,Optus Stadium,WA,VIC,1,7,9,17,6,108,13,2,80,28,1,1
M11128,1988,Round 16,16,1988-08-05,Fremantle Dockers,Hawthorn Hawks,Optus Stadium,WA,VIC,1,9,8,15,4,94,13,5,83,11,1,1
M11129,1988,Round 16,16,1988-08-07,Sydney Swans,Adelaide Crows,SCG,NSW,SA,1,8,9,17,3,105,13,5,83,22,1,1
M11130,1988,Round 16,16,1988-08-09,Collingwood Magpies,GWS Giants,MCG,VIC,NSW,1,7,7,13,6,84,14,7,91,-7,0,0
M11131,1988,Round 16,16,1988-08-11,Gold Coast Suns,Essendon Bombers,Heritage Bank Stadium,QLD,VIC,1,7,8,17,3,105,13,2,80,25,1,1
M11132,1988,Round 16,16,1988-08-13,St Kilda Saints,Western Bulldogs,Marvel Stadium,VIC,VIC,0,6,7,16,0,96,14,5,89,7,1,1
M11133,1988,Round 16,16,1988-08-15,Brisbane Lions,Melbourne Demons,Gabba,QLD,VIC,1,7,7,13,5,83,13,1,79,4,1,1
M11134,1988,Round 16,16,1988-08-17,North Melbourne Kangaroos,Geelong Cats,Marvel Stadium,VIC,VIC,0,7,9,20,3,123,12,5,77,46,1,1
M11135,1988,Round 17,17,1988-09-01,Fremantle Dockers,Brisbane Lions,Optus Stadium,WA,QLD,1,6,8,15,6,96,12,6,78,18,1,1
M11136,1988,Round 17,17,1988-09-03,Melbourne Demons,North Melbourne Kangaroos,MCG,VIC,VIC,0,7,7,16,3,99,15,5,95,4,1,1
M11137,1988,Round 17,17,1988-09-05,GWS Giants,West Coast Eagles,GIANTS Stadium,NSW,WA,1,7,7,14,5,89,13,5,83,6,1,1
M11138,1988,Round 17,17,1988-09-07,Port Adelaide Power,Western Bulldogs,Adelaide Oval,SA,VIC,1,9,7,16,7,103,13,4,82,21,1,1
M11139,1988,Round 17,17,1988-09-09,Gold Coast Suns,Essendon Bombers,Heritage Bank Stadium,QLD,VIC,1,8,8,12,8,80,16,4,100,-20,0,0
M11140,1988,Round 17,17,1988-09-11,Richmond Tigers,Hawthorn Hawks,MCG,VIC,VIC,0,8,7,14,3,87,14,4,88,-1,0,0
M11141,1988,Round 17,17,1988-09-13,Collingwood Magpies,Sydney Swans,MCG,VIC,NSW,1,7,9,14,3,87,15,7,97,-10,0,0
M11142,1988,Round 17,17,1988-09-15,St Kilda Saints,Adelaide Crows,Marvel Stadium,VIC,SA,1,7,9,18,2,110,13,5,83,27,1,1
M11143,1988,Round 17,17,1988-09-17,Carlton Blues,Geelong Cats,Marvel Stadium,VIC,VIC,0,7,6,15,5,95,12,3,75,20,1,1
M11144,1988,Round 18,18,1988-04-01,Geelong Cats,Sydney Swans,GMHBA Stadium,VIC,NSW,1,6,6,14,3,87,14,4,88,-1,0,0
M11145,1988,Round 18,18,1988-04-03,St Kilda Saints,GWS Giants,Marvel Stadium,VIC,NSW,1,7,7,16,6,102,12,5,77,25,1,1
M11146,1988,Round 18,18,1988-04-05,Collingwood Magpies,North Melbourne Kangaroos,MCG,VIC,VIC,0,7,7,17,7,109,14,8,92,17,1,1
M11147,1988,Round 18,18,1988-04-07,Gold Coast Suns,Adelaide Crows,Heritage Bank Stadium,QLD,SA,1,7,6,14,9,93,14,6,90,3,1,1
M11148,1988,Round 18,18,1988-04-09,Hawthorn Hawks,Fremantle Dockers,MCG,VIC,WA,1,8,7,15,9,99,14,9,93,6,1,1
M11149,1988,Round 18,18,1988-04-11,Essendon Bombers,Port Adelaide Power,Marvel Stadium,VIC,SA,1,9,8,15,8,98,15,5,95,3,1,1
M11150,1988,Round 18,18,1988-04-13,Melbourne Demons,Brisbane Lions,MCG,VIC,QLD,1,7,8,14,9,93,13,8,86,7,1,1
M11151,1988,Round 18,18,1988-04-15,Carlton Blues,West Coast Eagles,Marvel Stadium,VIC,WA,1,7,8,14,9,93,13,3,81,12,1,1
M11152,1988,Round 18,18,1988-04-17,Western Bulldogs,Richmond Tigers,Marvel Stadium,VIC,VIC,0,7,7,16,6,102,12,4,76,26,1,1
M11153,1988,Round 19,19,1988-05-01,Melbourne Demons,Brisbane Lions,MCG,VIC,QLD,1,7,8,16,5,101,17,4,106,-5,0,0
M11154,1988,Round 19,19,1988-05-03,GWS Giants,Port Adelaide Power,GIANTS Stadium,NSW,SA,1,8,6,12,4,76,15,7,97,-21,0,0
M11155,1988,Round 19,19,1988-05-05,St Kilda Saints,North Melbourne Kangaroos,Marvel Stadium,VIC,VIC,0,7,8,15,8,98,14,2,86,12,1,1
M11156,1988,Round 19,19,1988-05-07,Gold Coast Suns,Essendon Bombers,Heritage Bank Stadium,QLD,VIC,1,9,7,15,6,96,15,2,92,4,1,1
M11157,1988,Round 19,19,1988-05-09,Richmond Tigers,West Coast Eagles,MCG,VIC,WA,1,9,7,14,7,91,16,2,98,-7,0,0
M11158,1988,Round 19,19,1988-05-11,Fremantle Dockers,Carlton Blues,Optus Stadium,WA,VIC,1,9,9,12,5,77,13,8,86,-9,0,0
M11159,1988,Round 19,19,1988-05-13,Adelaide Crows,Geelong Cats,Adelaide Oval,SA,VIC,1,6,8,16,4,100,13,9,87,13,1,1
M11160,1988,Round 19,19,1988-05-15,Collingwood Magpies,Western Bulldogs,MCG,VIC,VIC,0,9,8,14,6,90,12,5,77,13,1,1
M11161,1988,Round 19,19,1988-05-17,Sydney Swans,Hawthorn Hawks,SCG,NSW,VIC,1,9,7,16,0,96,14,6,90,6,1,1
M11162,1988,Round 20,20,1988-06-01,GWS Giants,Hawthorn Hawks,GIANTS Stadium,NSW,VIC,1,7,7,14,1,85,15,4,94,-9,0,0
M11163,1988,Round 20,20,1988-06-03,St Kilda Saints,Western Bulldogs,Marvel Stadium,VIC,VIC,0,8,9,16,4,100,12,3,75,25,1,1
M11164,1988,Round 20,20,1988-06-05,Adelaide Crows,Brisbane Lions,Adelaide Oval,SA,QLD,1,6,6,14,8,92,13,6,84,8,1,1
M11165,1988,Round 20,20,1988-06-07,Melbourne Demons,Essendon Bombers,MCG,VIC,VIC,0,7,6,15,7,97,12,1,73,24,1,1
M11166,1988,Round 20,20,1988-06-09,Collingwood Magpies,Fremantle Dockers,MCG,VIC,WA,1,8,7,17,2,104,15,4,94,10,1,1
M11167,1988,Round 20,20,1988-06-11,Richmond Tigers,West Coast Eagles,MCG,VIC,WA,1,8,7,17,6,108,13,1,79,29,1,1
M11168,1988,Round 20,20,1988-06-13,Sydney Swans,Gold Coast Suns,SCG,NSW,QLD,1,8,7,15,3,93,15,5,95,-2,0,0
M11169,1988,Round 20,20,1988-06-15,Port Adelaide Power,Carlton Blues,Adelaide Oval,SA,VIC,1,9,7,16,2,98,14,7,91,7,1,1
M11170,1988,Round 20,20,1988-06-17,North Melbourne Kangaroos,Geelong Cats,Marvel Stadium,VIC,VIC,0,9,7,16,5,101,15,3,93,8,1,1
M11171,1988,Round 21,21,1988-07-01,GWS Giants,Adelaide Crows,GIANTS Stadium,NSW,SA,1,8,6,14,7,91,15,5,95,-4,0,0
M11172,1988,Round 21,21,1988-07-03,Gold Coast Suns,Port Adelaide Power,Heritage Bank Stadium,QLD,SA,1,7,7,16,5,101,13,7,85,16,1,1
M11173,1988,Round 21,21,1988-07-05,Essendon Bombers,Collingwood Magpies,Marvel Stadium,VIC,VIC,0,7,9,16,3,99,12,1,73,26,1,1
M11174,1988,Round 21,21,1988-07-07,Richmond Tigers,St Kilda Saints,MCG,VIC,VIC,0,9,6,12,0,72,14,4,88,-16,0,0
M11175,1988,Round 21,21,1988-07-09,Brisbane Lions,Carlton Blues,Gabba,QLD,VIC,1,9,7,15,3,93,13,6,84,9,1,1
M11176,1988,Round 21,21,1988-07-11,Melbourne Demons,Fremantle Dockers,MCG,VIC,WA,1,8,9,15,6,96,17,2,104,-8,0,0
M11177,1988,Round 21,21,1988-07-13,West Coast Eagles,Hawthorn Hawks,Optus Stadium,WA,VIC,1,9,7,16,3,99,14,6,90,9,1,1
M11178,1988,Round 21,21,1988-07-15,Sydney Swans,North Melbourne Kangaroos,SCG,NSW,VIC,1,6,9,12,3,75,13,6,84,-9,0,0
M11179,1988,Round 21,21,1988-07-17,Geelong Cats,Western Bulldogs,GMHBA Stadium,VIC,VIC,0,7,8,16,4,100,12,9,81,19,1,1
M11180,1988,Round 22,22,1988-08-01,Essendon Bombers,Geelong Cats,Marvel Stadium,VIC,VIC,0,6,8,15,3,93,15,1,91,2,1,1
M11181,1988,Round 22,22,1988-08-03,Brisbane Lions,Fremantle Dockers,Gabba,QLD,WA,1,6,8,15,5,95,14,3,87,8,1,1
M11182,1988,Round 22,22,1988-08-05,Melbourne Demons,North Melbourne Kangaroos,MCG,VIC,VIC,0,8,7,18,7,115,12,2,74,41,1,1
M11183,1988,Round 22,22,1988-08-07,Hawthorn Hawks,Western Bulldogs,MCG,VIC,VIC,0,9,7,16,8,104,15,8,98,6,1,1
M11184,1988,Round 22,22,1988-08-09,Port Adelaide Power,GWS Giants,Adelaide Oval,SA,NSW,1,8,6,16,0,96,15,7,97,-1,0,0
M11185,1988,Round 22,22,1988-08-11,Richmond Tigers,St Kilda Saints,MCG,VIC,VIC,0,6,6,14,7,91,14,7,91,0,0,0
M11186,1988,Round 22,22,1988-08-13,Collingwood Magpies,West Coast Eagles,MCG,VIC,WA,1,9,7,15,5,95,14,5,89,6,1,1
M11187,1988,Round 22,22,1988-08-15,Adelaide Crows,Carlton Blues,Adelaide Oval,SA,VIC,1,6,7,16,0,96,17,1,103,-7,0,0
M11188,1988,Round 22,22,1988-08-17,Sydney Swans,Gold Coast Suns,SCG,NSW,QLD,1,7,6,15,6,96,13,3,81,15,1,1
M11189,1989,Round 1,1,1989-05-01,Brisbane Lions,GWS Giants,Gabba,QLD,NSW,1,8,8,14,8,92,16,4,100,-8,0,0
M11190,1989,Round 1,1,1989-05-03,West Coast Eagles,Sydney Swans,Optus Stadium,WA,NSW,1,8,7,16,3,99,12,5,77,22,1,1
M11191,1989,Round 1,1,1989-05-05,St Kilda Saints,Port Adelaide Power,Marvel Stadium,VIC,SA,1,8,7,14,2,86,16,5,101,-15,0,0
M11192,1989,Round 1,1,1989-05-07,Essendon Bombers,Hawthorn Hawks,Marvel Stadium,VIC,VIC,0,8,9,16,3,99,14,5,89,10,1,1
M11193,1989,Round 1,1,1989-05-09,Adelaide Crows,Gold Coast Suns,Adelaide Oval,SA,QLD,1,7,7,13,7,85,13,3,81,4,1,1
M11194,1989,Round 1,1,1989-05-11,Collingwood Magpies,Richmond Tigers,MCG,VIC,VIC,0,6,9,15,9,99,14,5,89,10,1,1
M11195,1989,Round 1,1,1989-05-13,Carlton Blues,Melbourne Demons,Marvel Stadium,VIC,VIC,0,7,7,19,6,120,15,1,91,29,1,1
M11196,1989,Round 1,1,1989-05-15,Fremantle Dockers,Western Bulldogs,Optus Stadium,WA,VIC,1,7,8,15,4,94,14,4,88,6,1,1
M11197,1989,Round 1,1,1989-05-17,Geelong Cats,North Melbourne Kangaroos,GMHBA Stadium,VIC,VIC,0,7,6,18,8,116,15,8,98,18,1,1
M11198,1989,Round 2,2,1989-06-01,Essendon Bombers,Sydney Swans,Marvel Stadium,VIC,NSW,1,7,9,16,8,104,16,3,99,5,1,1
M11199,1989,Round 2,2,1989-06-03,Adelaide Crows,West Coast Eagles,Adelaide Oval,SA,WA,1,7,7,16,5,101,15,0,90,11,1,1
M11200,1989,Round 2,2,1989-06-05,Western Bulldogs,GWS Giants,Marvel Stadium,VIC,NSW,1,7,8,14,3,87,13,8,86,1,1,1
M11201,1989,Round 2,2,1989-06-07,Port Adelaide Power,St Kilda Saints,Adelaide Oval,SA,VIC,1,7,7,16,8,104,17,8,110,-6,0,0
M11202,1989,Round 2,2,1989-06-09,Brisbane Lions,Collingwood Magpies,Gabba,QLD,VIC,1,7,7,16,7,103,12,0,72,31,1,1
M11203,1989,Round 2,2,1989-06-11,Richmond Tigers,Melbourne Demons,MCG,VIC,VIC,0,6,9,13,1,79,14,4,88,-9,0,0
M11204,1989,Round 2,2,1989-06-13,North Melbourne Kangaroos,Carlton Blues,Marvel Stadium,VIC,VIC,0,7,6,18,5,113,19,3,117,-4,0,0
M11205,1989,Round 2,2,1989-06-15,Geelong Cats,Hawthorn Hawks,GMHBA Stadium,VIC,VIC,0,7,7,16,5,101,14,1,85,16,1,1
M11206,1989,Round 2,2,1989-06-17,Gold Coast Suns,Fremantle Dockers,Heritage Bank Stadium,QLD,WA,1,8,7,16,5,101,12,3,75,26,1,1
M11207,1989,Round 3,3,1989-07-01,Collingwood Magpies,Sydney Swans,MCG,VIC,NSW,1,6,8,16,2,98,14,8,92,6,1,1
M11208,1989,Round 3,3,1989-07-03,GWS Giants,Port Adelaide Power,GIANTS Stadium,NSW,SA,1,8,9,15,4,94,12,7,79,15,1,1
M11209,1989,Round 3,3,1989-07-05,Melbourne Demons,Geelong Cats,MCG,VIC,VIC,0,6,7,14,6,90,14,2,86,4,1,1
M11210,1989,Round 3,3,1989-07-07,Fremantle Dockers,Brisbane Lions,Optus Stadium,WA,QLD,1,9,9,16,4,100,12,6,78,22,1,1
M11211,1989,Round 3,3,1989-07-09,St Kilda Saints,Carlton Blues,Marvel Stadium,VIC,VIC,0,7,6,16,7,103,11,5,71,32,1,1
M11212,1989,Round 3,3,1989-07-11,Hawthorn Hawks,Gold Coast Suns,MCG,VIC,QLD,1,8,7,15,2,92,13,2,80,12,1,1
M11213,1989,Round 3,3,1989-07-13,Western Bulldogs,Essendon Bombers,Marvel Stadium,VIC,VIC,0,8,7,14,5,89,13,3,81,8,1,1
M11214,1989,Round 3,3,1989-07-15,Adelaide Crows,West Coast Eagles,Adelaide Oval,SA,WA,1,8,9,15,8,98,14,4,88,10,1,1
M11215,1989,Round 3,3,1989-07-17,Richmond Tigers,North Melbourne Kangaroos,MCG,VIC,VIC,0,7,9,15,7,97,13,5,83,14,1,1
M11216,1989,Round 4,4,1989-08-01,Fremantle Dockers,Essendon Bombers,Optus Stadium,WA,VIC,1,7,9,15,6,96,12,6,78,18,1,1
M11217,1989,Round 4,4,1989-08-03,Collingwood Magpies,West Coast Eagles,MCG,VIC,WA,1,7,8,14,6,90,16,2,98,-8,0,0
M11218,1989,Round 4,4,1989-08-05,Geelong Cats,St Kilda Saints,GMHBA Stadium,VIC,VIC,0,6,7,15,6,96,11,5,71,25,1,1
M11219,1989,Round 4,4,1989-08-07,Richmond Tigers,North Melbourne Kangaroos,MCG,VIC,VIC,0,7,9,16,8,104,15,9,99,5,1,1
M11220,1989,Round 4,4,1989-08-09,Gold Coast Suns,Sydney Swans,Heritage Bank Stadium,QLD,NSW,1,7,8,16,5,101,15,3,93,8,1,1
M11221,1989,Round 4,4,1989-08-11,Carlton Blues,Port Adelaide Power,Marvel Stadium,VIC,SA,1,7,6,16,4,100,15,7,97,3,1,1
M11222,1989,Round 4,4,1989-08-13,Brisbane Lions,Melbourne Demons,Gabba,QLD,VIC,1,9,7,12,5,77,14,6,90,-13,0,0
M11223,1989,Round 4,4,1989-08-15,Western Bulldogs,Adelaide Crows,Marvel Stadium,VIC,SA,1,8,7,15,6,96,13,6,84,12,1,1
M11224,1989,Round 4,4,1989-08-17,GWS Giants,Hawthorn Hawks,GIANTS Stadium,NSW,VIC,1,7,7,16,6,102,12,8,80,22,1,1
M11225,1989,Round 5,5,1989-09-01,Richmond Tigers,Geelong Cats,MCG,VIC,VIC,0,7,7,16,6,102,13,8,86,16,1,1
M11226,1989,Round 5,5,1989-09-03,West Coast Eagles,Adelaide Crows,Optus Stadium,WA,SA,1,8,7,14,1,85,15,5,95,-10,0,0
M11227,1989,Round 5,5,1989-09-05,Sydney Swans,Western Bulldogs,SCG,NSW,VIC,1,7,7,13,3,81,14,4,88,-7,0,0
M11228,1989,Round 5,5,1989-09-07,Hawthorn Hawks,GWS Giants,MCG,VIC,NSW,1,7,8,15,4,94,16,6,102,-8,0,0
M11229,1989,Round 5,5,1989-09-09,Carlton Blues,Gold Coast Suns,Marvel Stadium,VIC,QLD,1,7,8,16,3,99,18,5,113,-14,0,0
M11230,1989,Round 5,5,1989-09-11,Fremantle Dockers,Port Adelaide Power,Optus Stadium,WA,SA,1,7,8,16,1,97,13,2,80,17,1,1
M11231,1989,Round 5,5,1989-09-13,North Melbourne Kangaroos,St Kilda Saints,Marvel Stadium,VIC,VIC,0,7,7,14,2,86,12,6,78,8,1,1
M11232,1989,Round 5,5,1989-09-15,Collingwood Magpies,Melbourne Demons,MCG,VIC,VIC,0,7,6,15,2,92,14,5,89,3,1,1
M11233,1989,Round 5,5,1989-09-17,Essendon Bombers,Brisbane Lions,Marvel Stadium,VIC,QLD,1,7,8,15,5,95,16,2,98,-3,0,0
M11234,1989,Round 6,6,1989-04-01,Essendon Bombers,Sydney Swans,Marvel Stadium,VIC,NSW,1,7,9,16,8,104,13,2,80,24,1,1
M11235,1989,Round 6,6,1989-04-03,North Melbourne Kangaroos,Carlton Blues,Marvel Stadium,VIC,VIC,0,7,6,14,6,90,11,1,67,23,1,1
M11236,1989,Round 6,6,1989-04-05,Port Adelaide Power,Collingwood Magpies,Adelaide Oval,SA,VIC,1,6,7,16,7,103,14,2,86,17,1,1
M11237,1989,Round 6,6,1989-04-07,Geelong Cats,Adelaide Crows,GMHBA Stadium,VIC,SA,1,7,7,14,7,91,17,4,106,-15,0,0
M11238,1989,Round 6,6,1989-04-09,GWS Giants,St Kilda Saints,GIANTS Stadium,NSW,VIC,1,7,6,13,2,80,16,4,100,-20,0,0
M11239,1989,Round 6,6,1989-04-11,West Coast Eagles,Fremantle Dockers,Optus Stadium,WA,WA,0,9,7,14,5,89,11,2,68,21,1,1
M11240,1989,Round 6,6,1989-04-13,Melbourne Demons,Richmond Tigers,MCG,VIC,VIC,0,7,6,15,3,93,15,2,92,1,1,1
M11241,1989,Round 6,6,1989-04-15,Hawthorn Hawks,Brisbane Lions,MCG,VIC,QLD,1,8,7,16,7,103,17,4,106,-3,0,0
M11242,1989,Round 6,6,1989-04-17,Gold Coast Suns,Western Bulldogs,Heritage Bank Stadium,QLD,VIC,1,7,7,14,3,87,17,4,106,-19,0,0
M11243,1989,Round 7,7,1989-05-01,Carlton Blues,North Melbourne Kangaroos,Marvel Stadium,VIC,VIC,0,8,7,16,8,104,11,4,70,34,1,1
M11244,1989,Round 7,7,1989-05-03,West Coast Eagles,St Kilda Saints,Optus Stadium,WA,VIC,1,7,6,13,4,82,12,7,79,3,1,1
M11245,1989,Round 7,7,1989-05-05,Brisbane Lions,GWS Giants,Gabba,QLD,NSW,1,7,7,19,7,121,15,3,93,28,1,1
M11246,1989,Round 7,7,1989-05-07,Geelong Cats,Richmond Tigers,GMHBA Stadium,VIC,VIC,0,9,8,14,8,92,14,7,91,1,1,1
M11247,1989,Round 7,7,1989-05-09,Fremantle Dockers,Western Bulldogs,Optus Stadium,WA,VIC,1,7,7,13,5,83,14,9,93,-10,0,0
M11248,1989,Round 7,7,1989-05-11,Melbourne Demons,Sydney Swans,MCG,VIC,NSW,1,9,9,14,5,89,17,7,109,-20,0,0
M11249,1989,Round 7,7,1989-05-13,Gold Coast Suns,Adelaide Crows,Heritage Bank Stadium,QLD,SA,1,7,9,12,7,79,13,6,84,-5,0,0
M11250,1989,Round 7,7,1989-05-15,Hawthorn Hawks,Collingwood Magpies,MCG,VIC,VIC,0,7,7,15,6,96,14,4,88,8,1,1
M11251,1989,Round 7,7,1989-05-17,Essendon Bombers,Port Adelaide Power,Marvel Stadium,VIC,SA,1,7,7,15,6,96,14,4,88,8,1,1
M11252,1989,Round 8,8,1989-06-01,Gold Coast Suns,Geelong Cats,Heritage Bank Stadium,QLD,VIC,1,9,7,14,7,91,14,9,93,-2,0,0
M11253,1989,Round 8,8,1989-06-03,Fremantle Dockers,Western Bulldogs,Optus Stadium,WA,VIC,1,7,7,18,4,112,17,1,103,9,1,1
M11254,1989,Round 8,8,1989-06-05,North Melbourne Kangaroos,St Kilda Saints,Marvel Stadium,VIC,VIC,0,7,6,15,3,93,15,7,97,-4,0,0
M11255,1989,Round 8,8,1989-06-07,Richmond Tigers,Carlton Blues,MCG,VIC,VIC,0,7,7,14,3,87,12,6,78,9,1,1
M11256,1989,Round 8,8,1989-06-09,GWS Giants,Adelaide Crows,GIANTS Stadium,NSW,SA,1,7,6,12,6,78,16,2,98,-20,0,0
M11257,1989,Round 8,8,1989-06-11,Melbourne Demons,Port Adelaide Power,MCG,VIC,SA,1,8,7,15,7,97,15,6,96,1,1,1
M11258,1989,Round 8,8,1989-06-13,Collingwood Magpies,Essendon Bombers,MCG,VIC,VIC,0,9,7,16,0,96,13,2,80,16,1,1
M11259,1989,Round 8,8,1989-06-15,Brisbane Lions,West Coast Eagles,Gabba,QLD,WA,1,6,7,17,1,103,11,4,70,33,1,1
M11260,1989,Round 8,8,1989-06-17,Sydney Swans,Hawthorn Hawks,SCG,NSW,VIC,1,7,9,13,8,86,14,7,91,-5,0,0
M11261,1989,Round 9,9,1989-07-01,Brisbane Lions,Richmond Tigers,Gabba,QLD,VIC,1,7,9,13,8,86,14,6,90,-4,0,0
M11262,1989,Round 9,9,1989-07-03,Adelaide Crows,Collingwood Magpies,Adelaide Oval,SA,VIC,1,6,6,12,5,77,16,6,102,-25,0,0
M11263,1989,Round 9,9,1989-07-05,Fremantle Dockers,Hawthorn Hawks,Optus Stadium,WA,VIC,1,7,7,15,6,96,12,9,81,15,1,1
M11264,1989,Round 9,9,1989-07-07,GWS Giants,Essendon Bombers,GIANTS Stadium,NSW,VIC,1,7,7,16,5,101,14,5,89,12,1,1
M11265,1989,Round 9,9,1989-07-09,St Kilda Saints,Gold Coast Suns,Marvel Stadium,VIC,QLD,1,9,7,16,5,101,14,3,87,14,1,1
M11266,1989,Round 9,9,1989-07-11,Sydney Swans,Port Adelaide Power,SCG,NSW,SA,1,7,8,17,0,102,13,4,82,20,1,1
M11267,1989,Round 9,9,1989-07-13,Western Bulldogs,West Coast Eagles,Marvel Stadium,VIC,WA,1,6,8,16,0,96,16,4,100,-4,0,0
M11268,1989,Round 9,9,1989-07-15,Carlton Blues,Geelong Cats,Marvel Stadium,VIC,VIC,0,6,8,15,8,98,12,7,79,19,1,1
M11269,1989,Round 9,9,1989-07-17,North Melbourne Kangaroos,Melbourne Demons,Marvel Stadium,VIC,VIC,0,8,9,16,5,101,14,3,87,14,1,1
M11270,1989,Round 10,10,1989-08-01,Brisbane Lions,St Kilda Saints,Gabba,QLD,VIC,1,7,7,15,6,96,14,4,88,8,1,1
M11271,1989,Round 10,10,1989-08-03,Gold Coast Suns,Melbourne Demons,Heritage Bank Stadium,QLD,VIC,1,7,8,13,7,85,12,5,77,8,1,1
M11272,1989,Round 10,10,1989-08-05,Sydney Swans,Fremantle Dockers,SCG,NSW,WA,1,7,7,19,6,120,15,1,91,29,1,1
M11273,1989,Round 10,10,1989-08-07,Hawthorn Hawks,Essendon Bombers,MCG,VIC,VIC,0,7,6,17,0,102,13,6,84,18,1,1
M11274,1989,Round 10,10,1989-08-09,Collingwood Magpies,West Coast Eagles,MCG,VIC,WA,1,6,7,16,4,100,15,2,92,8,1,1
M11275,1989,Round 10,10,1989-08-11,Geelong Cats,Richmond Tigers,GMHBA Stadium,VIC,VIC,0,9,8,18,4,112,14,2,86,26,1,1
M11276,1989,Round 10,10,1989-08-13,GWS Giants,North Melbourne Kangaroos,GIANTS Stadium,NSW,VIC,1,7,7,15,4,94,12,4,76,18,1,1
M11277,1989,Round 10,10,1989-08-15,Port Adelaide Power,Carlton Blues,Adelaide Oval,SA,VIC,1,7,7,13,4,82,16,3,99,-17,0,0
M11278,1989,Round 10,10,1989-08-17,Adelaide Crows,Western Bulldogs,Adelaide Oval,SA,VIC,1,7,7,17,2,104,11,6,72,32,1,1
M11279,1989,Round 11,11,1989-09-01,Hawthorn Hawks,Richmond Tigers,MCG,VIC,VIC,0,7,8,15,6,96,13,8,86,10,1,1
M11280,1989,Round 11,11,1989-09-03,Essendon Bombers,Adelaide Crows,Marvel Stadium,VIC,SA,1,7,7,14,3,87,15,2,92,-5,0,0
M11281,1989,Round 11,11,1989-09-05,Carlton Blues,St Kilda Saints,Marvel Stadium,VIC,VIC,0,8,6,15,6,96,13,4,82,14,1,1
M11282,1989,Round 11,11,1989-09-07,Collingwood Magpies,Sydney Swans,MCG,VIC,NSW,1,8,8,15,5,95,12,4,76,19,1,1
M11283,1989,Round 11,11,1989-09-09,West Coast Eagles,Brisbane Lions,Optus Stadium,WA,QLD,1,8,6,17,2,104,15,5,95,9,1,1
M11284,1989,Round 11,11,1989-09-11,North Melbourne Kangaroos,GWS Giants,Marvel Stadium,VIC,NSW,1,7,7,13,3,81,11,5,71,10,1,1
M11285,1989,Round 11,11,1989-09-13,Gold Coast Suns,Fremantle Dockers,Heritage Bank Stadium,QLD,WA,1,7,6,15,1,91,14,1,85,6,1,1
M11286,1989,Round 11,11,1989-09-15,Geelong Cats,Port Adelaide Power,GMHBA Stadium,VIC,SA,1,9,7,15,8,98,13,4,82,16,1,1
M11287,1989,Round 11,11,1989-09-17,Melbourne Demons,Western Bulldogs,MCG,VIC,VIC,0,7,8,15,4,94,13,8,86,8,1,1
M11288,1989,Round 12,12,1989-04-01,Adelaide Crows,West Coast Eagles,Adelaide Oval,SA,WA,1,6,8,15,5,95,13,3,81,14,1,1
M11289,1989,Round 12,12,1989-04-03,St Kilda Saints,North Melbourne Kangaroos,Marvel Stadium,VIC,VIC,0,8,6,14,3,87,14,3,87,0,0,0
M11290,1989,Round 12,12,1989-04-05,Port Adelaide Power,Melbourne Demons,Adelaide Oval,SA,VIC,1,8,8,16,5,101,15,8,98,3,1,1
M11291,1989,Round 12,12,1989-04-07,Brisbane Lions,Gold Coast Suns,Gabba,QLD,QLD,0,8,6,15,5,95,12,6,78,17,1,1
M11292,1989,Round 12,12,1989-04-09,Geelong Cats,Fremantle Dockers,GMHBA Stadium,VIC,WA,1,7,6,16,4,100,14,3,87,13,1,1
M11293,1989,Round 12,12,1989-04-11,GWS Giants,Sydney Swans,GIANTS Stadium,NSW,NSW,0,7,7,14,7,91,17,1,103,-12,0,0
M11294,1989,Round 12,12,1989-04-13,Hawthorn Hawks,Essendon Bombers,MCG,VIC,VIC,0,7,8,17,0,102,14,2,86,16,1,1
M11295,1989,Round 12,12,1989-04-15,Collingwood Magpies,Richmond Tigers,MCG,VIC,VIC,0,9,9,17,6,108,13,2,80,28,1,1
M11296,1989,Round 12,12,1989-04-17,Western Bulldogs,Carlton Blues,Marvel Stadium,VIC,VIC,0,7,6,15,7,97,13,4,82,15,1,1
M11297,1989,Round 13,13,1989-05-01,GWS Giants,St Kilda Saints,GIANTS Stadium,NSW,VIC,1,9,7,17,4,106,11,7,73,33,1,1
M11298,1989,Round 13,13,1989-05-03,Gold Coast Suns,Sydney Swans,Heritage Bank Stadium,QLD,NSW,1,7,9,15,1,91,14,1,85,6,1,1
M11299,1989,Round 13,13,1989-05-05,Melbourne Demons,West Coast Eagles,MCG,VIC,WA,1,7,7,12,9,81,13,2,80,1,1,1
M11300,1989,Round 13,13,1989-05-07,Geelong Cats,Collingwood Magpies,GMHBA Stadium,VIC,VIC,0,7,9,17,7,109,15,0,90,19,1,1
M11301,1989,Round 13,13,1989-05-09,Essendon Bombers,Richmond Tigers,Marvel Stadium,VIC,VIC,0,8,7,14,5,89,13,3,81,8,1,1
M11302,1989,Round 13,13,1989-05-11,Fremantle Dockers,Adelaide Crows,Optus Stadium,WA,SA,1,8,7,13,0,78,11,8,74,4,1,1
M11303,1989,Round 13,13,1989-05-13,Port Adelaide Power,Western Bulldogs,Adelaide Oval,SA,VIC,1,8,9,14,6,90,11,5,71,19,1,1
M11304,1989,Round 13,13,1989-05-15,Hawthorn Hawks,North Melbourne Kangaroos,MCG,VIC,VIC,0,7,6,19,2,116,13,2,80,36,1,1
M11305,1989,Round 13,13,1989-05-17,Carlton Blues,Brisbane Lions,Marvel Stadium,VIC,QLD,1,8,7,15,6,96,13,5,83,13,1,1
M11306,1989,Round 14,14,1989-06-01,Essendon Bombers,Richmond Tigers,Marvel Stadium,VIC,VIC,0,6,7,12,4,76,16,3,99,-23,0,0
M11307,1989,Round 14,14,1989-06-03,Gold Coast Suns,Adelaide Crows,Heritage Bank Stadium,QLD,SA,1,9,8,17,3,105,13,2,80,25,1,1
M11308,1989,Round 14,14,1989-06-05,Western Bulldogs,Carlton Blues,Marvel Stadium,VIC,VIC,0,6,7,17,2,104,14,2,86,18,1,1
M11309,1989,Round 14,14,1989-06-07,Geelong Cats,West Coast Eagles,GMHBA Stadium,VIC,WA,1,7,7,15,4,94,16,3,99,-5,0,0
M11310,1989,Round 14,14,1989-06-09,North Melbourne Kangaroos,St Kilda Saints,Marvel Stadium,VIC,VIC,0,9,8,17,5,107,12,1,73,34,1,1
M11311,1989,Round 14,14,1989-06-11,Fremantle Dockers,Brisbane Lions,Optus Stadium,WA,QLD,1,7,7,16,7,103,12,6,78,25,1,1
M11312,1989,Round 14,14,1989-06-13,Sydney Swans,Melbourne Demons,SCG,NSW,VIC,1,8,7,15,2,92,12,5,77,15,1,1
M11313,1989,Round 14,14,1989-06-15,GWS Giants,Hawthorn Hawks,GIANTS Stadium,NSW,VIC,1,7,8,14,1,85,13,3,81,4,1,1
M11314,1989,Round 14,14,1989-06-17,Collingwood Magpies,Port Adelaide Power,MCG,VIC,SA,1,7,8,15,3,93,12,3,75,18,1,1
M11315,1989,Round 15,15,1989-07-01,Brisbane Lions,Geelong Cats,Gabba,QLD,VIC,1,7,6,14,2,86,10,5,65,21,1,1
M11316,1989,Round 15,15,1989-07-03,Port Adelaide Power,Gold Coast Suns,Adelaide Oval,SA,QLD,1,7,7,13,2,80,14,4,88,-8,0,0
M11317,1989,Round 15,15,1989-07-05,GWS Giants,Essendon Bombers,GIANTS Stadium,NSW,VIC,1,7,7,16,3,99,11,5,71,28,1,1
M11318,1989,Round 15,15,1989-07-07,Sydney Swans,Hawthorn Hawks,SCG,NSW,VIC,1,8,6,16,5,101,14,1,85,16,1,1
M11319,1989,Round 15,15,1989-07-09,Carlton Blues,Melbourne Demons,Marvel Stadium,VIC,VIC,0,7,8,17,2,104,12,4,76,28,1,1
M11320,1989,Round 15,15,1989-07-11,Fremantle Dockers,Western Bulldogs,Optus Stadium,WA,VIC,1,6,9,13,5,83,13,7,85,-2,0,0
M11321,1989,Round 15,15,1989-07-13,Adelaide Crows,North Melbourne Kangaroos,Adelaide Oval,SA,VIC,1,7,7,14,3,87,13,5,83,4,1,1
M11322,1989,Round 15,15,1989-07-15,St Kilda Saints,Collingwood Magpies,Marvel Stadium,VIC,VIC,0,9,7,16,4,100,13,4,82,18,1,1
M11323,1989,Round 15,15,1989-07-17,Richmond Tigers,West Coast Eagles,MCG,VIC,WA,1,6,7,14,7,91,17,5,107,-16,0,0
M11324,1989,Round 16,16,1989-08-01,Melbourne Demons,St Kilda Saints,MCG,VIC,VIC,0,7,9,13,8,86,15,5,95,-9,0,0
M11325,1989,Round 16,16,1989-08-03,North Melbourne Kangaroos,Gold Coast Suns,Marvel Stadium,VIC,QLD,1,6,7,16,7,103,11,7,73,30,1,1
M11326,1989,Round 16,16,1989-08-05,Essendon Bombers,Western Bulldogs,Marvel Stadium,VIC,VIC,0,9,7,15,4,94,14,7,91,3,1,1
M11327,1989,Round 16,16,1989-08-07,Collingwood Magpies,Richmond Tigers,MCG,VIC,VIC,0,6,7,17,4,106,15,5,95,11,1,1
M11328,1989,Round 16,16,1989-08-09,GWS Giants,Adelaide Crows,GIANTS Stadium,NSW,SA,1,9,8,16,6,102,9,5,59,43,1,1
M11329,1989,Round 16,16,1989-08-11,West Coast Eagles,Geelong Cats,Optus Stadium,WA,VIC,1,7,7,14,6,90,15,5,95,-5,0,0
M11330,1989,Round 16,16,1989-08-13,Brisbane Lions,Port Adelaide Power,Gabba,QLD,SA,1,9,7,15,3,93,15,4,94,-1,0,0
M11331,1989,Round 16,16,1989-08-15,Carlton Blues,Sydney Swans,Marvel Stadium,VIC,NSW,1,9,7,17,4,106,16,4,100,6,1,1
M11332,1989,Round 16,16,1989-08-17,Hawthorn Hawks,Fremantle Dockers,MCG,VIC,WA,1,6,7,16,4,100,15,4,94,6,1,1
M11333,1989,Round 17,17,1989-09-01,Gold Coast Suns,North Melbourne Kangaroos,Heritage Bank Stadium,QLD,VIC,1,7,7,17,2,104,15,0,90,14,1,1
M11334,1989,Round 17,17,1989-09-03,Hawthorn Hawks,Adelaide Crows,MCG,VIC,SA,1,8,7,16,1,97,17,1,103,-6,0,0
M11335,1989,Round 17,17,1989-09-05,St Kilda Saints,Collingwood Magpies,Marvel Stadium,VIC,VIC,0,6,7,15,6,96,12,2,74,22,1,1
M11336,1989,Round 17,17,1989-09-07,Melbourne Demons,Essendon Bombers,MCG,VIC,VIC,0,6,6,19,6,120,14,4,88,32,1,1
M11337,1989,Round 17,17,1989-09-09,GWS Giants,Fremantle Dockers,GIANTS Stadium,NSW,WA,1,6,6,14,3,87,13,7,85,2,1,1
M11338,1989,Round 17,17,1989-09-11,Western Bulldogs,West Coast Eagles,Marvel Stadium,VIC,WA,1,7,7,15,7,97,13,6,84,13,1,1
M11339,1989,Round 17,17,1989-09-13,Geelong Cats,Port Adelaide Power,GMHBA Stadium,VIC,SA,1,7,9,14,4,88,13,7,85,3,1,1
M11340,1989,Round 17,17,1989-09-15,Sydney Swans,Richmond Tigers,SCG,NSW,VIC,1,8,9,14,2,86,15,7,97,-11,0,0
M11341,1989,Round 17,17,1989-09-17,Brisbane Lions,Carlton Blues,Gabba,QLD,VIC,1,9,9,16,6,102,13,3,81,21,1,1
M11342,1989,Round 18,18,1989-04-01,Essendon Bombers,Carlton Blues,Marvel Stadium,VIC,VIC,0,7,6,14,6,90,14,5,89,1,1,1
M11343,1989,Round 18,18,1989-04-03,North Melbourne Kangaroos,GWS Giants,Marvel Stadium,VIC,NSW,1,7,9,16,6,102,15,9,99,3,1,1
M11344,1989,Round 18,18,1989-04-05,Richmond Tigers,Gold Coast Suns,MCG,VIC,QLD,1,7,7,14,8,92,14,1,85,7,1,1
M11345,1989,Round 18,18,1989-04-07,Hawthorn Hawks,West Coast Eagles,MCG,VIC,WA,1,8,7,14,5,89,16,2,98,-9,0,0
M11346,1989,Round 18,18,1989-04-09,Collingwood Magpies,Sydney Swans,MCG,VIC,NSW,1,6,7,15,4,94,14,9,93,1,1,1
M11347,1989,Round 18,18,1989-04-11,Fremantle Dockers,Adelaide Crows,Optus Stadium,WA,SA,1,7,7,13,6,84,14,2,86,-2,0,0
M11348,1989,Round 18,18,1989-04-13,St Kilda Saints,Western Bulldogs,Marvel Stadium,VIC,VIC,0,7,7,17,4,106,13,3,81,25,1,1
M11349,1989,Round 18,18,1989-04-15,Port Adelaide Power,Geelong Cats,Adelaide Oval,SA,VIC,1,7,9,18,0,108,15,0,90,18,1,1
M11350,1989,Round 18,18,1989-04-17,Melbourne Demons,Brisbane Lions,MCG,VIC,QLD,1,7,7,15,5,95,15,4,94,1,1,1
M11351,1989,Round 19,19,1989-05-01,Essendon Bombers,Melbourne Demons,Marvel Stadium,VIC,VIC,0,7,9,16,5,101,13,5,83,18,1,1
M11352,1989,Round 19,19,1989-05-03,North Melbourne Kangaroos,GWS Giants,Marvel Stadium,VIC,NSW,1,7,8,17,6,108,12,5,77,31,1,1
M11353,1989,Round 19,19,1989-05-05,Adelaide Crows,Richmond Tigers,Adelaide Oval,SA,VIC,1,8,7,15,5,95,11,4,70,25,1,1
M11354,1989,Round 19,19,1989-05-07,Western Bulldogs,Port Adelaide Power,Marvel Stadium,VIC,SA,1,7,8,13,5,83,14,1,85,-2,0,0
M11355,1989,Round 19,19,1989-05-09,West Coast Eagles,Gold Coast Suns,Optus Stadium,WA,QLD,1,9,9,17,2,104,12,4,76,28,1,1
M11356,1989,Round 19,19,1989-05-11,Carlton Blues,Sydney Swans,Marvel Stadium,VIC,NSW,1,7,7,13,3,81,13,4,82,-1,0,0
M11357,1989,Round 19,19,1989-05-13,St Kilda Saints,Brisbane Lions,Marvel Stadium,VIC,QLD,1,8,9,15,1,91,12,7,79,12,1,1
M11358,1989,Round 19,19,1989-05-15,Hawthorn Hawks,Geelong Cats,MCG,VIC,VIC,0,9,7,16,2,98,13,6,84,14,1,1
M11359,1989,Round 19,19,1989-05-17,Collingwood Magpies,Fremantle Dockers,MCG,VIC,WA,1,7,7,12,6,78,12,9,81,-3,0,0
M11360,1989,Round 20,20,1989-06-01,Brisbane Lions,Sydney Swans,Gabba,QLD,NSW,1,9,7,14,8,92,15,2,92,0,0,0
M11361,1989,Round 20,20,1989-06-03,Richmond Tigers,Port Adelaide Power,MCG,VIC,SA,1,6,7,14,4,88,15,4,94,-6,0,0
M11362,1989,Round 20,20,1989-06-05,Western Bulldogs,St Kilda Saints,Marvel Stadium,VIC,VIC,0,9,7,15,7,97,16,6,102,-5,0,0
M11363,1989,Round 20,20,1989-06-07,Geelong Cats,GWS Giants,GMHBA Stadium,VIC,NSW,1,8,9,16,3,99,13,2,80,19,1,1
M11364,1989,Round 20,20,1989-06-09,Essendon Bombers,Fremantle Dockers,Marvel Stadium,VIC,WA,1,7,9,16,2,98,14,6,90,8,1,1
M11365,1989,Round 20,20,1989-06-11,Carlton Blues,West Coast Eagles,Marvel Stadium,VIC,WA,1,8,6,15,7,97,15,3,93,4,1,1
M11366,1989,Round 20,20,1989-06-13,Hawthorn Hawks,Collingwood Magpies,MCG,VIC,VIC,0,6,7,15,3,93,13,6,84,9,1,1
M11367,1989,Round 20,20,1989-06-15,Adelaide Crows,Melbourne Demons,Adelaide Oval,SA,VIC,1,9,8,16,1,97,13,1,79,18,1,1
M11368,1989,Round 20,20,1989-06-17,North Melbourne Kangaroos,Gold Coast Suns,Marvel Stadium,VIC,QLD,1,7,8,15,5,95,14,4,88,7,1,1
M11369,1989,Round 21,21,1989-07-01,Adelaide Crows,St Kilda Saints,Adelaide Oval,SA,VIC,1,9,6,18,3,111,13,5,83,28,1,1
M11370,1989,Round 21,21,1989-07-03,Essendon Bombers,Sydney Swans,Marvel Stadium,VIC,NSW,1,8,8,17,6,108,16,8,104,4,1,1
M11371,1989,Round 21,21,1989-07-05,GWS Giants,Gold Coast Suns,GIANTS Stadium,NSW,QLD,1,6,9,16,2,98,15,6,96,2,1,1
M11372,1989,Round 21,21,1989-07-07,Fremantle Dockers,Carlton Blues,Optus Stadium,WA,VIC,1,7,6,15,5,95,12,4,76,19,1,1
M11373,1989,Round 21,21,1989-07-09,Port Adelaide Power,West Coast Eagles,Adelaide Oval,SA,WA,1,6,7,13,0,78,13,2,80,-2,0,0
M11374,1989,Round 21,21,1989-07-11,Collingwood Magpies,Geelong Cats,MCG,VIC,VIC,0,7,8,14,4,88,16,3,99,-11,0,0
M11375,1989,Round 21,21,1989-07-13,Hawthorn Hawks,Brisbane Lions,MCG,VIC,QLD,1,7,9,16,3,99,16,1,97,2,1,1
M11376,1989,Round 21,21,1989-07-15,Melbourne Demons,Richmond Tigers,MCG,VIC,VIC,0,7,6,16,2,98,13,6,84,14,1,1
M11377,1989,Round 21,21,1989-07-17,North Melbourne Kangaroos,Western Bulldogs,Marvel Stadium,VIC,VIC,0,7,6,17,0,102,15,3,93,9,1,1
M11378,1989,Round 22,22,1989-08-01,Brisbane Lions,North Melbourne Kangaroos,Gabba,QLD,VIC,1,6,7,19,3,117,12,7,79,38,1,1
M11379,1989,Round 22,22,1989-08-03,Geelong Cats,Richmond Tigers,GMHBA Stadium,VIC,VIC,0,7,7,16,1,97,13,4,82,15,1,1
M11380,1989,Round 22,22,1989-08-05,Essendon Bombers,Sydney Swans,Marvel Stadium,VIC,NSW,1,7,7,16,3,99,15,2,92,7,1,1
M11381,1989,Round 22,22,1989-08-07,Fremantle Dockers,GWS Giants,Optus Stadium,WA,NSW,1,7,8,19,3,117,13,3,81,36,1,1
M11382,1989,Round 22,22,1989-08-09,Port Adelaide Power,Collingwood Magpies,Adelaide Oval,SA,VIC,1,7,7,14,6,90,14,9,93,-3,0,0
M11383,1989,Round 22,22,1989-08-11,West Coast Eagles,Hawthorn Hawks,Optus Stadium,WA,VIC,1,8,7,15,5,95,16,3,99,-4,0,0
M11384,1989,Round 22,22,1989-08-13,Gold Coast Suns,Carlton Blues,Heritage Bank Stadium,QLD,VIC,1,9,7,14,7,91,14,5,89,2,1,1
M11385,1989,Round 22,22,1989-08-15,Adelaide Crows,St Kilda Saints,Adelaide Oval,SA,VIC,1,7,7,13,2,80,14,7,91,-11,0,0
M11386,1989,Round 22,22,1989-08-17,Melbourne Demons,Western Bulldogs,MCG,VIC,VIC,0,8,6,15,1,91,17,1,103,-12,0,0
M11387,1990,Round 1,1,1990-05-01,GWS Giants,Western Bulldogs,GIANTS Stadium,NSW,VIC,1,7,6,15,6,96,13,4,82,14,1,1
M11388,1990,Round 1,1,1990-05-03,Collingwood Magpies,Adelaide Crows,MCG,VIC,SA,1,7,7,17,6,108,13,4,82,26,1,1
M11389,1990,Round 1,1,1990-05-05,Richmond Tigers,Gold Coast Suns,MCG,VIC,QLD,1,8,7,15,3,93,16,5,101,-8,0,0
M11390,1990,Round 1,1,1990-05-07,Carlton Blues,St Kilda Saints,Marvel Stadium,VIC,VIC,0,9,6,16,2,98,15,1,91,7,1,1
M11391,1990,Round 1,1,1990-05-09,Sydney Swans,Geelong Cats,SCG,NSW,VIC,1,7,6,16,4,100,18,3,111,-11,0,0
M11392,1990,Round 1,1,1990-05-11,Brisbane Lions,West Coast Eagles,Gabba,QLD,WA,1,6,8,16,0,96,14,3,87,9,1,1
M11393,1990,Round 1,1,1990-05-13,Fremantle Dockers,North Melbourne Kangaroos,Optus Stadium,WA,VIC,1,7,7,11,8,74,14,7,91,-17,0,0
M11394,1990,Round 1,1,1990-05-15,Melbourne Demons,Hawthorn Hawks,MCG,VIC,VIC,0,7,6,13,6,84,14,6,90,-6,0,0
M11395,1990,Round 1,1,1990-05-17,Port Adelaide Power,Essendon Bombers,Adelaide Oval,SA,VIC,1,6,8,15,2,92,13,6,84,8,1,1
M11396,1990,Round 2,2,1990-06-01,Melbourne Demons,Gold Coast Suns,MCG,VIC,QLD,1,7,7,14,8,92,12,0,72,20,1,1
M11397,1990,Round 2,2,1990-06-03,Collingwood Magpies,Port Adelaide Power,MCG,VIC,SA,1,6,7,16,3,99,10,2,62,37,1,1
M11398,1990,Round 2,2,1990-06-05,Sydney Swans,Fremantle Dockers,SCG,NSW,WA,1,7,9,14,5,89,12,6,78,11,1,1
M11399,1990,Round 2,2,1990-06-07,Adelaide Crows,Essendon Bombers,Adelaide Oval,SA,VIC,1,8,7,17,2,104,12,8,80,24,1,1
M11400,1990,Round 2,2,1990-06-09,Western Bulldogs,Hawthorn Hawks,Marvel Stadium,VIC,VIC,0,7,7,15,3,93,12,5,77,16,1,1
M11401,1990,Round 2,2,1990-06-11,West Coast Eagles,St Kilda Saints,Optus Stadium,WA,VIC,1,9,7,15,2,92,10,6,66,26,1,1
M11402,1990,Round 2,2,1990-06-13,Brisbane Lions,North Melbourne Kangaroos,Gabba,QLD,VIC,1,7,7,15,4,94,14,2,86,8,1,1
M11403,1990,Round 2,2,1990-06-15,Geelong Cats,Carlton Blues,GMHBA Stadium,VIC,VIC,0,8,8,14,8,92,14,6,90,2,1,1
M11404,1990,Round 2,2,1990-06-17,GWS Giants,Richmond Tigers,GIANTS Stadium,NSW,VIC,1,6,7,16,4,100,14,4,88,12,1,1
M11405,1990,Round 3,3,1990-07-01,Richmond Tigers,Port Adelaide Power,MCG,VIC,SA,1,7,9,17,0,102,16,4,100,2,1,1
M11406,1990,Round 3,3,1990-07-03,GWS Giants,Western Bulldogs,GIANTS Stadium,NSW,VIC,1,9,7,18,4,112,16,3,99,13,1,1
M11407,1990,Round 3,3,1990-07-05,Melbourne Demons,Sydney Swans,MCG,VIC,NSW,1,7,8,16,6,102,13,5,83,19,1,1
M11408,1990,Round 3,3,1990-07-07,St Kilda Saints,Geelong Cats,Marvel Stadium,VIC,VIC,0,8,8,14,6,90,11,3,69,21,1,1
M11409,1990,Round 3,3,1990-07-09,Essendon Bombers,Hawthorn Hawks,Marvel Stadium,VIC,VIC,0,8,8,16,4,100,14,4,88,12,1,1
M11410,1990,Round 3,3,1990-07-11,Collingwood Magpies,Fremantle Dockers,MCG,VIC,WA,1,8,7,14,6,90,14,4,88,2,1,1
M11411,1990,Round 3,3,1990-07-13,Brisbane Lions,West Coast Eagles,Gabba,QLD,WA,1,7,9,14,6,90,16,3,99,-9,0,0
M11412,1990,Round 3,3,1990-07-15,North Melbourne Kangaroos,Adelaide Crows,Marvel Stadium,VIC,SA,1,9,8,18,2,110,14,8,92,18,1,1
M11413,1990,Round 3,3,1990-07-17,Carlton Blues,Gold Coast Suns,Marvel Stadium,VIC,QLD,1,6,7,15,3,93,15,3,93,0,0,0
M11414,1990,Round 4,4,1990-08-01,Gold Coast Suns,St Kilda Saints,Heritage Bank Stadium,QLD,VIC,1,7,9,15,1,91,13,3,81,10,1,1
M11415,1990,Round 4,4,1990-08-03,Hawthorn Hawks,Sydney Swans,MCG,VIC,NSW,1,7,9,17,0,102,12,5,77,25,1,1
M11416,1990,Round 4,4,1990-08-05,Western Bulldogs,Richmond Tigers,Marvel Stadium,VIC,VIC,0,7,6,16,2,98,12,3,75,23,1,1
M11417,1990,Round 4,4,1990-08-07,Fremantle Dockers,Essendon Bombers,Optus Stadium,WA,VIC,1,7,9,14,1,85,12,9,81,4,1,1
M11418,1990,Round 4,4,1990-08-09,Port Adelaide Power,Adelaide Crows,Adelaide Oval,SA,SA,0,6,8,16,8,104,9,3,57,47,1,1
M11419,1990,Round 4,4,1990-08-11,Brisbane Lions,Collingwood Magpies,Gabba,QLD,VIC,1,7,8,14,1,85,15,3,93,-8,0,0
M11420,1990,Round 4,4,1990-08-13,North Melbourne Kangaroos,GWS Giants,Marvel Stadium,VIC,NSW,1,7,7,16,4,100,13,8,86,14,1,1
M11421,1990,Round 4,4,1990-08-15,Carlton Blues,West Coast Eagles,Marvel Stadium,VIC,WA,1,7,7,14,2,86,13,8,86,0,0,0
M11422,1990,Round 4,4,1990-08-17,Geelong Cats,Melbourne Demons,GMHBA Stadium,VIC,VIC,0,7,6,17,3,105,14,7,91,14,1,1
M11423,1990,Round 5,5,1990-09-01,Carlton Blues,Fremantle Dockers,Marvel Stadium,VIC,WA,1,9,8,14,4,88,12,0,72,16,1,1
M11424,1990,Round 5,5,1990-09-03,Hawthorn Hawks,Port Adelaide Power,MCG,VIC,SA,1,7,9,16,4,100,14,8,92,8,1,1
M11425,1990,Round 5,5,1990-09-05,GWS Giants,Sydney Swans,GIANTS Stadium,NSW,NSW,0,7,9,16,4,100,11,8,74,26,1,1
M11426,1990,Round 5,5,1990-09-07,Geelong Cats,Collingwood Magpies,GMHBA Stadium,VIC,VIC,0,7,7,13,5,83,12,6,78,5,1,1
M11427,1990,Round 5,5,1990-09-09,Melbourne Demons,St Kilda Saints,MCG,VIC,VIC,0,7,9,16,6,102,13,7,85,17,1,1
M11428,1990,Round 5,5,1990-09-11,Western Bulldogs,West Coast Eagles,Marvel Stadium,VIC,WA,1,7,9,13,4,82,15,4,94,-12,0,0
M11429,1990,Round 5,5,1990-09-13,Essendon Bombers,Adelaide Crows,Marvel Stadium,VIC,SA,1,6,8,18,2,110,16,4,100,10,1,1
M11430,1990,Round 5,5,1990-09-15,North Melbourne Kangaroos,Gold Coast Suns,Marvel Stadium,VIC,QLD,1,7,7,14,5,89,13,1,79,10,1,1
M11431,1990,Round 5,5,1990-09-17,Brisbane Lions,Richmond Tigers,Gabba,QLD,VIC,1,7,7,15,5,95,14,4,88,7,1,1
M11432,1990,Round 6,6,1990-04-01,Fremantle Dockers,GWS Giants,Optus Stadium,WA,NSW,1,6,6,14,3,87,14,5,89,-2,0,0
M11433,1990,Round 6,6,1990-04-03,Hawthorn Hawks,Western Bulldogs,MCG,VIC,VIC,0,8,7,14,9,93,14,6,90,3,1,1
M11434,1990,Round 6,6,1990-04-05,Port Adelaide Power,Richmond Tigers,Adelaide Oval,SA,VIC,1,7,7,16,1,97,13,2,80,17,1,1
M11435,1990,Round 6,6,1990-04-07,Brisbane Lions,Melbourne Demons,Gabba,QLD,VIC,1,7,8,17,3,105,12,7,79,26,1,1
M11436,1990,Round 6,6,1990-04-09,Collingwood Magpies,North Melbourne Kangaroos,MCG,VIC,VIC,0,9,8,13,8,86,14,7,91,-5,0,0
M11437,1990,Round 6,6,1990-04-11,West Coast Eagles,Gold Coast Suns,Optus Stadium,WA,QLD,1,6,6,15,7,97,13,4,82,15,1,1
M11438,1990,Round 6,6,1990-04-13,St Kilda Saints,Carlton Blues,Marvel Stadium,VIC,VIC,0,6,8,15,3,93,13,8,86,7,1,1
M11439,1990,Round 6,6,1990-04-15,Essendon Bombers,Adelaide Crows,Marvel Stadium,VIC,SA,1,9,8,17,2,104,14,4,88,16,1,1
M11440,1990,Round 6,6,1990-04-17,Sydney Swans,Geelong Cats,SCG,NSW,VIC,1,9,8,14,8,92,13,2,80,12,1,1
M11441,1990,Round 7,7,1990-05-01,GWS Giants,Hawthorn Hawks,GIANTS Stadium,NSW,VIC,1,7,9,17,3,105,13,7,85,20,1,1
M11442,1990,Round 7,7,1990-05-03,Collingwood Magpies,Sydney Swans,MCG,VIC,NSW,1,7,9,16,2,98,14,3,87,11,1,1
M11443,1990,Round 7,7,1990-05-05,Adelaide Crows,St Kilda Saints,Adelaide Oval,SA,VIC,1,7,8,14,5,89,14,2,86,3,1,1
M11444,1990,Round 7,7,1990-05-07,Brisbane Lions,Melbourne Demons,Gabba,QLD,VIC,1,8,6,13,7,85,14,4,88,-3,0,0
M11445,1990,Round 7,7,1990-05-09,Gold Coast Suns,North Melbourne Kangaroos,Heritage Bank Stadium,QLD,VIC,1,6,7,15,2,92,14,2,86,6,1,1
M11446,1990,Round 7,7,1990-05-11,West Coast Eagles,Richmond Tigers,Optus Stadium,WA,VIC,1,7,9,17,4,106,15,7,97,9,1,1
M11447,1990,Round 7,7,1990-05-13,Fremantle Dockers,Geelong Cats,Optus Stadium,WA,VIC,1,8,7,17,2,104,11,1,67,37,1,1
M11448,1990,Round 7,7,1990-05-15,Essendon Bombers,Carlton Blues,Marvel Stadium,VIC,VIC,0,7,7,15,6,96,16,3,99,-3,0,0
M11449,1990,Round 7,7,1990-05-17,Port Adelaide Power,Western Bulldogs,Adelaide Oval,SA,VIC,1,7,7,17,5,107,18,1,109,-2,0,0
M11450,1990,Round 8,8,1990-06-01,Carlton Blues,Richmond Tigers,Marvel Stadium,VIC,VIC,0,8,9,17,7,109,14,2,86,23,1,1
M11451,1990,Round 8,8,1990-06-03,Melbourne Demons,Adelaide Crows,MCG,VIC,SA,1,7,6,17,7,109,13,7,85,24,1,1
M11452,1990,Round 8,8,1990-06-05,Collingwood Magpies,Gold Coast Suns,MCG,VIC,QLD,1,9,8,15,4,94,13,7,85,9,1,1
M11453,1990,Round 8,8,1990-06-07,Essendon Bombers,Geelong Cats,Marvel Stadium,VIC,VIC,0,7,7,17,2,104,15,5,95,9,1,1
M11454,1990,Round 8,8,1990-06-09,Sydney Swans,Fremantle Dockers,SCG,NSW,WA,1,7,9,15,3,93,11,0,66,27,1,1
M11455,1990,Round 8,8,1990-06-11,St Kilda Saints,Brisbane Lions,Marvel Stadium,VIC,QLD,1,7,6,16,4,100,11,8,74,26,1,1
M11456,1990,Round 8,8,1990-06-13,Western Bulldogs,North Melbourne Kangaroos,Marvel Stadium,VIC,VIC,0,8,8,14,3,87,9,5,59,28,1,1
M11457,1990,Round 8,8,1990-06-15,GWS Giants,West Coast Eagles,GIANTS Stadium,NSW,WA,1,6,7,13,3,81,15,4,94,-13,0,0
M11458,1990,Round 8,8,1990-06-17,Port Adelaide Power,Hawthorn Hawks,Adelaide Oval,SA,VIC,1,8,7,16,6,102,14,2,86,16,1,1
M11459,1990,Round 9,9,1990-07-01,Geelong Cats,Fremantle Dockers,GMHBA Stadium,VIC,WA,1,7,7,15,7,97,16,5,101,-4,0,0
M11460,1990,Round 9,9,1990-07-03,Richmond Tigers,Essendon Bombers,MCG,VIC,VIC,0,6,6,15,5,95,16,3,99,-4,0,0
M11461,1990,Round 9,9,1990-07-05,Melbourne Demons,Adelaide Crows,MCG,VIC,SA,1,7,6,18,5,113,16,1,97,16,1,1
M11462,1990,Round 9,9,1990-07-07,Port Adelaide Power,GWS Giants,Adelaide Oval,SA,NSW,1,7,7,17,3,105,12,6,78,27,1,1
M11463,1990,Round 9,9,1990-07-09,Hawthorn Hawks,St Kilda Saints,MCG,VIC,VIC,0,6,7,14,1,85,13,4,82,3,1,1
M11464,1990,Round 9,9,1990-07-11,West Coast Eagles,Collingwood Magpies,Optus Stadium,WA,VIC,1,9,7,19,5,119,12,6,78,41,1,1
M11465,1990,Round 9,9,1990-07-13,Brisbane Lions,North Melbourne Kangaroos,Gabba,QLD,VIC,1,7,9,16,3,99,13,5,83,16,1,1
M11466,1990,Round 9,9,1990-07-15,Western Bulldogs,Gold Coast Suns,Marvel Stadium,VIC,QLD,1,6,7,14,3,87,13,2,80,7,1,1
M11467,1990,Round 9,9,1990-07-17,Sydney Swans,Carlton Blues,SCG,NSW,VIC,1,8,7,16,4,100,14,5,89,11,1,1
M11468,1990,Round 10,10,1990-08-01,Sydney Swans,West Coast Eagles,SCG,NSW,WA,1,7,7,16,0,96,12,3,75,21,1,1
M11469,1990,Round 10,10,1990-08-03,Essendon Bombers,Port Adelaide Power,Marvel Stadium,VIC,SA,1,8,7,17,4,106,13,3,81,25,1,1
M11470,1990,Round 10,10,1990-08-05,North Melbourne Kangaroos,Brisbane Lions,Marvel Stadium,VIC,QLD,1,6,6,14,1,85,17,4,106,-21,0,0
M11471,1990,Round 10,10,1990-08-07,Gold Coast Suns,Richmond Tigers,Heritage Bank Stadium,QLD,VIC,1,7,7,14,7,91,14,2,86,5,1,1
M11472,1990,Round 10,10,1990-08-09,GWS Giants,Carlton Blues,GIANTS Stadium,NSW,VIC,1,9,7,13,5,83,14,7,91,-8,0,0
M11473,1990,Round 10,10,1990-08-11,Melbourne Demons,St Kilda Saints,MCG,VIC,VIC,0,7,7,17,5,107,15,3,93,14,1,1
M11474,1990,Round 10,10,1990-08-13,Adelaide Crows,Fremantle Dockers,Adelaide Oval,SA,WA,1,8,7,15,6,96,15,3,93,3,1,1
M11475,1990,Round 10,10,1990-08-15,Hawthorn Hawks,Western Bulldogs,MCG,VIC,VIC,0,6,9,14,0,84,14,2,86,-2,0,0
M11476,1990,Round 10,10,1990-08-17,Geelong Cats,Collingwood Magpies,GMHBA Stadium,VIC,VIC,0,8,7,14,6,90,17,7,109,-19,0,0
M11477,1990,Round 11,11,1990-09-01,Fremantle Dockers,Essendon Bombers,Optus Stadium,WA,VIC,1,7,8,18,9,117,16,1,97,20,1,1
M11478,1990,Round 11,11,1990-09-03,Brisbane Lions,Western Bulldogs,Gabba,QLD,VIC,1,9,9,16,3,99,14,2,86,13,1,1
M11479,1990,Round 11,11,1990-09-05,Carlton Blues,North Melbourne Kangaroos,Marvel Stadium,VIC,VIC,0,7,7,14,5,89,12,5,77,12,1,1
M11480,1990,Round 11,11,1990-09-07,St Kilda Saints,Adelaide Crows,Marvel Stadium,VIC,SA,1,6,9,16,4,100,11,5,71,29,1,1
M11481,1990,Round 11,11,1990-09-09,Richmond Tigers,Melbourne Demons,MCG,VIC,VIC,0,7,7,16,2,98,14,5,89,9,1,1
M11482,1990,Round 11,11,1990-09-11,Collingwood Magpies,Port Adelaide Power,MCG,VIC,SA,1,6,9,14,8,92,14,6,90,2,1,1
M11483,1990,Round 11,11,1990-09-13,Gold Coast Suns,Sydney Swans,Heritage Bank Stadium,QLD,NSW,1,9,9,15,0,90,13,3,81,9,1,1
M11484,1990,Round 11,11,1990-09-15,Geelong Cats,GWS Giants,GMHBA Stadium,VIC,NSW,1,7,9,14,4,88,13,3,81,7,1,1
M11485,1990,Round 11,11,1990-09-17,Hawthorn Hawks,West Coast Eagles,MCG,VIC,WA,1,7,7,13,8,86,13,2,80,6,1,1
M11486,1990,Round 12,12,1990-04-01,Port Adelaide Power,Hawthorn Hawks,Adelaide Oval,SA,VIC,1,7,7,17,1,103,12,5,77,26,1,1
M11487,1990,Round 12,12,1990-04-03,Gold Coast Suns,Carlton Blues,Heritage Bank Stadium,QLD,VIC,1,6,7,15,2,92,14,5,89,3,1,1
M11488,1990,Round 12,12,1990-04-05,Essendon Bombers,Melbourne Demons,Marvel Stadium,VIC,VIC,0,9,8,15,6,96,16,8,104,-8,0,0
M11489,1990,Round 12,12,1990-04-07,Adelaide Crows,Fremantle Dockers,Adelaide Oval,SA,WA,1,7,7,19,5,119,11,5,71,48,1,1
M11490,1990,Round 12,12,1990-04-09,Richmond Tigers,Sydney Swans,MCG,VIC,NSW,1,8,7,15,5,95,11,7,73,22,1,1
M11491,1990,Round 12,12,1990-04-11,GWS Giants,Collingwood Magpies,GIANTS Stadium,NSW,VIC,1,7,9,18,2,110,12,2,74,36,1,1
M11492,1990,Round 12,12,1990-04-13,North Melbourne Kangaroos,Western Bulldogs,Marvel Stadium,VIC,VIC,0,7,6,14,5,89,14,8,92,-3,0,0
M11493,1990,Round 12,12,1990-04-15,Brisbane Lions,West Coast Eagles,Gabba,QLD,WA,1,9,9,15,3,93,18,6,114,-21,0,0
M11494,1990,Round 12,12,1990-04-17,Geelong Cats,St Kilda Saints,GMHBA Stadium,VIC,VIC,0,7,7,16,5,101,16,6,102,-1,0,0
M11495,1990,Round 13,13,1990-05-01,Sydney Swans,Adelaide Crows,SCG,NSW,SA,1,9,7,16,3,99,13,7,85,14,1,1
M11496,1990,Round 13,13,1990-05-03,St Kilda Saints,Carlton Blues,Marvel Stadium,VIC,VIC,0,7,6,16,5,101,16,4,100,1,1,1
M11497,1990,Round 13,13,1990-05-05,Richmond Tigers,GWS Giants,MCG,VIC,NSW,1,9,7,15,7,97,12,5,77,20,1,1
M11498,1990,Round 13,13,1990-05-07,Collingwood Magpies,Hawthorn Hawks,MCG,VIC,VIC,0,7,6,15,8,98,12,4,76,22,1,1
M11499,1990,Round 13,13,1990-05-09,Melbourne Demons,Port Adelaide Power,MCG,VIC,SA,1,6,7,14,7,91,13,7,85,6,1,1
M11500,1990,Round 13,13,1990-05-11,Gold Coast Suns,Brisbane Lions,Heritage Bank Stadium,QLD,QLD,0,7,6,16,4,100,13,6,84,16,1,1
M11501,1990,Round 13,13,1990-05-13,West Coast Eagles,Fremantle Dockers,Optus Stadium,WA,WA,0,6,6,15,3,93,15,9,99,-6,0,0
M11502,1990,Round 13,13,1990-05-15,Geelong Cats,North Melbourne Kangaroos,GMHBA Stadium,VIC,VIC,0,7,7,15,2,92,15,4,94,-2,0,0
M11503,1990,Round 13,13,1990-05-17,Western Bulldogs,Essendon Bombers,Marvel Stadium,VIC,VIC,0,7,7,16,6,102,11,8,74,28,1,1
M11504,1990,Round 14,14,1990-06-01,GWS Giants,St Kilda Saints,GIANTS Stadium,NSW,VIC,1,8,7,14,3,87,14,3,87,0,0,0
M11505,1990,Round 14,14,1990-06-03,Sydney Swans,Hawthorn Hawks,SCG,NSW,VIC,1,7,9,16,3,99,11,4,70,29,1,1
M11506,1990,Round 14,14,1990-06-05,West Coast Eagles,Essendon Bombers,Optus Stadium,WA,VIC,1,9,7,15,4,94,14,7,91,3,1,1
M11507,1990,Round 14,14,1990-06-07,Brisbane Lions,Melbourne Demons,Gabba,QLD,VIC,1,7,7,15,3,93,14,3,87,6,1,1
M11508,1990,Round 14,14,1990-06-09,Carlton Blues,Fremantle Dockers,Marvel Stadium,VIC,WA,1,6,7,17,3,105,15,3,93,12,1,1
M11509,1990,Round 14,14,1990-06-11,Geelong Cats,Richmond Tigers,GMHBA Stadium,VIC,VIC,0,7,6,14,6,90,14,6,90,0,0,0
M11510,1990,Round 14,14,1990-06-13,Port Adelaide Power,Western Bulldogs,Adelaide Oval,SA,VIC,1,6,7,13,7,85,9,6,60,25,1,1
M11511,1990,Round 14,14,1990-06-15,Adelaide Crows,North Melbourne Kangaroos,Adelaide Oval,SA,VIC,1,6,8,15,8,98,13,8,86,12,1,1
M11512,1990,Round 14,14,1990-06-17,Gold Coast Suns,Collingwood Magpies,Heritage Bank Stadium,QLD,VIC,1,8,7,14,7,91,13,4,82,9,1,1
M11513,1990,Round 15,15,1990-07-01,Brisbane Lions,Hawthorn Hawks,Gabba,QLD,VIC,1,9,9,15,6,96,15,2,92,4,1,1
M11514,1990,Round 15,15,1990-07-03,St Kilda Saints,Sydney Swans,Marvel Stadium,VIC,NSW,1,9,7,17,2,104,14,2,86,18,1,1
M11515,1990,Round 15,15,1990-07-05,Richmond Tigers,GWS Giants,MCG,VIC,NSW,1,7,6,14,0,84,15,2,92,-8,0,0
M11516,1990,Round 15,15,1990-07-07,Geelong Cats,Gold Coast Suns,GMHBA Stadium,VIC,QLD,1,7,7,17,7,109,13,7,85,24,1,1
M11517,1990,Round 15,15,1990-07-09,Collingwood Magpies,West Coast Eagles,MCG,VIC,WA,1,6,7,15,4,94,11,5,71,23,1,1
M11518,1990,Round 15,15,1990-07-11,Port Adelaide Power,North Melbourne Kangaroos,Adelaide Oval,SA,VIC,1,9,7,16,3,99,14,1,85,14,1,1
M11519,1990,Round 15,15,1990-07-13,Melbourne Demons,Essendon Bombers,MCG,VIC,VIC,0,9,8,16,2,98,16,3,99,-1,0,0
M11520,1990,Round 15,15,1990-07-15,Fremantle Dockers,Carlton Blues,Optus Stadium,WA,VIC,1,9,7,16,5,101,14,4,88,13,1,1
M11521,1990,Round 15,15,1990-07-17,Western Bulldogs,Adelaide Crows,Marvel Stadium,VIC,SA,1,7,7,18,6,114,13,3,81,33,1,1
M11522,1990,Round 16,16,1990-08-01,Essendon Bombers,Geelong Cats,Marvel Stadium,VIC,VIC,0,7,7,12,7,79,16,1,97,-18,0,0
M11523,1990,Round 16,16,1990-08-03,Port Adelaide Power,Adelaide Crows,Adelaide Oval,SA,SA,0,7,6,14,4,88,16,6,102,-14,0,0
M11524,1990,Round 16,16,1990-08-05,Brisbane Lions,Richmond Tigers,Gabba,QLD,VIC,1,7,8,18,0,108,11,5,71,37,1,1
M11525,1990,Round 16,16,1990-08-07,Western Bulldogs,Carlton Blues,Marvel Stadium,VIC,VIC,0,7,8,14,3,87,11,3,69,18,1,1
M11526,1990,Round 16,16,1990-08-09,GWS Giants,Fremantle Dockers,GIANTS Stadium,NSW,WA,1,8,9,16,2,98,13,6,84,14,1,1
M11527,1990,Round 16,16,1990-08-11,Sydney Swans,North Melbourne Kangaroos,SCG,NSW,VIC,1,9,7,15,4,94,14,5,89,5,1,1
M11528,1990,Round 16,16,1990-08-13,West Coast Eagles,Collingwood Magpies,Optus Stadium,WA,VIC,1,7,7,15,4,94,16,2,98,-4,0,0
M11529,1990,Round 16,16,1990-08-15,St Kilda Saints,Gold Coast Suns,Marvel Stadium,VIC,QLD,1,9,7,15,2,92,16,5,101,-9,0,0
M11530,1990,Round 16,16,1990-08-17,Hawthorn Hawks,Melbourne Demons,MCG,VIC,VIC,0,7,9,20,7,127,12,3,75,52,1,1
M11531,1990,Round 17,17,1990-09-01,Geelong Cats,Melbourne Demons,GMHBA Stadium,VIC,VIC,0,9,7,14,6,90,13,4,82,8,1,1
M11532,1990,Round 17,17,1990-09-03,Hawthorn Hawks,Western Bulldogs,MCG,VIC,VIC,0,7,7,15,5,95,12,7,79,16,1,1
M11533,1990,Round 17,17,1990-09-05,Brisbane Lions,Sydney Swans,Gabba,QLD,NSW,1,7,7,16,4,100,13,3,81,19,1,1
M11534,1990,Round 17,17,1990-09-07,Gold Coast Suns,St Kilda Saints,Heritage Bank Stadium,QLD,VIC,1,7,9,13,5,83,14,6,90,-7,0,0
M11535,1990,Round 17,17,1990-09-09,Collingwood Magpies,GWS Giants,MCG,VIC,NSW,1,7,8,16,5,101,13,8,86,15,1,1
M11536,1990,Round 17,17,1990-09-11,North Melbourne Kangaroos,Carlton Blues,Marvel Stadium,VIC,VIC,0,7,7,16,4,100,14,8,92,8,1,1
M11537,1990,Round 17,17,1990-09-13,Essendon Bombers,Richmond Tigers,Marvel Stadium,VIC,VIC,0,7,6,16,2,98,13,5,83,15,1,1
M11538,1990,Round 17,17,1990-09-15,West Coast Eagles,Port Adelaide Power,Optus Stadium,WA,SA,1,6,9,16,2,98,13,6,84,14,1,1
M11539,1990,Round 17,17,1990-09-17,Fremantle Dockers,Adelaide Crows,Optus Stadium,WA,SA,1,6,8,16,6,102,16,5,101,1,1,1
M11540,1990,Round 18,18,1990-04-01,Carlton Blues,Western Bulldogs,Marvel Stadium,VIC,VIC,0,8,7,17,4,106,14,6,90,16,1,1
M11541,1990,Round 18,18,1990-04-03,Port Adelaide Power,St Kilda Saints,Adelaide Oval,SA,VIC,1,8,7,12,6,78,13,4,82,-4,0,0
M11542,1990,Round 18,18,1990-04-05,Sydney Swans,Brisbane Lions,SCG,NSW,QLD,1,9,7,13,7,85,11,7,73,12,1,1
M11543,1990,Round 18,18,1990-04-07,Fremantle Dockers,Gold Coast Suns,Optus Stadium,WA,QLD,1,7,7,18,4,112,12,4,76,36,1,1
M11544,1990,Round 18,18,1990-04-09,West Coast Eagles,Adelaide Crows,Optus Stadium,WA,SA,1,7,8,17,5,107,12,6,78,29,1,1
M11545,1990,Round 18,18,1990-04-11,Geelong Cats,North Melbourne Kangaroos,GMHBA Stadium,VIC,VIC,0,9,7,14,2,86,13,6,84,2,1,1
M11546,1990,Round 18,18,1990-04-13,Melbourne Demons,GWS Giants,MCG,VIC,NSW,1,7,8,15,8,98,17,3,105,-7,0,0
M11547,1990,Round 18,18,1990-04-15,Hawthorn Hawks,Collingwood Magpies,MCG,VIC,VIC,0,8,7,14,1,85,13,2,80,5,1,1
M11548,1990,Round 18,18,1990-04-17,Richmond Tigers,Essendon Bombers,MCG,VIC,VIC,0,7,7,16,4,100,15,4,94,6,1,1
M11549,1990,Round 19,19,1990-05-01,Port Adelaide Power,Richmond Tigers,Adelaide Oval,SA,VIC,1,7,7,14,6,90,12,7,79,11,1,1
M11550,1990,Round 19,19,1990-05-03,Hawthorn Hawks,Collingwood Magpies,MCG,VIC,VIC,0,6,7,18,3,111,12,5,77,34,1,1
M11551,1990,Round 19,19,1990-05-05,Fremantle Dockers,St Kilda Saints,Optus Stadium,WA,VIC,1,6,8,18,7,115,12,1,73,42,1,1
M11552,1990,Round 19,19,1990-05-07,Geelong Cats,North Melbourne Kangaroos,GMHBA Stadium,VIC,VIC,0,7,7,16,5,101,14,7,91,10,1,1
M11553,1990,Round 19,19,1990-05-09,Melbourne Demons,GWS Giants,MCG,VIC,NSW,1,7,9,13,4,82,12,5,77,5,1,1
M11554,1990,Round 19,19,1990-05-11,Sydney Swans,Brisbane Lions,SCG,NSW,QLD,1,7,7,17,4,106,12,7,79,27,1,1
M11555,1990,Round 19,19,1990-05-13,Adelaide Crows,Gold Coast Suns,Adelaide Oval,SA,QLD,1,7,9,15,6,96,14,5,89,7,1,1
M11556,1990,Round 19,19,1990-05-15,Essendon Bombers,Carlton Blues,Marvel Stadium,VIC,VIC,0,7,6,17,6,108,12,2,74,34,1,1
M11557,1990,Round 19,19,1990-05-17,Western Bulldogs,West Coast Eagles,Marvel Stadium,VIC,WA,1,7,6,13,3,81,16,1,97,-16,0,0
M11558,1990,Round 20,20,1990-06-01,Port Adelaide Power,West Coast Eagles,Adelaide Oval,SA,WA,1,7,8,17,2,104,14,8,92,12,1,1
M11559,1990,Round 20,20,1990-06-03,Hawthorn Hawks,St Kilda Saints,MCG,VIC,VIC,0,8,7,15,7,97,14,4,88,9,1,1
M11560,1990,Round 20,20,1990-06-05,Richmond Tigers,Brisbane Lions,MCG,VIC,QLD,1,7,9,13,6,84,10,4,64,20,1,1
M11561,1990,Round 20,20,1990-06-07,Melbourne Demons,Carlton Blues,MCG,VIC,VIC,0,6,9,14,6,90,14,2,86,4,1,1
M11562,1990,Round 20,20,1990-06-09,Western Bulldogs,Geelong Cats,Marvel Stadium,VIC,VIC,0,7,6,14,6,90,14,4,88,2,1,1
M11563,1990,Round 20,20,1990-06-11,Gold Coast Suns,GWS Giants,Heritage Bank Stadium,QLD,NSW,1,7,7,15,7,97,14,2,86,11,1,1
M11564,1990,Round 20,20,1990-06-13,North Melbourne Kangaroos,Adelaide Crows,Marvel Stadium,VIC,SA,1,7,6,16,7,103,13,6,84,19,1,1
M11565,1990,Round 20,20,1990-06-15,Essendon Bombers,Fremantle Dockers,Marvel Stadium,VIC,WA,1,6,7,16,2,98,11,0,66,32,1,1
M11566,1990,Round 20,20,1990-06-17,Sydney Swans,Collingwood Magpies,SCG,NSW,VIC,1,7,9,14,8,92,13,1,79,13,1,1
M11567,1990,Round 21,21,1990-07-01,Carlton Blues,Melbourne Demons,Marvel Stadium,VIC,VIC,0,7,7,13,2,80,14,4,88,-8,0,0
M11568,1990,Round 21,21,1990-07-03,Hawthorn Hawks,GWS Giants,MCG,VIC,NSW,1,7,6,15,6,96,14,8,92,4,1,1
M11569,1990,Round 21,21,1990-07-05,St Kilda Saints,Western Bulldogs,Marvel Stadium,VIC,VIC,0,7,7,18,2,110,15,2,92,18,1,1
M11570,1990,Round 21,21,1990-07-07,Geelong Cats,Brisbane Lions,GMHBA Stadium,VIC,QLD,1,7,9,16,3,99,15,5,95,4,1,1
M11571,1990,Round 21,21,1990-07-09,Sydney Swans,Essendon Bombers,SCG,NSW,VIC,1,7,6,16,7,103,12,2,74,29,1,1
M11572,1990,Round 21,21,1990-07-11,Port Adelaide Power,Adelaide Crows,Adelaide Oval,SA,SA,0,8,7,14,4,88,11,5,71,17,1,1
M11573,1990,Round 21,21,1990-07-13,West Coast Eagles,Fremantle Dockers,Optus Stadium,WA,WA,0,7,7,14,3,87,16,5,101,-14,0,0
M11574,1990,Round 21,21,1990-07-15,Richmond Tigers,Gold Coast Suns,MCG,VIC,QLD,1,7,7,12,8,80,17,5,107,-27,0,0
M11575,1990,Round 21,21,1990-07-17,North Melbourne Kangaroos,Collingwood Magpies,Marvel Stadium,VIC,VIC,0,7,8,18,4,112,14,7,91,21,1,1
M11576,1990,Round 22,22,1990-08-01,West Coast Eagles,North Melbourne Kangaroos,Optus Stadium,WA,VIC,1,7,8,14,4,88,15,3,93,-5,0,0
M11577,1990,Round 22,22,1990-08-03,Sydney Swans,GWS Giants,SCG,NSW,NSW,0,7,8,15,3,93,14,3,87,6,1,1
M11578,1990,Round 22,22,1990-08-05,Port Adelaide Power,Brisbane Lions,Adelaide Oval,SA,QLD,1,7,8,13,2,80,14,9,93,-13,0,0
M11579,1990,Round 22,22,1990-08-07,Carlton Blues,Essendon Bombers,Marvel Stadium,VIC,VIC,0,8,6,16,0,96,15,5,95,1,1,1
M11580,1990,Round 22,22,1990-08-09,Collingwood Magpies,Richmond Tigers,MCG,VIC,VIC,0,7,9,13,9,87,13,7,85,2,1,1
M11581,1990,Round 22,22,1990-08-11,Adelaide Crows,Hawthorn Hawks,Adelaide Oval,SA,VIC,1,7,7,14,8,92,12,4,76,16,1,1
M11582,1990,Round 22,22,1990-08-13,Gold Coast Suns,St Kilda Saints,Heritage Bank Stadium,QLD,VIC,1,8,7,17,2,104,13,4,82,22,1,1
M11583,1990,Round 22,22,1990-08-15,Western Bulldogs,Fremantle Dockers,Marvel Stadium,VIC,WA,1,9,6,14,4,88,13,9,87,1,1,1
M11584,1990,Round 22,22,1990-08-17,Melbourne Demons,Geelong Cats,MCG,VIC,VIC,0,6,9,15,8,98,13,5,83,15,1,1
M11585,1991,Round 1,1,1991-05-01,Port Adelaide Power,St Kilda Saints,Adelaide Oval,SA,VIC,1,7,7,16,6,102,13,3,81,21,1,1
M11586,1991,Round 1,1,1991-05-03,Brisbane Lions,Carlton Blues,Gabba,QLD,VIC,1,9,9,14,8,92,13,3,81,11,1,1
M11587,1991,Round 1,1,1991-05-05,Western Bulldogs,Sydney Swans,Marvel Stadium,VIC,NSW,1,6,7,13,6,84,14,1,85,-1,0,0
M11588,1991,Round 1,1,1991-05-07,Richmond Tigers,Fremantle Dockers,MCG,VIC,WA,1,6,6,14,1,85,15,2,92,-7,0,0
M11589,1991,Round 1,1,1991-05-09,GWS Giants,Geelong Cats,GIANTS Stadium,NSW,VIC,1,7,8,14,8,92,10,7,67,25,1,1
M11590,1991,Round 1,1,1991-05-11,North Melbourne Kangaroos,Melbourne Demons,Marvel Stadium,VIC,VIC,0,9,7,16,6,102,13,7,85,17,1,1
M11591,1991,Round 1,1,1991-05-13,Collingwood Magpies,West Coast Eagles,MCG,VIC,WA,1,8,7,15,4,94,11,4,70,24,1,1
M11592,1991,Round 1,1,1991-05-15,Essendon Bombers,Gold Coast Suns,Marvel Stadium,VIC,QLD,1,7,7,16,7,103,14,6,90,13,1,1
M11593,1991,Round 1,1,1991-05-17,Hawthorn Hawks,Adelaide Crows,MCG,VIC,SA,1,7,6,18,4,112,17,5,107,5,1,1
M11594,1991,Round 2,2,1991-06-01,West Coast Eagles,St Kilda Saints,Optus Stadium,WA,VIC,1,9,6,15,3,93,13,8,86,7,1,1
M11595,1991,Round 2,2,1991-06-03,Collingwood Magpies,North Melbourne Kangaroos,MCG,VIC,VIC,0,7,6,15,7,97,15,0,90,7,1,1
M11596,1991,Round 2,2,1991-06-05,Hawthorn Hawks,Port Adelaide Power,MCG,VIC,SA,1,7,9,14,5,89,12,5,77,12,1,1
M11597,1991,Round 2,2,1991-06-07,Gold Coast Suns,Fremantle Dockers,Heritage Bank Stadium,QLD,WA,1,9,7,14,4,88,13,5,83,5,1,1
M11598,1991,Round 2,2,1991-06-09,Western Bulldogs,Adelaide Crows,Marvel Stadium,VIC,SA,1,7,9,15,7,97,14,6,90,7,1,1
M11599,1991,Round 2,2,1991-06-11,Geelong Cats,GWS Giants,GMHBA Stadium,VIC,NSW,1,6,8,15,5,95,14,1,85,10,1,1
M11600,1991,Round 2,2,1991-06-13,Brisbane Lions,Sydney Swans,Gabba,QLD,NSW,1,6,9,13,2,80,15,0,90,-10,0,0
M11601,1991,Round 2,2,1991-06-15,Richmond Tigers,Essendon Bombers,MCG,VIC,VIC,0,7,7,18,8,116,14,3,87,29,1,1
M11602,1991,Round 2,2,1991-06-17,Carlton Blues,Melbourne Demons,Marvel Stadium,VIC,VIC,0,9,7,14,3,87,13,4,82,5,1,1
M11603,1991,Round 3,3,1991-07-01,Hawthorn Hawks,Geelong Cats,MCG,VIC,VIC,0,7,7,17,6,108,13,5,83,25,1,1
M11604,1991,Round 3,3,1991-07-03,West Coast Eagles,Gold Coast Suns,Optus Stadium,WA,QLD,1,7,6,14,2,86,12,3,75,11,1,1
M11605,1991,Round 3,3,1991-07-05,Essendon Bombers,St Kilda Saints,Marvel Stadium,VIC,VIC,0,6,7,19,2,116,12,2,74,42,1,1
M11606,1991,Round 3,3,1991-07-07,Sydney Swans,Port Adelaide Power,SCG,NSW,SA,1,9,6,17,2,104,12,6,78,26,1,1
M11607,1991,Round 3,3,1991-07-09,North Melbourne Kangaroos,Melbourne Demons,Marvel Stadium,VIC,VIC,0,7,6,16,5,101,14,8,92,9,1,1
M11608,1991,Round 3,3,1991-07-11,Carlton Blues,Fremantle Dockers,Marvel Stadium,VIC,WA,1,8,7,14,4,88,12,4,76,12,1,1
M11609,1991,Round 3,3,1991-07-13,Brisbane Lions,Western Bulldogs,Gabba,QLD,VIC,1,7,9,16,8,104,15,4,94,10,1,1
M11610,1991,Round 3,3,1991-07-15,Adelaide Crows,Richmond Tigers,Adelaide Oval,SA,VIC,1,7,9,19,4,118,15,8,98,20,1,1
M11611,1991,Round 3,3,1991-07-17,Collingwood Magpies,GWS Giants,MCG,VIC,NSW,1,9,7,13,6,84,11,5,71,13,1,1
M11612,1991,Round 4,4,1991-08-01,North Melbourne Kangaroos,Richmond Tigers,Marvel Stadium,VIC,VIC,0,8,7,16,5,101,15,3,93,8,1,1
M11613,1991,Round 4,4,1991-08-03,Essendon Bombers,GWS Giants,Marvel Stadium,VIC,NSW,1,7,8,16,3,99,15,5,95,4,1,1
M11614,1991,Round 4,4,1991-08-05,Fremantle Dockers,Geelong Cats,Optus Stadium,WA,VIC,1,9,6,14,7,91,15,4,94,-3,0,0
M11615,1991,Round 4,4,1991-08-07,Brisbane Lions,Hawthorn Hawks,Gabba,QLD,VIC,1,8,9,18,6,114,15,9,99,15,1,1
M11616,1991,Round 4,4,1991-08-09,Collingwood Magpies,West Coast Eagles,MCG,VIC,WA,1,6,9,18,4,112,13,2,80,32,1,1
M11617,1991,Round 4,4,1991-08-11,Carlton Blues,Sydney Swans,Marvel Stadium,VIC,NSW,1,6,6,14,7,91,15,5,95,-4,0,0
M11618,1991,Round 4,4,1991-08-13,Gold Coast Suns,Western Bulldogs,Heritage Bank Stadium,QLD,VIC,1,6,8,15,5,95,10,4,64,31,1,1
M11619,1991,Round 4,4,1991-08-15,Adelaide Crows,Melbourne Demons,Adelaide Oval,SA,VIC,1,7,9,14,4,88,13,7,85,3,1,1
M11620,1991,Round 4,4,1991-08-17,Port Adelaide Power,St Kilda Saints,Adelaide Oval,SA,VIC,1,6,7,16,5,101,10,6,66,35,1,1
M11621,1991,Round 5,5,1991-09-01,North Melbourne Kangaroos,Geelong Cats,Marvel Stadium,VIC,VIC,0,8,7,18,2,110,13,3,81,29,1,1
M11622,1991,Round 5,5,1991-09-03,Richmond Tigers,Essendon Bombers,MCG,VIC,VIC,0,7,6,14,5,89,13,6,84,5,1,1
M11623,1991,Round 5,5,1991-09-05,Hawthorn Hawks,Western Bulldogs,MCG,VIC,VIC,0,7,9,13,7,85,14,8,92,-7,0,0
M11624,1991,Round 5,5,1991-09-07,GWS Giants,Carlton Blues,GIANTS Stadium,NSW,VIC,1,7,7,16,5,101,13,3,81,20,1,1
M11625,1991,Round 5,5,1991-09-09,Melbourne Demons,St Kilda Saints,MCG,VIC,VIC,0,7,8,17,3,105,16,6,102,3,1,1
M11626,1991,Round 5,5,1991-09-11,Sydney Swans,Port Adelaide Power,SCG,NSW,SA,1,7,7,15,6,96,14,9,93,3,1,1
M11627,1991,Round 5,5,1991-09-13,Gold Coast Suns,Adelaide Crows,Heritage Bank Stadium,QLD,SA,1,7,8,13,4,82,11,1,67,15,1,1
M11628,1991,Round 5,5,1991-09-15,Collingwood Magpies,Brisbane Lions,MCG,VIC,QLD,1,6,6,14,2,86,16,2,98,-12,0,0
M11629,1991,Round 5,5,1991-09-17,West Coast Eagles,Fremantle Dockers,Optus Stadium,WA,WA,0,7,6,14,6,90,17,6,108,-18,0,0
M11630,1991,Round 6,6,1991-04-01,Essendon Bombers,Geelong Cats,Marvel Stadium,VIC,VIC,0,6,9,14,4,88,12,6,78,10,1,1
M11631,1991,Round 6,6,1991-04-03,Western Bulldogs,Adelaide Crows,Marvel Stadium,VIC,SA,1,7,8,17,9,111,14,2,86,25,1,1
M11632,1991,Round 6,6,1991-04-05,St Kilda Saints,Brisbane Lions,Marvel Stadium,VIC,QLD,1,8,7,17,2,104,10,7,67,37,1,1
M11633,1991,Round 6,6,1991-04-07,Port Adelaide Power,West Coast Eagles,Adelaide Oval,SA,WA,1,8,6,16,5,101,16,1,97,4,1,1
M11634,1991,Round 6,6,1991-04-09,Gold Coast Suns,Sydney Swans,Heritage Bank Stadium,QLD,NSW,1,7,8,16,3,99,12,3,75,24,1,1
M11635,1991,Round 6,6,1991-04-11,GWS Giants,Fremantle Dockers,GIANTS Stadium,NSW,WA,1,8,6,17,3,105,13,7,85,20,1,1
M11636,1991,Round 6,6,1991-04-13,Carlton Blues,Hawthorn Hawks,Marvel Stadium,VIC,VIC,0,7,7,17,2,104,16,4,100,4,1,1
M11637,1991,Round 6,6,1991-04-15,Melbourne Demons,Collingwood Magpies,MCG,VIC,VIC,0,7,8,17,4,106,14,2,86,20,1,1
M11638,1991,Round 6,6,1991-04-17,Richmond Tigers,North Melbourne Kangaroos,MCG,VIC,VIC,0,8,9,11,5,71,13,6,84,-13,0,0
M11639,1991,Round 7,7,1991-05-01,St Kilda Saints,Essendon Bombers,Marvel Stadium,VIC,VIC,0,6,8,14,0,84,13,0,78,6,1,1
M11640,1991,Round 7,7,1991-05-03,North Melbourne Kangaroos,Melbourne Demons,Marvel Stadium,VIC,VIC,0,7,9,15,8,98,14,3,87,11,1,1
M11641,1991,Round 7,7,1991-05-05,Richmond Tigers,Fremantle Dockers,MCG,VIC,WA,1,7,8,14,7,91,14,9,93,-2,0,0
M11642,1991,Round 7,7,1991-05-07,Western Bulldogs,GWS Giants,Marvel Stadium,VIC,NSW,1,7,6,14,9,93,14,8,92,1,1,1
M11643,1991,Round 7,7,1991-05-09,Port Adelaide Power,West Coast Eagles,Adelaide Oval,SA,WA,1,8,7,14,6,90,15,3,93,-3,0,0
M11644,1991,Round 7,7,1991-05-11,Adelaide Crows,Collingwood Magpies,Adelaide Oval,SA,VIC,1,9,7,19,5,119,14,0,84,35,1,1
M11645,1991,Round 7,7,1991-05-13,Geelong Cats,Brisbane Lions,GMHBA Stadium,VIC,QLD,1,9,7,15,6,96,14,8,92,4,1,1
M11646,1991,Round 7,7,1991-05-15,Carlton Blues,Gold Coast Suns,Marvel Stadium,VIC,QLD,1,7,6,17,2,104,14,3,87,17,1,1
M11647,1991,Round 7,7,1991-05-17,Sydney Swans,Hawthorn Hawks,SCG,NSW,VIC,1,6,7,16,5,101,14,4,88,13,1,1
M11648,1991,Round 8,8,1991-06-01,Richmond Tigers,Port Adelaide Power,MCG,VIC,SA,1,7,7,17,3,105,13,3,81,24,1,1
M11649,1991,Round 8,8,1991-06-03,Brisbane Lions,Fremantle Dockers,Gabba,QLD,WA,1,7,9,14,5,89,14,7,91,-2,0,0
M11650,1991,Round 8,8,1991-06-05,North Melbourne Kangaroos,Collingwood Magpies,Marvel Stadium,VIC,VIC,0,7,9,16,0,96,14,2,86,10,1,1
M11651,1991,Round 8,8,1991-06-07,GWS Giants,Western Bulldogs,GIANTS Stadium,NSW,VIC,1,7,7,12,6,78,10,5,65,13,1,1
M11652,1991,Round 8,8,1991-06-09,Hawthorn Hawks,Adelaide Crows,MCG,VIC,SA,1,7,9,15,2,92,13,6,84,8,1,1
M11653,1991,Round 8,8,1991-06-11,Melbourne Demons,Sydney Swans,MCG,VIC,NSW,1,8,7,16,4,100,18,4,112,-12,0,0
M11654,1991,Round 8,8,1991-06-13,Gold Coast Suns,Geelong Cats,Heritage Bank Stadium,QLD,VIC,1,7,6,15,5,95,16,0,96,-1,0,0
M11655,1991,Round 8,8,1991-06-15,Essendon Bombers,West Coast Eagles,Marvel Stadium,VIC,WA,1,8,8,18,3,111,15,5,95,16,1,1
M11656,1991,Round 8,8,1991-06-17,Carlton Blues,St Kilda Saints,Marvel Stadium,VIC,VIC,0,7,7,15,2,92,14,4,88,4,1,1
M11657,1991,Round 9,9,1991-07-01,Sydney Swans,West Coast Eagles,SCG,NSW,WA,1,7,9,14,5,89,17,1,103,-14,0,0
M11658,1991,Round 9,9,1991-07-03,Adelaide Crows,Port Adelaide Power,Adelaide Oval,SA,SA,0,9,6,14,4,88,13,7,85,3,1,1
M11659,1991,Round 9,9,1991-07-05,Carlton Blues,Western Bulldogs,Marvel Stadium,VIC,VIC,0,7,8,17,9,111,13,5,83,28,1,1
M11660,1991,Round 9,9,1991-07-07,GWS Giants,Brisbane Lions,GIANTS Stadium,NSW,QLD,1,6,9,15,8,98,13,7,85,13,1,1
M11661,1991,Round 9,9,1991-07-09,North Melbourne Kangaroos,St Kilda Saints,Marvel Stadium,VIC,VIC,0,7,8,14,4,88,13,7,85,3,1,1
M11662,1991,Round 9,9,1991-07-11,Fremantle Dockers,Melbourne Demons,Optus Stadium,WA,VIC,1,9,7,18,6,114,11,5,71,43,1,1
M11663,1991,Round 9,9,1991-07-13,Collingwood Magpies,Geelong Cats,MCG,VIC,VIC,0,8,9,20,4,124,14,3,87,37,1,1
M11664,1991,Round 9,9,1991-07-15,Hawthorn Hawks,Richmond Tigers,MCG,VIC,VIC,0,8,7,15,6,96,13,1,79,17,1,1
M11665,1991,Round 9,9,1991-07-17,Essendon Bombers,Gold Coast Suns,Marvel Stadium,VIC,QLD,1,7,9,13,8,86,14,5,89,-3,0,0
M11666,1991,Round 10,10,1991-08-01,Hawthorn Hawks,Collingwood Magpies,MCG,VIC,VIC,0,8,7,16,5,101,13,3,81,20,1,1
M11667,1991,Round 10,10,1991-08-03,Western Bulldogs,Fremantle Dockers,Marvel Stadium,VIC,WA,1,6,7,16,8,104,16,1,97,7,1,1
M11668,1991,Round 10,10,1991-08-05,Sydney Swans,Brisbane Lions,SCG,NSW,QLD,1,8,9,15,6,96,12,8,80,16,1,1
M11669,1991,Round 10,10,1991-08-07,Richmond Tigers,North Melbourne Kangaroos,MCG,VIC,VIC,0,8,7,16,7,103,14,8,92,11,1,1
M11670,1991,Round 10,10,1991-08-09,Adelaide Crows,St Kilda Saints,Adelaide Oval,SA,VIC,1,6,8,14,7,91,16,4,100,-9,0,0
M11671,1991,Round 10,10,1991-08-11,Melbourne Demons,Port Adelaide Power,MCG,VIC,SA,1,7,7,16,6,102,15,7,97,5,1,1
M11672,1991,Round 10,10,1991-08-13,Geelong Cats,GWS Giants,GMHBA Stadium,VIC,NSW,1,6,7,17,5,107,11,6,72,35,1,1
M11673,1991,Round 10,10,1991-08-15,Carlton Blues,Gold Coast Suns,Marvel Stadium,VIC,QLD,1,7,7,17,2,104,11,5,71,33,1,1
M11674,1991,Round 10,10,1991-08-17,West Coast Eagles,Essendon Bombers,Optus Stadium,WA,VIC,1,8,9,15,2,92,13,3,81,11,1,1
M11675,1991,Round 11,11,1991-09-01,Carlton Blues,West Coast Eagles,Marvel Stadium,VIC,WA,1,8,6,15,4,94,14,3,87,7,1,1
M11676,1991,Round 11,11,1991-09-03,Western Bulldogs,Melbourne Demons,Marvel Stadium,VIC,VIC,0,8,8,18,8,116,12,0,72,44,1,1
M11677,1991,Round 11,11,1991-09-05,North Melbourne Kangaroos,Geelong Cats,Marvel Stadium,VIC,VIC,0,7,9,15,4,94,14,8,92,2,1,1
M11678,1991,Round 11,11,1991-09-07,Collingwood Magpies,Adelaide Crows,MCG,VIC,SA,1,8,7,15,4,94,14,3,87,7,1,1
M11679,1991,Round 11,11,1991-09-09,Richmond Tigers,St Kilda Saints,MCG,VIC,VIC,0,7,9,13,9,87,13,3,81,6,1,1
M11680,1991,Round 11,11,1991-09-11,Port Adelaide Power,Essendon Bombers,Adelaide Oval,SA,VIC,1,9,9,16,5,101,14,4,88,13,1,1
M11681,1991,Round 11,11,1991-09-13,Sydney Swans,GWS Giants,SCG,NSW,NSW,0,6,8,17,4,106,13,4,82,24,1,1
M11682,1991,Round 11,11,1991-09-15,Brisbane Lions,Fremantle Dockers,Gabba,QLD,WA,1,6,6,14,1,85,14,5,89,-4,0,0
M11683,1991,Round 11,11,1991-09-17,Hawthorn Hawks,Gold Coast Suns,MCG,VIC,QLD,1,9,9,15,4,94,13,5,83,11,1,1
M11684,1991,Round 12,12,1991-04-01,Brisbane Lions,Fremantle Dockers,Gabba,QLD,WA,1,7,9,16,7,103,11,4,70,33,1,1
M11685,1991,Round 12,12,1991-04-03,Richmond Tigers,St Kilda Saints,MCG,VIC,VIC,0,7,9,15,6,96,11,4,70,26,1,1
M11686,1991,Round 12,12,1991-04-05,Collingwood Magpies,Melbourne Demons,MCG,VIC,VIC,0,7,6,16,8,104,14,4,88,16,1,1
M11687,1991,Round 12,12,1991-04-07,West Coast Eagles,Hawthorn Hawks,Optus Stadium,WA,VIC,1,7,7,13,5,83,13,2,80,3,1,1
M11688,1991,Round 12,12,1991-04-09,GWS Giants,North Melbourne Kangaroos,GIANTS Stadium,NSW,VIC,1,7,8,16,1,97,13,3,81,16,1,1
M11689,1991,Round 12,12,1991-04-11,Geelong Cats,Sydney Swans,GMHBA Stadium,VIC,NSW,1,7,7,15,7,97,12,5,77,20,1,1
M11690,1991,Round 12,12,1991-04-13,Gold Coast Suns,Port Adelaide Power,Heritage Bank Stadium,QLD,SA,1,6,7,15,4,94,14,3,87,7,1,1
M11691,1991,Round 12,12,1991-04-15,Essendon Bombers,Adelaide Crows,Marvel Stadium,VIC,SA,1,8,7,17,7,109,15,2,92,17,1,1
M11692,1991,Round 12,12,1991-04-17,Western Bulldogs,Carlton Blues,Marvel Stadium,VIC,VIC,0,6,7,13,5,83,11,4,70,13,1,1
M11693,1991,Round 13,13,1991-05-01,Port Adelaide Power,Richmond Tigers,Adelaide Oval,SA,VIC,1,6,8,17,8,110,16,1,97,13,1,1
M11694,1991,Round 13,13,1991-05-03,Carlton Blues,Western Bulldogs,Marvel Stadium,VIC,VIC,0,7,7,13,6,84,13,3,81,3,1,1
M11695,1991,Round 13,13,1991-05-05,Hawthorn Hawks,Sydney Swans,MCG,VIC,NSW,1,9,8,16,2,98,13,4,82,16,1,1
M11696,1991,Round 13,13,1991-05-07,Melbourne Demons,Fremantle Dockers,MCG,VIC,WA,1,6,7,16,3,99,16,4,100,-1,0,0
M11697,1991,Round 13,13,1991-05-09,Geelong Cats,Collingwood Magpies,GMHBA Stadium,VIC,VIC,0,6,9,15,3,93,14,4,88,5,1,1
M11698,1991,Round 13,13,1991-05-11,Gold Coast Suns,St Kilda Saints,Heritage Bank Stadium,QLD,VIC,1,7,9,16,7,103,10,6,66,37,1,1
M11699,1991,Round 13,13,1991-05-13,West Coast Eagles,Essendon Bombers,Optus Stadium,WA,VIC,1,9,7,15,5,95,12,4,76,19,1,1
M11700,1991,Round 13,13,1991-05-15,Adelaide Crows,Brisbane Lions,Adelaide Oval,SA,QLD,1,7,6,15,2,92,11,6,72,20,1,1
M11701,1991,Round 13,13,1991-05-17,GWS Giants,North Melbourne Kangaroos,GIANTS Stadium,NSW,VIC,1,9,7,17,1,103,11,6,72,31,1,1
M11702,1991,Round 14,14,1991-06-01,Fremantle Dockers,Melbourne Demons,Optus Stadium,WA,VIC,1,6,6,16,5,101,13,2,80,21,1,1
M11703,1991,Round 14,14,1991-06-03,North Melbourne Kangaroos,Gold Coast Suns,Marvel Stadium,VIC,QLD,1,8,7,15,3,93,13,5,83,10,1,1
M11704,1991,Round 14,14,1991-06-05,Western Bulldogs,Carlton Blues,Marvel Stadium,VIC,VIC,0,6,7,15,7,97,11,6,72,25,1,1
M11705,1991,Round 14,14,1991-06-07,Brisbane Lions,West Coast Eagles,Gabba,QLD,WA,1,6,8,14,8,92,13,1,79,13,1,1
M11706,1991,Round 14,14,1991-06-09,Port Adelaide Power,Essendon Bombers,Adelaide Oval,SA,VIC,1,6,7,14,8,92,12,8,80,12,1,1
M11707,1991,Round 14,14,1991-06-11,Geelong Cats,GWS Giants,GMHBA Stadium,VIC,NSW,1,9,9,15,9,99,12,3,75,24,1,1
M11708,1991,Round 14,14,1991-06-13,Hawthorn Hawks,Collingwood Magpies,MCG,VIC,VIC,0,6,8,14,1,85,13,4,82,3,1,1
M11709,1991,Round 14,14,1991-06-15,Richmond Tigers,Adelaide Crows,MCG,VIC,SA,1,9,7,13,1,79,13,3,81,-2,0,0
M11710,1991,Round 14,14,1991-06-17,Sydney Swans,St Kilda Saints,SCG,NSW,VIC,1,7,7,12,2,74,13,4,82,-8,0,0
M11711,1991,Round 15,15,1991-07-01,Adelaide Crows,Fremantle Dockers,Adelaide Oval,SA,WA,1,9,8,17,3,105,15,7,97,8,1,1
M11712,1991,Round 15,15,1991-07-03,GWS Giants,Brisbane Lions,GIANTS Stadium,NSW,QLD,1,8,6,16,6,102,17,4,106,-4,0,0
M11713,1991,Round 15,15,1991-07-05,Melbourne Demons,Hawthorn Hawks,MCG,VIC,VIC,0,9,7,16,2,98,14,7,91,7,1,1
M11714,1991,Round 15,15,1991-07-07,Richmond Tigers,St Kilda Saints,MCG,VIC,VIC,0,9,7,15,1,91,12,7,79,12,1,1
M11715,1991,Round 15,15,1991-07-09,Western Bulldogs,Carlton Blues,Marvel Stadium,VIC,VIC,0,7,7,15,2,92,17,2,104,-12,0,0
M11716,1991,Round 15,15,1991-07-11,Port Adelaide Power,Collingwood Magpies,Adelaide Oval,SA,VIC,1,7,6,15,5,95,14,5,89,6,1,1
M11717,1991,Round 15,15,1991-07-13,North Melbourne Kangaroos,Essendon Bombers,Marvel Stadium,VIC,VIC,0,6,8,17,5,107,14,8,92,15,1,1
M11718,1991,Round 15,15,1991-07-15,Sydney Swans,Gold Coast Suns,SCG,NSW,QLD,1,8,7,14,2,86,13,9,87,-1,0,0
M11719,1991,Round 15,15,1991-07-17,West Coast Eagles,Geelong Cats,Optus Stadium,WA,VIC,1,6,7,12,6,78,16,9,105,-27,0,0
M11720,1991,Round 16,16,1991-08-01,St Kilda Saints,Melbourne Demons,Marvel Stadium,VIC,VIC,0,7,6,16,8,104,16,1,97,7,1,1
M11721,1991,Round 16,16,1991-08-03,Richmond Tigers,Fremantle Dockers,MCG,VIC,WA,1,7,6,14,4,88,14,5,89,-1,0,0
M11722,1991,Round 16,16,1991-08-05,Hawthorn Hawks,Western Bulldogs,MCG,VIC,VIC,0,9,6,15,6,96,15,2,92,4,1,1
M11723,1991,Round 16,16,1991-08-07,West Coast Eagles,Collingwood Magpies,Optus Stadium,WA,VIC,1,7,9,16,2,98,11,5,71,27,1,1
M11724,1991,Round 16,16,1991-08-09,North Melbourne Kangaroos,Brisbane Lions,Marvel Stadium,VIC,QLD,1,9,9,15,8,98,14,6,90,8,1,1
M11725,1991,Round 16,16,1991-08-11,Geelong Cats,Carlton Blues,GMHBA Stadium,VIC,VIC,0,6,9,14,7,91,12,6,78,13,1,1
M11726,1991,Round 16,16,1991-08-13,Port Adelaide Power,Essendon Bombers,Adelaide Oval,SA,VIC,1,7,9,15,8,98,14,5,89,9,1,1
M11727,1991,Round 16,16,1991-08-15,Sydney Swans,GWS Giants,SCG,NSW,NSW,0,7,7,14,1,85,13,3,81,4,1,1
M11728,1991,Round 16,16,1991-08-17,Gold Coast Suns,Adelaide Crows,Heritage Bank Stadium,QLD,SA,1,9,7,17,6,108,14,7,91,17,1,1
M11729,1991,Round 17,17,1991-09-01,Hawthorn Hawks,Essendon Bombers,MCG,VIC,VIC,0,7,7,14,5,89,13,0,78,11,1,1
M11730,1991,Round 17,17,1991-09-03,Adelaide Crows,GWS Giants,Adelaide Oval,SA,NSW,1,7,8,15,8,98,11,4,70,28,1,1
M11731,1991,Round 17,17,1991-09-05,St Kilda Saints,West Coast Eagles,Marvel Stadium,VIC,WA,1,7,7,15,3,93,14,6,90,3,1,1
M11732,1991,Round 17,17,1991-09-07,Carlton Blues,Western Bulldogs,Marvel Stadium,VIC,VIC,0,7,7,16,1,97,16,0,96,1,1,1
M11733,1991,Round 17,17,1991-09-09,Richmond Tigers,North Melbourne Kangaroos,MCG,VIC,VIC,0,7,9,16,3,99,13,7,85,14,1,1
M11734,1991,Round 17,17,1991-09-11,Gold Coast Suns,Geelong Cats,Heritage Bank Stadium,QLD,VIC,1,7,6,15,7,97,14,2,86,11,1,1
M11735,1991,Round 17,17,1991-09-13,Port Adelaide Power,Fremantle Dockers,Adelaide Oval,SA,WA,1,7,9,16,0,96,16,2,98,-2,0,0
M11736,1991,Round 17,17,1991-09-15,Sydney Swans,Melbourne Demons,SCG,NSW,VIC,1,8,7,16,4,100,13,7,85,15,1,1
M11737,1991,Round 17,17,1991-09-17,Brisbane Lions,Collingwood Magpies,Gabba,QLD,VIC,1,7,7,16,2,98,15,5,95,3,1,1
M11738,1991,Round 18,18,1991-04-01,Fremantle Dockers,Port Adelaide Power,Optus Stadium,WA,SA,1,7,7,14,2,86,14,1,85,1,1,1
M11739,1991,Round 18,18,1991-04-03,St Kilda Saints,Sydney Swans,Marvel Stadium,VIC,NSW,1,8,6,15,4,94,14,7,91,3,1,1
M11740,1991,Round 18,18,1991-04-05,Carlton Blues,Collingwood Magpies,Marvel Stadium,VIC,VIC,0,8,8,16,7,103,17,1,103,0,0,0
M11741,1991,Round 18,18,1991-04-07,Hawthorn Hawks,Western Bulldogs,MCG,VIC,VIC,0,7,6,16,0,96,16,0,96,0,0,0
M11742,1991,Round 18,18,1991-04-09,Melbourne Demons,Richmond Tigers,MCG,VIC,VIC,0,7,7,16,7,103,13,1,79,24,1,1
M11743,1991,Round 18,18,1991-04-11,Gold Coast Suns,Geelong Cats,Heritage Bank Stadium,QLD,VIC,1,7,6,17,3,105,15,4,94,11,1,1
M11744,1991,Round 18,18,1991-04-13,West Coast Eagles,GWS Giants,Optus Stadium,WA,NSW,1,7,9,17,4,106,12,7,79,27,1,1
M11745,1991,Round 18,18,1991-04-15,Adelaide Crows,Essendon Bombers,Adelaide Oval,SA,VIC,1,9,9,14,6,90,14,3,87,3,1,1
M11746,1991,Round 18,18,1991-04-17,Brisbane Lions,North Melbourne Kangaroos,Gabba,QLD,VIC,1,8,6,16,4,100,14,0,84,16,1,1
M11747,1991,Round 19,19,1991-05-01,St Kilda Saints,Adelaide Crows,Marvel Stadium,VIC,SA,1,9,6,14,5,89,14,4,88,1,1,1
M11748,1991,Round 19,19,1991-05-03,Collingwood Magpies,Port Adelaide Power,MCG,VIC,SA,1,9,8,15,4,94,17,5,107,-13,0,0
M11749,1991,Round 19,19,1991-05-05,Western Bulldogs,Melbourne Demons,Marvel Stadium,VIC,VIC,0,7,9,15,5,95,16,3,99,-4,0,0
M11750,1991,Round 19,19,1991-05-07,Carlton Blues,GWS Giants,Marvel Stadium,VIC,NSW,1,8,9,15,7,97,11,0,66,31,1,1
M11751,1991,Round 19,19,1991-05-09,North Melbourne Kangaroos,Hawthorn Hawks,Marvel Stadium,VIC,VIC,0,7,7,14,5,89,15,6,96,-7,0,0
M11752,1991,Round 19,19,1991-05-11,Sydney Swans,Brisbane Lions,SCG,NSW,QLD,1,9,7,17,5,107,12,3,75,32,1,1
M11753,1991,Round 19,19,1991-05-13,West Coast Eagles,Gold Coast Suns,Optus Stadium,WA,QLD,1,7,7,16,1,97,12,5,77,20,1,1
M11754,1991,Round 19,19,1991-05-15,Essendon Bombers,Geelong Cats,Marvel Stadium,VIC,VIC,0,7,7,15,6,96,13,7,85,11,1,1
M11755,1991,Round 19,19,1991-05-17,Fremantle Dockers,Richmond Tigers,Optus Stadium,WA,VIC,1,7,7,15,5,95,13,9,87,8,1,1
M11756,1991,Round 20,20,1991-06-01,Sydney Swans,St Kilda Saints,SCG,NSW,VIC,1,7,6,16,6,102,13,8,86,16,1,1
M11757,1991,Round 20,20,1991-06-03,Adelaide Crows,Gold Coast Suns,Adelaide Oval,SA,QLD,1,6,7,17,3,105,12,3,75,30,1,1
M11758,1991,Round 20,20,1991-06-05,GWS Giants,Essendon Bombers,GIANTS Stadium,NSW,VIC,1,8,6,17,4,106,15,3,93,13,1,1
M11759,1991,Round 20,20,1991-06-07,Carlton Blues,Fremantle Dockers,Marvel Stadium,VIC,WA,1,7,8,15,1,91,13,0,78,13,1,1
M11760,1991,Round 20,20,1991-06-09,Hawthorn Hawks,Geelong Cats,MCG,VIC,VIC,0,7,7,15,5,95,14,5,89,6,1,1
M11761,1991,Round 20,20,1991-06-11,Collingwood Magpies,Western Bulldogs,MCG,VIC,VIC,0,7,7,15,3,93,14,1,85,8,1,1
M11762,1991,Round 20,20,1991-06-13,Richmond Tigers,North Melbourne Kangaroos,MCG,VIC,VIC,0,9,7,17,6,108,12,7,79,29,1,1
M11763,1991,Round 20,20,1991-06-15,Port Adelaide Power,Brisbane Lions,Adelaide Oval,SA,QLD,1,7,7,13,5,83,16,3,99,-16,0,0
M11764,1991,Round 20,20,1991-06-17,West Coast Eagles,Melbourne Demons,Optus Stadium,WA,VIC,1,7,9,14,4,88,14,7,91,-3,0,0
M11765,1991,Round 21,21,1991-07-01,Gold Coast Suns,Richmond Tigers,Heritage Bank Stadium,QLD,VIC,1,6,8,17,1,103,14,1,85,18,1,1
M11766,1991,Round 21,21,1991-07-03,Brisbane Lions,GWS Giants,Gabba,QLD,NSW,1,7,7,16,5,101,11,3,69,32,1,1
M11767,1991,Round 21,21,1991-07-05,Carlton Blues,Collingwood Magpies,Marvel Stadium,VIC,VIC,0,6,7,16,5,101,12,6,78,23,1,1
M11768,1991,Round 21,21,1991-07-07,Hawthorn Hawks,Western Bulldogs,MCG,VIC,VIC,0,7,6,16,2,98,17,5,107,-9,0,0
M11769,1991,Round 21,21,1991-07-09,North Melbourne Kangaroos,West Coast Eagles,Marvel Stadium,VIC,WA,1,9,8,13,5,83,13,4,82,1,1,1
M11770,1991,Round 21,21,1991-07-11,Fremantle Dockers,Adelaide Crows,Optus Stadium,WA,SA,1,7,7,14,5,89,16,6,102,-13,0,0
M11771,1991,Round 21,21,1991-07-13,Melbourne Demons,Essendon Bombers,MCG,VIC,VIC,0,7,7,13,3,81,11,7,73,8,1,1
M11772,1991,Round 21,21,1991-07-15,Port Adelaide Power,Geelong Cats,Adelaide Oval,SA,VIC,1,9,9,14,3,87,14,4,88,-1,0,0
M11773,1991,Round 21,21,1991-07-17,Sydney Swans,St Kilda Saints,SCG,NSW,VIC,1,7,6,15,4,94,12,5,77,17,1,1
M11774,1991,Round 22,22,1991-08-01,GWS Giants,Carlton Blues,GIANTS Stadium,NSW,VIC,1,6,7,18,5,113,12,6,78,35,1,1
M11775,1991,Round 22,22,1991-08-03,Port Adelaide Power,Collingwood Magpies,Adelaide Oval,SA,VIC,1,6,8,16,4,100,15,5,95,5,1,1
M11776,1991,Round 22,22,1991-08-05,Gold Coast Suns,Brisbane Lions,Heritage Bank Stadium,QLD,QLD,0,9,7,19,8,122,13,2,80,42,1,1
M11777,1991,Round 22,22,1991-08-07,Sydney Swans,Adelaide Crows,SCG,NSW,SA,1,8,7,18,0,108,15,2,92,16,1,1
M11778,1991,Round 22,22,1991-08-09,Western Bulldogs,Essendon Bombers,Marvel Stadium,VIC,VIC,0,7,7,14,5,89,14,7,91,-2,0,0
M11779,1991,Round 22,22,1991-08-11,Melbourne Demons,Fremantle Dockers,MCG,VIC,WA,1,7,7,14,8,92,12,8,80,12,1,1
M11780,1991,Round 22,22,1991-08-13,North Melbourne Kangaroos,Hawthorn Hawks,Marvel Stadium,VIC,VIC,0,7,7,15,5,95,15,3,93,2,1,1
M11781,1991,Round 22,22,1991-08-15,West Coast Eagles,Richmond Tigers,Optus Stadium,WA,VIC,1,8,8,16,8,104,12,8,80,24,1,1
M11782,1991,Round 22,22,1991-08-17,St Kilda Saints,Geelong Cats,Marvel Stadium,VIC,VIC,0,6,7,11,8,74,13,0,78,-4,0,0
M11783,1992,Round 1,1,1992-05-01,Richmond Tigers,Brisbane Lions,MCG,VIC,QLD,1,7,7,16,3,99,14,3,87,12,1,1
M11784,1992,Round 1,1,1992-05-03,Fremantle Dockers,Hawthorn Hawks,Optus Stadium,WA,VIC,1,8,7,17,7,109,12,3,75,34,1,1
M11785,1992,Round 1,1,1992-05-05,Melbourne Demons,North Melbourne Kangaroos,MCG,VIC,VIC,0,7,7,15,3,93,16,1,97,-4,0,0
M11786,1992,Round 1,1,1992-05-07,West Coast Eagles,GWS Giants,Optus Stadium,WA,NSW,1,7,7,16,5,101,14,9,93,8,1,1
M11787,1992,Round 1,1,1992-05-09,Gold Coast Suns,Essendon Bombers,Heritage Bank Stadium,QLD,VIC,1,8,7,15,5,95,14,3,87,8,1,1
M11788,1992,Round 1,1,1992-05-11,Port Adelaide Power,St Kilda Saints,Adelaide Oval,SA,VIC,1,9,7,11,7,73,13,2,80,-7,0,0
M11789,1992,Round 1,1,1992-05-13,Collingwood Magpies,Adelaide Crows,MCG,VIC,SA,1,7,7,13,7,85,14,3,87,-2,0,0
M11790,1992,Round 1,1,1992-05-15,Western Bulldogs,Sydney Swans,Marvel Stadium,VIC,NSW,1,7,7,15,6,96,13,4,82,14,1,1
M11791,1992,Round 1,1,1992-05-17,Geelong Cats,Carlton Blues,GMHBA Stadium,VIC,VIC,0,9,8,15,6,96,14,7,91,5,1,1
M11792,1992,Round 2,2,1992-06-01,GWS Giants,Geelong Cats,GIANTS Stadium,NSW,VIC,1,7,6,15,1,91,13,3,81,10,1,1
M11793,1992,Round 2,2,1992-06-03,Brisbane Lions,Carlton Blues,Gabba,QLD,VIC,1,7,7,15,3,93,14,3,87,6,1,1
M11794,1992,Round 2,2,1992-06-05,St Kilda Saints,Adelaide Crows,Marvel Stadium,VIC,SA,1,9,9,18,7,115,10,7,67,48,1,1
M11795,1992,Round 2,2,1992-06-07,Port Adelaide Power,Richmond Tigers,Adelaide Oval,SA,VIC,1,7,6,13,1,79,16,5,101,-22,0,0
M11796,1992,Round 2,2,1992-06-09,West Coast Eagles,Fremantle Dockers,Optus Stadium,WA,WA,0,7,9,14,3,87,15,4,94,-7,0,0
M11797,1992,Round 2,2,1992-06-11,Essendon Bombers,Gold Coast Suns,Marvel Stadium,VIC,QLD,1,7,9,17,6,108,16,9,105,3,1,1
M11798,1992,Round 2,2,1992-06-13,Melbourne Demons,Sydney Swans,MCG,VIC,NSW,1,9,8,17,6,108,12,1,73,35,1,1
M11799,1992,Round 2,2,1992-06-15,Western Bulldogs,Collingwood Magpies,Marvel Stadium,VIC,VIC,0,8,6,16,9,105,13,5,83,22,1,1
M11800,1992,Round 2,2,1992-06-17,North Melbourne Kangaroos,Hawthorn Hawks,Marvel Stadium,VIC,VIC,0,9,7,12,5,77,11,6,72,5,1,1
M11801,1992,Round 3,3,1992-07-01,Adelaide Crows,Sydney Swans,Adelaide Oval,SA,NSW,1,9,7,15,5,95,13,1,79,16,1,1
M11802,1992,Round 3,3,1992-07-03,Essendon Bombers,Melbourne Demons,Marvel Stadium,VIC,VIC,0,6,8,17,2,104,11,6,72,32,1,1
M11803,1992,Round 3,3,1992-07-05,Fremantle Dockers,West Coast Eagles,Optus Stadium,WA,WA,0,7,7,16,5,101,12,8,80,21,1,1
M11804,1992,Round 3,3,1992-07-07,Gold Coast Suns,Richmond Tigers,Heritage Bank Stadium,QLD,VIC,1,7,6,15,5,95,14,2,86,9,1,1
M11805,1992,Round 3,3,1992-07-09,Hawthorn Hawks,Geelong Cats,MCG,VIC,VIC,0,7,7,13,5,83,15,3,93,-10,0,0
M11806,1992,Round 3,3,1992-07-11,Western Bulldogs,North Melbourne Kangaroos,Marvel Stadium,VIC,VIC,0,6,6,16,4,100,13,3,81,19,1,1
M11807,1992,Round 3,3,1992-07-13,Collingwood Magpies,GWS Giants,MCG,VIC,NSW,1,7,7,15,5,95,14,5,89,6,1,1
M11808,1992,Round 3,3,1992-07-15,Carlton Blues,Brisbane Lions,Marvel Stadium,VIC,QLD,1,7,7,13,2,80,16,1,97,-17,0,0
M11809,1992,Round 3,3,1992-07-17,Port Adelaide Power,St Kilda Saints,Adelaide Oval,SA,VIC,1,7,8,12,4,76,12,9,81,-5,0,0
M11810,1992,Round 4,4,1992-08-01,Hawthorn Hawks,Adelaide Crows,MCG,VIC,SA,1,8,7,15,1,91,15,5,95,-4,0,0
M11811,1992,Round 4,4,1992-08-03,Western Bulldogs,Gold Coast Suns,Marvel Stadium,VIC,QLD,1,8,8,14,7,91,15,6,96,-5,0,0
M11812,1992,Round 4,4,1992-08-05,Melbourne Demons,Geelong Cats,MCG,VIC,VIC,0,7,7,18,7,115,13,0,78,37,1,1
M11813,1992,Round 4,4,1992-08-07,Essendon Bombers,North Melbourne Kangaroos,Marvel Stadium,VIC,VIC,0,6,9,18,1,109,15,0,90,19,1,1
M11814,1992,Round 4,4,1992-08-09,Richmond Tigers,GWS Giants,MCG,VIC,NSW,1,8,7,15,4,94,10,6,66,28,1,1
M11815,1992,Round 4,4,1992-08-11,St Kilda Saints,West Coast Eagles,Marvel Stadium,VIC,WA,1,7,6,13,4,82,12,4,76,6,1,1
M11816,1992,Round 4,4,1992-08-13,Carlton Blues,Sydney Swans,Marvel Stadium,VIC,NSW,1,9,6,13,6,84,18,6,114,-30,0,0
M11817,1992,Round 4,4,1992-08-15,Collingwood Magpies,Port Adelaide Power,MCG,VIC,SA,1,7,7,16,1,97,13,0,78,19,1,1
M11818,1992,Round 4,4,1992-08-17,Fremantle Dockers,Brisbane Lions,Optus Stadium,WA,QLD,1,9,7,16,1,97,13,5,83,14,1,1
M11819,1992,Round 5,5,1992-09-01,Western Bulldogs,Gold Coast Suns,Marvel Stadium,VIC,QLD,1,7,7,16,0,96,13,8,86,10,1,1
M11820,1992,Round 5,5,1992-09-03,Essendon Bombers,Richmond Tigers,Marvel Stadium,VIC,VIC,0,8,8,14,7,91,14,9,93,-2,0,0
M11821,1992,Round 5,5,1992-09-05,Fremantle Dockers,Brisbane Lions,Optus Stadium,WA,QLD,1,6,9,18,4,112,15,2,92,20,1,1
M11822,1992,Round 5,5,1992-09-07,Collingwood Magpies,Hawthorn Hawks,MCG,VIC,VIC,0,7,8,17,5,107,11,9,75,32,1,1
M11823,1992,Round 5,5,1992-09-09,West Coast Eagles,Port Adelaide Power,Optus Stadium,WA,SA,1,7,7,14,4,88,14,5,89,-1,0,0
M11824,1992,Round 5,5,1992-09-11,Melbourne Demons,North Melbourne Kangaroos,MCG,VIC,VIC,0,7,7,13,3,81,17,3,105,-24,0,0
M11825,1992,Round 5,5,1992-09-13,Sydney Swans,GWS Giants,SCG,NSW,NSW,0,6,9,15,2,92,12,6,78,14,1,1
M11826,1992,Round 5,5,1992-09-15,Geelong Cats,St Kilda Saints,GMHBA Stadium,VIC,VIC,0,7,7,14,6,90,13,3,81,9,1,1
M11827,1992,Round 5,5,1992-09-17,Carlton Blues,Adelaide Crows,Marvel Stadium,VIC,SA,1,7,7,16,9,105,14,7,91,14,1,1
M11828,1992,Round 6,6,1992-04-01,Carlton Blues,Richmond Tigers,Marvel Stadium,VIC,VIC,0,6,8,13,4,82,15,0,90,-8,0,0
M11829,1992,Round 6,6,1992-04-03,North Melbourne Kangaroos,Collingwood Magpies,Marvel Stadium,VIC,VIC,0,7,9,15,0,90,15,6,96,-6,0,0
M11830,1992,Round 6,6,1992-04-05,Adelaide Crows,West Coast Eagles,Adelaide Oval,SA,WA,1,8,9,16,9,105,14,4,88,17,1,1
M11831,1992,Round 6,6,1992-04-07,St Kilda Saints,Gold Coast Suns,Marvel Stadium,VIC,QLD,1,7,8,16,4,100,14,5,89,11,1,1
M11832,1992,Round 6,6,1992-04-09,Fremantle Dockers,Brisbane Lions,Optus Stadium,WA,QLD,1,7,7,16,7,103,15,6,96,7,1,1
M11833,1992,Round 6,6,1992-04-11,Melbourne Demons,Port Adelaide Power,MCG,VIC,SA,1,8,6,13,3,81,14,5,89,-8,0,0
M11834,1992,Round 6,6,1992-04-13,GWS Giants,Sydney Swans,GIANTS Stadium,NSW,NSW,0,8,7,17,6,108,11,9,75,33,1,1
M11835,1992,Round 6,6,1992-04-15,Essendon Bombers,Western Bulldogs,Marvel Stadium,VIC,VIC,0,6,7,17,7,109,14,1,85,24,1,1
M11836,1992,Round 6,6,1992-04-17,Geelong Cats,Hawthorn Hawks,GMHBA Stadium,VIC,VIC,0,7,6,14,4,88,16,5,101,-13,0,0
M11837,1992,Round 7,7,1992-05-01,North Melbourne Kangaroos,GWS Giants,Marvel Stadium,VIC,NSW,1,9,7,16,5,101,15,2,92,9,1,1
M11838,1992,Round 7,7,1992-05-03,Port Adelaide Power,Gold Coast Suns,Adelaide Oval,SA,QLD,1,8,7,14,4,88,13,6,84,4,1,1
M11839,1992,Round 7,7,1992-05-05,Western Bulldogs,Essendon Bombers,Marvel Stadium,VIC,VIC,0,6,7,12,6,78,13,2,80,-2,0,0
M11840,1992,Round 7,7,1992-05-07,West Coast Eagles,St Kilda Saints,Optus Stadium,WA,VIC,1,9,7,15,2,92,17,3,105,-13,0,0
M11841,1992,Round 7,7,1992-05-09,Hawthorn Hawks,Adelaide Crows,MCG,VIC,SA,1,9,7,12,6,78,15,2,92,-14,0,0
M11842,1992,Round 7,7,1992-05-11,Collingwood Magpies,Carlton Blues,MCG,VIC,VIC,0,8,9,18,5,113,13,8,86,27,1,1
M11843,1992,Round 7,7,1992-05-13,Brisbane Lions,Geelong Cats,Gabba,QLD,VIC,1,7,7,16,6,102,12,7,79,23,1,1
M11844,1992,Round 7,7,1992-05-15,Melbourne Demons,Richmond Tigers,MCG,VIC,VIC,0,9,7,14,8,92,12,6,78,14,1,1
M11845,1992,Round 7,7,1992-05-17,Fremantle Dockers,Sydney Swans,Optus Stadium,WA,NSW,1,7,7,15,3,93,13,4,82,11,1,1
M11846,1992,Round 8,8,1992-06-01,Melbourne Demons,St Kilda Saints,MCG,VIC,VIC,0,9,6,14,4,88,14,0,84,4,1,1
M11847,1992,Round 8,8,1992-06-03,West Coast Eagles,Gold Coast Suns,Optus Stadium,WA,QLD,1,7,8,15,2,92,13,4,82,10,1,1
M11848,1992,Round 8,8,1992-06-05,Port Adelaide Power,Carlton Blues,Adelaide Oval,SA,VIC,1,7,8,14,8,92,14,8,92,0,0,0
M11849,1992,Round 8,8,1992-06-07,Richmond Tigers,Western Bulldogs,MCG,VIC,VIC,0,7,7,13,5,83,16,3,99,-16,0,0
M11850,1992,Round 8,8,1992-06-09,Collingwood Magpies,North Melbourne Kangaroos,MCG,VIC,VIC,0,7,8,16,6,102,12,9,81,21,1,1
M11851,1992,Round 8,8,1992-06-11,GWS Giants,Geelong Cats,GIANTS Stadium,NSW,VIC,1,7,8,15,4,94,14,3,87,7,1,1
M11852,1992,Round 8,8,1992-06-13,Adelaide Crows,Brisbane Lions,Adelaide Oval,SA,QLD,1,9,7,16,3,99,14,2,86,13,1,1
M11853,1992,Round 8,8,1992-06-15,Hawthorn Hawks,Essendon Bombers,MCG,VIC,VIC,0,9,7,14,7,91,13,5,83,8,1,1
M11854,1992,Round 8,8,1992-06-17,Fremantle Dockers,Sydney Swans,Optus Stadium,WA,NSW,1,7,7,14,4,88,12,2,74,14,1,1
M11855,1992,Round 9,9,1992-07-01,Melbourne Demons,GWS Giants,MCG,VIC,NSW,1,7,7,16,3,99,14,2,86,13,1,1
M11856,1992,Round 9,9,1992-07-03,Fremantle Dockers,Hawthorn Hawks,Optus Stadium,WA,VIC,1,7,9,14,7,91,12,9,81,10,1,1
M11857,1992,Round 9,9,1992-07-05,Geelong Cats,Brisbane Lions,GMHBA Stadium,VIC,QLD,1,8,7,14,5,89,18,2,110,-21,0,0
M11858,1992,Round 9,9,1992-07-07,Adelaide Crows,Essendon Bombers,Adelaide Oval,SA,VIC,1,7,7,16,3,99,12,4,76,23,1,1
M11859,1992,Round 9,9,1992-07-09,Gold Coast Suns,Carlton Blues,Heritage Bank Stadium,QLD,VIC,1,7,7,15,4,94,13,7,85,9,1,1
M11860,1992,Round 9,9,1992-07-11,St Kilda Saints,Richmond Tigers,Marvel Stadium,VIC,VIC,0,9,8,17,3,105,13,3,81,24,1,1
M11861,1992,Round 9,9,1992-07-13,Sydney Swans,Western Bulldogs,SCG,NSW,VIC,1,6,7,14,6,90,14,3,87,3,1,1
M11862,1992,Round 9,9,1992-07-15,Collingwood Magpies,Port Adelaide Power,MCG,VIC,SA,1,8,7,13,3,81,13,7,85,-4,0,0
M11863,1992,Round 9,9,1992-07-17,West Coast Eagles,North Melbourne Kangaroos,Optus Stadium,WA,VIC,1,9,7,13,9,87,12,1,73,14,1,1
M11864,1992,Round 10,10,1992-08-01,Essendon Bombers,Richmond Tigers,Marvel Stadium,VIC,VIC,0,9,6,15,9,99,13,3,81,18,1,1
M11865,1992,Round 10,10,1992-08-03,Gold Coast Suns,West Coast Eagles,Heritage Bank Stadium,QLD,WA,1,8,7,12,5,77,12,4,76,1,1,1
M11866,1992,Round 10,10,1992-08-05,Hawthorn Hawks,Port Adelaide Power,MCG,VIC,SA,1,7,6,14,1,85,13,5,83,2,1,1
M11867,1992,Round 10,10,1992-08-07,Fremantle Dockers,GWS Giants,Optus Stadium,WA,NSW,1,7,7,16,1,97,12,4,76,21,1,1
M11868,1992,Round 10,10,1992-08-09,Sydney Swans,Melbourne Demons,SCG,NSW,VIC,1,7,6,16,0,96,13,4,82,14,1,1
M11869,1992,Round 10,10,1992-08-11,Collingwood Magpies,Geelong Cats,MCG,VIC,VIC,0,6,9,16,1,97,12,3,75,22,1,1
M11870,1992,Round 10,10,1992-08-13,Carlton Blues,North Melbourne Kangaroos,Marvel Stadium,VIC,VIC,0,8,7,15,6,96,11,2,68,28,1,1
M11871,1992,Round 10,10,1992-08-15,Brisbane Lions,St Kilda Saints,Gabba,QLD,VIC,1,7,8,15,6,96,14,6,90,6,1,1
M11872,1992,Round 10,10,1992-08-17,Western Bulldogs,Adelaide Crows,Marvel Stadium,VIC,SA,1,8,8,14,8,92,14,2,86,6,1,1
M11873,1992,Round 11,11,1992-09-01,Essendon Bombers,Hawthorn Hawks,Marvel Stadium,VIC,VIC,0,9,7,16,1,97,14,4,88,9,1,1
M11874,1992,Round 11,11,1992-09-03,Western Bulldogs,GWS Giants,Marvel Stadium,VIC,NSW,1,7,9,17,6,108,11,5,71,37,1,1
M11875,1992,Round 11,11,1992-09-05,Fremantle Dockers,North Melbourne Kangaroos,Optus Stadium,WA,VIC,1,7,7,16,8,104,14,5,89,15,1,1
M11876,1992,Round 11,11,1992-09-07,Adelaide Crows,Port Adelaide Power,Adelaide Oval,SA,SA,0,7,7,17,0,102,14,9,93,9,1,1
M11877,1992,Round 11,11,1992-09-09,Carlton Blues,Geelong Cats,Marvel Stadium,VIC,VIC,0,9,6,12,2,74,14,3,87,-13,0,0
M11878,1992,Round 11,11,1992-09-11,Richmond Tigers,Melbourne Demons,MCG,VIC,VIC,0,9,9,15,6,96,13,3,81,15,1,1
M11879,1992,Round 11,11,1992-09-13,St Kilda Saints,Collingwood Magpies,Marvel Stadium,VIC,VIC,0,6,7,15,5,95,13,6,84,11,1,1
M11880,1992,Round 11,11,1992-09-15,Brisbane Lions,Gold Coast Suns,Gabba,QLD,QLD,0,7,7,17,0,102,15,6,96,6,1,1
M11881,1992,Round 11,11,1992-09-17,West Coast Eagles,Sydney Swans,Optus Stadium,WA,NSW,1,7,7,15,7,97,10,4,64,33,1,1
M11882,1992,Round 12,12,1992-04-01,Port Adelaide Power,Sydney Swans,Adelaide Oval,SA,NSW,1,8,6,17,7,109,12,6,78,31,1,1
M11883,1992,Round 12,12,1992-04-03,Carlton Blues,Richmond Tigers,Marvel Stadium,VIC,VIC,0,8,8,20,9,129,15,0,90,39,1,1
M11884,1992,Round 12,12,1992-04-05,Western Bulldogs,Essendon Bombers,Marvel Stadium,VIC,VIC,0,9,6,14,2,86,12,7,79,7,1,1
M11885,1992,Round 12,12,1992-04-07,North Melbourne Kangaroos,Collingwood Magpies,Marvel Stadium,VIC,VIC,0,7,7,18,2,110,15,2,92,18,1,1
M11886,1992,Round 12,12,1992-04-09,GWS Giants,Adelaide Crows,GIANTS Stadium,NSW,SA,1,7,7,19,6,120,13,4,82,38,1,1
M11887,1992,Round 12,12,1992-04-11,Melbourne Demons,Brisbane Lions,MCG,VIC,QLD,1,7,7,14,4,88,12,5,77,11,1,1
M11888,1992,Round 12,12,1992-04-13,Hawthorn Hawks,Geelong Cats,MCG,VIC,VIC,0,7,7,16,7,103,12,2,74,29,1,1
M11889,1992,Round 12,12,1992-04-15,Gold Coast Suns,West Coast Eagles,Heritage Bank Stadium,QLD,WA,1,6,9,15,8,98,15,4,94,4,1,1
M11890,1992,Round 12,12,1992-04-17,St Kilda Saints,Fremantle Dockers,Marvel Stadium,VIC,WA,1,8,7,15,4,94,15,3,93,1,1,1
M11891,1992,Round 13,13,1992-05-01,North Melbourne Kangaroos,Geelong Cats,Marvel Stadium,VIC,VIC,0,7,8,13,1,79,15,5,95,-16,0,0
M11892,1992,Round 13,13,1992-05-03,Sydney Swans,Richmond Tigers,SCG,NSW,VIC,1,9,7,17,7,109,12,3,75,34,1,1
M11893,1992,Round 13,13,1992-05-05,St Kilda Saints,Collingwood Magpies,Marvel Stadium,VIC,VIC,0,6,7,16,9,105,16,2,98,7,1,1
M11894,1992,Round 13,13,1992-05-07,Melbourne Demons,Adelaide Crows,MCG,VIC,SA,1,9,6,18,2,110,14,6,90,20,1,1
M11895,1992,Round 13,13,1992-05-09,West Coast Eagles,Fremantle Dockers,Optus Stadium,WA,WA,0,9,6,14,5,89,13,6,84,5,1,1
M11896,1992,Round 13,13,1992-05-11,Hawthorn Hawks,Carlton Blues,MCG,VIC,VIC,0,7,7,12,3,75,11,3,69,6,1,1
M11897,1992,Round 13,13,1992-05-13,Port Adelaide Power,Gold Coast Suns,Adelaide Oval,SA,QLD,1,7,7,18,4,112,12,4,76,36,1,1
M11898,1992,Round 13,13,1992-05-15,GWS Giants,Brisbane Lions,GIANTS Stadium,NSW,QLD,1,7,7,16,1,97,13,1,79,18,1,1
M11899,1992,Round 13,13,1992-05-17,Western Bulldogs,Essendon Bombers,Marvel Stadium,VIC,VIC,0,7,7,16,2,98,15,0,90,8,1,1
M11900,1992,Round 14,14,1992-06-01,GWS Giants,Richmond Tigers,GIANTS Stadium,NSW,VIC,1,8,7,12,3,75,16,3,99,-24,0,0
M11901,1992,Round 14,14,1992-06-03,Fremantle Dockers,Gold Coast Suns,Optus Stadium,WA,QLD,1,7,7,17,7,109,16,3,99,10,1,1
M11902,1992,Round 14,14,1992-06-05,Sydney Swans,Melbourne Demons,SCG,NSW,VIC,1,7,7,12,7,79,14,4,88,-9,0,0
M11903,1992,Round 14,14,1992-06-07,St Kilda Saints,Essendon Bombers,Marvel Stadium,VIC,VIC,0,7,6,14,6,90,16,1,97,-7,0,0
M11904,1992,Round 14,14,1992-06-09,North Melbourne Kangaroos,West Coast Eagles,Marvel Stadium,VIC,WA,1,7,7,14,1,85,11,5,71,14,1,1
M11905,1992,Round 14,14,1992-06-11,Carlton Blues,Geelong Cats,Marvel Stadium,VIC,VIC,0,8,7,15,5,95,16,7,103,-8,0,0
M11906,1992,Round 14,14,1992-06-13,Hawthorn Hawks,Adelaide Crows,MCG,VIC,SA,1,7,7,16,5,101,12,6,78,23,1,1
M11907,1992,Round 14,14,1992-06-15,Brisbane Lions,Western Bulldogs,Gabba,QLD,VIC,1,8,7,17,3,105,17,0,102,3,1,1
M11908,1992,Round 14,14,1992-06-17,Port Adelaide Power,Collingwood Magpies,Adelaide Oval,SA,VIC,1,8,9,13,3,81,15,3,93,-12,0,0
M11909,1992,Round 15,15,1992-07-01,Essendon Bombers,Brisbane Lions,Marvel Stadium,VIC,QLD,1,8,6,15,4,94,14,2,86,8,1,1
M11910,1992,Round 15,15,1992-07-03,Hawthorn Hawks,Gold Coast Suns,MCG,VIC,QLD,1,7,7,16,1,97,14,4,88,9,1,1
M11911,1992,Round 15,15,1992-07-05,Fremantle Dockers,North Melbourne Kangaroos,Optus Stadium,WA,VIC,1,7,7,17,5,107,14,3,87,20,1,1
M11912,1992,Round 15,15,1992-07-07,Carlton Blues,Collingwood Magpies,Marvel Stadium,VIC,VIC,0,7,7,14,4,88,13,6,84,4,1,1
M11913,1992,Round 15,15,1992-07-09,GWS Giants,Port Adelaide Power,GIANTS Stadium,NSW,SA,1,8,8,17,4,106,13,1,79,27,1,1
M11914,1992,Round 15,15,1992-07-11,St Kilda Saints,Melbourne Demons,Marvel Stadium,VIC,VIC,0,7,7,17,2,104,12,8,80,24,1,1
M11915,1992,Round 15,15,1992-07-13,West Coast Eagles,Richmond Tigers,Optus Stadium,WA,VIC,1,7,6,15,7,97,12,6,78,19,1,1
M11916,1992,Round 15,15,1992-07-15,Geelong Cats,Sydney Swans,GMHBA Stadium,VIC,NSW,1,8,6,13,4,82,13,0,78,4,1,1
M11917,1992,Round 15,15,1992-07-17,Adelaide Crows,Western Bulldogs,Adelaide Oval,SA,VIC,1,7,6,13,4,82,16,8,104,-22,0,0
M11918,1992,Round 16,16,1992-08-01,Geelong Cats,Essendon Bombers,GMHBA Stadium,VIC,VIC,0,9,6,17,5,107,13,5,83,24,1,1
M11919,1992,Round 16,16,1992-08-03,Carlton Blues,Collingwood Magpies,Marvel Stadium,VIC,VIC,0,8,7,15,5,95,17,5,107,-12,0,0
M11920,1992,Round 16,16,1992-08-05,Hawthorn Hawks,Brisbane Lions,MCG,VIC,QLD,1,6,7,14,5,89,18,3,111,-22,0,0
M11921,1992,Round 16,16,1992-08-07,Fremantle Dockers,Gold Coast Suns,Optus Stadium,WA,QLD,1,7,6,15,7,97,13,6,84,13,1,1
M11922,1992,Round 16,16,1992-08-09,North Melbourne Kangaroos,West Coast Eagles,Marvel Stadium,VIC,WA,1,8,7,13,7,85,12,3,75,10,1,1
M11923,1992,Round 16,16,1992-08-11,Richmond Tigers,Western Bulldogs,MCG,VIC,VIC,0,9,7,11,4,70,11,5,71,-1,0,0
M11924,1992,Round 16,16,1992-08-13,GWS Giants,St Kilda Saints,GIANTS Stadium,NSW,VIC,1,7,7,18,1,109,13,5,83,26,1,1
M11925,1992,Round 16,16,1992-08-15,Port Adelaide Power,Sydney Swans,Adelaide Oval,SA,NSW,1,7,8,14,2,86,15,3,93,-7,0,0
M11926,1992,Round 16,16,1992-08-17,Melbourne Demons,Adelaide Crows,MCG,VIC,SA,1,7,8,14,2,86,17,4,106,-20,0,0
M11927,1992,Round 17,17,1992-09-01,Essendon Bombers,St Kilda Saints,Marvel Stadium,VIC,VIC,0,7,7,14,5,89,14,4,88,1,1,1
M11928,1992,Round 17,17,1992-09-03,Collingwood Magpies,Fremantle Dockers,MCG,VIC,WA,1,8,7,16,3,99,12,4,76,23,1,1
M11929,1992,Round 17,17,1992-09-05,North Melbourne Kangaroos,GWS Giants,Marvel Stadium,VIC,NSW,1,8,7,15,6,96,13,4,82,14,1,1
M11930,1992,Round 17,17,1992-09-07,West Coast Eagles,Geelong Cats,Optus Stadium,WA,VIC,1,7,7,14,8,92,14,6,90,2,1,1
M11931,1992,Round 17,17,1992-09-09,Sydney Swans,Adelaide Crows,SCG,NSW,SA,1,7,6,14,5,89,15,1,91,-2,0,0
M11932,1992,Round 17,17,1992-09-11,Richmond Tigers,Port Adelaide Power,MCG,VIC,SA,1,8,9,14,8,92,12,6,78,14,1,1
M11933,1992,Round 17,17,1992-09-13,Western Bulldogs,Gold Coast Suns,Marvel Stadium,VIC,QLD,1,7,7,19,4,118,14,3,87,31,1,1
M11934,1992,Round 17,17,1992-09-15,Melbourne Demons,Carlton Blues,MCG,VIC,VIC,0,8,9,13,6,84,11,3,69,15,1,1
M11935,1992,Round 17,17,1992-09-17,Brisbane Lions,Hawthorn Hawks,Gabba,QLD,VIC,1,7,7,15,3,93,12,9,81,12,1,1
M11936,1992,Round 18,18,1992-04-01,Fremantle Dockers,Western Bulldogs,Optus Stadium,WA,VIC,1,7,7,15,6,96,12,7,79,17,1,1
M11937,1992,Round 18,18,1992-04-03,Port Adelaide Power,Brisbane Lions,Adelaide Oval,SA,QLD,1,7,9,14,1,85,13,6,84,1,1,1
M11938,1992,Round 18,18,1992-04-05,GWS Giants,Hawthorn Hawks,GIANTS Stadium,NSW,VIC,1,8,7,14,5,89,13,6,84,5,1,1
M11939,1992,Round 18,18,1992-04-07,Sydney Swans,Carlton Blues,SCG,NSW,VIC,1,7,7,15,1,91,12,5,77,14,1,1
M11940,1992,Round 18,18,1992-04-09,Essendon Bombers,Geelong Cats,Marvel Stadium,VIC,VIC,0,7,7,17,5,107,13,5,83,24,1,1
M11941,1992,Round 18,18,1992-04-11,Melbourne Demons,North Melbourne Kangaroos,MCG,VIC,VIC,0,8,6,14,5,89,13,5,83,6,1,1
M11942,1992,Round 18,18,1992-04-13,St Kilda Saints,Richmond Tigers,Marvel Stadium,VIC,VIC,0,9,9,16,2,98,15,1,91,7,1,1
M11943,1992,Round 18,18,1992-04-15,Gold Coast Suns,West Coast Eagles,Heritage Bank Stadium,QLD,WA,1,7,7,15,4,94,14,1,85,9,1,1
M11944,1992,Round 18,18,1992-04-17,Adelaide Crows,Collingwood Magpies,Adelaide Oval,SA,VIC,1,9,8,15,3,93,13,5,83,10,1,1
M11945,1992,Round 19,19,1992-05-01,Collingwood Magpies,Essendon Bombers,MCG,VIC,VIC,0,6,9,15,9,99,12,2,74,25,1,1
M11946,1992,Round 19,19,1992-05-03,Western Bulldogs,West Coast Eagles,Marvel Stadium,VIC,WA,1,8,7,16,1,97,17,3,105,-8,0,0
M11947,1992,Round 19,19,1992-05-05,Carlton Blues,Brisbane Lions,Marvel Stadium,VIC,QLD,1,7,7,14,4,88,15,0,90,-2,0,0
M11948,1992,Round 19,19,1992-05-07,Richmond Tigers,Sydney Swans,MCG,VIC,NSW,1,7,7,16,5,101,12,4,76,25,1,1
M11949,1992,Round 19,19,1992-05-09,GWS Giants,North Melbourne Kangaroos,GIANTS Stadium,NSW,VIC,1,7,7,16,7,103,11,6,72,31,1,1
M11950,1992,Round 19,19,1992-05-11,Fremantle Dockers,Gold Coast Suns,Optus Stadium,WA,QLD,1,8,7,13,7,85,13,3,81,4,1,1
M11951,1992,Round 19,19,1992-05-13,Adelaide Crows,Geelong Cats,Adelaide Oval,SA,VIC,1,8,9,16,7,103,13,4,82,21,1,1
M11952,1992,Round 19,19,1992-05-15,Hawthorn Hawks,Port Adelaide Power,MCG,VIC,SA,1,8,7,13,6,84,15,0,90,-6,0,0
M11953,1992,Round 19,19,1992-05-17,Melbourne Demons,St Kilda Saints,MCG,VIC,VIC,0,7,7,13,7,85,14,5,89,-4,0,0
M11954,1992,Round 20,20,1992-06-01,Adelaide Crows,Gold Coast Suns,Adelaide Oval,SA,QLD,1,9,7,17,8,110,13,6,84,26,1,1
M11955,1992,Round 20,20,1992-06-03,Melbourne Demons,Sydney Swans,MCG,VIC,NSW,1,6,9,16,5,101,15,5,95,6,1,1
M11956,1992,Round 20,20,1992-06-05,Hawthorn Hawks,Fremantle Dockers,MCG,VIC,WA,1,9,7,17,7,109,14,4,88,21,1,1
M11957,1992,Round 20,20,1992-06-07,Geelong Cats,St Kilda Saints,GMHBA Stadium,VIC,VIC,0,7,7,15,9,99,13,6,84,15,1,1
M11958,1992,Round 20,20,1992-06-09,West Coast Eagles,Western Bulldogs,Optus Stadium,WA,VIC,1,7,7,14,1,85,13,0,78,7,1,1
M11959,1992,Round 20,20,1992-06-11,Collingwood Magpies,Carlton Blues,MCG,VIC,VIC,0,7,9,17,2,104,14,3,87,17,1,1
M11960,1992,Round 20,20,1992-06-13,Richmond Tigers,Essendon Bombers,MCG,VIC,VIC,0,6,7,17,4,106,13,9,87,19,1,1
M11961,1992,Round 20,20,1992-06-15,North Melbourne Kangaroos,GWS Giants,Marvel Stadium,VIC,NSW,1,7,6,15,2,92,14,5,89,3,1,1
M11962,1992,Round 20,20,1992-06-17,Brisbane Lions,Port Adelaide Power,Gabba,QLD,SA,1,8,9,15,4,94,12,7,79,15,1,1
M11963,1992,Round 21,21,1992-07-01,Brisbane Lions,Carlton Blues,Gabba,QLD,VIC,1,8,8,16,6,102,16,0,96,6,1,1
M11964,1992,Round 21,21,1992-07-03,North Melbourne Kangaroos,Adelaide Crows,Marvel Stadium,VIC,SA,1,6,7,15,3,93,15,4,94,-1,0,0
M11965,1992,Round 21,21,1992-07-05,Gold Coast Suns,GWS Giants,Heritage Bank Stadium,QLD,NSW,1,7,9,17,5,107,14,4,88,19,1,1
M11966,1992,Round 21,21,1992-07-07,Sydney Swans,Richmond Tigers,SCG,NSW,VIC,1,7,7,18,5,113,14,6,90,23,1,1
M11967,1992,Round 21,21,1992-07-09,West Coast Eagles,Western Bulldogs,Optus Stadium,WA,VIC,1,6,7,13,8,86,11,3,69,17,1,1
M11968,1992,Round 21,21,1992-07-11,Port Adelaide Power,Essendon Bombers,Adelaide Oval,SA,VIC,1,7,8,15,3,93,12,1,73,20,1,1
M11969,1992,Round 21,21,1992-07-13,Melbourne Demons,Fremantle Dockers,MCG,VIC,WA,1,9,7,17,4,106,14,3,87,19,1,1
M11970,1992,Round 21,21,1992-07-15,Hawthorn Hawks,Collingwood Magpies,MCG,VIC,VIC,0,8,7,17,4,106,12,4,76,30,1,1
M11971,1992,Round 21,21,1992-07-17,Geelong Cats,St Kilda Saints,GMHBA Stadium,VIC,VIC,0,6,7,19,3,117,14,4,88,29,1,1
M11972,1992,Round 22,22,1992-08-01,Adelaide Crows,Western Bulldogs,Adelaide Oval,SA,VIC,1,8,7,17,3,105,15,4,94,11,1,1
M11973,1992,Round 22,22,1992-08-03,Hawthorn Hawks,North Melbourne Kangaroos,MCG,VIC,VIC,0,6,7,15,8,98,15,0,90,8,1,1
M11974,1992,Round 22,22,1992-08-05,West Coast Eagles,St Kilda Saints,Optus Stadium,WA,VIC,1,7,6,13,3,81,15,3,93,-12,0,0
M11975,1992,Round 22,22,1992-08-07,Carlton Blues,Richmond Tigers,Marvel Stadium,VIC,VIC,0,6,9,16,3,99,15,2,92,7,1,1
M11976,1992,Round 22,22,1992-08-09,Sydney Swans,Essendon Bombers,SCG,NSW,VIC,1,6,9,17,8,110,15,5,95,15,1,1
M11977,1992,Round 22,22,1992-08-11,Collingwood Magpies,Port Adelaide Power,MCG,VIC,SA,1,7,7,14,2,86,15,4,94,-8,0,0
M11978,1992,Round 22,22,1992-08-13,Fremantle Dockers,Brisbane Lions,Optus Stadium,WA,QLD,1,6,8,15,7,97,13,5,83,14,1,1
M11979,1992,Round 22,22,1992-08-15,Melbourne Demons,Gold Coast Suns,MCG,VIC,QLD,1,8,7,12,0,72,15,3,93,-21,0,0
M11980,1992,Round 22,22,1992-08-17,Geelong Cats,GWS Giants,GMHBA Stadium,VIC,NSW,1,8,9,14,6,90,14,4,88,2,1,1
M11981,1993,Round 1,1,1993-05-01,Richmond Tigers,Hawthorn Hawks,MCG,VIC,VIC,0,8,7,15,7,97,12,7,79,18,1,1
M11982,1993,Round 1,1,1993-05-03,Adelaide Crows,Port Adelaide Power,Adelaide Oval,SA,SA,0,7,7,17,5,107,15,4,94,13,1,1
M11983,1993,Round 1,1,1993-05-05,Brisbane Lions,Geelong Cats,Gabba,QLD,VIC,1,6,9,17,5,107,15,3,93,14,1,1
M11984,1993,Round 1,1,1993-05-07,Gold Coast Suns,Western Bulldogs,Heritage Bank Stadium,QLD,VIC,1,9,7,14,2,86,11,4,70,16,1,1
M11985,1993,Round 1,1,1993-05-09,North Melbourne Kangaroos,Melbourne Demons,Marvel Stadium,VIC,VIC,0,8,7,17,6,108,15,5,95,13,1,1
M11986,1993,Round 1,1,1993-05-11,Sydney Swans,Collingwood Magpies,SCG,NSW,VIC,1,6,8,13,5,83,14,3,87,-4,0,0
M11987,1993,Round 1,1,1993-05-13,Carlton Blues,GWS Giants,Marvel Stadium,VIC,NSW,1,9,7,14,5,89,15,5,95,-6,0,0
M11988,1993,Round 1,1,1993-05-15,Fremantle Dockers,West Coast Eagles,Optus Stadium,WA,WA,0,7,7,17,3,105,15,3,93,12,1,1
M11989,1993,Round 1,1,1993-05-17,Essendon Bombers,St Kilda Saints,Marvel Stadium,VIC,VIC,0,8,9,15,2,92,14,3,87,5,1,1
M11990,1993,Round 2,2,1993-06-01,Fremantle Dockers,Hawthorn Hawks,Optus Stadium,WA,VIC,1,7,6,17,7,109,13,4,82,27,1,1
M11991,1993,Round 2,2,1993-06-03,GWS Giants,Richmond Tigers,GIANTS Stadium,NSW,VIC,1,7,7,13,5,83,15,7,97,-14,0,0
M11992,1993,Round 2,2,1993-06-05,Carlton Blues,Essendon Bombers,Marvel Stadium,VIC,VIC,0,8,7,17,7,109,12,2,74,35,1,1
M11993,1993,Round 2,2,1993-06-07,Sydney Swans,Adelaide Crows,SCG,NSW,SA,1,7,7,15,6,96,13,7,85,11,1,1
M11994,1993,Round 2,2,1993-06-09,St Kilda Saints,Brisbane Lions,Marvel Stadium,VIC,QLD,1,7,9,17,1,103,12,6,78,25,1,1
M11995,1993,Round 2,2,1993-06-11,Gold Coast Suns,Geelong Cats,Heritage Bank Stadium,QLD,VIC,1,9,9,14,6,90,13,6,84,6,1,1
M11996,1993,Round 2,2,1993-06-13,West Coast Eagles,Port Adelaide Power,Optus Stadium,WA,SA,1,8,9,15,6,96,13,1,79,17,1,1
M11997,1993,Round 2,2,1993-06-15,North Melbourne Kangaroos,Melbourne Demons,Marvel Stadium,VIC,VIC,0,7,7,16,5,101,13,4,82,19,1,1
M11998,1993,Round 2,2,1993-06-17,Collingwood Magpies,Western Bulldogs,MCG,VIC,VIC,0,9,7,17,0,102,15,7,97,5,1,1
M11999,1993,Round 3,3,1993-07-01,Geelong Cats,Melbourne Demons,GMHBA Stadium,VIC,VIC,0,6,7,17,2,104,15,9,99,5,1,1
M12000,1993,Round 3,3,1993-07-03,Gold Coast Suns,West Coast Eagles,Heritage Bank Stadium,QLD,WA,1,9,9,15,4,94,14,5,89,5,1,1
M12001,1993,Round 3,3,1993-07-05,Collingwood Magpies,Port Adelaide Power,MCG,VIC,SA,1,7,7,14,4,88,17,9,111,-23,0,0
M12002,1993,Round 3,3,1993-07-07,Hawthorn Hawks,Western Bulldogs,MCG,VIC,VIC,0,6,7,14,7,91,12,4,76,15,1,1
M12003,1993,Round 3,3,1993-07-09,St Kilda Saints,Essendon Bombers,Marvel Stadium,VIC,VIC,0,8,8,15,3,93,15,7,97,-4,0,0
M12004,1993,Round 3,3,1993-07-11,Adelaide Crows,Sydney Swans,Adelaide Oval,SA,NSW,1,8,7,16,6,102,11,5,71,31,1,1
M12005,1993,Round 3,3,1993-07-13,Fremantle Dockers,Carlton Blues,Optus Stadium,WA,VIC,1,7,7,16,3,99,12,4,76,23,1,1
M12006,1993,Round 3,3,1993-07-15,Richmond Tigers,North Melbourne Kangaroos,MCG,VIC,VIC,0,9,6,15,3,93,15,1,91,2,1,1
M12007,1993,Round 3,3,1993-07-17,Brisbane Lions,GWS Giants,Gabba,QLD,NSW,1,9,7,17,4,106,14,6,90,16,1,1
M12008,1993,Round 4,4,1993-08-01,Brisbane Lions,Adelaide Crows,Gabba,QLD,SA,1,7,7,12,7,79,13,3,81,-2,0,0
M12009,1993,Round 4,4,1993-08-03,Geelong Cats,Collingwood Magpies,GMHBA Stadium,VIC,VIC,0,8,6,15,6,96,12,7,79,17,1,1
M12010,1993,Round 4,4,1993-08-05,Gold Coast Suns,Sydney Swans,Heritage Bank Stadium,QLD,NSW,1,7,8,17,3,105,11,8,74,31,1,1
M12011,1993,Round 4,4,1993-08-07,North Melbourne Kangaroos,GWS Giants,Marvel Stadium,VIC,NSW,1,7,7,14,6,90,14,3,87,3,1,1
M12012,1993,Round 4,4,1993-08-09,Melbourne Demons,Richmond Tigers,MCG,VIC,VIC,0,7,9,15,4,94,16,4,100,-6,0,0
M12013,1993,Round 4,4,1993-08-11,Port Adelaide Power,St Kilda Saints,Adelaide Oval,SA,VIC,1,8,9,17,5,107,13,2,80,27,1,1
M12014,1993,Round 4,4,1993-08-13,Carlton Blues,Western Bulldogs,Marvel Stadium,VIC,VIC,0,8,6,15,6,96,16,4,100,-4,0,0
M12015,1993,Round 4,4,1993-08-15,West Coast Eagles,Fremantle Dockers,Optus Stadium,WA,WA,0,7,7,15,6,96,11,5,71,25,1,1
M12016,1993,Round 4,4,1993-08-17,Essendon Bombers,Hawthorn Hawks,Marvel Stadium,VIC,VIC,0,6,6,14,3,87,13,5,83,4,1,1
M12017,1993,Round 5,5,1993-09-01,West Coast Eagles,Sydney Swans,Optus Stadium,WA,NSW,1,7,8,13,1,79,16,5,101,-22,0,0
M12018,1993,Round 5,5,1993-09-03,North Melbourne Kangaroos,Western Bulldogs,Marvel Stadium,VIC,VIC,0,7,6,14,6,90,14,1,85,5,1,1
M12019,1993,Round 5,5,1993-09-05,Gold Coast Suns,Collingwood Magpies,Heritage Bank Stadium,QLD,VIC,1,6,6,14,6,90,11,9,75,15,1,1
M12020,1993,Round 5,5,1993-09-07,Melbourne Demons,Port Adelaide Power,MCG,VIC,SA,1,7,7,12,1,73,13,6,84,-11,0,0
M12021,1993,Round 5,5,1993-09-09,Brisbane Lions,St Kilda Saints,Gabba,QLD,VIC,1,7,7,13,7,85,14,8,92,-7,0,0
M12022,1993,Round 5,5,1993-09-11,Essendon Bombers,Geelong Cats,Marvel Stadium,VIC,VIC,0,6,6,16,7,103,10,6,66,37,1,1
M12023,1993,Round 5,5,1993-09-13,Adelaide Crows,Fremantle Dockers,Adelaide Oval,SA,WA,1,6,7,16,8,104,13,5,83,21,1,1
M12024,1993,Round 5,5,1993-09-15,Carlton Blues,Hawthorn Hawks,Marvel Stadium,VIC,VIC,0,7,7,14,4,88,15,4,94,-6,0,0
M12025,1993,Round 5,5,1993-09-17,GWS Giants,Richmond Tigers,GIANTS Stadium,NSW,VIC,1,8,7,16,2,98,16,9,105,-7,0,0
M12026,1993,Round 6,6,1993-04-01,GWS Giants,Adelaide Crows,GIANTS Stadium,NSW,SA,1,9,7,12,7,79,12,9,81,-2,0,0
M12027,1993,Round 6,6,1993-04-03,Melbourne Demons,Geelong Cats,MCG,VIC,VIC,0,7,7,18,7,115,14,5,89,26,1,1
M12028,1993,Round 6,6,1993-04-05,Sydney Swans,Hawthorn Hawks,SCG,NSW,VIC,1,7,6,15,2,92,15,5,95,-3,0,0
M12029,1993,Round 6,6,1993-04-07,West Coast Eagles,Collingwood Magpies,Optus Stadium,WA,VIC,1,7,9,15,6,96,15,8,98,-2,0,0
M12030,1993,Round 6,6,1993-04-09,Western Bulldogs,Richmond Tigers,Marvel Stadium,VIC,VIC,0,7,7,18,7,115,15,7,97,18,1,1
M12031,1993,Round 6,6,1993-04-11,North Melbourne Kangaroos,Essendon Bombers,Marvel Stadium,VIC,VIC,0,9,7,15,2,92,13,5,83,9,1,1
M12032,1993,Round 6,6,1993-04-13,Port Adelaide Power,Fremantle Dockers,Adelaide Oval,SA,WA,1,7,7,16,5,101,14,5,89,12,1,1
M12033,1993,Round 6,6,1993-04-15,Carlton Blues,St Kilda Saints,Marvel Stadium,VIC,VIC,0,8,9,17,8,110,15,6,96,14,1,1
M12034,1993,Round 6,6,1993-04-17,Brisbane Lions,Gold Coast Suns,Gabba,QLD,QLD,0,7,8,16,6,102,13,8,86,16,1,1
M12035,1993,Round 7,7,1993-05-01,Hawthorn Hawks,Adelaide Crows,MCG,VIC,SA,1,6,8,15,6,96,13,2,80,16,1,1
M12036,1993,Round 7,7,1993-05-03,Carlton Blues,St Kilda Saints,Marvel Stadium,VIC,VIC,0,7,8,15,3,93,11,6,72,21,1,1
M12037,1993,Round 7,7,1993-05-05,West Coast Eagles,Richmond Tigers,Optus Stadium,WA,VIC,1,6,8,17,5,107,13,5,83,24,1,1
M12038,1993,Round 7,7,1993-05-07,Fremantle Dockers,Western Bulldogs,Optus Stadium,WA,VIC,1,9,9,16,6,102,14,3,87,15,1,1
M12039,1993,Round 7,7,1993-05-09,Brisbane Lions,Port Adelaide Power,Gabba,QLD,SA,1,8,7,16,4,100,15,0,90,10,1,1
M12040,1993,Round 7,7,1993-05-11,Essendon Bombers,Sydney Swans,Marvel Stadium,VIC,NSW,1,7,7,13,5,83,11,5,71,12,1,1
M12041,1993,Round 7,7,1993-05-13,North Melbourne Kangaroos,Geelong Cats,Marvel Stadium,VIC,VIC,0,8,8,15,9,99,13,5,83,16,1,1
M12042,1993,Round 7,7,1993-05-15,GWS Giants,Gold Coast Suns,GIANTS Stadium,NSW,QLD,1,9,9,14,6,90,15,4,94,-4,0,0
M12043,1993,Round 7,7,1993-05-17,Collingwood Magpies,Melbourne Demons,MCG,VIC,VIC,0,7,9,16,4,100,15,6,96,4,1,1
M12044,1993,Round 8,8,1993-06-01,Richmond Tigers,Essendon Bombers,MCG,VIC,VIC,0,7,9,17,2,104,15,1,91,13,1,1
M12045,1993,Round 8,8,1993-06-03,West Coast Eagles,Adelaide Crows,Optus Stadium,WA,SA,1,7,9,12,6,78,14,3,87,-9,0,0
M12046,1993,Round 8,8,1993-06-05,Brisbane Lions,Collingwood Magpies,Gabba,QLD,VIC,1,7,8,15,2,92,12,8,80,12,1,1
M12047,1993,Round 8,8,1993-06-07,Melbourne Demons,Port Adelaide Power,MCG,VIC,SA,1,6,8,13,6,84,13,5,83,1,1,1
M12048,1993,Round 8,8,1993-06-09,Sydney Swans,Western Bulldogs,SCG,NSW,VIC,1,6,7,17,5,107,12,3,75,32,1,1
M12049,1993,Round 8,8,1993-06-11,Carlton Blues,Geelong Cats,Marvel Stadium,VIC,VIC,0,7,7,12,2,74,14,8,92,-18,0,0
M12050,1993,Round 8,8,1993-06-13,GWS Giants,Gold Coast Suns,GIANTS Stadium,NSW,QLD,1,8,9,13,8,86,13,5,83,3,1,1
M12051,1993,Round 8,8,1993-06-15,North Melbourne Kangaroos,St Kilda Saints,Marvel Stadium,VIC,VIC,0,7,8,16,8,104,15,5,95,9,1,1
M12052,1993,Round 8,8,1993-06-17,Fremantle Dockers,Hawthorn Hawks,Optus Stadium,WA,VIC,1,6,7,14,7,91,13,5,83,8,1,1
M12053,1993,Round 9,9,1993-07-01,Western Bulldogs,Gold Coast Suns,Marvel Stadium,VIC,QLD,1,7,9,13,8,86,15,2,92,-6,0,0
M12054,1993,Round 9,9,1993-07-03,Brisbane Lions,St Kilda Saints,Gabba,QLD,VIC,1,6,8,15,4,94,14,3,87,7,1,1
M12055,1993,Round 9,9,1993-07-05,Collingwood Magpies,North Melbourne Kangaroos,MCG,VIC,VIC,0,7,8,14,2,86,15,4,94,-8,0,0
M12056,1993,Round 9,9,1993-07-07,Hawthorn Hawks,GWS Giants,MCG,VIC,NSW,1,6,7,15,2,92,12,6,78,14,1,1
M12057,1993,Round 9,9,1993-07-09,Adelaide Crows,Sydney Swans,Adelaide Oval,SA,NSW,1,9,6,15,9,99,13,6,84,15,1,1
M12058,1993,Round 9,9,1993-07-11,Carlton Blues,Geelong Cats,Marvel Stadium,VIC,VIC,0,6,7,15,6,96,14,5,89,7,1,1
M12059,1993,Round 9,9,1993-07-13,Fremantle Dockers,Port Adelaide Power,Optus Stadium,WA,SA,1,6,7,15,5,95,13,5,83,12,1,1
M12060,1993,Round 9,9,1993-07-15,West Coast Eagles,Essendon Bombers,Optus Stadium,WA,VIC,1,7,8,13,2,80,15,6,96,-16,0,0
M12061,1993,Round 9,9,1993-07-17,Melbourne Demons,Richmond Tigers,MCG,VIC,VIC,0,7,7,13,9,87,14,9,93,-6,0,0
M12062,1993,Round 10,10,1993-08-01,Hawthorn Hawks,Essendon Bombers,MCG,VIC,VIC,0,6,7,17,4,106,13,3,81,25,1,1
M12063,1993,Round 10,10,1993-08-03,Sydney Swans,Port Adelaide Power,SCG,NSW,SA,1,7,6,15,7,97,15,3,93,4,1,1
M12064,1993,Round 10,10,1993-08-05,Western Bulldogs,Brisbane Lions,Marvel Stadium,VIC,QLD,1,6,7,14,5,89,13,4,82,7,1,1
M12065,1993,Round 10,10,1993-08-07,Richmond Tigers,GWS Giants,MCG,VIC,NSW,1,7,8,15,8,98,12,3,75,23,1,1
M12066,1993,Round 10,10,1993-08-09,Collingwood Magpies,Carlton Blues,MCG,VIC,VIC,0,6,6,16,2,98,11,5,71,27,1,1
M12067,1993,Round 10,10,1993-08-11,Adelaide Crows,Fremantle Dockers,Adelaide Oval,SA,WA,1,6,7,16,5,101,13,6,84,17,1,1
M12068,1993,Round 10,10,1993-08-13,St Kilda Saints,Gold Coast Suns,Marvel Stadium,VIC,QLD,1,7,6,16,4,100,10,6,66,34,1,1
M12069,1993,Round 10,10,1993-08-15,Geelong Cats,North Melbourne Kangaroos,GMHBA Stadium,VIC,VIC,0,7,8,17,0,102,14,4,88,14,1,1
M12070,1993,Round 10,10,1993-08-17,West Coast Eagles,Melbourne Demons,Optus Stadium,WA,VIC,1,8,7,16,6,102,10,4,64,38,1,1
M12071,1993,Round 11,11,1993-09-01,Adelaide Crows,West Coast Eagles,Adelaide Oval,SA,WA,1,7,7,18,1,109,15,4,94,15,1,1
M12072,1993,Round 11,11,1993-09-03,North Melbourne Kangaroos,Collingwood Magpies,Marvel Stadium,VIC,VIC,0,7,9,16,3,99,12,9,81,18,1,1
M12073,1993,Round 11,11,1993-09-05,Richmond Tigers,Western Bulldogs,MCG,VIC,VIC,0,8,7,13,3,81,13,4,82,-1,0,0
M12074,1993,Round 11,11,1993-09-07,Melbourne Demons,Port Adelaide Power,MCG,VIC,SA,1,6,8,16,8,104,13,3,81,23,1,1
M12075,1993,Round 11,11,1993-09-09,Geelong Cats,St Kilda Saints,GMHBA Stadium,VIC,VIC,0,7,9,17,4,106,13,5,83,23,1,1
M12076,1993,Round 11,11,1993-09-11,Hawthorn Hawks,Sydney Swans,MCG,VIC,NSW,1,8,7,15,7,97,14,4,88,9,1,1
M12077,1993,Round 11,11,1993-09-13,Fremantle Dockers,Brisbane Lions,Optus Stadium,WA,QLD,1,7,7,19,4,118,14,8,92,26,1,1
M12078,1993,Round 11,11,1993-09-15,GWS Giants,Gold Coast Suns,GIANTS Stadium,NSW,QLD,1,8,7,15,0,90,14,3,87,3,1,1
M12079,1993,Round 11,11,1993-09-17,Essendon Bombers,Carlton Blues,Marvel Stadium,VIC,VIC,0,6,6,15,5,95,13,4,82,13,1,1
M12080,1993,Round 12,12,1993-04-01,GWS Giants,Geelong Cats,GIANTS Stadium,NSW,VIC,1,7,8,14,4,88,15,6,96,-8,0,0
M12081,1993,Round 12,12,1993-04-03,Carlton Blues,Sydney Swans,Marvel Stadium,VIC,NSW,1,7,8,14,6,90,14,2,86,4,1,1
M12082,1993,Round 12,12,1993-04-05,West Coast Eagles,Port Adelaide Power,Optus Stadium,WA,SA,1,7,7,17,2,104,15,8,98,6,1,1
M12083,1993,Round 12,12,1993-04-07,Richmond Tigers,St Kilda Saints,MCG,VIC,VIC,0,9,9,13,2,80,14,3,87,-7,0,0
M12084,1993,Round 12,12,1993-04-09,Melbourne Demons,North Melbourne Kangaroos,MCG,VIC,VIC,0,7,7,15,2,92,13,6,84,8,1,1
M12085,1993,Round 12,12,1993-04-11,Fremantle Dockers,Adelaide Crows,Optus Stadium,WA,SA,1,7,7,17,3,105,14,6,90,15,1,1
M12086,1993,Round 12,12,1993-04-13,Collingwood Magpies,Brisbane Lions,MCG,VIC,QLD,1,9,6,15,3,93,12,5,77,16,1,1
M12087,1993,Round 12,12,1993-04-15,Essendon Bombers,Gold Coast Suns,Marvel Stadium,VIC,QLD,1,9,7,15,8,98,13,2,80,18,1,1
M12088,1993,Round 12,12,1993-04-17,Hawthorn Hawks,Western Bulldogs,MCG,VIC,VIC,0,7,6,16,7,103,13,5,83,20,1,1
M12089,1993,Round 13,13,1993-05-01,Essendon Bombers,Western Bulldogs,Marvel Stadium,VIC,VIC,0,7,7,13,8,86,12,4,76,10,1,1
M12090,1993,Round 13,13,1993-05-03,Gold Coast Suns,Port Adelaide Power,Heritage Bank Stadium,QLD,SA,1,6,6,16,2,98,15,1,91,7,1,1
M12091,1993,Round 13,13,1993-05-05,Melbourne Demons,North Melbourne Kangaroos,MCG,VIC,VIC,0,6,7,17,4,106,12,6,78,28,1,1
M12092,1993,Round 13,13,1993-05-07,Brisbane Lions,GWS Giants,Gabba,QLD,NSW,1,7,7,14,2,86,12,7,79,7,1,1
M12093,1993,Round 13,13,1993-05-09,Hawthorn Hawks,West Coast Eagles,MCG,VIC,WA,1,6,8,14,7,91,14,1,85,6,1,1
M12094,1993,Round 13,13,1993-05-11,Sydney Swans,Richmond Tigers,SCG,NSW,VIC,1,8,6,16,4,100,15,2,92,8,1,1
M12095,1993,Round 13,13,1993-05-13,Carlton Blues,Collingwood Magpies,Marvel Stadium,VIC,VIC,0,8,9,16,2,98,16,6,102,-4,0,0
M12096,1993,Round 13,13,1993-05-15,Adelaide Crows,St Kilda Saints,Adelaide Oval,SA,VIC,1,8,9,15,5,95,12,4,76,19,1,1
M12097,1993,Round 13,13,1993-05-17,Fremantle Dockers,Geelong Cats,Optus Stadium,WA,VIC,1,6,9,16,7,103,13,3,81,22,1,1
M12098,1993,Round 14,14,1993-06-01,North Melbourne Kangaroos,Melbourne Demons,Marvel Stadium,VIC,VIC,0,6,9,16,6,102,12,5,77,25,1,1
M12099,1993,Round 14,14,1993-06-03,Gold Coast Suns,Essendon Bombers,Heritage Bank Stadium,QLD,VIC,1,7,8,15,2,92,14,4,88,4,1,1
M12100,1993,Round 14,14,1993-06-05,Carlton Blues,Brisbane Lions,Marvel Stadium,VIC,QLD,1,7,7,14,9,93,12,2,74,19,1,1
M12101,1993,Round 14,14,1993-06-07,Richmond Tigers,Port Adelaide Power,MCG,VIC,SA,1,7,7,16,4,100,15,5,95,5,1,1
M12102,1993,Round 14,14,1993-06-09,Western Bulldogs,Fremantle Dockers,Marvel Stadium,VIC,WA,1,8,8,15,3,93,10,6,66,27,1,1
M12103,1993,Round 14,14,1993-06-11,Sydney Swans,Adelaide Crows,SCG,NSW,SA,1,7,8,17,5,107,13,3,81,26,1,1
M12104,1993,Round 14,14,1993-06-13,Hawthorn Hawks,St Kilda Saints,MCG,VIC,VIC,0,6,6,15,4,94,15,7,97,-3,0,0
M12105,1993,Round 14,14,1993-06-15,GWS Giants,West Coast Eagles,GIANTS Stadium,NSW,WA,1,7,6,18,1,109,15,6,96,13,1,1
M12106,1993,Round 14,14,1993-06-17,Geelong Cats,Collingwood Magpies,GMHBA Stadium,VIC,VIC,0,8,8,12,6,78,14,5,89,-11,0,0
M12107,1993,Round 15,15,1993-07-01,West Coast Eagles,Fremantle Dockers,Optus Stadium,WA,WA,0,9,6,16,3,99,14,4,88,11,1,1
M12108,1993,Round 15,15,1993-07-03,Essendon Bombers,GWS Giants,Marvel Stadium,VIC,NSW,1,6,7,15,7,97,12,2,74,23,1,1
M12109,1993,Round 15,15,1993-07-05,Adelaide Crows,Western Bulldogs,Adelaide Oval,SA,VIC,1,7,7,16,5,101,15,7,97,4,1,1
M12110,1993,Round 15,15,1993-07-07,Carlton Blues,Brisbane Lions,Marvel Stadium,VIC,QLD,1,6,9,16,0,96,12,3,75,21,1,1
M12111,1993,Round 15,15,1993-07-09,North Melbourne Kangaroos,Melbourne Demons,Marvel Stadium,VIC,VIC,0,7,6,16,5,101,15,5,95,6,1,1
M12112,1993,Round 15,15,1993-07-11,Sydney Swans,Gold Coast Suns,SCG,NSW,QLD,1,7,7,17,2,104,15,4,94,10,1,1
M12113,1993,Round 15,15,1993-07-13,Hawthorn Hawks,Collingwood Magpies,MCG,VIC,VIC,0,6,7,16,4,100,13,4,82,18,1,1
M12114,1993,Round 15,15,1993-07-15,Geelong Cats,St Kilda Saints,GMHBA Stadium,VIC,VIC,0,7,8,13,5,83,12,1,73,10,1,1
M12115,1993,Round 15,15,1993-07-17,Port Adelaide Power,Richmond Tigers,Adelaide Oval,SA,VIC,1,7,7,15,5,95,13,7,85,10,1,1
M12116,1993,Round 16,16,1993-08-01,St Kilda Saints,Collingwood Magpies,Marvel Stadium,VIC,VIC,0,7,9,13,5,83,13,3,81,2,1,1
M12117,1993,Round 16,16,1993-08-03,West Coast Eagles,Port Adelaide Power,Optus Stadium,WA,SA,1,9,8,15,3,93,12,8,80,13,1,1
M12118,1993,Round 16,16,1993-08-05,Hawthorn Hawks,GWS Giants,MCG,VIC,NSW,1,7,8,16,4,100,13,5,83,17,1,1
M12119,1993,Round 16,16,1993-08-07,Richmond Tigers,North Melbourne Kangaroos,MCG,VIC,VIC,0,9,7,14,4,88,14,6,90,-2,0,0
M12120,1993,Round 16,16,1993-08-09,Gold Coast Suns,Fremantle Dockers,Heritage Bank Stadium,QLD,WA,1,7,8,12,4,76,13,9,87,-11,0,0
M12121,1993,Round 16,16,1993-08-11,Melbourne Demons,Adelaide Crows,MCG,VIC,SA,1,7,7,15,5,95,13,4,82,13,1,1
M12122,1993,Round 16,16,1993-08-13,Essendon Bombers,Geelong Cats,Marvel Stadium,VIC,VIC,0,7,7,13,4,82,14,9,93,-11,0,0
M12123,1993,Round 16,16,1993-08-15,Western Bulldogs,Brisbane Lions,Marvel Stadium,VIC,QLD,1,6,7,16,5,101,14,6,90,11,1,1
M12124,1993,Round 16,16,1993-08-17,Sydney Swans,Carlton Blues,SCG,NSW,VIC,1,7,9,15,1,91,17,2,104,-13,0,0
M12125,1993,Round 17,17,1993-09-01,Hawthorn Hawks,Carlton Blues,MCG,VIC,VIC,0,8,8,13,3,81,17,6,108,-27,0,0
M12126,1993,Round 17,17,1993-09-03,Adelaide Crows,Brisbane Lions,Adelaide Oval,SA,QLD,1,7,9,16,6,102,14,2,86,16,1,1
M12127,1993,Round 17,17,1993-09-05,North Melbourne Kangaroos,Sydney Swans,Marvel Stadium,VIC,NSW,1,7,7,12,6,78,10,4,64,14,1,1
M12128,1993,Round 17,17,1993-09-07,Geelong Cats,Melbourne Demons,GMHBA Stadium,VIC,VIC,0,6,7,15,4,94,14,0,84,10,1,1
M12129,1993,Round 17,17,1993-09-09,West Coast Eagles,Collingwood Magpies,Optus Stadium,WA,VIC,1,9,9,18,1,109,13,8,86,23,1,1
M12130,1993,Round 17,17,1993-09-11,Port Adelaide Power,Essendon Bombers,Adelaide Oval,SA,VIC,1,9,6,18,6,114,15,1,91,23,1,1
M12131,1993,Round 17,17,1993-09-13,St Kilda Saints,Richmond Tigers,Marvel Stadium,VIC,VIC,0,9,8,16,1,97,14,1,85,12,1,1
M12132,1993,Round 17,17,1993-09-15,Fremantle Dockers,Gold Coast Suns,Optus Stadium,WA,QLD,1,7,8,16,6,102,14,8,92,10,1,1
M12133,1993,Round 17,17,1993-09-17,GWS Giants,Western Bulldogs,GIANTS Stadium,NSW,VIC,1,9,7,18,4,112,11,2,68,44,1,1
M12134,1993,Round 18,18,1993-04-01,St Kilda Saints,Collingwood Magpies,Marvel Stadium,VIC,VIC,0,8,6,13,4,82,16,8,104,-22,0,0
M12135,1993,Round 18,18,1993-04-03,Adelaide Crows,GWS Giants,Adelaide Oval,SA,NSW,1,7,8,15,3,93,13,7,85,8,1,1
M12136,1993,Round 18,18,1993-04-05,West Coast Eagles,Hawthorn Hawks,Optus Stadium,WA,VIC,1,6,7,17,2,104,15,4,94,10,1,1
M12137,1993,Round 18,18,1993-04-07,Western Bulldogs,Brisbane Lions,Marvel Stadium,VIC,QLD,1,7,6,15,5,95,13,7,85,10,1,1
M12138,1993,Round 18,18,1993-04-09,North Melbourne Kangaroos,Gold Coast Suns,Marvel Stadium,VIC,QLD,1,6,9,18,7,115,14,9,93,22,1,1
M12139,1993,Round 18,18,1993-04-11,Geelong Cats,Richmond Tigers,GMHBA Stadium,VIC,VIC,0,7,6,15,8,98,13,4,82,16,1,1
M12140,1993,Round 18,18,1993-04-13,Port Adelaide Power,Fremantle Dockers,Adelaide Oval,SA,WA,1,8,7,15,2,92,17,4,106,-14,0,0
M12141,1993,Round 18,18,1993-04-15,Essendon Bombers,Carlton Blues,Marvel Stadium,VIC,VIC,0,7,7,15,8,98,12,7,79,19,1,1
M12142,1993,Round 18,18,1993-04-17,Sydney Swans,Melbourne Demons,SCG,NSW,VIC,1,8,7,16,9,105,12,7,79,26,1,1
M12143,1993,Round 19,19,1993-05-01,Fremantle Dockers,West Coast Eagles,Optus Stadium,WA,WA,0,7,7,15,4,94,14,5,89,5,1,1
M12144,1993,Round 19,19,1993-05-03,North Melbourne Kangaroos,Port Adelaide Power,Marvel Stadium,VIC,SA,1,9,7,15,4,94,14,4,88,6,1,1
M12145,1993,Round 19,19,1993-05-05,Carlton Blues,Sydney Swans,Marvel Stadium,VIC,NSW,1,6,8,14,4,88,13,2,80,8,1,1
M12146,1993,Round 19,19,1993-05-07,Essendon Bombers,Brisbane Lions,Marvel Stadium,VIC,QLD,1,7,7,18,5,113,14,6,90,23,1,1
M12147,1993,Round 19,19,1993-05-09,Gold Coast Suns,Western Bulldogs,Heritage Bank Stadium,QLD,VIC,1,9,7,15,4,94,15,3,93,1,1,1
M12148,1993,Round 19,19,1993-05-11,Adelaide Crows,Melbourne Demons,Adelaide Oval,SA,VIC,1,7,8,15,6,96,12,4,76,20,1,1
M12149,1993,Round 19,19,1993-05-13,Hawthorn Hawks,Richmond Tigers,MCG,VIC,VIC,0,9,9,17,4,106,16,6,102,4,1,1
M12150,1993,Round 19,19,1993-05-15,Collingwood Magpies,St Kilda Saints,MCG,VIC,VIC,0,7,7,16,4,100,14,6,90,10,1,1
M12151,1993,Round 19,19,1993-05-17,Geelong Cats,GWS Giants,GMHBA Stadium,VIC,NSW,1,7,8,16,4,100,14,4,88,12,1,1
M12152,1993,Round 20,20,1993-06-01,Brisbane Lions,Gold Coast Suns,Gabba,QLD,QLD,0,6,9,16,1,97,13,4,82,15,1,1
M12153,1993,Round 20,20,1993-06-03,Geelong Cats,Sydney Swans,GMHBA Stadium,VIC,NSW,1,7,7,16,8,104,15,2,92,12,1,1
M12154,1993,Round 20,20,1993-06-05,St Kilda Saints,North Melbourne Kangaroos,Marvel Stadium,VIC,VIC,0,7,7,15,2,92,13,6,84,8,1,1
M12155,1993,Round 20,20,1993-06-07,Melbourne Demons,Richmond Tigers,MCG,VIC,VIC,0,7,8,16,7,103,13,6,84,19,1,1
M12156,1993,Round 20,20,1993-06-09,West Coast Eagles,Essendon Bombers,Optus Stadium,WA,VIC,1,8,9,16,3,99,13,9,87,12,1,1
M12157,1993,Round 20,20,1993-06-11,Fremantle Dockers,GWS Giants,Optus Stadium,WA,NSW,1,7,9,11,9,75,17,4,106,-31,0,0
M12158,1993,Round 20,20,1993-06-13,Carlton Blues,Port Adelaide Power,Marvel Stadium,VIC,SA,1,7,7,13,5,83,13,6,84,-1,0,0
M12159,1993,Round 20,20,1993-06-15,Adelaide Crows,Hawthorn Hawks,Adelaide Oval,SA,VIC,1,7,6,19,8,122,12,5,77,45,1,1
M12160,1993,Round 20,20,1993-06-17,Collingwood Magpies,Western Bulldogs,MCG,VIC,VIC,0,7,7,16,9,105,12,6,78,27,1,1
M12161,1993,Round 21,21,1993-07-01,Port Adelaide Power,Western Bulldogs,Adelaide Oval,SA,VIC,1,7,7,16,4,100,14,6,90,10,1,1
M12162,1993,Round 21,21,1993-07-03,Hawthorn Hawks,West Coast Eagles,MCG,VIC,WA,1,7,8,13,5,83,15,7,97,-14,0,0
M12163,1993,Round 21,21,1993-07-05,Essendon Bombers,North Melbourne Kangaroos,Marvel Stadium,VIC,VIC,0,9,6,14,3,87,16,4,100,-13,0,0
M12164,1993,Round 21,21,1993-07-07,Carlton Blues,Gold Coast Suns,Marvel Stadium,VIC,QLD,1,7,7,14,6,90,12,8,80,10,1,1
M12165,1993,Round 21,21,1993-07-09,Richmond Tigers,Brisbane Lions,MCG,VIC,QLD,1,6,7,15,1,91,14,7,91,0,0,0
M12166,1993,Round 21,21,1993-07-11,Geelong Cats,Collingwood Magpies,GMHBA Stadium,VIC,VIC,0,7,7,17,3,105,12,6,78,27,1,1
M12167,1993,Round 21,21,1993-07-13,Fremantle Dockers,St Kilda Saints,Optus Stadium,WA,VIC,1,8,6,16,0,96,15,5,95,1,1,1
M12168,1993,Round 21,21,1993-07-15,GWS Giants,Sydney Swans,GIANTS Stadium,NSW,NSW,0,6,9,15,9,99,14,2,86,13,1,1
M12169,1993,Round 21,21,1993-07-17,Adelaide Crows,Melbourne Demons,Adelaide Oval,SA,VIC,1,7,6,14,8,92,19,1,115,-23,0,0
M12170,1993,Round 22,22,1993-08-01,Sydney Swans,GWS Giants,SCG,NSW,NSW,0,6,6,17,8,110,16,2,98,12,1,1
M12171,1993,Round 22,22,1993-08-03,Fremantle Dockers,Adelaide Crows,Optus Stadium,WA,SA,1,7,6,15,5,95,13,5,83,12,1,1
M12172,1993,Round 22,22,1993-08-05,Richmond Tigers,Gold Coast Suns,MCG,VIC,QLD,1,7,7,13,4,82,13,3,81,1,1,1
M12173,1993,Round 22,22,1993-08-07,Melbourne Demons,Essendon Bombers,MCG,VIC,VIC,0,7,8,14,6,90,15,3,93,-3,0,0
M12174,1993,Round 22,22,1993-08-09,Port Adelaide Power,Collingwood Magpies,Adelaide Oval,SA,VIC,1,7,6,17,2,104,12,3,75,29,1,1
M12175,1993,Round 22,22,1993-08-11,Western Bulldogs,Carlton Blues,Marvel Stadium,VIC,VIC,0,7,7,15,4,94,15,2,92,2,1,1
M12176,1993,Round 22,22,1993-08-13,Hawthorn Hawks,West Coast Eagles,MCG,VIC,WA,1,6,7,19,4,118,13,1,79,39,1,1
M12177,1993,Round 22,22,1993-08-15,St Kilda Saints,Brisbane Lions,Marvel Stadium,VIC,QLD,1,6,7,17,2,104,9,2,56,48,1,1
M12178,1993,Round 22,22,1993-08-17,North Melbourne Kangaroos,Geelong Cats,Marvel Stadium,VIC,VIC,0,7,7,16,0,96,14,4,88,8,1,1
M12179,1994,Round 1,1,1994-05-01,Melbourne Demons,West Coast Eagles,MCG,VIC,WA,1,6,7,15,6,96,12,2,74,22,1,1
M12180,1994,Round 1,1,1994-05-03,Port Adelaide Power,Sydney Swans,Adelaide Oval,SA,NSW,1,6,6,15,4,94,11,6,72,22,1,1
M12181,1994,Round 1,1,1994-05-05,Richmond Tigers,St Kilda Saints,MCG,VIC,VIC,0,7,6,15,3,93,14,3,87,6,1,1
M12182,1994,Round 1,1,1994-05-07,Brisbane Lions,Carlton Blues,Gabba,QLD,VIC,1,9,7,15,4,94,14,2,86,8,1,1
M12183,1994,Round 1,1,1994-05-09,Hawthorn Hawks,Adelaide Crows,MCG,VIC,SA,1,6,9,16,4,100,13,3,81,19,1,1
M12184,1994,Round 1,1,1994-05-11,Gold Coast Suns,GWS Giants,Heritage Bank Stadium,QLD,NSW,1,6,8,17,5,107,15,2,92,15,1,1
M12185,1994,Round 1,1,1994-05-13,Collingwood Magpies,Western Bulldogs,MCG,VIC,VIC,0,7,7,14,4,88,13,7,85,3,1,1
M12186,1994,Round 1,1,1994-05-15,Geelong Cats,Essendon Bombers,GMHBA Stadium,VIC,VIC,0,6,7,15,0,90,13,5,83,7,1,1
M12187,1994,Round 1,1,1994-05-17,North Melbourne Kangaroos,Fremantle Dockers,Marvel Stadium,VIC,WA,1,6,7,17,7,109,12,2,74,35,1,1
M12188,1994,Round 2,2,1994-06-01,Port Adelaide Power,St Kilda Saints,Adelaide Oval,SA,VIC,1,9,7,15,3,93,12,5,77,16,1,1
M12189,1994,Round 2,2,1994-06-03,Brisbane Lions,Gold Coast Suns,Gabba,QLD,QLD,0,9,7,17,5,107,13,2,80,27,1,1
M12190,1994,Round 2,2,1994-06-05,Geelong Cats,Essendon Bombers,GMHBA Stadium,VIC,VIC,0,7,9,16,2,98,14,5,89,9,1,1
M12191,1994,Round 2,2,1994-06-07,Melbourne Demons,Adelaide Crows,MCG,VIC,SA,1,8,7,16,6,102,14,9,93,9,1,1
M12192,1994,Round 2,2,1994-06-09,Hawthorn Hawks,Fremantle Dockers,MCG,VIC,WA,1,7,7,16,4,100,16,7,103,-3,0,0
M12193,1994,Round 2,2,1994-06-11,Carlton Blues,Western Bulldogs,Marvel Stadium,VIC,VIC,0,9,7,17,6,108,14,4,88,20,1,1
M12194,1994,Round 2,2,1994-06-13,GWS Giants,Collingwood Magpies,GIANTS Stadium,NSW,VIC,1,7,7,18,4,112,11,8,74,38,1,1
M12195,1994,Round 2,2,1994-06-15,North Melbourne Kangaroos,Sydney Swans,Marvel Stadium,VIC,NSW,1,7,7,14,6,90,15,3,93,-3,0,0
M12196,1994,Round 2,2,1994-06-17,Richmond Tigers,West Coast Eagles,MCG,VIC,WA,1,8,9,15,5,95,11,1,67,28,1,1
M12197,1994,Round 3,3,1994-07-01,GWS Giants,Carlton Blues,GIANTS Stadium,NSW,VIC,1,6,7,15,4,94,12,4,76,18,1,1
M12198,1994,Round 3,3,1994-07-03,Port Adelaide Power,Adelaide Crows,Adelaide Oval,SA,SA,0,6,7,17,6,108,11,6,72,36,1,1
M12199,1994,Round 3,3,1994-07-05,Collingwood Magpies,North Melbourne Kangaroos,MCG,VIC,VIC,0,9,9,16,7,103,16,2,98,5,1,1
M12200,1994,Round 3,3,1994-07-07,Essendon Bombers,Sydney Swans,Marvel Stadium,VIC,NSW,1,8,6,15,5,95,14,9,93,2,1,1
M12201,1994,Round 3,3,1994-07-09,Richmond Tigers,Western Bulldogs,MCG,VIC,VIC,0,8,6,18,2,110,14,9,93,17,1,1
M12202,1994,Round 3,3,1994-07-11,Gold Coast Suns,West Coast Eagles,Heritage Bank Stadium,QLD,WA,1,8,7,19,1,115,13,4,82,33,1,1
M12203,1994,Round 3,3,1994-07-13,Brisbane Lions,Hawthorn Hawks,Gabba,QLD,VIC,1,8,7,14,4,88,13,7,85,3,1,1
M12204,1994,Round 3,3,1994-07-15,Geelong Cats,Fremantle Dockers,GMHBA Stadium,VIC,WA,1,7,7,14,0,84,14,7,91,-7,0,0
M12205,1994,Round 3,3,1994-07-17,Melbourne Demons,St Kilda Saints,MCG,VIC,VIC,0,7,7,15,3,93,13,2,80,13,1,1
M12206,1994,Round 4,4,1994-08-01,Geelong Cats,Richmond Tigers,GMHBA Stadium,VIC,VIC,0,7,9,15,4,94,13,4,82,12,1,1
M12207,1994,Round 4,4,1994-08-03,North Melbourne Kangaroos,Melbourne Demons,Marvel Stadium,VIC,VIC,0,7,8,15,1,91,13,6,84,7,1,1
M12208,1994,Round 4,4,1994-08-05,Gold Coast Suns,Fremantle Dockers,Heritage Bank Stadium,QLD,WA,1,7,9,16,3,99,12,2,74,25,1,1
M12209,1994,Round 4,4,1994-08-07,Adelaide Crows,Western Bulldogs,Adelaide Oval,SA,VIC,1,9,7,16,6,102,13,1,79,23,1,1
M12210,1994,Round 4,4,1994-08-09,GWS Giants,Port Adelaide Power,GIANTS Stadium,NSW,SA,1,7,6,13,4,82,15,7,97,-15,0,0
M12211,1994,Round 4,4,1994-08-11,West Coast Eagles,Essendon Bombers,Optus Stadium,WA,VIC,1,7,7,17,6,108,11,0,66,42,1,1
M12212,1994,Round 4,4,1994-08-13,St Kilda Saints,Collingwood Magpies,Marvel Stadium,VIC,VIC,0,9,9,14,2,86,14,7,91,-5,0,0
M12213,1994,Round 4,4,1994-08-15,Sydney Swans,Brisbane Lions,SCG,NSW,QLD,1,9,7,16,6,102,13,7,85,17,1,1
M12214,1994,Round 4,4,1994-08-17,Hawthorn Hawks,Carlton Blues,MCG,VIC,VIC,0,9,7,13,4,82,11,8,74,8,1,1
M12215,1994,Round 5,5,1994-09-01,Collingwood Magpies,Richmond Tigers,MCG,VIC,VIC,0,8,7,15,2,92,14,6,90,2,1,1
M12216,1994,Round 5,5,1994-09-03,West Coast Eagles,St Kilda Saints,Optus Stadium,WA,VIC,1,8,7,15,7,97,14,5,89,8,1,1
M12217,1994,Round 5,5,1994-09-05,Geelong Cats,Sydney Swans,GMHBA Stadium,VIC,NSW,1,7,6,14,5,89,14,5,89,0,0,0
M12218,1994,Round 5,5,1994-09-07,Adelaide Crows,Essendon Bombers,Adelaide Oval,SA,VIC,1,7,7,15,0,90,13,8,86,4,1,1
M12219,1994,Round 5,5,1994-09-09,Western Bulldogs,GWS Giants,Marvel Stadium,VIC,NSW,1,7,7,14,9,93,13,4,82,11,1,1
M12220,1994,Round 5,5,1994-09-11,Port Adelaide Power,Melbourne Demons,Adelaide Oval,SA,VIC,1,7,9,15,5,95,14,2,86,9,1,1
M12221,1994,Round 5,5,1994-09-13,Gold Coast Suns,Hawthorn Hawks,Heritage Bank Stadium,QLD,VIC,1,6,6,16,4,100,14,4,88,12,1,1
M12222,1994,Round 5,5,1994-09-15,North Melbourne Kangaroos,Brisbane Lions,Marvel Stadium,VIC,QLD,1,7,6,15,6,96,10,9,69,27,1,1
M12223,1994,Round 5,5,1994-09-17,Fremantle Dockers,Carlton Blues,Optus Stadium,WA,VIC,1,7,8,14,1,85,13,2,80,5,1,1
M12224,1994,Round 6,6,1994-04-01,Adelaide Crows,West Coast Eagles,Adelaide Oval,SA,WA,1,8,7,16,7,103,15,5,95,8,1,1
M12225,1994,Round 6,6,1994-04-03,Collingwood Magpies,Melbourne Demons,MCG,VIC,VIC,0,7,6,15,8,98,14,8,92,6,1,1
M12226,1994,Round 6,6,1994-04-05,GWS Giants,Essendon Bombers,GIANTS Stadium,NSW,VIC,1,8,9,17,5,107,12,6,78,29,1,1
M12227,1994,Round 6,6,1994-04-07,Gold Coast Suns,Brisbane Lions,Heritage Bank Stadium,QLD,QLD,0,7,7,16,4,100,15,7,97,3,1,1
M12228,1994,Round 6,6,1994-04-09,Carlton Blues,Sydney Swans,Marvel Stadium,VIC,NSW,1,7,6,12,9,81,13,3,81,0,0,0
M12229,1994,Round 6,6,1994-04-11,North Melbourne Kangaroos,Richmond Tigers,Marvel Stadium,VIC,VIC,0,7,7,13,7,85,14,3,87,-2,0,0
M12230,1994,Round 6,6,1994-04-13,St Kilda Saints,Geelong Cats,Marvel Stadium,VIC,VIC,0,7,7,16,3,99,16,3,99,0,0,0
M12231,1994,Round 6,6,1994-04-15,Western Bulldogs,Hawthorn Hawks,Marvel Stadium,VIC,VIC,0,7,6,15,9,99,14,3,87,12,1,1
M12232,1994,Round 6,6,1994-04-17,Port Adelaide Power,Fremantle Dockers,Adelaide Oval,SA,WA,1,9,7,14,4,88,12,4,76,12,1,1
M12233,1994,Round 7,7,1994-05-01,Melbourne Demons,Brisbane Lions,MCG,VIC,QLD,1,7,7,13,5,83,14,8,92,-9,0,0
M12234,1994,Round 7,7,1994-05-03,GWS Giants,Richmond Tigers,GIANTS Stadium,NSW,VIC,1,6,7,13,3,81,13,2,80,1,1,1
M12235,1994,Round 7,7,1994-05-05,Sydney Swans,Adelaide Crows,SCG,NSW,SA,1,7,7,16,9,105,18,4,112,-7,0,0
M12236,1994,Round 7,7,1994-05-07,Fremantle Dockers,Gold Coast Suns,Optus Stadium,WA,QLD,1,7,9,15,5,95,15,4,94,1,1,1
M12237,1994,Round 7,7,1994-05-09,Hawthorn Hawks,St Kilda Saints,MCG,VIC,VIC,0,7,7,14,2,86,16,2,98,-12,0,0
M12238,1994,Round 7,7,1994-05-11,Essendon Bombers,Port Adelaide Power,Marvel Stadium,VIC,SA,1,7,7,16,5,101,14,6,90,11,1,1
M12239,1994,Round 7,7,1994-05-13,Geelong Cats,West Coast Eagles,GMHBA Stadium,VIC,WA,1,9,8,14,4,88,12,6,78,10,1,1
M12240,1994,Round 7,7,1994-05-15,Collingwood Magpies,Western Bulldogs,MCG,VIC,VIC,0,7,9,16,5,101,14,4,88,13,1,1
M12241,1994,Round 7,7,1994-05-17,Carlton Blues,North Melbourne Kangaroos,Marvel Stadium,VIC,VIC,0,9,7,14,9,93,11,8,74,19,1,1
M12242,1994,Round 8,8,1994-06-01,Gold Coast Suns,Geelong Cats,Heritage Bank Stadium,QLD,VIC,1,6,8,15,5,95,14,5,89,6,1,1
M12243,1994,Round 8,8,1994-06-03,North Melbourne Kangaroos,Adelaide Crows,Marvel Stadium,VIC,SA,1,7,7,15,7,97,13,6,84,13,1,1
M12244,1994,Round 8,8,1994-06-05,Collingwood Magpies,St Kilda Saints,MCG,VIC,VIC,0,7,6,17,7,109,12,5,77,32,1,1
M12245,1994,Round 8,8,1994-06-07,West Coast Eagles,Western Bulldogs,Optus Stadium,WA,VIC,1,7,6,15,3,93,13,4,82,11,1,1
M12246,1994,Round 8,8,1994-06-09,Hawthorn Hawks,Melbourne Demons,MCG,VIC,VIC,0,7,7,15,2,92,14,7,91,1,1,1
M12247,1994,Round 8,8,1994-06-11,Essendon Bombers,GWS Giants,Marvel Stadium,VIC,NSW,1,7,6,18,3,111,10,6,66,45,1,1
M12248,1994,Round 8,8,1994-06-13,Carlton Blues,Brisbane Lions,Marvel Stadium,VIC,QLD,1,9,7,14,2,86,14,4,88,-2,0,0
M12249,1994,Round 8,8,1994-06-15,Port Adelaide Power,Sydney Swans,Adelaide Oval,SA,NSW,1,9,7,16,4,100,12,8,80,20,1,1
M12250,1994,Round 8,8,1994-06-17,Fremantle Dockers,Richmond Tigers,Optus Stadium,WA,VIC,1,6,7,14,3,87,13,3,81,6,1,1
M12251,1994,Round 9,9,1994-07-01,Carlton Blues,Adelaide Crows,Marvel Stadium,VIC,SA,1,7,7,16,0,96,16,5,101,-5,0,0
M12252,1994,Round 9,9,1994-07-03,North Melbourne Kangaroos,Port Adelaide Power,Marvel Stadium,VIC,SA,1,9,7,13,2,80,15,5,95,-15,0,0
M12253,1994,Round 9,9,1994-07-05,Gold Coast Suns,Collingwood Magpies,Heritage Bank Stadium,QLD,VIC,1,7,7,16,3,99,15,5,95,4,1,1
M12254,1994,Round 9,9,1994-07-07,Geelong Cats,Sydney Swans,GMHBA Stadium,VIC,NSW,1,6,8,18,2,110,13,7,85,25,1,1
M12255,1994,Round 9,9,1994-07-09,GWS Giants,St Kilda Saints,GIANTS Stadium,NSW,VIC,1,7,9,15,6,96,14,6,90,6,1,1
M12256,1994,Round 9,9,1994-07-11,West Coast Eagles,Fremantle Dockers,Optus Stadium,WA,WA,0,9,7,13,8,86,14,6,90,-4,0,0
M12257,1994,Round 9,9,1994-07-13,Brisbane Lions,Essendon Bombers,Gabba,QLD,VIC,1,9,7,17,4,106,14,6,90,16,1,1
M12258,1994,Round 9,9,1994-07-15,Richmond Tigers,Melbourne Demons,MCG,VIC,VIC,0,9,8,12,5,77,14,1,85,-8,0,0
M12259,1994,Round 9,9,1994-07-17,Western Bulldogs,Hawthorn Hawks,Marvel Stadium,VIC,VIC,0,7,7,15,1,91,14,4,88,3,1,1
M12260,1994,Round 10,10,1994-08-01,Fremantle Dockers,Western Bulldogs,Optus Stadium,WA,VIC,1,7,6,14,6,90,11,7,73,17,1,1
M12261,1994,Round 10,10,1994-08-03,Hawthorn Hawks,Gold Coast Suns,MCG,VIC,QLD,1,7,7,15,3,93,13,3,81,12,1,1
M12262,1994,Round 10,10,1994-08-05,Melbourne Demons,West Coast Eagles,MCG,VIC,WA,1,7,6,14,5,89,15,4,94,-5,0,0
M12263,1994,Round 10,10,1994-08-07,St Kilda Saints,Essendon Bombers,Marvel Stadium,VIC,VIC,0,6,9,14,6,90,15,2,92,-2,0,0
M12264,1994,Round 10,10,1994-08-09,GWS Giants,Port Adelaide Power,GIANTS Stadium,NSW,SA,1,6,9,16,3,99,11,2,68,31,1,1
M12265,1994,Round 10,10,1994-08-11,Richmond Tigers,Geelong Cats,MCG,VIC,VIC,0,7,7,16,4,100,13,7,85,15,1,1
M12266,1994,Round 10,10,1994-08-13,North Melbourne Kangaroos,Collingwood Magpies,Marvel Stadium,VIC,VIC,0,7,7,16,5,101,16,7,103,-2,0,0
M12267,1994,Round 10,10,1994-08-15,Adelaide Crows,Sydney Swans,Adelaide Oval,SA,NSW,1,8,6,15,9,99,13,4,82,17,1,1
M12268,1994,Round 10,10,1994-08-17,Brisbane Lions,Carlton Blues,Gabba,QLD,VIC,1,9,8,12,2,74,13,4,82,-8,0,0
M12269,1994,Round 11,11,1994-09-01,Port Adelaide Power,Collingwood Magpies,Adelaide Oval,SA,VIC,1,8,8,16,6,102,12,5,77,25,1,1
M12270,1994,Round 11,11,1994-09-03,North Melbourne Kangaroos,Sydney Swans,Marvel Stadium,VIC,NSW,1,7,6,15,7,97,16,2,98,-1,0,0
M12271,1994,Round 11,11,1994-09-05,Fremantle Dockers,Hawthorn Hawks,Optus Stadium,WA,VIC,1,6,7,17,6,108,14,5,89,19,1,1
M12272,1994,Round 11,11,1994-09-07,GWS Giants,Brisbane Lions,GIANTS Stadium,NSW,QLD,1,7,7,17,3,105,12,4,76,29,1,1
M12273,1994,Round 11,11,1994-09-09,Adelaide Crows,Gold Coast Suns,Adelaide Oval,SA,QLD,1,8,7,13,0,78,13,5,83,-5,0,0
M12274,1994,Round 11,11,1994-09-11,St Kilda Saints,Melbourne Demons,Marvel Stadium,VIC,VIC,0,6,7,15,3,93,15,5,95,-2,0,0
M12275,1994,Round 11,11,1994-09-13,Geelong Cats,West Coast Eagles,GMHBA Stadium,VIC,WA,1,7,7,17,6,108,16,6,102,6,1,1
M12276,1994,Round 11,11,1994-09-15,Western Bulldogs,Richmond Tigers,Marvel Stadium,VIC,VIC,0,9,7,16,5,101,14,1,85,16,1,1
M12277,1994,Round 11,11,1994-09-17,Carlton Blues,Essendon Bombers,Marvel Stadium,VIC,VIC,0,6,7,15,1,91,13,5,83,8,1,1
M12278,1994,Round 12,12,1994-04-01,Sydney Swans,Brisbane Lions,SCG,NSW,QLD,1,7,8,14,6,90,15,5,95,-5,0,0
M12279,1994,Round 12,12,1994-04-03,Port Adelaide Power,Carlton Blues,Adelaide Oval,SA,VIC,1,7,8,13,6,84,14,7,91,-7,0,0
M12280,1994,Round 12,12,1994-04-05,Western Bulldogs,North Melbourne Kangaroos,Marvel Stadium,VIC,VIC,0,7,6,17,1,103,15,1,91,12,1,1
M12281,1994,Round 12,12,1994-04-07,Geelong Cats,St Kilda Saints,GMHBA Stadium,VIC,VIC,0,8,9,16,3,99,13,6,84,15,1,1
M12282,1994,Round 12,12,1994-04-09,GWS Giants,Adelaide Crows,GIANTS Stadium,NSW,SA,1,9,7,15,9,99,11,2,68,31,1,1
M12283,1994,Round 12,12,1994-04-11,Essendon Bombers,Gold Coast Suns,Marvel Stadium,VIC,QLD,1,7,7,16,1,97,13,5,83,14,1,1
M12284,1994,Round 12,12,1994-04-13,Collingwood Magpies,West Coast Eagles,MCG,VIC,WA,1,7,7,14,5,89,13,3,81,8,1,1
M12285,1994,Round 12,12,1994-04-15,Richmond Tigers,Fremantle Dockers,MCG,VIC,WA,1,7,9,16,3,99,13,7,85,14,1,1
M12286,1994,Round 12,12,1994-04-17,Melbourne Demons,Hawthorn Hawks,MCG,VIC,VIC,0,8,7,13,5,83,14,4,88,-5,0,0
M12287,1994,Round 13,13,1994-05-01,Richmond Tigers,St Kilda Saints,MCG,VIC,VIC,0,7,6,14,0,84,15,8,98,-14,0,0
M12288,1994,Round 13,13,1994-05-03,Gold Coast Suns,Carlton Blues,Heritage Bank Stadium,QLD,VIC,1,9,7,17,7,109,14,5,89,20,1,1
M12289,1994,Round 13,13,1994-05-05,Adelaide Crows,West Coast Eagles,Adelaide Oval,SA,WA,1,8,7,17,2,104,13,2,80,24,1,1
M12290,1994,Round 13,13,1994-05-07,North Melbourne Kangaroos,GWS Giants,Marvel Stadium,VIC,NSW,1,6,7,17,4,106,13,4,82,24,1,1
M12291,1994,Round 13,13,1994-05-09,Melbourne Demons,Geelong Cats,MCG,VIC,VIC,0,7,9,16,0,96,13,1,79,17,1,1
M12292,1994,Round 13,13,1994-05-11,Port Adelaide Power,Western Bulldogs,Adelaide Oval,SA,VIC,1,9,7,17,6,108,14,5,89,19,1,1
M12293,1994,Round 13,13,1994-05-13,Sydney Swans,Hawthorn Hawks,SCG,NSW,VIC,1,9,7,15,6,96,13,7,85,11,1,1
M12294,1994,Round 13,13,1994-05-15,Essendon Bombers,Fremantle Dockers,Marvel Stadium,VIC,WA,1,8,8,15,1,91,15,3,93,-2,0,0
M12295,1994,Round 13,13,1994-05-17,Collingwood Magpies,Brisbane Lions,MCG,VIC,QLD,1,8,9,16,3,99,13,8,86,13,1,1
M12296,1994,Round 14,14,1994-06-01,Fremantle Dockers,Hawthorn Hawks,Optus Stadium,WA,VIC,1,7,9,15,2,92,15,9,99,-7,0,0
M12297,1994,Round 14,14,1994-06-03,Sydney Swans,Richmond Tigers,SCG,NSW,VIC,1,8,8,15,4,94,14,6,90,4,1,1
M12298,1994,Round 14,14,1994-06-05,Melbourne Demons,Collingwood Magpies,MCG,VIC,VIC,0,7,8,13,6,84,12,5,77,7,1,1
M12299,1994,Round 14,14,1994-06-07,St Kilda Saints,Adelaide Crows,Marvel Stadium,VIC,SA,1,7,7,14,2,86,15,5,95,-9,0,0
M12300,1994,Round 14,14,1994-06-09,Geelong Cats,North Melbourne Kangaroos,GMHBA Stadium,VIC,VIC,0,7,7,16,6,102,14,7,91,11,1,1
M12301,1994,Round 14,14,1994-06-11,Western Bulldogs,Essendon Bombers,Marvel Stadium,VIC,VIC,0,9,7,15,6,96,12,4,76,20,1,1
M12302,1994,Round 14,14,1994-06-13,Port Adelaide Power,Gold Coast Suns,Adelaide Oval,SA,QLD,1,7,7,14,3,87,13,5,83,4,1,1
M12303,1994,Round 14,14,1994-06-15,GWS Giants,West Coast Eagles,GIANTS Stadium,NSW,WA,1,7,9,17,4,106,14,4,88,18,1,1
M12304,1994,Round 14,14,1994-06-17,Brisbane Lions,Carlton Blues,Gabba,QLD,VIC,1,7,8,17,4,106,11,8,74,32,1,1
M12305,1994,Round 15,15,1994-07-01,Geelong Cats,Richmond Tigers,GMHBA Stadium,VIC,VIC,0,8,7,14,6,90,14,0,84,6,1,1
M12306,1994,Round 15,15,1994-07-03,North Melbourne Kangaroos,Fremantle Dockers,Marvel Stadium,VIC,WA,1,7,7,16,2,98,12,9,81,17,1,1
M12307,1994,Round 15,15,1994-07-05,Sydney Swans,Western Bulldogs,SCG,NSW,VIC,1,7,7,17,4,106,15,7,97,9,1,1
M12308,1994,Round 15,15,1994-07-07,Port Adelaide Power,Adelaide Crows,Adelaide Oval,SA,SA,0,7,7,14,6,90,12,0,72,18,1,1
M12309,1994,Round 15,15,1994-07-09,St Kilda Saints,Hawthorn Hawks,Marvel Stadium,VIC,VIC,0,9,7,15,7,97,14,3,87,10,1,1
M12310,1994,Round 15,15,1994-07-11,Collingwood Magpies,Melbourne Demons,MCG,VIC,VIC,0,8,9,15,5,95,14,5,89,6,1,1
M12311,1994,Round 15,15,1994-07-13,GWS Giants,Carlton Blues,GIANTS Stadium,NSW,VIC,1,8,7,20,2,122,14,4,88,34,1,1
M12312,1994,Round 15,15,1994-07-15,Gold Coast Suns,Brisbane Lions,Heritage Bank Stadium,QLD,QLD,0,7,7,16,7,103,13,4,82,21,1,1
M12313,1994,Round 15,15,1994-07-17,Essendon Bombers,West Coast Eagles,Marvel Stadium,VIC,WA,1,7,8,14,4,88,15,0,90,-2,0,0
M12314,1994,Round 16,16,1994-08-01,Richmond Tigers,Western Bulldogs,MCG,VIC,VIC,0,8,6,17,4,106,14,4,88,18,1,1
M12315,1994,Round 16,16,1994-08-03,GWS Giants,Carlton Blues,GIANTS Stadium,NSW,VIC,1,7,7,15,1,91,15,1,91,0,0,0
M12316,1994,Round 16,16,1994-08-05,West Coast Eagles,Sydney Swans,Optus Stadium,WA,NSW,1,8,6,15,4,94,12,4,76,18,1,1
M12317,1994,Round 16,16,1994-08-07,Adelaide Crows,Geelong Cats,Adelaide Oval,SA,VIC,1,6,8,15,6,96,16,3,99,-3,0,0
M12318,1994,Round 16,16,1994-08-09,Essendon Bombers,Fremantle Dockers,Marvel Stadium,VIC,WA,1,6,8,15,5,95,15,5,95,0,0,0
M12319,1994,Round 16,16,1994-08-11,St Kilda Saints,Collingwood Magpies,Marvel Stadium,VIC,VIC,0,9,7,14,5,89,13,4,82,7,1,1
M12320,1994,Round 16,16,1994-08-13,Port Adelaide Power,Melbourne Demons,Adelaide Oval,SA,VIC,1,7,7,16,4,100,13,5,83,17,1,1
M12321,1994,Round 16,16,1994-08-15,Brisbane Lions,North Melbourne Kangaroos,Gabba,QLD,VIC,1,7,7,16,3,99,14,6,90,9,1,1
M12322,1994,Round 16,16,1994-08-17,Hawthorn Hawks,Gold Coast Suns,MCG,VIC,QLD,1,7,6,15,4,94,11,7,73,21,1,1
M12323,1994,Round 17,17,1994-09-01,Hawthorn Hawks,Collingwood Magpies,MCG,VIC,VIC,0,7,6,14,4,88,12,0,72,16,1,1
M12324,1994,Round 17,17,1994-09-03,Melbourne Demons,Geelong Cats,MCG,VIC,VIC,0,6,9,16,1,97,11,5,71,26,1,1
M12325,1994,Round 17,17,1994-09-05,West Coast Eagles,St Kilda Saints,Optus Stadium,WA,VIC,1,7,7,17,4,106,13,6,84,22,1,1
M12326,1994,Round 17,17,1994-09-07,Richmond Tigers,Western Bulldogs,MCG,VIC,VIC,0,6,7,15,5,95,17,8,110,-15,0,0
M12327,1994,Round 17,17,1994-09-09,Carlton Blues,Gold Coast Suns,Marvel Stadium,VIC,QLD,1,7,8,16,5,101,13,4,82,19,1,1
M12328,1994,Round 17,17,1994-09-11,North Melbourne Kangaroos,Brisbane Lions,Marvel Stadium,VIC,QLD,1,7,7,16,7,103,13,0,78,25,1,1
M12329,1994,Round 17,17,1994-09-13,Adelaide Crows,Port Adelaide Power,Adelaide Oval,SA,SA,0,7,6,17,5,107,14,5,89,18,1,1
M12330,1994,Round 17,17,1994-09-15,Sydney Swans,GWS Giants,SCG,NSW,NSW,0,9,6,15,3,93,13,4,82,11,1,1
M12331,1994,Round 17,17,1994-09-17,Fremantle Dockers,Essendon Bombers,Optus Stadium,WA,VIC,1,9,7,15,4,94,13,7,85,9,1,1
M12332,1994,Round 18,18,1994-04-01,Hawthorn Hawks,North Melbourne Kangaroos,MCG,VIC,VIC,0,9,7,16,5,101,14,5,89,12,1,1
M12333,1994,Round 18,18,1994-04-03,Sydney Swans,Western Bulldogs,SCG,NSW,VIC,1,9,8,14,5,89,13,5,83,6,1,1
M12334,1994,Round 18,18,1994-04-05,Geelong Cats,Essendon Bombers,GMHBA Stadium,VIC,VIC,0,8,6,18,1,109,13,5,83,26,1,1
M12335,1994,Round 18,18,1994-04-07,Carlton Blues,GWS Giants,Marvel Stadium,VIC,NSW,1,7,6,14,6,90,13,3,81,9,1,1
M12336,1994,Round 18,18,1994-04-09,Fremantle Dockers,Collingwood Magpies,Optus Stadium,WA,VIC,1,9,8,18,8,116,14,5,89,27,1,1
M12337,1994,Round 18,18,1994-04-11,Adelaide Crows,Port Adelaide Power,Adelaide Oval,SA,SA,0,9,7,13,3,81,13,8,86,-5,0,0
M12338,1994,Round 18,18,1994-04-13,Brisbane Lions,St Kilda Saints,Gabba,QLD,VIC,1,7,9,14,3,87,15,6,96,-9,0,0
M12339,1994,Round 18,18,1994-04-15,Melbourne Demons,West Coast Eagles,MCG,VIC,WA,1,7,7,13,4,82,12,5,77,5,1,1
M12340,1994,Round 18,18,1994-04-17,Richmond Tigers,Gold Coast Suns,MCG,VIC,QLD,1,7,9,18,5,113,14,7,91,22,1,1
M12341,1994,Round 19,19,1994-05-01,Geelong Cats,Carlton Blues,GMHBA Stadium,VIC,VIC,0,9,7,14,8,92,15,3,93,-1,0,0
M12342,1994,Round 19,19,1994-05-03,Collingwood Magpies,Port Adelaide Power,MCG,VIC,SA,1,7,7,15,6,96,13,0,78,18,1,1
M12343,1994,Round 19,19,1994-05-05,Fremantle Dockers,Gold Coast Suns,Optus Stadium,WA,QLD,1,7,7,16,2,98,13,5,83,15,1,1
M12344,1994,Round 19,19,1994-05-07,Sydney Swans,Richmond Tigers,SCG,NSW,VIC,1,8,9,15,9,99,14,7,91,8,1,1
M12345,1994,Round 19,19,1994-05-09,Adelaide Crows,North Melbourne Kangaroos,Adelaide Oval,SA,VIC,1,7,6,14,2,86,12,7,79,7,1,1
M12346,1994,Round 19,19,1994-05-11,St Kilda Saints,Western Bulldogs,Marvel Stadium,VIC,VIC,0,7,8,15,5,95,13,5,83,12,1,1
M12347,1994,Round 19,19,1994-05-13,Hawthorn Hawks,West Coast Eagles,MCG,VIC,WA,1,7,7,15,2,92,12,4,76,16,1,1
M12348,1994,Round 19,19,1994-05-15,GWS Giants,Brisbane Lions,GIANTS Stadium,NSW,QLD,1,9,6,15,8,98,14,3,87,11,1,1
M12349,1994,Round 19,19,1994-05-17,Essendon Bombers,Melbourne Demons,Marvel Stadium,VIC,VIC,0,7,7,16,8,104,13,0,78,26,1,1
M12350,1994,Round 20,20,1994-06-01,St Kilda Saints,Melbourne Demons,Marvel Stadium,VIC,VIC,0,7,7,15,5,95,13,3,81,14,1,1
M12351,1994,Round 20,20,1994-06-03,Carlton Blues,Adelaide Crows,Marvel Stadium,VIC,SA,1,7,7,16,5,101,14,4,88,13,1,1
M12352,1994,Round 20,20,1994-06-05,Richmond Tigers,Collingwood Magpies,MCG,VIC,VIC,0,9,7,19,7,121,11,7,73,48,1,1
M12353,1994,Round 20,20,1994-06-07,Hawthorn Hawks,Western Bulldogs,MCG,VIC,VIC,0,7,7,17,9,111,10,0,60,51,1,1
M12354,1994,Round 20,20,1994-06-09,Fremantle Dockers,North Melbourne Kangaroos,Optus Stadium,WA,VIC,1,8,9,16,6,102,13,4,82,20,1,1
M12355,1994,Round 20,20,1994-06-11,Sydney Swans,Port Adelaide Power,SCG,NSW,SA,1,8,8,17,4,106,13,3,81,25,1,1
M12356,1994,Round 20,20,1994-06-13,Geelong Cats,Essendon Bombers,GMHBA Stadium,VIC,VIC,0,7,6,17,3,105,11,6,72,33,1,1
M12357,1994,Round 20,20,1994-06-15,GWS Giants,Gold Coast Suns,GIANTS Stadium,NSW,QLD,1,7,6,13,8,86,11,7,73,13,1,1
M12358,1994,Round 20,20,1994-06-17,West Coast Eagles,Brisbane Lions,Optus Stadium,WA,QLD,1,7,7,15,4,94,13,7,85,9,1,1
M12359,1994,Round 21,21,1994-07-01,Gold Coast Suns,Melbourne Demons,Heritage Bank Stadium,QLD,VIC,1,6,6,18,2,110,15,8,98,12,1,1
M12360,1994,Round 21,21,1994-07-03,Essendon Bombers,Brisbane Lions,Marvel Stadium,VIC,QLD,1,6,7,16,8,104,15,2,92,12,1,1
M12361,1994,Round 21,21,1994-07-05,St Kilda Saints,Hawthorn Hawks,Marvel Stadium,VIC,VIC,0,6,7,14,8,92,13,7,85,7,1,1
M12362,1994,Round 21,21,1994-07-07,Sydney Swans,Richmond Tigers,SCG,NSW,VIC,1,7,8,14,5,89,17,6,108,-19,0,0
M12363,1994,Round 21,21,1994-07-09,GWS Giants,West Coast Eagles,GIANTS Stadium,NSW,WA,1,7,7,14,6,90,15,2,92,-2,0,0
M12364,1994,Round 21,21,1994-07-11,Western Bulldogs,Port Adelaide Power,Marvel Stadium,VIC,SA,1,6,8,16,3,99,17,5,107,-8,0,0
M12365,1994,Round 21,21,1994-07-13,Collingwood Magpies,North Melbourne Kangaroos,MCG,VIC,VIC,0,7,7,18,0,108,13,6,84,24,1,1
M12366,1994,Round 21,21,1994-07-15,Geelong Cats,Adelaide Crows,GMHBA Stadium,VIC,SA,1,8,7,17,0,102,14,4,88,14,1,1
M12367,1994,Round 21,21,1994-07-17,Carlton Blues,Fremantle Dockers,Marvel Stadium,VIC,WA,1,7,7,17,4,106,13,5,83,23,1,1
M12368,1994,Round 22,22,1994-08-01,Western Bulldogs,North Melbourne Kangaroos,Marvel Stadium,VIC,VIC,0,7,7,16,3,99,14,4,88,11,1,1
M12369,1994,Round 22,22,1994-08-03,Fremantle Dockers,West Coast Eagles,Optus Stadium,WA,WA,0,8,8,13,4,82,15,6,96,-14,0,0
M12370,1994,Round 22,22,1994-08-05,Collingwood Magpies,Gold Coast Suns,MCG,VIC,QLD,1,6,6,14,4,88,14,5,89,-1,0,0
M12371,1994,Round 22,22,1994-08-07,St Kilda Saints,Essendon Bombers,Marvel Stadium,VIC,VIC,0,8,6,17,5,107,14,8,92,15,1,1
M12372,1994,Round 22,22,1994-08-09,Brisbane Lions,Adelaide Crows,Gabba,QLD,SA,1,9,7,13,6,84,15,2,92,-8,0,0
M12373,1994,Round 22,22,1994-08-11,Richmond Tigers,Port Adelaide Power,MCG,VIC,SA,1,7,7,16,4,100,13,7,85,15,1,1
M12374,1994,Round 22,22,1994-08-13,Melbourne Demons,Carlton Blues,MCG,VIC,VIC,0,8,8,16,3,99,12,5,77,22,1,1
M12375,1994,Round 22,22,1994-08-15,Sydney Swans,Hawthorn Hawks,SCG,NSW,VIC,1,7,8,14,0,84,14,4,88,-4,0,0
M12376,1994,Round 22,22,1994-08-17,Geelong Cats,GWS Giants,GMHBA Stadium,VIC,NSW,1,9,7,15,7,97,13,5,83,14,1,1
M12377,1995,Round 1,1,1995-05-01,Sydney Swans,Adelaide Crows,SCG,NSW,SA,1,7,7,16,3,99,14,7,91,8,1,1
M12378,1995,Round 1,1,1995-05-03,GWS Giants,Port Adelaide Power,GIANTS Stadium,NSW,SA,1,7,6,16,4,100,12,5,77,23,1,1
M12379,1995,Round 1,1,1995-05-05,Brisbane Lions,Melbourne Demons,Gabba,QLD,VIC,1,6,6,11,1,67,11,6,72,-5,0,0
M12380,1995,Round 1,1,1995-05-07,Essendon Bombers,Richmond Tigers,Marvel Stadium,VIC,VIC,0,8,7,15,3,93,16,1,97,-4,0,0
M12381,1995,Round 1,1,1995-05-09,North Melbourne Kangaroos,St Kilda Saints,Marvel Stadium,VIC,VIC,0,7,8,15,1,91,16,9,105,-14,0,0
M12382,1995,Round 1,1,1995-05-11,West Coast Eagles,Geelong Cats,Optus Stadium,WA,VIC,1,7,9,16,5,101,14,2,86,15,1,1
M12383,1995,Round 1,1,1995-05-13,Carlton Blues,Hawthorn Hawks,Marvel Stadium,VIC,VIC,0,7,7,17,0,102,14,6,90,12,1,1
M12384,1995,Round 1,1,1995-05-15,Western Bulldogs,Fremantle Dockers,Marvel Stadium,VIC,WA,1,7,7,13,1,79,14,6,90,-11,0,0
M12385,1995,Round 1,1,1995-05-17,Gold Coast Suns,Collingwood Magpies,Heritage Bank Stadium,QLD,VIC,1,8,7,13,2,80,15,4,94,-14,0,0
M12386,1995,Round 2,2,1995-06-01,Brisbane Lions,Carlton Blues,Gabba,QLD,VIC,1,6,6,13,6,84,14,7,91,-7,0,0
M12387,1995,Round 2,2,1995-06-03,Sydney Swans,Richmond Tigers,SCG,NSW,VIC,1,7,7,14,1,85,13,3,81,4,1,1
M12388,1995,Round 2,2,1995-06-05,Fremantle Dockers,Geelong Cats,Optus Stadium,WA,VIC,1,7,6,18,4,112,12,7,79,33,1,1
M12389,1995,Round 2,2,1995-06-07,St Kilda Saints,Melbourne Demons,Marvel Stadium,VIC,VIC,0,9,7,15,6,96,11,3,69,27,1,1
M12390,1995,Round 2,2,1995-06-09,Adelaide Crows,Essendon Bombers,Adelaide Oval,SA,VIC,1,8,9,15,2,92,16,3,99,-7,0,0
M12391,1995,Round 2,2,1995-06-11,Collingwood Magpies,Western Bulldogs,MCG,VIC,VIC,0,8,7,16,2,98,14,9,93,5,1,1
M12392,1995,Round 2,2,1995-06-13,GWS Giants,North Melbourne Kangaroos,GIANTS Stadium,NSW,VIC,1,8,8,12,3,75,16,4,100,-25,0,0
M12393,1995,Round 2,2,1995-06-15,West Coast Eagles,Gold Coast Suns,Optus Stadium,WA,QLD,1,8,7,16,4,100,15,4,94,6,1,1
M12394,1995,Round 2,2,1995-06-17,Hawthorn Hawks,Port Adelaide Power,MCG,VIC,SA,1,6,9,19,5,119,13,3,81,38,1,1
M12395,1995,Round 3,3,1995-07-01,St Kilda Saints,West Coast Eagles,Marvel Stadium,VIC,WA,1,7,8,16,5,101,12,5,77,24,1,1
M12396,1995,Round 3,3,1995-07-03,Adelaide Crows,Port Adelaide Power,Adelaide Oval,SA,SA,0,7,9,15,3,93,15,7,97,-4,0,0
M12397,1995,Round 3,3,1995-07-05,Carlton Blues,Geelong Cats,Marvel Stadium,VIC,VIC,0,8,7,14,4,88,16,3,99,-11,0,0
M12398,1995,Round 3,3,1995-07-07,Hawthorn Hawks,Essendon Bombers,MCG,VIC,VIC,0,7,9,14,7,91,15,6,96,-5,0,0
M12399,1995,Round 3,3,1995-07-09,Fremantle Dockers,GWS Giants,Optus Stadium,WA,NSW,1,8,6,16,5,101,14,5,89,12,1,1
M12400,1995,Round 3,3,1995-07-11,Western Bulldogs,Collingwood Magpies,Marvel Stadium,VIC,VIC,0,8,6,16,2,98,12,2,74,24,1,1
M12401,1995,Round 3,3,1995-07-13,Richmond Tigers,Brisbane Lions,MCG,VIC,QLD,1,7,7,15,7,97,16,2,98,-1,0,0
M12402,1995,Round 3,3,1995-07-15,Melbourne Demons,North Melbourne Kangaroos,MCG,VIC,VIC,0,6,7,14,4,88,15,6,96,-8,0,0
M12403,1995,Round 3,3,1995-07-17,Gold Coast Suns,Sydney Swans,Heritage Bank Stadium,QLD,NSW,1,7,7,16,5,101,15,2,92,9,1,1
M12404,1995,Round 4,4,1995-08-01,Brisbane Lions,Richmond Tigers,Gabba,QLD,VIC,1,9,8,19,3,117,16,7,103,14,1,1
M12405,1995,Round 4,4,1995-08-03,Collingwood Magpies,Fremantle Dockers,MCG,VIC,WA,1,6,9,15,6,96,17,6,108,-12,0,0
M12406,1995,Round 4,4,1995-08-05,Essendon Bombers,St Kilda Saints,Marvel Stadium,VIC,VIC,0,6,7,13,4,82,12,8,80,2,1,1
M12407,1995,Round 4,4,1995-08-07,GWS Giants,Western Bulldogs,GIANTS Stadium,NSW,VIC,1,9,6,15,4,94,12,7,79,15,1,1
M12408,1995,Round 4,4,1995-08-09,West Coast Eagles,Carlton Blues,Optus Stadium,WA,VIC,1,6,8,16,5,101,15,2,92,9,1,1
M12409,1995,Round 4,4,1995-08-11,Adelaide Crows,North Melbourne Kangaroos,Adelaide Oval,SA,VIC,1,9,7,17,7,109,13,4,82,27,1,1
M12410,1995,Round 4,4,1995-08-13,Port Adelaide Power,Sydney Swans,Adelaide Oval,SA,NSW,1,7,7,14,9,93,13,9,87,6,1,1
M12411,1995,Round 4,4,1995-08-15,Gold Coast Suns,Melbourne Demons,Heritage Bank Stadium,QLD,VIC,1,9,6,15,4,94,16,6,102,-8,0,0
M12412,1995,Round 4,4,1995-08-17,Geelong Cats,Hawthorn Hawks,GMHBA Stadium,VIC,VIC,0,7,7,14,3,87,12,2,74,13,1,1
M12413,1995,Round 5,5,1995-09-01,Hawthorn Hawks,Fremantle Dockers,MCG,VIC,WA,1,8,7,14,3,87,13,6,84,3,1,1
M12414,1995,Round 5,5,1995-09-03,Adelaide Crows,Gold Coast Suns,Adelaide Oval,SA,QLD,1,7,7,15,4,94,12,8,80,14,1,1
M12415,1995,Round 5,5,1995-09-05,Western Bulldogs,Carlton Blues,Marvel Stadium,VIC,VIC,0,6,6,13,7,85,14,5,89,-4,0,0
M12416,1995,Round 5,5,1995-09-07,Melbourne Demons,St Kilda Saints,MCG,VIC,VIC,0,8,6,16,3,99,13,4,82,17,1,1
M12417,1995,Round 5,5,1995-09-09,Sydney Swans,Essendon Bombers,SCG,NSW,VIC,1,7,8,18,7,115,16,6,102,13,1,1
M12418,1995,Round 5,5,1995-09-11,North Melbourne Kangaroos,GWS Giants,Marvel Stadium,VIC,NSW,1,6,6,13,4,82,13,7,85,-3,0,0
M12419,1995,Round 5,5,1995-09-13,Brisbane Lions,Richmond Tigers,Gabba,QLD,VIC,1,7,9,17,0,102,13,1,79,23,1,1
M12420,1995,Round 5,5,1995-09-15,West Coast Eagles,Port Adelaide Power,Optus Stadium,WA,SA,1,7,8,13,6,84,17,5,107,-23,0,0
M12421,1995,Round 5,5,1995-09-17,Collingwood Magpies,Geelong Cats,MCG,VIC,VIC,0,6,9,14,2,86,14,3,87,-1,0,0
M12422,1995,Round 6,6,1995-04-01,Sydney Swans,Port Adelaide Power,SCG,NSW,SA,1,7,7,14,2,86,13,1,79,7,1,1
M12423,1995,Round 6,6,1995-04-03,Collingwood Magpies,Fremantle Dockers,MCG,VIC,WA,1,6,7,17,6,108,12,7,79,29,1,1
M12424,1995,Round 6,6,1995-04-05,Geelong Cats,Richmond Tigers,GMHBA Stadium,VIC,VIC,0,7,6,16,7,103,13,6,84,19,1,1
M12425,1995,Round 6,6,1995-04-07,North Melbourne Kangaroos,Gold Coast Suns,Marvel Stadium,VIC,QLD,1,6,6,15,4,94,12,4,76,18,1,1
M12426,1995,Round 6,6,1995-04-09,St Kilda Saints,GWS Giants,Marvel Stadium,VIC,NSW,1,6,7,15,1,91,15,1,91,0,0,0
M12427,1995,Round 6,6,1995-04-11,Brisbane Lions,Western Bulldogs,Gabba,QLD,VIC,1,9,6,15,6,96,12,6,78,18,1,1
M12428,1995,Round 6,6,1995-04-13,Essendon Bombers,Melbourne Demons,Marvel Stadium,VIC,VIC,0,7,7,12,3,75,14,3,87,-12,0,0
M12429,1995,Round 6,6,1995-04-15,Hawthorn Hawks,Adelaide Crows,MCG,VIC,SA,1,9,6,15,3,93,15,0,90,3,1,1
M12430,1995,Round 6,6,1995-04-17,Carlton Blues,West Coast Eagles,Marvel Stadium,VIC,WA,1,8,7,16,0,96,15,5,95,1,1,1
M12431,1995,Round 7,7,1995-05-01,Gold Coast Suns,Carlton Blues,Heritage Bank Stadium,QLD,VIC,1,6,7,14,8,92,15,5,95,-3,0,0
M12432,1995,Round 7,7,1995-05-03,Adelaide Crows,Hawthorn Hawks,Adelaide Oval,SA,VIC,1,7,7,16,0,96,14,5,89,7,1,1
M12433,1995,Round 7,7,1995-05-05,Brisbane Lions,Melbourne Demons,Gabba,QLD,VIC,1,6,7,14,1,85,12,3,75,10,1,1
M12434,1995,Round 7,7,1995-05-07,Richmond Tigers,GWS Giants,MCG,VIC,NSW,1,8,8,16,4,100,14,8,92,8,1,1
M12435,1995,Round 7,7,1995-05-09,Port Adelaide Power,Fremantle Dockers,Adelaide Oval,SA,WA,1,9,9,15,8,98,12,1,73,25,1,1
M12436,1995,Round 7,7,1995-05-11,West Coast Eagles,Collingwood Magpies,Optus Stadium,WA,VIC,1,9,7,18,7,115,12,7,79,36,1,1
M12437,1995,Round 7,7,1995-05-13,Western Bulldogs,Essendon Bombers,Marvel Stadium,VIC,VIC,0,7,7,15,3,93,11,6,72,21,1,1
M12438,1995,Round 7,7,1995-05-15,Sydney Swans,St Kilda Saints,SCG,NSW,VIC,1,9,9,16,2,98,12,5,77,21,1,1
M12439,1995,Round 7,7,1995-05-17,Geelong Cats,North Melbourne Kangaroos,GMHBA Stadium,VIC,VIC,0,8,8,14,7,91,15,5,95,-4,0,0
M12440,1995,Round 8,8,1995-06-01,Port Adelaide Power,Brisbane Lions,Adelaide Oval,SA,QLD,1,7,8,14,2,86,13,5,83,3,1,1
M12441,1995,Round 8,8,1995-06-03,Essendon Bombers,St Kilda Saints,Marvel Stadium,VIC,VIC,0,9,6,14,1,85,14,3,87,-2,0,0
M12442,1995,Round 8,8,1995-06-05,North Melbourne Kangaroos,Collingwood Magpies,Marvel Stadium,VIC,VIC,0,7,8,14,4,88,13,6,84,4,1,1
M12443,1995,Round 8,8,1995-06-07,Geelong Cats,West Coast Eagles,GMHBA Stadium,VIC,WA,1,7,6,15,2,92,15,2,92,0,0,0
M12444,1995,Round 8,8,1995-06-09,Melbourne Demons,Gold Coast Suns,MCG,VIC,QLD,1,7,7,16,5,101,13,9,87,14,1,1
M12445,1995,Round 8,8,1995-06-11,Carlton Blues,Adelaide Crows,Marvel Stadium,VIC,SA,1,9,9,15,8,98,13,4,82,16,1,1
M12446,1995,Round 8,8,1995-06-13,GWS Giants,Hawthorn Hawks,GIANTS Stadium,NSW,VIC,1,6,9,16,0,96,14,3,87,9,1,1
M12447,1995,Round 8,8,1995-06-15,Western Bulldogs,Fremantle Dockers,Marvel Stadium,VIC,WA,1,9,8,12,4,76,17,4,106,-30,0,0
M12448,1995,Round 8,8,1995-06-17,Richmond Tigers,Sydney Swans,MCG,VIC,NSW,1,8,7,17,0,102,14,2,86,16,1,1
M12449,1995,Round 9,9,1995-07-01,West Coast Eagles,Carlton Blues,Optus Stadium,WA,VIC,1,7,7,16,0,96,14,3,87,9,1,1
M12450,1995,Round 9,9,1995-07-03,Essendon Bombers,Gold Coast Suns,Marvel Stadium,VIC,QLD,1,7,7,15,2,92,12,3,75,17,1,1
M12451,1995,Round 9,9,1995-07-05,St Kilda Saints,Sydney Swans,Marvel Stadium,VIC,NSW,1,9,8,15,3,93,13,4,82,11,1,1
M12452,1995,Round 9,9,1995-07-07,Hawthorn Hawks,Geelong Cats,MCG,VIC,VIC,0,6,8,13,8,86,13,4,82,4,1,1
M12453,1995,Round 9,9,1995-07-09,Western Bulldogs,Collingwood Magpies,Marvel Stadium,VIC,VIC,0,7,7,13,3,81,13,2,80,1,1,1
M12454,1995,Round 9,9,1995-07-11,Port Adelaide Power,Brisbane Lions,Adelaide Oval,SA,QLD,1,7,6,15,3,93,16,2,98,-5,0,0
M12455,1995,Round 9,9,1995-07-13,Melbourne Demons,North Melbourne Kangaroos,MCG,VIC,VIC,0,7,7,16,7,103,13,7,85,18,1,1
M12456,1995,Round 9,9,1995-07-15,Fremantle Dockers,Richmond Tigers,Optus Stadium,WA,VIC,1,7,7,16,7,103,15,5,95,8,1,1
M12457,1995,Round 9,9,1995-07-17,GWS Giants,Adelaide Crows,GIANTS Stadium,NSW,SA,1,9,8,15,8,98,13,2,80,18,1,1
M12458,1995,Round 10,10,1995-08-01,Collingwood Magpies,Essendon Bombers,MCG,VIC,VIC,0,7,7,16,5,101,13,7,85,16,1,1
M12459,1995,Round 10,10,1995-08-03,West Coast Eagles,Gold Coast Suns,Optus Stadium,WA,QLD,1,9,8,16,5,101,18,3,111,-10,0,0
M12460,1995,Round 10,10,1995-08-05,Richmond Tigers,GWS Giants,MCG,VIC,NSW,1,7,7,15,7,97,13,5,83,14,1,1
M12461,1995,Round 10,10,1995-08-07,Fremantle Dockers,North Melbourne Kangaroos,Optus Stadium,WA,VIC,1,8,7,16,4,100,15,2,92,8,1,1
M12462,1995,Round 10,10,1995-08-09,Sydney Swans,Hawthorn Hawks,SCG,NSW,VIC,1,7,6,17,5,107,13,6,84,23,1,1
M12463,1995,Round 10,10,1995-08-11,Western Bulldogs,Adelaide Crows,Marvel Stadium,VIC,SA,1,7,7,14,4,88,14,5,89,-1,0,0
M12464,1995,Round 10,10,1995-08-13,Brisbane Lions,Geelong Cats,Gabba,QLD,VIC,1,7,7,15,1,91,14,3,87,4,1,1
M12465,1995,Round 10,10,1995-08-15,Port Adelaide Power,St Kilda Saints,Adelaide Oval,SA,VIC,1,8,9,13,5,83,13,5,83,0,0,0
M12466,1995,Round 10,10,1995-08-17,Melbourne Demons,Carlton Blues,MCG,VIC,VIC,0,7,7,15,5,95,15,4,94,1,1,1
M12467,1995,Round 11,11,1995-09-01,Hawthorn Hawks,Carlton Blues,MCG,VIC,VIC,0,9,8,15,0,90,12,0,72,18,1,1
M12468,1995,Round 11,11,1995-09-03,Collingwood Magpies,Gold Coast Suns,MCG,VIC,QLD,1,8,7,16,2,98,14,3,87,11,1,1
M12469,1995,Round 11,11,1995-09-05,Essendon Bombers,Geelong Cats,Marvel Stadium,VIC,VIC,0,9,8,15,4,94,14,6,90,4,1,1
M12470,1995,Round 11,11,1995-09-07,St Kilda Saints,Fremantle Dockers,Marvel Stadium,VIC,WA,1,9,7,16,2,98,11,9,75,23,1,1
M12471,1995,Round 11,11,1995-09-09,Adelaide Crows,North Melbourne Kangaroos,Adelaide Oval,SA,VIC,1,7,9,16,3,99,12,8,80,19,1,1
M12472,1995,Round 11,11,1995-09-11,West Coast Eagles,Richmond Tigers,Optus Stadium,WA,VIC,1,6,7,15,4,94,14,2,86,8,1,1
M12473,1995,Round 11,11,1995-09-13,Sydney Swans,Brisbane Lions,SCG,NSW,QLD,1,7,7,15,3,93,12,5,77,16,1,1
M12474,1995,Round 11,11,1995-09-15,GWS Giants,Melbourne Demons,GIANTS Stadium,NSW,VIC,1,8,7,15,3,93,16,5,101,-8,0,0
M12475,1995,Round 11,11,1995-09-17,Port Adelaide Power,Western Bulldogs,Adelaide Oval,SA,VIC,1,7,7,18,9,117,14,3,87,30,1,1
M12476,1995,Round 12,12,1995-04-01,GWS Giants,Western Bulldogs,GIANTS Stadium,NSW,VIC,1,9,7,13,1,79,14,4,88,-9,0,0
M12477,1995,Round 12,12,1995-04-03,Sydney Swans,Fremantle Dockers,SCG,NSW,WA,1,7,7,17,3,105,17,7,109,-4,0,0
M12478,1995,Round 12,12,1995-04-05,Geelong Cats,Brisbane Lions,GMHBA Stadium,VIC,QLD,1,7,8,16,5,101,13,5,83,18,1,1
M12479,1995,Round 12,12,1995-04-07,Port Adelaide Power,St Kilda Saints,Adelaide Oval,SA,VIC,1,7,7,18,3,111,15,5,95,16,1,1
M12480,1995,Round 12,12,1995-04-09,Hawthorn Hawks,Richmond Tigers,MCG,VIC,VIC,0,7,9,14,5,89,16,7,103,-14,0,0
M12481,1995,Round 12,12,1995-04-11,Carlton Blues,North Melbourne Kangaroos,Marvel Stadium,VIC,VIC,0,6,7,14,3,87,13,7,85,2,1,1
M12482,1995,Round 12,12,1995-04-13,Melbourne Demons,Adelaide Crows,MCG,VIC,SA,1,9,7,14,5,89,12,7,79,10,1,1
M12483,1995,Round 12,12,1995-04-15,Gold Coast Suns,Essendon Bombers,Heritage Bank Stadium,QLD,VIC,1,7,7,16,5,101,11,6,72,29,1,1
M12484,1995,Round 12,12,1995-04-17,Collingwood Magpies,West Coast Eagles,MCG,VIC,WA,1,6,7,17,3,105,13,5,83,22,1,1
M12485,1995,Round 13,13,1995-05-01,Western Bulldogs,GWS Giants,Marvel Stadium,VIC,NSW,1,9,6,16,4,100,15,1,91,9,1,1
M12486,1995,Round 13,13,1995-05-03,St Kilda Saints,Port Adelaide Power,Marvel Stadium,VIC,SA,1,7,7,18,0,108,15,4,94,14,1,1
M12487,1995,Round 13,13,1995-05-05,North Melbourne Kangaroos,Geelong Cats,Marvel Stadium,VIC,VIC,0,8,6,16,2,98,12,7,79,19,1,1
M12488,1995,Round 13,13,1995-05-07,Collingwood Magpies,Melbourne Demons,MCG,VIC,VIC,0,7,9,19,2,116,13,3,81,35,1,1
M12489,1995,Round 13,13,1995-05-09,Carlton Blues,Essendon Bombers,Marvel Stadium,VIC,VIC,0,7,7,13,4,82,15,2,92,-10,0,0
M12490,1995,Round 13,13,1995-05-11,Adelaide Crows,Sydney Swans,Adelaide Oval,SA,NSW,1,7,7,16,1,97,11,5,71,26,1,1
M12491,1995,Round 13,13,1995-05-13,West Coast Eagles,Richmond Tigers,Optus Stadium,WA,VIC,1,7,8,15,3,93,14,3,87,6,1,1
M12492,1995,Round 13,13,1995-05-15,Fremantle Dockers,Gold Coast Suns,Optus Stadium,WA,QLD,1,6,7,13,4,82,13,5,83,-1,0,0
M12493,1995,Round 13,13,1995-05-17,Brisbane Lions,Hawthorn Hawks,Gabba,QLD,VIC,1,8,8,15,6,96,14,1,85,11,1,1
M12494,1995,Round 14,14,1995-06-01,St Kilda Saints,Melbourne Demons,Marvel Stadium,VIC,VIC,0,7,8,14,0,84,12,5,77,7,1,1
M12495,1995,Round 14,14,1995-06-03,Sydney Swans,Fremantle Dockers,SCG,NSW,WA,1,7,7,16,5,101,11,1,67,34,1,1
M12496,1995,Round 14,14,1995-06-05,GWS Giants,Adelaide Crows,GIANTS Stadium,NSW,SA,1,7,6,12,8,80,13,3,81,-1,0,0
M12497,1995,Round 14,14,1995-06-07,Collingwood Magpies,Richmond Tigers,MCG,VIC,VIC,0,8,8,14,5,89,13,6,84,5,1,1
M12498,1995,Round 14,14,1995-06-09,North Melbourne Kangaroos,Brisbane Lions,Marvel Stadium,VIC,QLD,1,7,7,16,0,96,13,2,80,16,1,1
M12499,1995,Round 14,14,1995-06-11,Carlton Blues,Geelong Cats,Marvel Stadium,VIC,VIC,0,8,9,18,2,110,12,8,80,30,1,1
M12500,1995,Round 14,14,1995-06-13,Essendon Bombers,West Coast Eagles,Marvel Stadium,VIC,WA,1,8,7,14,2,86,13,1,79,7,1,1
M12501,1995,Round 14,14,1995-06-15,Port Adelaide Power,Gold Coast Suns,Adelaide Oval,SA,QLD,1,6,7,16,6,102,11,7,73,29,1,1
M12502,1995,Round 14,14,1995-06-17,Hawthorn Hawks,Western Bulldogs,MCG,VIC,VIC,0,6,7,15,3,93,11,7,73,20,1,1
M12503,1995,Round 15,15,1995-07-01,Port Adelaide Power,Melbourne Demons,Adelaide Oval,SA,VIC,1,7,8,18,6,114,15,0,90,24,1,1
M12504,1995,Round 15,15,1995-07-03,Sydney Swans,Fremantle Dockers,SCG,NSW,WA,1,6,9,14,3,87,15,1,91,-4,0,0
M12505,1995,Round 15,15,1995-07-05,Essendon Bombers,Richmond Tigers,Marvel Stadium,VIC,VIC,0,9,8,16,7,103,13,5,83,20,1,1
M12506,1995,Round 15,15,1995-07-07,North Melbourne Kangaroos,Collingwood Magpies,Marvel Stadium,VIC,VIC,0,9,6,13,5,83,12,1,73,10,1,1
M12507,1995,Round 15,15,1995-07-09,St Kilda Saints,Brisbane Lions,Marvel Stadium,VIC,QLD,1,8,9,17,3,105,15,2,92,13,1,1
M12508,1995,Round 15,15,1995-07-11,Carlton Blues,Adelaide Crows,Marvel Stadium,VIC,SA,1,7,6,15,4,94,12,3,75,19,1,1
M12509,1995,Round 15,15,1995-07-13,Western Bulldogs,Geelong Cats,Marvel Stadium,VIC,VIC,0,7,8,15,2,92,12,6,78,14,1,1
M12510,1995,Round 15,15,1995-07-15,GWS Giants,West Coast Eagles,GIANTS Stadium,NSW,WA,1,7,7,16,6,102,11,7,73,29,1,1
M12511,1995,Round 15,15,1995-07-17,Hawthorn Hawks,Gold Coast Suns,MCG,VIC,QLD,1,7,9,17,6,108,13,5,83,25,1,1
M12512,1995,Round 16,16,1995-08-01,West Coast Eagles,St Kilda Saints,Optus Stadium,WA,VIC,1,7,9,13,5,83,16,0,96,-13,0,0
M12513,1995,Round 16,16,1995-08-03,Gold Coast Suns,Western Bulldogs,Heritage Bank Stadium,QLD,VIC,1,8,6,16,2,98,13,4,82,16,1,1
M12514,1995,Round 16,16,1995-08-05,North Melbourne Kangaroos,Port Adelaide Power,Marvel Stadium,VIC,SA,1,6,6,16,5,101,13,9,87,14,1,1
M12515,1995,Round 16,16,1995-08-07,Fremantle Dockers,Sydney Swans,Optus Stadium,WA,NSW,1,9,6,15,7,97,15,7,97,0,0,0
M12516,1995,Round 16,16,1995-08-09,GWS Giants,Richmond Tigers,GIANTS Stadium,NSW,VIC,1,8,6,18,2,110,13,8,86,24,1,1
M12517,1995,Round 16,16,1995-08-11,Essendon Bombers,Geelong Cats,Marvel Stadium,VIC,VIC,0,9,7,14,1,85,15,5,95,-10,0,0
M12518,1995,Round 16,16,1995-08-13,Brisbane Lions,Collingwood Magpies,Gabba,QLD,VIC,1,9,7,17,4,106,12,7,79,27,1,1
M12519,1995,Round 16,16,1995-08-15,Melbourne Demons,Carlton Blues,MCG,VIC,VIC,0,8,9,14,5,89,13,5,83,6,1,1
M12520,1995,Round 16,16,1995-08-17,Hawthorn Hawks,Adelaide Crows,MCG,VIC,SA,1,8,8,15,8,98,14,4,88,10,1,1
M12521,1995,Round 17,17,1995-09-01,Adelaide Crows,Collingwood Magpies,Adelaide Oval,SA,VIC,1,9,9,16,5,101,13,1,79,22,1,1
M12522,1995,Round 17,17,1995-09-03,Hawthorn Hawks,Fremantle Dockers,MCG,VIC,WA,1,6,7,14,4,88,14,3,87,1,1,1
M12523,1995,Round 17,17,1995-09-05,West Coast Eagles,Melbourne Demons,Optus Stadium,WA,VIC,1,6,7,13,3,81,13,2,80,1,1,1
M12524,1995,Round 17,17,1995-09-07,Richmond Tigers,Port Adelaide Power,MCG,VIC,SA,1,7,7,14,5,89,15,6,96,-7,0,0
M12525,1995,Round 17,17,1995-09-09,North Melbourne Kangaroos,Sydney Swans,Marvel Stadium,VIC,NSW,1,7,7,18,9,117,18,6,114,3,1,1
M12526,1995,Round 17,17,1995-09-11,GWS Giants,Geelong Cats,GIANTS Stadium,NSW,VIC,1,7,7,17,7,109,15,4,94,15,1,1
M12527,1995,Round 17,17,1995-09-13,St Kilda Saints,Gold Coast Suns,Marvel Stadium,VIC,QLD,1,9,7,16,4,100,14,7,91,9,1,1
M12528,1995,Round 17,17,1995-09-15,Essendon Bombers,Carlton Blues,Marvel Stadium,VIC,VIC,0,6,7,18,8,116,14,6,90,26,1,1
M12529,1995,Round 17,17,1995-09-17,Brisbane Lions,Western Bulldogs,Gabba,QLD,VIC,1,7,8,19,4,118,13,8,86,32,1,1
M12530,1995,Round 18,18,1995-04-01,Fremantle Dockers,Melbourne Demons,Optus Stadium,WA,VIC,1,7,9,16,7,103,14,2,86,17,1,1
M12531,1995,Round 18,18,1995-04-03,Western Bulldogs,Adelaide Crows,Marvel Stadium,VIC,SA,1,7,8,17,4,106,12,3,75,31,1,1
M12532,1995,Round 18,18,1995-04-05,Brisbane Lions,St Kilda Saints,Gabba,QLD,VIC,1,8,9,17,1,103,14,3,87,16,1,1
M12533,1995,Round 18,18,1995-04-07,GWS Giants,Sydney Swans,GIANTS Stadium,NSW,NSW,0,8,7,16,6,102,13,1,79,23,1,1
M12534,1995,Round 18,18,1995-04-09,Port Adelaide Power,Collingwood Magpies,Adelaide Oval,SA,VIC,1,7,8,17,1,103,13,6,84,19,1,1
M12535,1995,Round 18,18,1995-04-11,Gold Coast Suns,Geelong Cats,Heritage Bank Stadium,QLD,VIC,1,7,7,15,6,96,15,6,96,0,0,0
M12536,1995,Round 18,18,1995-04-13,Richmond Tigers,Essendon Bombers,MCG,VIC,VIC,0,6,8,15,6,96,13,3,81,15,1,1
M12537,1995,Round 18,18,1995-04-15,North Melbourne Kangaroos,Hawthorn Hawks,Marvel Stadium,VIC,VIC,0,7,8,14,6,90,13,3,81,9,1,1
M12538,1995,Round 18,18,1995-04-17,West Coast Eagles,Carlton Blues,Optus Stadium,WA,VIC,1,8,7,13,2,80,14,4,88,-8,0,0
M12539,1995,Round 19,19,1995-05-01,Port Adelaide Power,Adelaide Crows,Adelaide Oval,SA,SA,0,6,7,17,2,104,12,4,76,28,1,1
M12540,1995,Round 19,19,1995-05-03,Brisbane Lions,Collingwood Magpies,Gabba,QLD,VIC,1,7,9,14,5,89,12,4,76,13,1,1
M12541,1995,Round 19,19,1995-05-05,Hawthorn Hawks,GWS Giants,MCG,VIC,NSW,1,7,8,10,8,68,15,9,99,-31,0,0
M12542,1995,Round 19,19,1995-05-07,West Coast Eagles,Essendon Bombers,Optus Stadium,WA,VIC,1,8,7,16,3,99,15,8,98,1,1,1
M12543,1995,Round 19,19,1995-05-09,Carlton Blues,Fremantle Dockers,Marvel Stadium,VIC,WA,1,7,7,16,5,101,13,3,81,20,1,1
M12544,1995,Round 19,19,1995-05-11,Geelong Cats,Sydney Swans,GMHBA Stadium,VIC,NSW,1,7,8,15,9,99,13,3,81,18,1,1
M12545,1995,Round 19,19,1995-05-13,Western Bulldogs,Richmond Tigers,Marvel Stadium,VIC,VIC,0,8,8,17,7,109,13,3,81,28,1,1
M12546,1995,Round 19,19,1995-05-15,Melbourne Demons,St Kilda Saints,MCG,VIC,VIC,0,6,8,14,3,87,12,6,78,9,1,1
M12547,1995,Round 19,19,1995-05-17,North Melbourne Kangaroos,Gold Coast Suns,Marvel Stadium,VIC,QLD,1,8,7,17,4,106,15,2,92,14,1,1
M12548,1995,Round 20,20,1995-06-01,Adelaide Crows,Carlton Blues,Adelaide Oval,SA,VIC,1,8,6,15,1,91,14,9,93,-2,0,0
M12549,1995,Round 20,20,1995-06-03,North Melbourne Kangaroos,Western Bulldogs,Marvel Stadium,VIC,VIC,0,9,8,13,4,82,13,6,84,-2,0,0
M12550,1995,Round 20,20,1995-06-05,Collingwood Magpies,Port Adelaide Power,MCG,VIC,SA,1,6,9,12,6,78,15,5,95,-17,0,0
M12551,1995,Round 20,20,1995-06-07,Geelong Cats,Gold Coast Suns,GMHBA Stadium,VIC,QLD,1,7,7,14,3,87,14,2,86,1,1,1
M12552,1995,Round 20,20,1995-06-09,Fremantle Dockers,Melbourne Demons,Optus Stadium,WA,VIC,1,7,7,13,4,82,14,5,89,-7,0,0
M12553,1995,Round 20,20,1995-06-11,Sydney Swans,Brisbane Lions,SCG,NSW,QLD,1,8,7,14,8,92,14,5,89,3,1,1
M12554,1995,Round 20,20,1995-06-13,Essendon Bombers,St Kilda Saints,Marvel Stadium,VIC,VIC,0,8,7,15,6,96,14,5,89,7,1,1
M12555,1995,Round 20,20,1995-06-15,Hawthorn Hawks,GWS Giants,MCG,VIC,NSW,1,7,7,15,6,96,16,5,101,-5,0,0
M12556,1995,Round 20,20,1995-06-17,West Coast Eagles,Richmond Tigers,Optus Stadium,WA,VIC,1,7,7,17,4,106,16,5,101,5,1,1
M12557,1995,Round 21,21,1995-07-01,Essendon Bombers,Geelong Cats,Marvel Stadium,VIC,VIC,0,7,7,15,6,96,16,4,100,-4,0,0
M12558,1995,Round 21,21,1995-07-03,Adelaide Crows,Melbourne Demons,Adelaide Oval,SA,VIC,1,7,9,17,2,104,13,4,82,22,1,1
M12559,1995,Round 21,21,1995-07-05,Fremantle Dockers,GWS Giants,Optus Stadium,WA,NSW,1,8,7,13,4,82,15,6,96,-14,0,0
M12560,1995,Round 21,21,1995-07-07,Port Adelaide Power,North Melbourne Kangaroos,Adelaide Oval,SA,VIC,1,6,7,16,4,100,12,6,78,22,1,1
M12561,1995,Round 21,21,1995-07-09,St Kilda Saints,West Coast Eagles,Marvel Stadium,VIC,WA,1,7,7,13,5,83,13,9,87,-4,0,0
M12562,1995,Round 21,21,1995-07-11,Gold Coast Suns,Western Bulldogs,Heritage Bank Stadium,QLD,VIC,1,9,8,15,4,94,12,1,73,21,1,1
M12563,1995,Round 21,21,1995-07-13,Brisbane Lions,Collingwood Magpies,Gabba,QLD,VIC,1,6,6,15,9,99,11,5,71,28,1,1
M12564,1995,Round 21,21,1995-07-15,Richmond Tigers,Carlton Blues,MCG,VIC,VIC,0,6,6,14,5,89,16,2,98,-9,0,0
M12565,1995,Round 21,21,1995-07-17,Hawthorn Hawks,Sydney Swans,MCG,VIC,NSW,1,9,7,17,7,109,13,7,85,24,1,1
M12566,1995,Round 22,22,1995-08-01,Melbourne Demons,GWS Giants,MCG,VIC,NSW,1,6,7,13,4,82,15,3,93,-11,0,0
M12567,1995,Round 22,22,1995-08-03,Brisbane Lions,Gold Coast Suns,Gabba,QLD,QLD,0,8,6,17,4,106,14,8,92,14,1,1
M12568,1995,Round 22,22,1995-08-05,Richmond Tigers,Western Bulldogs,MCG,VIC,VIC,0,7,6,16,5,101,14,9,93,8,1,1
M12569,1995,Round 22,22,1995-08-07,St Kilda Saints,North Melbourne Kangaroos,Marvel Stadium,VIC,VIC,0,6,9,17,4,106,11,3,69,37,1,1
M12570,1995,Round 22,22,1995-08-09,Port Adelaide Power,Collingwood Magpies,Adelaide Oval,SA,VIC,1,8,7,17,5,107,14,2,86,21,1,1
M12571,1995,Round 22,22,1995-08-11,West Coast Eagles,Adelaide Crows,Optus Stadium,WA,SA,1,6,6,20,5,125,15,7,97,28,1,1
M12572,1995,Round 22,22,1995-08-13,Essendon Bombers,Fremantle Dockers,Marvel Stadium,VIC,WA,1,7,9,17,8,110,12,4,76,34,1,1
M12573,1995,Round 22,22,1995-08-15,Sydney Swans,Hawthorn Hawks,SCG,NSW,VIC,1,7,8,18,7,115,15,1,91,24,1,1
M12574,1995,Round 22,22,1995-08-17,Carlton Blues,Geelong Cats,Marvel Stadium,VIC,VIC,0,7,6,14,6,90,12,6,78,12,1,1
M12575,1996,Round 1,1,1996-05-01,Carlton Blues,Melbourne Demons,Marvel Stadium,VIC,VIC,0,7,7,14,6,90,13,0,78,12,1,1
M12576,1996,Round 1,1,1996-05-03,Sydney Swans,Hawthorn Hawks,SCG,NSW,VIC,1,7,7,14,1,85,15,5,95,-10,0,0
M12577,1996,Round 1,1,1996-05-05,Port Adelaide Power,Fremantle Dockers,Adelaide Oval,SA,WA,1,6,7,15,5,95,13,0,78,17,1,1
M12578,1996,Round 1,1,1996-05-07,Gold Coast Suns,West Coast Eagles,Heritage Bank Stadium,QLD,WA,1,8,7,17,5,107,11,8,74,33,1,1
M12579,1996,Round 1,1,1996-05-09,GWS Giants,St Kilda Saints,GIANTS Stadium,NSW,VIC,1,9,7,15,4,94,15,9,99,-5,0,0
M12580,1996,Round 1,1,1996-05-11,Brisbane Lions,Essendon Bombers,Gabba,QLD,VIC,1,7,7,17,4,106,15,1,91,15,1,1
M12581,1996,Round 1,1,1996-05-13,Richmond Tigers,North Melbourne Kangaroos,MCG,VIC,VIC,0,8,9,13,6,84,17,6,108,-24,0,0
M12582,1996,Round 1,1,1996-05-15,Western Bulldogs,Geelong Cats,Marvel Stadium,VIC,VIC,0,7,8,13,1,79,17,4,106,-27,0,0
M12583,1996,Round 1,1,1996-05-17,Adelaide Crows,Collingwood Magpies,Adelaide Oval,SA,VIC,1,7,8,17,3,105,12,6,78,27,1,1
M12584,1996,Round 2,2,1996-06-01,West Coast Eagles,Port Adelaide Power,Optus Stadium,WA,SA,1,8,7,17,5,107,15,4,94,13,1,1
M12585,1996,Round 2,2,1996-06-03,North Melbourne Kangaroos,Gold Coast Suns,Marvel Stadium,VIC,QLD,1,8,7,15,0,90,13,5,83,7,1,1
M12586,1996,Round 2,2,1996-06-05,Collingwood Magpies,Carlton Blues,MCG,VIC,VIC,0,7,7,14,2,86,12,4,76,10,1,1
M12587,1996,Round 2,2,1996-06-07,St Kilda Saints,Brisbane Lions,Marvel Stadium,VIC,QLD,1,8,8,17,3,105,11,7,73,32,1,1
M12588,1996,Round 2,2,1996-06-09,GWS Giants,Sydney Swans,GIANTS Stadium,NSW,NSW,0,6,7,16,5,101,11,5,71,30,1,1
M12589,1996,Round 2,2,1996-06-11,Melbourne Demons,Adelaide Crows,MCG,VIC,SA,1,7,7,18,4,112,12,7,79,33,1,1
M12590,1996,Round 2,2,1996-06-13,Western Bulldogs,Richmond Tigers,Marvel Stadium,VIC,VIC,0,7,7,16,2,98,12,0,72,26,1,1
M12591,1996,Round 2,2,1996-06-15,Essendon Bombers,Geelong Cats,Marvel Stadium,VIC,VIC,0,7,8,17,8,110,16,1,97,13,1,1
M12592,1996,Round 2,2,1996-06-17,Fremantle Dockers,Hawthorn Hawks,Optus Stadium,WA,VIC,1,7,9,16,8,104,14,6,90,14,1,1
M12593,1996,Round 3,3,1996-07-01,Richmond Tigers,West Coast Eagles,MCG,VIC,WA,1,8,7,15,7,97,12,5,77,20,1,1
M12594,1996,Round 3,3,1996-07-03,St Kilda Saints,Fremantle Dockers,Marvel Stadium,VIC,WA,1,7,8,15,2,92,15,7,97,-5,0,0
M12595,1996,Round 3,3,1996-07-05,Gold Coast Suns,Sydney Swans,Heritage Bank Stadium,QLD,NSW,1,9,7,13,1,79,13,9,87,-8,0,0
M12596,1996,Round 3,3,1996-07-07,Western Bulldogs,Essendon Bombers,Marvel Stadium,VIC,VIC,0,9,7,16,3,99,14,8,92,7,1,1
M12597,1996,Round 3,3,1996-07-09,Port Adelaide Power,Hawthorn Hawks,Adelaide Oval,SA,VIC,1,8,7,16,2,98,13,3,81,17,1,1
M12598,1996,Round 3,3,1996-07-11,Carlton Blues,GWS Giants,Marvel Stadium,VIC,NSW,1,7,7,14,5,89,16,5,101,-12,0,0
M12599,1996,Round 3,3,1996-07-13,Brisbane Lions,North Melbourne Kangaroos,Gabba,QLD,VIC,1,8,7,14,1,85,13,4,82,3,1,1
M12600,1996,Round 3,3,1996-07-15,Adelaide Crows,Geelong Cats,Adelaide Oval,SA,VIC,1,7,9,16,4,100,13,4,82,18,1,1
M12601,1996,Round 3,3,1996-07-17,Collingwood Magpies,Melbourne Demons,MCG,VIC,VIC,0,7,8,14,8,92,13,5,83,9,1,1
M12602,1996,Round 4,4,1996-08-01,Western Bulldogs,Adelaide Crows,Marvel Stadium,VIC,SA,1,7,7,14,2,86,15,6,96,-10,0,0
M12603,1996,Round 4,4,1996-08-03,North Melbourne Kangaroos,Essendon Bombers,Marvel Stadium,VIC,VIC,0,8,7,17,3,105,14,8,92,13,1,1
M12604,1996,Round 4,4,1996-08-05,Carlton Blues,Port Adelaide Power,Marvel Stadium,VIC,SA,1,7,7,15,2,92,12,2,74,18,1,1
M12605,1996,Round 4,4,1996-08-07,West Coast Eagles,St Kilda Saints,Optus Stadium,WA,VIC,1,7,6,15,4,94,11,8,74,20,1,1
M12606,1996,Round 4,4,1996-08-09,Melbourne Demons,Brisbane Lions,MCG,VIC,QLD,1,6,6,18,6,114,14,2,86,28,1,1
M12607,1996,Round 4,4,1996-08-11,Geelong Cats,Collingwood Magpies,GMHBA Stadium,VIC,VIC,0,7,7,15,2,92,11,4,70,22,1,1
M12608,1996,Round 4,4,1996-08-13,Sydney Swans,Hawthorn Hawks,SCG,NSW,VIC,1,7,6,18,2,110,14,8,92,18,1,1
M12609,1996,Round 4,4,1996-08-15,Richmond Tigers,Fremantle Dockers,MCG,VIC,WA,1,6,9,13,7,85,15,5,95,-10,0,0
M12610,1996,Round 4,4,1996-08-17,Gold Coast Suns,GWS Giants,Heritage Bank Stadium,QLD,NSW,1,6,7,18,6,114,12,4,76,38,1,1
M12611,1996,Round 5,5,1996-09-01,Sydney Swans,Brisbane Lions,SCG,NSW,QLD,1,6,7,16,5,101,14,2,86,15,1,1
M12612,1996,Round 5,5,1996-09-03,North Melbourne Kangaroos,Melbourne Demons,Marvel Stadium,VIC,VIC,0,9,6,14,1,85,16,7,103,-18,0,0
M12613,1996,Round 5,5,1996-09-05,St Kilda Saints,Carlton Blues,Marvel Stadium,VIC,VIC,0,6,8,14,6,90,16,5,101,-11,0,0
M12614,1996,Round 5,5,1996-09-07,Essendon Bombers,West Coast Eagles,Marvel Stadium,VIC,WA,1,7,9,15,6,96,13,7,85,11,1,1
M12615,1996,Round 5,5,1996-09-09,Fremantle Dockers,GWS Giants,Optus Stadium,WA,NSW,1,7,9,14,2,86,16,1,97,-11,0,0
M12616,1996,Round 5,5,1996-09-11,Geelong Cats,Gold Coast Suns,GMHBA Stadium,VIC,QLD,1,7,6,14,4,88,14,3,87,1,1,1
M12617,1996,Round 5,5,1996-09-13,Port Adelaide Power,Richmond Tigers,Adelaide Oval,SA,VIC,1,9,7,14,0,84,14,4,88,-4,0,0
M12618,1996,Round 5,5,1996-09-15,Adelaide Crows,Hawthorn Hawks,Adelaide Oval,SA,VIC,1,7,7,14,4,88,14,3,87,1,1,1
M12619,1996,Round 5,5,1996-09-17,Western Bulldogs,Collingwood Magpies,Marvel Stadium,VIC,VIC,0,7,7,16,3,99,13,7,85,14,1,1
M12620,1996,Round 6,6,1996-04-01,Adelaide Crows,North Melbourne Kangaroos,Adelaide Oval,SA,VIC,1,7,8,14,6,90,12,5,77,13,1,1
M12621,1996,Round 6,6,1996-04-03,St Kilda Saints,Richmond Tigers,Marvel Stadium,VIC,VIC,0,7,7,15,6,96,12,3,75,21,1,1
M12622,1996,Round 6,6,1996-04-05,GWS Giants,Gold Coast Suns,GIANTS Stadium,NSW,QLD,1,6,7,15,4,94,14,2,86,8,1,1
M12623,1996,Round 6,6,1996-04-07,Brisbane Lions,Geelong Cats,Gabba,QLD,VIC,1,8,7,16,0,96,15,5,95,1,1,1
M12624,1996,Round 6,6,1996-04-09,Port Adelaide Power,Sydney Swans,Adelaide Oval,SA,NSW,1,7,8,14,6,90,13,6,84,6,1,1
M12625,1996,Round 6,6,1996-04-11,Western Bulldogs,Collingwood Magpies,Marvel Stadium,VIC,VIC,0,6,7,16,4,100,15,7,97,3,1,1
M12626,1996,Round 6,6,1996-04-13,West Coast Eagles,Fremantle Dockers,Optus Stadium,WA,WA,0,7,7,14,0,84,12,2,74,10,1,1
M12627,1996,Round 6,6,1996-04-15,Hawthorn Hawks,Essendon Bombers,MCG,VIC,VIC,0,7,9,16,3,99,15,6,96,3,1,1
M12628,1996,Round 6,6,1996-04-17,Carlton Blues,Melbourne Demons,Marvel Stadium,VIC,VIC,0,7,9,15,5,95,13,4,82,13,1,1
M12629,1996,Round 7,7,1996-05-01,Carlton Blues,Brisbane Lions,Marvel Stadium,VIC,QLD,1,7,8,16,3,99,13,3,81,18,1,1
M12630,1996,Round 7,7,1996-05-03,Hawthorn Hawks,St Kilda Saints,MCG,VIC,VIC,0,7,7,14,8,92,13,7,85,7,1,1
M12631,1996,Round 7,7,1996-05-05,Melbourne Demons,Richmond Tigers,MCG,VIC,VIC,0,9,8,14,1,85,15,8,98,-13,0,0
M12632,1996,Round 7,7,1996-05-07,Collingwood Magpies,Gold Coast Suns,MCG,VIC,QLD,1,8,8,16,9,105,13,4,82,23,1,1
M12633,1996,Round 7,7,1996-05-09,Adelaide Crows,Port Adelaide Power,Adelaide Oval,SA,SA,0,9,6,16,4,100,13,4,82,18,1,1
M12634,1996,Round 7,7,1996-05-11,Essendon Bombers,West Coast Eagles,Marvel Stadium,VIC,WA,1,6,7,16,9,105,14,6,90,15,1,1
M12635,1996,Round 7,7,1996-05-13,North Melbourne Kangaroos,Geelong Cats,Marvel Stadium,VIC,VIC,0,7,7,11,5,71,12,3,75,-4,0,0
M12636,1996,Round 7,7,1996-05-15,Sydney Swans,Fremantle Dockers,SCG,NSW,WA,1,8,7,12,8,80,13,9,87,-7,0,0
M12637,1996,Round 7,7,1996-05-17,GWS Giants,Western Bulldogs,GIANTS Stadium,NSW,VIC,1,6,8,17,5,107,11,5,71,36,1,1
M12638,1996,Round 8,8,1996-06-01,Brisbane Lions,Geelong Cats,Gabba,QLD,VIC,1,9,7,15,4,94,15,7,97,-3,0,0
M12639,1996,Round 8,8,1996-06-03,Adelaide Crows,Gold Coast Suns,Adelaide Oval,SA,QLD,1,7,9,12,6,78,14,3,87,-9,0,0
M12640,1996,Round 8,8,1996-06-05,Western Bulldogs,Richmond Tigers,Marvel Stadium,VIC,VIC,0,6,6,15,5,95,12,4,76,19,1,1
M12641,1996,Round 8,8,1996-06-07,Sydney Swans,Port Adelaide Power,SCG,NSW,SA,1,6,8,15,7,97,16,8,104,-7,0,0
M12642,1996,Round 8,8,1996-06-09,Carlton Blues,St Kilda Saints,Marvel Stadium,VIC,VIC,0,7,6,17,7,109,16,8,104,5,1,1
M12643,1996,Round 8,8,1996-06-11,Melbourne Demons,Hawthorn Hawks,MCG,VIC,VIC,0,7,7,16,5,101,14,7,91,10,1,1
M12644,1996,Round 8,8,1996-06-13,Essendon Bombers,West Coast Eagles,Marvel Stadium,VIC,WA,1,7,8,15,4,94,12,5,77,17,1,1
M12645,1996,Round 8,8,1996-06-15,Collingwood Magpies,North Melbourne Kangaroos,MCG,VIC,VIC,0,6,7,17,1,103,13,3,81,22,1,1
M12646,1996,Round 8,8,1996-06-17,GWS Giants,Fremantle Dockers,GIANTS Stadium,NSW,WA,1,8,7,17,5,107,15,5,95,12,1,1
M12647,1996,Round 9,9,1996-07-01,West Coast Eagles,Gold Coast Suns,Optus Stadium,WA,QLD,1,7,8,16,5,101,14,3,87,14,1,1
M12648,1996,Round 9,9,1996-07-03,Collingwood Magpies,North Melbourne Kangaroos,MCG,VIC,VIC,0,8,9,15,8,98,13,5,83,15,1,1
M12649,1996,Round 9,9,1996-07-05,Sydney Swans,Brisbane Lions,SCG,NSW,QLD,1,6,8,15,4,94,17,1,103,-9,0,0
M12650,1996,Round 9,9,1996-07-07,Port Adelaide Power,Richmond Tigers,Adelaide Oval,SA,VIC,1,7,7,19,4,118,15,2,92,26,1,1
M12651,1996,Round 9,9,1996-07-09,Geelong Cats,Essendon Bombers,GMHBA Stadium,VIC,VIC,0,9,9,14,5,89,12,5,77,12,1,1
M12652,1996,Round 9,9,1996-07-11,GWS Giants,Carlton Blues,GIANTS Stadium,NSW,VIC,1,8,9,15,3,93,13,2,80,13,1,1
M12653,1996,Round 9,9,1996-07-13,Adelaide Crows,St Kilda Saints,Adelaide Oval,SA,VIC,1,7,9,15,3,93,14,3,87,6,1,1
M12654,1996,Round 9,9,1996-07-15,Hawthorn Hawks,Fremantle Dockers,MCG,VIC,WA,1,7,8,19,1,115,12,9,81,34,1,1
M12655,1996,Round 9,9,1996-07-17,Melbourne Demons,Western Bulldogs,MCG,VIC,VIC,0,8,7,16,0,96,12,2,74,22,1,1
M12656,1996,Round 10,10,1996-08-01,Melbourne Demons,North Melbourne Kangaroos,MCG,VIC,VIC,0,6,6,13,5,83,13,8,86,-3,0,0
M12657,1996,Round 10,10,1996-08-03,Essendon Bombers,Hawthorn Hawks,Marvel Stadium,VIC,VIC,0,7,8,14,3,87,14,5,89,-2,0,0
M12658,1996,Round 10,10,1996-08-05,Port Adelaide Power,Sydney Swans,Adelaide Oval,SA,NSW,1,6,7,14,5,89,15,3,93,-4,0,0
M12659,1996,Round 10,10,1996-08-07,Geelong Cats,Fremantle Dockers,GMHBA Stadium,VIC,WA,1,9,7,16,2,98,12,6,78,20,1,1
M12660,1996,Round 10,10,1996-08-09,West Coast Eagles,St Kilda Saints,Optus Stadium,WA,VIC,1,6,7,15,7,97,13,6,84,13,1,1
M12661,1996,Round 10,10,1996-08-11,Carlton Blues,Collingwood Magpies,Marvel Stadium,VIC,VIC,0,7,8,16,1,97,11,4,70,27,1,1
M12662,1996,Round 10,10,1996-08-13,Richmond Tigers,GWS Giants,MCG,VIC,NSW,1,7,7,14,6,90,18,5,113,-23,0,0
M12663,1996,Round 10,10,1996-08-15,Brisbane Lions,Adelaide Crows,Gabba,QLD,SA,1,7,8,15,8,98,15,5,95,3,1,1
M12664,1996,Round 10,10,1996-08-17,Gold Coast Suns,Western Bulldogs,Heritage Bank Stadium,QLD,VIC,1,9,8,14,3,87,16,5,101,-14,0,0
M12665,1996,Round 11,11,1996-09-01,Port Adelaide Power,Collingwood Magpies,Adelaide Oval,SA,VIC,1,8,6,17,2,104,15,8,98,6,1,1
M12666,1996,Round 11,11,1996-09-03,Western Bulldogs,GWS Giants,Marvel Stadium,VIC,NSW,1,7,9,13,7,85,16,6,102,-17,0,0
M12667,1996,Round 11,11,1996-09-05,North Melbourne Kangaroos,Melbourne Demons,Marvel Stadium,VIC,VIC,0,7,7,13,1,79,14,2,86,-7,0,0
M12668,1996,Round 11,11,1996-09-07,Carlton Blues,Sydney Swans,Marvel Stadium,VIC,NSW,1,7,7,18,2,110,15,4,94,16,1,1
M12669,1996,Round 11,11,1996-09-09,St Kilda Saints,Gold Coast Suns,Marvel Stadium,VIC,QLD,1,9,7,13,5,83,12,8,80,3,1,1
M12670,1996,Round 11,11,1996-09-11,Fremantle Dockers,Adelaide Crows,Optus Stadium,WA,SA,1,8,9,14,4,88,13,4,82,6,1,1
M12671,1996,Round 11,11,1996-09-13,Geelong Cats,Essendon Bombers,GMHBA Stadium,VIC,VIC,0,8,7,15,4,94,14,8,92,2,1,1
M12672,1996,Round 11,11,1996-09-15,Brisbane Lions,Richmond Tigers,Gabba,QLD,VIC,1,7,7,15,5,95,15,3,93,2,1,1
M12673,1996,Round 11,11,1996-09-17,Hawthorn Hawks,West Coast Eagles,MCG,VIC,WA,1,8,8,13,1,79,14,1,85,-6,0,0
M12674,1996,Round 12,12,1996-04-01,Fremantle Dockers,Sydney Swans,Optus Stadium,WA,NSW,1,6,8,13,5,83,15,4,94,-11,0,0
M12675,1996,Round 12,12,1996-04-03,Collingwood Magpies,Port Adelaide Power,MCG,VIC,SA,1,7,7,15,5,95,13,9,87,8,1,1
M12676,1996,Round 12,12,1996-04-05,Richmond Tigers,West Coast Eagles,MCG,VIC,WA,1,7,7,16,6,102,13,6,84,18,1,1
M12677,1996,Round 12,12,1996-04-07,GWS Giants,Hawthorn Hawks,GIANTS Stadium,NSW,VIC,1,7,7,14,2,86,12,4,76,10,1,1
M12678,1996,Round 12,12,1996-04-09,Geelong Cats,St Kilda Saints,GMHBA Stadium,VIC,VIC,0,9,6,15,5,95,12,3,75,20,1,1
M12679,1996,Round 12,12,1996-04-11,Gold Coast Suns,Adelaide Crows,Heritage Bank Stadium,QLD,SA,1,9,6,14,3,87,15,1,91,-4,0,0
M12680,1996,Round 12,12,1996-04-13,Carlton Blues,Melbourne Demons,Marvel Stadium,VIC,VIC,0,7,7,12,7,79,15,7,97,-18,0,0
M12681,1996,Round 12,12,1996-04-15,Brisbane Lions,Essendon Bombers,Gabba,QLD,VIC,1,7,8,15,3,93,14,3,87,6,1,1
M12682,1996,Round 12,12,1996-04-17,Western Bulldogs,North Melbourne Kangaroos,Marvel Stadium,VIC,VIC,0,6,8,11,7,73,12,8,80,-7,0,0
M12683,1996,Round 13,13,1996-05-01,Hawthorn Hawks,Richmond Tigers,MCG,VIC,VIC,0,8,7,13,5,83,13,3,81,2,1,1
M12684,1996,Round 13,13,1996-05-03,Brisbane Lions,Carlton Blues,Gabba,QLD,VIC,1,6,9,13,3,81,12,8,80,1,1,1
M12685,1996,Round 13,13,1996-05-05,West Coast Eagles,Port Adelaide Power,Optus Stadium,WA,SA,1,9,6,15,5,95,10,5,65,30,1,1
M12686,1996,Round 13,13,1996-05-07,Melbourne Demons,Adelaide Crows,MCG,VIC,SA,1,8,7,16,8,104,15,4,94,10,1,1
M12687,1996,Round 13,13,1996-05-09,Gold Coast Suns,Sydney Swans,Heritage Bank Stadium,QLD,NSW,1,9,7,14,8,92,13,4,82,10,1,1
M12688,1996,Round 13,13,1996-05-11,Geelong Cats,North Melbourne Kangaroos,GMHBA Stadium,VIC,VIC,0,6,7,16,4,100,14,8,92,8,1,1
M12689,1996,Round 13,13,1996-05-13,Western Bulldogs,Fremantle Dockers,Marvel Stadium,VIC,WA,1,7,6,15,3,93,13,8,86,7,1,1
M12690,1996,Round 13,13,1996-05-15,GWS Giants,St Kilda Saints,GIANTS Stadium,NSW,VIC,1,9,6,15,3,93,12,8,80,13,1,1
M12691,1996,Round 13,13,1996-05-17,Essendon Bombers,Collingwood Magpies,Marvel Stadium,VIC,VIC,0,8,7,15,7,97,14,7,91,6,1,1
M12692,1996,Round 14,14,1996-06-01,North Melbourne Kangaroos,Essendon Bombers,Marvel Stadium,VIC,VIC,0,9,7,14,5,89,13,5,83,6,1,1
M12693,1996,Round 14,14,1996-06-03,Fremantle Dockers,Richmond Tigers,Optus Stadium,WA,VIC,1,7,7,15,7,97,13,4,82,15,1,1
M12694,1996,Round 14,14,1996-06-05,Hawthorn Hawks,Melbourne Demons,MCG,VIC,VIC,0,6,7,15,3,93,16,2,98,-5,0,0
M12695,1996,Round 14,14,1996-06-07,St Kilda Saints,Port Adelaide Power,Marvel Stadium,VIC,SA,1,7,6,14,6,90,13,6,84,6,1,1
M12696,1996,Round 14,14,1996-06-09,Gold Coast Suns,Adelaide Crows,Heritage Bank Stadium,QLD,SA,1,7,6,14,3,87,13,3,81,6,1,1
M12697,1996,Round 14,14,1996-06-11,Geelong Cats,GWS Giants,GMHBA Stadium,VIC,NSW,1,8,8,15,4,94,14,7,91,3,1,1
M12698,1996,Round 14,14,1996-06-13,Western Bulldogs,West Coast Eagles,Marvel Stadium,VIC,WA,1,9,6,14,1,85,13,2,80,5,1,1
M12699,1996,Round 14,14,1996-06-15,Carlton Blues,Sydney Swans,Marvel Stadium,VIC,NSW,1,7,7,15,6,96,12,3,75,21,1,1
M12700,1996,Round 14,14,1996-06-17,Brisbane Lions,Collingwood Magpies,Gabba,QLD,VIC,1,8,7,15,5,95,14,5,89,6,1,1
M12701,1996,Round 15,15,1996-07-01,Sydney Swans,Essendon Bombers,SCG,NSW,VIC,1,7,7,15,4,94,14,3,87,7,1,1
M12702,1996,Round 15,15,1996-07-03,Gold Coast Suns,West Coast Eagles,Heritage Bank Stadium,QLD,WA,1,7,9,13,5,83,12,4,76,7,1,1
M12703,1996,Round 15,15,1996-07-05,Carlton Blues,North Melbourne Kangaroos,Marvel Stadium,VIC,VIC,0,6,6,13,6,84,15,3,93,-9,0,0
M12704,1996,Round 15,15,1996-07-07,Richmond Tigers,Fremantle Dockers,MCG,VIC,WA,1,9,7,16,6,102,13,4,82,20,1,1
M12705,1996,Round 15,15,1996-07-09,Collingwood Magpies,GWS Giants,MCG,VIC,NSW,1,7,7,18,3,111,14,3,87,24,1,1
M12706,1996,Round 15,15,1996-07-11,Port Adelaide Power,Adelaide Crows,Adelaide Oval,SA,SA,0,9,7,17,5,107,15,4,94,13,1,1
M12707,1996,Round 15,15,1996-07-13,Geelong Cats,Brisbane Lions,GMHBA Stadium,VIC,QLD,1,7,9,14,4,88,16,3,99,-11,0,0
M12708,1996,Round 15,15,1996-07-15,Western Bulldogs,Hawthorn Hawks,Marvel Stadium,VIC,VIC,0,8,7,16,4,100,14,7,91,9,1,1
M12709,1996,Round 15,15,1996-07-17,St Kilda Saints,Melbourne Demons,Marvel Stadium,VIC,VIC,0,7,7,20,2,122,15,1,91,31,1,1
M12710,1996,Round 16,16,1996-08-01,Sydney Swans,GWS Giants,SCG,NSW,NSW,0,6,7,13,7,85,15,2,92,-7,0,0
M12711,1996,Round 16,16,1996-08-03,Richmond Tigers,West Coast Eagles,MCG,VIC,WA,1,7,7,18,8,116,15,4,94,22,1,1
M12712,1996,Round 16,16,1996-08-05,St Kilda Saints,Fremantle Dockers,Marvel Stadium,VIC,WA,1,9,7,13,4,82,12,3,75,7,1,1
M12713,1996,Round 16,16,1996-08-07,Adelaide Crows,Hawthorn Hawks,Adelaide Oval,SA,VIC,1,6,6,14,5,89,13,5,83,6,1,1
M12714,1996,Round 16,16,1996-08-09,Melbourne Demons,Port Adelaide Power,MCG,VIC,SA,1,6,6,13,2,80,15,6,96,-16,0,0
M12715,1996,Round 16,16,1996-08-11,Carlton Blues,Gold Coast Suns,Marvel Stadium,VIC,QLD,1,8,7,13,7,85,15,4,94,-9,0,0
M12716,1996,Round 16,16,1996-08-13,Essendon Bombers,North Melbourne Kangaroos,Marvel Stadium,VIC,VIC,0,7,7,19,5,119,15,0,90,29,1,1
M12717,1996,Round 16,16,1996-08-15,Collingwood Magpies,Geelong Cats,MCG,VIC,VIC,0,7,8,15,1,91,13,2,80,11,1,1
M12718,1996,Round 16,16,1996-08-17,Brisbane Lions,Western Bulldogs,Gabba,QLD,VIC,1,9,7,14,2,86,12,6,78,8,1,1
M12719,1996,Round 17,17,1996-09-01,Adelaide Crows,Sydney Swans,Adelaide Oval,SA,NSW,1,9,6,15,8,98,13,5,83,15,1,1
M12720,1996,Round 17,17,1996-09-03,Hawthorn Hawks,Carlton Blues,MCG,VIC,VIC,0,7,6,16,7,103,18,1,109,-6,0,0
M12721,1996,Round 17,17,1996-09-05,Richmond Tigers,Geelong Cats,MCG,VIC,VIC,0,7,7,15,4,94,16,3,99,-5,0,0
M12722,1996,Round 17,17,1996-09-07,Western Bulldogs,Essendon Bombers,Marvel Stadium,VIC,VIC,0,7,7,15,3,93,16,3,99,-6,0,0
M12723,1996,Round 17,17,1996-09-09,St Kilda Saints,North Melbourne Kangaroos,Marvel Stadium,VIC,VIC,0,8,7,16,6,102,13,7,85,17,1,1
M12724,1996,Round 17,17,1996-09-11,Gold Coast Suns,Brisbane Lions,Heritage Bank Stadium,QLD,QLD,0,7,6,15,7,97,14,4,88,9,1,1
M12725,1996,Round 17,17,1996-09-13,Melbourne Demons,GWS Giants,MCG,VIC,NSW,1,7,9,15,3,93,13,5,83,10,1,1
M12726,1996,Round 17,17,1996-09-15,Port Adelaide Power,Collingwood Magpies,Adelaide Oval,SA,VIC,1,9,7,15,4,94,16,5,101,-7,0,0
M12727,1996,Round 17,17,1996-09-17,West Coast Eagles,Fremantle Dockers,Optus Stadium,WA,WA,0,7,8,14,6,90,14,4,88,2,1,1
M12728,1996,Round 18,18,1996-04-01,Brisbane Lions,Western Bulldogs,Gabba,QLD,VIC,1,7,9,18,7,115,15,2,92,23,1,1
M12729,1996,Round 18,18,1996-04-03,Hawthorn Hawks,Port Adelaide Power,MCG,VIC,SA,1,6,7,20,4,124,10,6,66,58,1,1
M12730,1996,Round 18,18,1996-04-05,West Coast Eagles,Gold Coast Suns,Optus Stadium,WA,QLD,1,8,9,16,5,101,17,3,105,-4,0,0
M12731,1996,Round 18,18,1996-04-07,Richmond Tigers,GWS Giants,MCG,VIC,NSW,1,7,8,16,3,99,13,3,81,18,1,1
M12732,1996,Round 18,18,1996-04-09,Essendon Bombers,North Melbourne Kangaroos,Marvel Stadium,VIC,VIC,0,7,8,15,5,95,12,5,77,18,1,1
M12733,1996,Round 18,18,1996-04-11,St Kilda Saints,Geelong Cats,Marvel Stadium,VIC,VIC,0,7,7,14,2,86,12,6,78,8,1,1
M12734,1996,Round 18,18,1996-04-13,Fremantle Dockers,Carlton Blues,Optus Stadium,WA,VIC,1,7,7,17,3,105,13,2,80,25,1,1
M12735,1996,Round 18,18,1996-04-15,Collingwood Magpies,Adelaide Crows,MCG,VIC,SA,1,6,7,15,4,94,14,5,89,5,1,1
M12736,1996,Round 18,18,1996-04-17,Melbourne Demons,Sydney Swans,MCG,VIC,NSW,1,7,6,16,6,102,12,5,77,25,1,1
M12737,1996,Round 19,19,1996-05-01,Carlton Blues,GWS Giants,Marvel Stadium,VIC,NSW,1,7,7,16,2,98,13,0,78,20,1,1
M12738,1996,Round 19,19,1996-05-03,Adelaide Crows,Geelong Cats,Adelaide Oval,SA,VIC,1,9,7,18,2,110,11,1,67,43,1,1
M12739,1996,Round 19,19,1996-05-05,West Coast Eagles,Gold Coast Suns,Optus Stadium,WA,QLD,1,7,7,15,3,93,15,1,91,2,1,1
M12740,1996,Round 19,19,1996-05-07,Brisbane Lions,Collingwood Magpies,Gabba,QLD,VIC,1,9,7,16,3,99,11,5,71,28,1,1
M12741,1996,Round 19,19,1996-05-09,Western Bulldogs,Port Adelaide Power,Marvel Stadium,VIC,SA,1,7,7,17,1,103,13,7,85,18,1,1
M12742,1996,Round 19,19,1996-05-11,Fremantle Dockers,St Kilda Saints,Optus Stadium,WA,VIC,1,6,6,16,1,97,12,3,75,22,1,1
M12743,1996,Round 19,19,1996-05-13,Melbourne Demons,North Melbourne Kangaroos,MCG,VIC,VIC,0,7,9,15,5,95,10,6,66,29,1,1
M12744,1996,Round 19,19,1996-05-15,Richmond Tigers,Hawthorn Hawks,MCG,VIC,VIC,0,6,9,18,2,110,13,4,82,28,1,1
M12745,1996,Round 19,19,1996-05-17,Essendon Bombers,Sydney Swans,Marvel Stadium,VIC,NSW,1,7,7,15,0,90,13,6,84,6,1,1
M12746,1996,Round 20,20,1996-06-01,Sydney Swans,Essendon Bombers,SCG,NSW,VIC,1,7,6,14,2,86,14,4,88,-2,0,0
M12747,1996,Round 20,20,1996-06-03,Adelaide Crows,Carlton Blues,Adelaide Oval,SA,VIC,1,9,8,15,3,93,14,3,87,6,1,1
M12748,1996,Round 20,20,1996-06-05,Collingwood Magpies,Fremantle Dockers,MCG,VIC,WA,1,7,6,15,1,91,17,0,102,-11,0,0
M12749,1996,Round 20,20,1996-06-07,GWS Giants,Western Bulldogs,GIANTS Stadium,NSW,VIC,1,7,9,16,1,97,9,7,61,36,1,1
M12750,1996,Round 20,20,1996-06-09,Brisbane Lions,North Melbourne Kangaroos,Gabba,QLD,VIC,1,9,6,17,1,103,11,2,68,35,1,1
M12751,1996,Round 20,20,1996-06-11,Melbourne Demons,West Coast Eagles,MCG,VIC,WA,1,7,7,16,8,104,14,5,89,15,1,1
M12752,1996,Round 20,20,1996-06-13,Gold Coast Suns,Port Adelaide Power,Heritage Bank Stadium,QLD,SA,1,7,9,14,5,89,14,3,87,2,1,1
M12753,1996,Round 20,20,1996-06-15,Richmond Tigers,St Kilda Saints,MCG,VIC,VIC,0,7,7,19,3,117,15,5,95,22,1,1
M12754,1996,Round 20,20,1996-06-17,Hawthorn Hawks,Geelong Cats,MCG,VIC,VIC,0,6,9,16,2,98,13,6,84,14,1,1
M12755,1996,Round 21,21,1996-07-01,Fremantle Dockers,Melbourne Demons,Optus Stadium,WA,VIC,1,9,8,15,4,94,12,7,79,15,1,1
M12756,1996,Round 21,21,1996-07-03,Gold Coast Suns,West Coast Eagles,Heritage Bank Stadium,QLD,WA,1,7,7,18,7,115,13,7,85,30,1,1
M12757,1996,Round 21,21,1996-07-05,Western Bulldogs,North Melbourne Kangaroos,Marvel Stadium,VIC,VIC,0,7,8,16,6,102,13,7,85,17,1,1
M12758,1996,Round 21,21,1996-07-07,Hawthorn Hawks,Port Adelaide Power,MCG,VIC,SA,1,7,7,13,8,86,15,5,95,-9,0,0
M12759,1996,Round 21,21,1996-07-09,Collingwood Magpies,Brisbane Lions,MCG,VIC,QLD,1,7,8,13,4,82,14,1,85,-3,0,0
M12760,1996,Round 21,21,1996-07-11,Richmond Tigers,Essendon Bombers,MCG,VIC,VIC,0,6,7,15,6,96,13,7,85,11,1,1
M12761,1996,Round 21,21,1996-07-13,Adelaide Crows,Sydney Swans,Adelaide Oval,SA,NSW,1,6,8,12,8,80,13,5,83,-3,0,0
M12762,1996,Round 21,21,1996-07-15,Geelong Cats,Carlton Blues,GMHBA Stadium,VIC,VIC,0,7,8,13,8,86,13,6,84,2,1,1
M12763,1996,Round 21,21,1996-07-17,St Kilda Saints,GWS Giants,Marvel Stadium,VIC,NSW,1,6,7,14,6,90,15,6,96,-6,0,0
M12764,1996,Round 22,22,1996-08-01,Essendon Bombers,Western Bulldogs,Marvel Stadium,VIC,VIC,0,8,7,18,3,111,11,7,73,38,1,1
M12765,1996,Round 22,22,1996-08-03,St Kilda Saints,Port Adelaide Power,Marvel Stadium,VIC,SA,1,9,9,15,4,94,12,1,73,21,1,1
M12766,1996,Round 22,22,1996-08-05,Geelong Cats,GWS Giants,GMHBA Stadium,VIC,NSW,1,9,7,16,5,101,12,9,81,20,1,1
M12767,1996,Round 22,22,1996-08-07,Carlton Blues,West Coast Eagles,Marvel Stadium,VIC,WA,1,9,7,14,2,86,12,8,80,6,1,1
M12768,1996,Round 22,22,1996-08-09,Richmond Tigers,North Melbourne Kangaroos,MCG,VIC,VIC,0,7,9,19,2,116,13,4,82,34,1,1
M12769,1996,Round 22,22,1996-08-11,Collingwood Magpies,Fremantle Dockers,MCG,VIC,WA,1,8,7,15,5,95,14,1,85,10,1,1
M12770,1996,Round 22,22,1996-08-13,Melbourne Demons,Hawthorn Hawks,MCG,VIC,VIC,0,9,6,14,7,91,15,5,95,-4,0,0
M12771,1996,Round 22,22,1996-08-15,Adelaide Crows,Gold Coast Suns,Adelaide Oval,SA,QLD,1,8,9,14,6,90,14,5,89,1,1,1
M12772,1996,Round 22,22,1996-08-17,Brisbane Lions,Sydney Swans,Gabba,QLD,NSW,1,8,8,14,5,89,13,8,86,3,1,1
M12773,1997,Round 1,1,1997-05-01,Melbourne Demons,Sydney Swans,MCG,VIC,NSW,1,6,9,15,1,91,15,2,92,-1,0,0
M12774,1997,Round 1,1,1997-05-03,Port Adelaide Power,Fremantle Dockers,Adelaide Oval,SA,WA,1,7,7,15,7,97,19,6,120,-23,0,0
M12775,1997,Round 1,1,1997-05-05,North Melbourne Kangaroos,Collingwood Magpies,Marvel Stadium,VIC,VIC,0,8,7,16,5,101,13,1,79,22,1,1
M12776,1997,Round 1,1,1997-05-07,Richmond Tigers,Geelong Cats,MCG,VIC,VIC,0,9,7,16,3,99,13,3,81,18,1,1
M12777,1997,Round 1,1,1997-05-09,Carlton Blues,Essendon Bombers,Marvel Stadium,VIC,VIC,0,7,8,14,4,88,11,2,68,20,1,1
M12778,1997,Round 1,1,1997-05-11,GWS Giants,Hawthorn Hawks,GIANTS Stadium,NSW,VIC,1,7,8,15,6,96,16,4,100,-4,0,0
M12779,1997,Round 1,1,1997-05-13,St Kilda Saints,Gold Coast Suns,Marvel Stadium,VIC,QLD,1,8,7,17,2,104,12,6,78,26,1,1
M12780,1997,Round 1,1,1997-05-15,Western Bulldogs,West Coast Eagles,Marvel Stadium,VIC,WA,1,7,7,14,1,85,12,2,74,11,1,1
M12781,1997,Round 1,1,1997-05-17,Brisbane Lions,Adelaide Crows,Gabba,QLD,SA,1,9,6,14,5,89,13,9,87,2,1,1
M12782,1997,Round 2,2,1997-06-01,Collingwood Magpies,Melbourne Demons,MCG,VIC,VIC,0,7,7,18,4,112,15,2,92,20,1,1
M12783,1997,Round 2,2,1997-06-03,Fremantle Dockers,Sydney Swans,Optus Stadium,WA,NSW,1,6,6,16,2,98,13,5,83,15,1,1
M12784,1997,Round 2,2,1997-06-05,Richmond Tigers,Port Adelaide Power,MCG,VIC,SA,1,6,7,16,1,97,13,7,85,12,1,1
M12785,1997,Round 2,2,1997-06-07,Carlton Blues,Brisbane Lions,Marvel Stadium,VIC,QLD,1,6,9,16,6,102,13,8,86,16,1,1
M12786,1997,Round 2,2,1997-06-09,Geelong Cats,St Kilda Saints,GMHBA Stadium,VIC,VIC,0,7,8,17,3,105,13,3,81,24,1,1
M12787,1997,Round 2,2,1997-06-11,Western Bulldogs,Hawthorn Hawks,Marvel Stadium,VIC,VIC,0,9,6,14,3,87,11,0,66,21,1,1
M12788,1997,Round 2,2,1997-06-13,Essendon Bombers,Gold Coast Suns,Marvel Stadium,VIC,QLD,1,7,6,14,6,90,13,4,82,8,1,1
M12789,1997,Round 2,2,1997-06-15,North Melbourne Kangaroos,Adelaide Crows,Marvel Stadium,VIC,SA,1,7,9,17,3,105,14,5,89,16,1,1
M12790,1997,Round 2,2,1997-06-17,West Coast Eagles,GWS Giants,Optus Stadium,WA,NSW,1,7,8,17,2,104,10,8,68,36,1,1
M12791,1997,Round 3,3,1997-07-01,Melbourne Demons,Hawthorn Hawks,MCG,VIC,VIC,0,9,7,15,2,92,12,4,76,16,1,1
M12792,1997,Round 3,3,1997-07-03,Essendon Bombers,Carlton Blues,Marvel Stadium,VIC,VIC,0,6,6,16,2,98,14,8,92,6,1,1
M12793,1997,Round 3,3,1997-07-05,Collingwood Magpies,St Kilda Saints,MCG,VIC,VIC,0,7,7,15,2,92,14,6,90,2,1,1
M12794,1997,Round 3,3,1997-07-07,Adelaide Crows,Fremantle Dockers,Adelaide Oval,SA,WA,1,7,7,13,6,84,12,6,78,6,1,1
M12795,1997,Round 3,3,1997-07-09,Port Adelaide Power,Geelong Cats,Adelaide Oval,SA,VIC,1,7,7,13,4,82,14,9,93,-11,0,0
M12796,1997,Round 3,3,1997-07-11,GWS Giants,Western Bulldogs,GIANTS Stadium,NSW,VIC,1,9,9,15,3,93,14,4,88,5,1,1
M12797,1997,Round 3,3,1997-07-13,Sydney Swans,West Coast Eagles,SCG,NSW,WA,1,6,7,17,4,106,15,5,95,11,1,1
M12798,1997,Round 3,3,1997-07-15,Richmond Tigers,Brisbane Lions,MCG,VIC,QLD,1,6,7,13,9,87,17,8,110,-23,0,0
M12799,1997,Round 3,3,1997-07-17,Gold Coast Suns,North Melbourne Kangaroos,Heritage Bank Stadium,QLD,VIC,1,7,7,14,3,87,14,1,85,2,1,1
M12800,1997,Round 4,4,1997-08-01,West Coast Eagles,Sydney Swans,Optus Stadium,WA,NSW,1,7,7,16,0,96,13,4,82,14,1,1
M12801,1997,Round 4,4,1997-08-03,Western Bulldogs,St Kilda Saints,Marvel Stadium,VIC,VIC,0,7,7,15,5,95,13,0,78,17,1,1
M12802,1997,Round 4,4,1997-08-05,North Melbourne Kangaroos,Hawthorn Hawks,Marvel Stadium,VIC,VIC,0,9,8,16,7,103,14,5,89,14,1,1
M12803,1997,Round 4,4,1997-08-07,Fremantle Dockers,Gold Coast Suns,Optus Stadium,WA,QLD,1,7,8,14,1,85,12,5,77,8,1,1
M12804,1997,Round 4,4,1997-08-09,Essendon Bombers,Adelaide Crows,Marvel Stadium,VIC,SA,1,7,7,15,5,95,12,5,77,18,1,1
M12805,1997,Round 4,4,1997-08-11,Geelong Cats,Collingwood Magpies,GMHBA Stadium,VIC,VIC,0,7,6,15,0,90,14,7,91,-1,0,0
M12806,1997,Round 4,4,1997-08-13,Port Adelaide Power,GWS Giants,Adelaide Oval,SA,NSW,1,7,9,16,1,97,17,3,105,-8,0,0
M12807,1997,Round 4,4,1997-08-15,Richmond Tigers,Melbourne Demons,MCG,VIC,VIC,0,8,8,16,6,102,14,4,88,14,1,1
M12808,1997,Round 4,4,1997-08-17,Carlton Blues,Brisbane Lions,Marvel Stadium,VIC,QLD,1,7,7,17,1,103,13,4,82,21,1,1
M12809,1997,Round 5,5,1997-09-01,West Coast Eagles,Western Bulldogs,Optus Stadium,WA,VIC,1,9,7,12,3,75,13,1,79,-4,0,0
M12810,1997,Round 5,5,1997-09-03,Gold Coast Suns,Melbourne Demons,Heritage Bank Stadium,QLD,VIC,1,7,6,15,4,94,17,6,108,-14,0,0
M12811,1997,Round 5,5,1997-09-05,North Melbourne Kangaroos,St Kilda Saints,Marvel Stadium,VIC,VIC,0,9,8,17,7,109,15,0,90,19,1,1
M12812,1997,Round 5,5,1997-09-07,Collingwood Magpies,Adelaide Crows,MCG,VIC,SA,1,8,7,18,5,113,14,4,88,25,1,1
M12813,1997,Round 5,5,1997-09-09,Essendon Bombers,Brisbane Lions,Marvel Stadium,VIC,QLD,1,9,8,17,2,104,13,5,83,21,1,1
M12814,1997,Round 5,5,1997-09-11,Richmond Tigers,Hawthorn Hawks,MCG,VIC,VIC,0,8,6,17,5,107,14,6,90,17,1,1
M12815,1997,Round 5,5,1997-09-13,Carlton Blues,GWS Giants,Marvel Stadium,VIC,NSW,1,7,7,18,2,110,14,0,84,26,1,1
M12816,1997,Round 5,5,1997-09-15,Port Adelaide Power,Sydney Swans,Adelaide Oval,SA,NSW,1,7,7,19,1,115,15,4,94,21,1,1
M12817,1997,Round 5,5,1997-09-17,Fremantle Dockers,Geelong Cats,Optus Stadium,WA,VIC,1,7,7,16,2,98,13,2,80,18,1,1
M12818,1997,Round 6,6,1997-04-01,West Coast Eagles,Brisbane Lions,Optus Stadium,WA,QLD,1,7,7,13,5,83,14,5,89,-6,0,0
M12819,1997,Round 6,6,1997-04-03,Richmond Tigers,Fremantle Dockers,MCG,VIC,WA,1,7,8,18,2,110,15,3,93,17,1,1
M12820,1997,Round 6,6,1997-04-05,Hawthorn Hawks,Geelong Cats,MCG,VIC,VIC,0,6,8,13,7,85,14,4,88,-3,0,0
M12821,1997,Round 6,6,1997-04-07,GWS Giants,Sydney Swans,GIANTS Stadium,NSW,NSW,0,9,7,18,4,112,14,5,89,23,1,1
M12822,1997,Round 6,6,1997-04-09,St Kilda Saints,Gold Coast Suns,Marvel Stadium,VIC,QLD,1,8,6,13,3,81,15,5,95,-14,0,0
M12823,1997,Round 6,6,1997-04-11,Essendon Bombers,Carlton Blues,Marvel Stadium,VIC,VIC,0,7,8,18,1,109,14,4,88,21,1,1
M12824,1997,Round 6,6,1997-04-13,North Melbourne Kangaroos,Western Bulldogs,Marvel Stadium,VIC,VIC,0,7,7,15,4,94,12,6,78,16,1,1
M12825,1997,Round 6,6,1997-04-15,Adelaide Crows,Collingwood Magpies,Adelaide Oval,SA,VIC,1,8,7,13,3,81,12,0,72,9,1,1
M12826,1997,Round 6,6,1997-04-17,Port Adelaide Power,Melbourne Demons,Adelaide Oval,SA,VIC,1,7,7,17,5,107,14,1,85,22,1,1
M12827,1997,Round 7,7,1997-05-01,Western Bulldogs,Port Adelaide Power,Marvel Stadium,VIC,SA,1,9,7,16,4,100,16,6,102,-2,0,0
M12828,1997,Round 7,7,1997-05-03,North Melbourne Kangaroos,Carlton Blues,Marvel Stadium,VIC,VIC,0,7,8,16,6,102,15,5,95,7,1,1
M12829,1997,Round 7,7,1997-05-05,Brisbane Lions,Gold Coast Suns,Gabba,QLD,QLD,0,7,9,16,7,103,13,3,81,22,1,1
M12830,1997,Round 7,7,1997-05-07,Sydney Swans,Hawthorn Hawks,SCG,NSW,VIC,1,8,7,19,3,117,14,8,92,25,1,1
M12831,1997,Round 7,7,1997-05-09,Collingwood Magpies,Essendon Bombers,MCG,VIC,VIC,0,9,7,17,4,106,15,1,91,15,1,1
M12832,1997,Round 7,7,1997-05-11,Fremantle Dockers,Adelaide Crows,Optus Stadium,WA,SA,1,7,8,14,6,90,18,0,108,-18,0,0
M12833,1997,Round 7,7,1997-05-13,Geelong Cats,GWS Giants,GMHBA Stadium,VIC,NSW,1,7,7,16,3,99,14,4,88,11,1,1
M12834,1997,Round 7,7,1997-05-15,St Kilda Saints,Richmond Tigers,Marvel Stadium,VIC,VIC,0,9,7,14,1,85,14,7,91,-6,0,0
M12835,1997,Round 7,7,1997-05-17,Melbourne Demons,West Coast Eagles,MCG,VIC,WA,1,7,6,16,5,101,18,2,110,-9,0,0
M12836,1997,Round 8,8,1997-06-01,GWS Giants,North Melbourne Kangaroos,GIANTS Stadium,NSW,VIC,1,7,7,14,3,87,14,7,91,-4,0,0
M12837,1997,Round 8,8,1997-06-03,Port Adelaide Power,Sydney Swans,Adelaide Oval,SA,NSW,1,7,7,14,5,89,14,6,90,-1,0,0
M12838,1997,Round 8,8,1997-06-05,Carlton Blues,Richmond Tigers,Marvel Stadium,VIC,VIC,0,7,7,13,8,86,16,0,96,-10,0,0
M12839,1997,Round 8,8,1997-06-07,Essendon Bombers,Adelaide Crows,Marvel Stadium,VIC,SA,1,9,7,16,1,97,12,2,74,23,1,1
M12840,1997,Round 8,8,1997-06-09,Collingwood Magpies,Hawthorn Hawks,MCG,VIC,VIC,0,6,7,13,7,85,11,0,66,19,1,1
M12841,1997,Round 8,8,1997-06-11,Brisbane Lions,St Kilda Saints,Gabba,QLD,VIC,1,7,8,10,8,68,17,1,103,-35,0,0
M12842,1997,Round 8,8,1997-06-13,Western Bulldogs,West Coast Eagles,Marvel Stadium,VIC,WA,1,7,8,15,4,94,15,2,92,2,1,1
M12843,1997,Round 8,8,1997-06-15,Melbourne Demons,Fremantle Dockers,MCG,VIC,WA,1,7,6,15,3,93,12,9,81,12,1,1
M12844,1997,Round 8,8,1997-06-17,Gold Coast Suns,Geelong Cats,Heritage Bank Stadium,QLD,VIC,1,6,9,18,6,114,14,4,88,26,1,1
M12845,1997,Round 9,9,1997-07-01,Western Bulldogs,Gold Coast Suns,Marvel Stadium,VIC,QLD,1,7,9,14,0,84,13,2,80,4,1,1
M12846,1997,Round 9,9,1997-07-03,North Melbourne Kangaroos,Brisbane Lions,Marvel Stadium,VIC,QLD,1,6,7,18,9,117,14,6,90,27,1,1
M12847,1997,Round 9,9,1997-07-05,Sydney Swans,Hawthorn Hawks,SCG,NSW,VIC,1,7,9,14,6,90,13,6,84,6,1,1
M12848,1997,Round 9,9,1997-07-07,Port Adelaide Power,GWS Giants,Adelaide Oval,SA,NSW,1,7,7,17,4,106,13,5,83,23,1,1
M12849,1997,Round 9,9,1997-07-09,Fremantle Dockers,West Coast Eagles,Optus Stadium,WA,WA,0,8,7,16,2,98,14,1,85,13,1,1
M12850,1997,Round 9,9,1997-07-11,Carlton Blues,Adelaide Crows,Marvel Stadium,VIC,SA,1,7,7,15,1,91,12,3,75,16,1,1
M12851,1997,Round 9,9,1997-07-13,Collingwood Magpies,Essendon Bombers,MCG,VIC,VIC,0,8,7,14,2,86,15,5,95,-9,0,0
M12852,1997,Round 9,9,1997-07-15,Geelong Cats,St Kilda Saints,GMHBA Stadium,VIC,VIC,0,7,7,13,5,83,10,7,67,16,1,1
M12853,1997,Round 9,9,1997-07-17,Melbourne Demons,Richmond Tigers,MCG,VIC,VIC,0,9,7,16,5,101,13,4,82,19,1,1
M12854,1997,Round 10,10,1997-08-01,Richmond Tigers,Gold Coast Suns,MCG,VIC,QLD,1,7,7,15,7,97,16,6,102,-5,0,0
M12855,1997,Round 10,10,1997-08-03,Fremantle Dockers,Sydney Swans,Optus Stadium,WA,NSW,1,8,9,15,5,95,14,4,88,7,1,1
M12856,1997,Round 10,10,1997-08-05,St Kilda Saints,Adelaide Crows,Marvel Stadium,VIC,SA,1,9,7,16,4,100,13,5,83,17,1,1
M12857,1997,Round 10,10,1997-08-07,Collingwood Magpies,Geelong Cats,MCG,VIC,VIC,0,7,7,16,6,102,16,5,101,1,1,1
M12858,1997,Round 10,10,1997-08-09,GWS Giants,Port Adelaide Power,GIANTS Stadium,NSW,SA,1,7,8,14,4,88,14,6,90,-2,0,0
M12859,1997,Round 10,10,1997-08-11,North Melbourne Kangaroos,West Coast Eagles,Marvel Stadium,VIC,WA,1,6,7,14,4,88,15,4,94,-6,0,0
M12860,1997,Round 10,10,1997-08-13,Brisbane Lions,Melbourne Demons,Gabba,QLD,VIC,1,8,7,14,8,92,14,4,88,4,1,1
M12861,1997,Round 10,10,1997-08-15,Carlton Blues,Hawthorn Hawks,Marvel Stadium,VIC,VIC,0,7,6,13,9,87,13,0,78,9,1,1
M12862,1997,Round 10,10,1997-08-17,Essendon Bombers,Western Bulldogs,Marvel Stadium,VIC,VIC,0,9,7,15,4,94,14,3,87,7,1,1
M12863,1997,Round 11,11,1997-09-01,Sydney Swans,Fremantle Dockers,SCG,NSW,WA,1,7,8,14,4,88,13,4,82,6,1,1
M12864,1997,Round 11,11,1997-09-03,Brisbane Lions,Hawthorn Hawks,Gabba,QLD,VIC,1,8,7,14,8,92,14,4,88,4,1,1
M12865,1997,Round 11,11,1997-09-05,GWS Giants,Port Adelaide Power,GIANTS Stadium,NSW,SA,1,7,9,16,1,97,12,3,75,22,1,1
M12866,1997,Round 11,11,1997-09-07,North Melbourne Kangaroos,Geelong Cats,Marvel Stadium,VIC,VIC,0,7,9,15,1,91,13,1,79,12,1,1
M12867,1997,Round 11,11,1997-09-09,Western Bulldogs,Richmond Tigers,Marvel Stadium,VIC,VIC,0,9,7,14,8,92,14,7,91,1,1,1
M12868,1997,Round 11,11,1997-09-11,Carlton Blues,St Kilda Saints,Marvel Stadium,VIC,VIC,0,7,9,14,0,84,16,0,96,-12,0,0
M12869,1997,Round 11,11,1997-09-13,West Coast Eagles,Adelaide Crows,Optus Stadium,WA,SA,1,9,7,15,3,93,11,4,70,23,1,1
M12870,1997,Round 11,11,1997-09-15,Melbourne Demons,Gold Coast Suns,MCG,VIC,QLD,1,8,6,16,5,101,15,1,91,10,1,1
M12871,1997,Round 11,11,1997-09-17,Collingwood Magpies,Essendon Bombers,MCG,VIC,VIC,0,8,6,14,9,93,13,3,81,12,1,1
M12872,1997,Round 12,12,1997-04-01,Port Adelaide Power,GWS Giants,Adelaide Oval,SA,NSW,1,7,7,16,9,105,13,7,85,20,1,1
M12873,1997,Round 12,12,1997-04-03,Gold Coast Suns,Melbourne Demons,Heritage Bank Stadium,QLD,VIC,1,7,7,16,6,102,14,5,89,13,1,1
M12874,1997,Round 12,12,1997-04-05,Richmond Tigers,Fremantle Dockers,MCG,VIC,WA,1,8,7,16,6,102,13,7,85,17,1,1
M12875,1997,Round 12,12,1997-04-07,North Melbourne Kangaroos,Brisbane Lions,Marvel Stadium,VIC,QLD,1,7,7,13,2,80,13,7,85,-5,0,0
M12876,1997,Round 12,12,1997-04-09,Geelong Cats,Western Bulldogs,GMHBA Stadium,VIC,VIC,0,7,7,15,5,95,13,3,81,14,1,1
M12877,1997,Round 12,12,1997-04-11,Adelaide Crows,Hawthorn Hawks,Adelaide Oval,SA,VIC,1,7,7,17,9,111,14,2,86,25,1,1
M12878,1997,Round 12,12,1997-04-13,Collingwood Magpies,Carlton Blues,MCG,VIC,VIC,0,9,7,16,7,103,13,6,84,19,1,1
M12879,1997,Round 12,12,1997-04-15,Sydney Swans,Essendon Bombers,SCG,NSW,VIC,1,7,8,15,8,98,15,5,95,3,1,1
M12880,1997,Round 12,12,1997-04-17,St Kilda Saints,West Coast Eagles,Marvel Stadium,VIC,WA,1,8,7,14,5,89,13,2,80,9,1,1
M12881,1997,Round 13,13,1997-05-01,Melbourne Demons,GWS Giants,MCG,VIC,NSW,1,8,7,16,6,102,10,6,66,36,1,1
M12882,1997,Round 13,13,1997-05-03,Richmond Tigers,Port Adelaide Power,MCG,VIC,SA,1,9,7,15,4,94,15,4,94,0,0,0
M12883,1997,Round 13,13,1997-05-05,Essendon Bombers,Brisbane Lions,Marvel Stadium,VIC,QLD,1,7,8,17,3,105,15,3,93,12,1,1
M12884,1997,Round 13,13,1997-05-07,Adelaide Crows,Hawthorn Hawks,Adelaide Oval,SA,VIC,1,7,8,16,2,98,13,4,82,16,1,1
M12885,1997,Round 13,13,1997-05-09,St Kilda Saints,Fremantle Dockers,Marvel Stadium,VIC,WA,1,8,7,15,5,95,15,5,95,0,0,0
M12886,1997,Round 13,13,1997-05-11,North Melbourne Kangaroos,Carlton Blues,Marvel Stadium,VIC,VIC,0,7,7,14,6,90,15,2,92,-2,0,0
M12887,1997,Round 13,13,1997-05-13,Gold Coast Suns,Geelong Cats,Heritage Bank Stadium,QLD,VIC,1,7,7,16,7,103,11,8,74,29,1,1
M12888,1997,Round 13,13,1997-05-15,Collingwood Magpies,Western Bulldogs,MCG,VIC,VIC,0,6,7,14,3,87,12,7,79,8,1,1
M12889,1997,Round 13,13,1997-05-17,Sydney Swans,West Coast Eagles,SCG,NSW,WA,1,7,7,15,4,94,16,2,98,-4,0,0
M12890,1997,Round 14,14,1997-06-01,North Melbourne Kangaroos,Geelong Cats,Marvel Stadium,VIC,VIC,0,7,7,16,2,98,13,6,84,14,1,1
M12891,1997,Round 14,14,1997-06-03,Sydney Swans,Port Adelaide Power,SCG,NSW,SA,1,7,9,14,7,91,17,3,105,-14,0,0
M12892,1997,Round 14,14,1997-06-05,St Kilda Saints,Adelaide Crows,Marvel Stadium,VIC,SA,1,8,9,14,2,86,14,4,88,-2,0,0
M12893,1997,Round 14,14,1997-06-07,Fremantle Dockers,Melbourne Demons,Optus Stadium,WA,VIC,1,9,9,14,6,90,15,3,93,-3,0,0
M12894,1997,Round 14,14,1997-06-09,West Coast Eagles,GWS Giants,Optus Stadium,WA,NSW,1,9,7,16,6,102,12,4,76,26,1,1
M12895,1997,Round 14,14,1997-06-11,Richmond Tigers,Hawthorn Hawks,MCG,VIC,VIC,0,7,6,16,9,105,13,3,81,24,1,1
M12896,1997,Round 14,14,1997-06-13,Western Bulldogs,Gold Coast Suns,Marvel Stadium,VIC,QLD,1,8,7,15,6,96,16,4,100,-4,0,0
M12897,1997,Round 14,14,1997-06-15,Essendon Bombers,Brisbane Lions,Marvel Stadium,VIC,QLD,1,6,7,17,3,105,12,3,75,30,1,1
M12898,1997,Round 14,14,1997-06-17,Collingwood Magpies,Carlton Blues,MCG,VIC,VIC,0,7,9,15,2,92,15,3,93,-1,0,0
M12899,1997,Round 15,15,1997-07-01,Melbourne Demons,Hawthorn Hawks,MCG,VIC,VIC,0,7,6,13,3,81,12,3,75,6,1,1
M12900,1997,Round 15,15,1997-07-03,Sydney Swans,Essendon Bombers,SCG,NSW,VIC,1,7,7,12,8,80,15,6,96,-16,0,0
M12901,1997,Round 15,15,1997-07-05,North Melbourne Kangaroos,GWS Giants,Marvel Stadium,VIC,NSW,1,9,7,17,4,106,14,6,90,16,1,1
M12902,1997,Round 15,15,1997-07-07,Gold Coast Suns,West Coast Eagles,Heritage Bank Stadium,QLD,WA,1,7,7,14,2,86,13,4,82,4,1,1
M12903,1997,Round 15,15,1997-07-09,Brisbane Lions,Fremantle Dockers,Gabba,QLD,WA,1,9,7,13,0,78,13,6,84,-6,0,0
M12904,1997,Round 15,15,1997-07-11,Adelaide Crows,Collingwood Magpies,Adelaide Oval,SA,VIC,1,7,6,15,9,99,13,6,84,15,1,1
M12905,1997,Round 15,15,1997-07-13,St Kilda Saints,Western Bulldogs,Marvel Stadium,VIC,VIC,0,8,8,16,3,99,13,8,86,13,1,1
M12906,1997,Round 15,15,1997-07-15,Richmond Tigers,Carlton Blues,MCG,VIC,VIC,0,8,9,17,6,108,12,6,78,30,1,1
M12907,1997,Round 15,15,1997-07-17,Port Adelaide Power,Geelong Cats,Adelaide Oval,SA,VIC,1,7,8,18,0,108,14,3,87,21,1,1
M12908,1997,Round 16,16,1997-08-01,Geelong Cats,Collingwood Magpies,GMHBA Stadium,VIC,VIC,0,8,8,15,6,96,14,6,90,6,1,1
M12909,1997,Round 16,16,1997-08-03,St Kilda Saints,Richmond Tigers,Marvel Stadium,VIC,VIC,0,7,6,12,4,76,15,2,92,-16,0,0
M12910,1997,Round 16,16,1997-08-05,Port Adelaide Power,Essendon Bombers,Adelaide Oval,SA,VIC,1,8,7,16,5,101,13,7,85,16,1,1
M12911,1997,Round 16,16,1997-08-07,Adelaide Crows,Fremantle Dockers,Adelaide Oval,SA,WA,1,7,8,15,3,93,16,9,105,-12,0,0
M12912,1997,Round 16,16,1997-08-09,Melbourne Demons,North Melbourne Kangaroos,MCG,VIC,VIC,0,7,9,19,1,115,15,7,97,18,1,1
M12913,1997,Round 16,16,1997-08-11,Western Bulldogs,Sydney Swans,Marvel Stadium,VIC,NSW,1,6,9,15,7,97,15,4,94,3,1,1
M12914,1997,Round 16,16,1997-08-13,Brisbane Lions,Hawthorn Hawks,Gabba,QLD,VIC,1,9,7,16,8,104,13,4,82,22,1,1
M12915,1997,Round 16,16,1997-08-15,Gold Coast Suns,GWS Giants,Heritage Bank Stadium,QLD,NSW,1,7,7,16,2,98,14,2,86,12,1,1
M12916,1997,Round 16,16,1997-08-17,Carlton Blues,West Coast Eagles,Marvel Stadium,VIC,WA,1,8,7,15,2,92,15,5,95,-3,0,0
M12917,1997,Round 17,17,1997-09-01,Port Adelaide Power,St Kilda Saints,Adelaide Oval,SA,VIC,1,8,7,16,4,100,11,4,70,30,1,1
M12918,1997,Round 17,17,1997-09-03,West Coast Eagles,Brisbane Lions,Optus Stadium,WA,QLD,1,7,7,15,4,94,14,7,91,3,1,1
M12919,1997,Round 17,17,1997-09-05,Gold Coast Suns,Western Bulldogs,Heritage Bank Stadium,QLD,VIC,1,7,6,17,4,106,14,6,90,16,1,1
M12920,1997,Round 17,17,1997-09-07,Melbourne Demons,Sydney Swans,MCG,VIC,NSW,1,7,7,14,6,90,13,6,84,6,1,1
M12921,1997,Round 17,17,1997-09-09,Fremantle Dockers,Richmond Tigers,Optus Stadium,WA,VIC,1,9,6,18,5,113,12,3,75,38,1,1
M12922,1997,Round 17,17,1997-09-11,Essendon Bombers,Geelong Cats,Marvel Stadium,VIC,VIC,0,7,8,12,7,79,13,5,83,-4,0,0
M12923,1997,Round 17,17,1997-09-13,North Melbourne Kangaroos,Hawthorn Hawks,Marvel Stadium,VIC,VIC,0,7,7,16,5,101,13,1,79,22,1,1
M12924,1997,Round 17,17,1997-09-15,Carlton Blues,Adelaide Crows,Marvel Stadium,VIC,SA,1,6,7,16,9,105,13,4,82,23,1,1
M12925,1997,Round 17,17,1997-09-17,Collingwood Magpies,GWS Giants,MCG,VIC,NSW,1,9,7,13,4,82,15,4,94,-12,0,0
M12926,1997,Round 18,18,1997-04-01,Port Adelaide Power,Collingwood Magpies,Adelaide Oval,SA,VIC,1,7,7,16,2,98,15,5,95,3,1,1
M12927,1997,Round 18,18,1997-04-03,Hawthorn Hawks,Richmond Tigers,MCG,VIC,VIC,0,7,8,16,8,104,10,6,66,38,1,1
M12928,1997,Round 18,18,1997-04-05,Western Bulldogs,Sydney Swans,Marvel Stadium,VIC,NSW,1,7,8,14,8,92,13,5,83,9,1,1
M12929,1997,Round 18,18,1997-04-07,Adelaide Crows,West Coast Eagles,Adelaide Oval,SA,WA,1,6,8,18,5,113,16,6,102,11,1,1
M12930,1997,Round 18,18,1997-04-09,Carlton Blues,Fremantle Dockers,Marvel Stadium,VIC,WA,1,6,7,14,7,91,13,4,82,9,1,1
M12931,1997,Round 18,18,1997-04-11,Geelong Cats,Essendon Bombers,GMHBA Stadium,VIC,VIC,0,8,7,12,3,75,12,6,78,-3,0,0
M12932,1997,Round 18,18,1997-04-13,Gold Coast Suns,Melbourne Demons,Heritage Bank Stadium,QLD,VIC,1,7,9,13,4,82,11,4,70,12,1,1
M12933,1997,Round 18,18,1997-04-15,North Melbourne Kangaroos,St Kilda Saints,Marvel Stadium,VIC,VIC,0,7,7,14,0,84,14,6,90,-6,0,0
M12934,1997,Round 18,18,1997-04-17,Brisbane Lions,GWS Giants,Gabba,QLD,NSW,1,8,7,15,7,97,14,6,90,7,1,1
M12935,1997,Round 19,19,1997-05-01,St Kilda Saints,Essendon Bombers,Marvel Stadium,VIC,VIC,0,7,7,12,9,81,16,5,101,-20,0,0
M12936,1997,Round 19,19,1997-05-03,Fremantle Dockers,West Coast Eagles,Optus Stadium,WA,WA,0,6,7,16,2,98,15,4,94,4,1,1
M12937,1997,Round 19,19,1997-05-05,Geelong Cats,Gold Coast Suns,GMHBA Stadium,VIC,QLD,1,7,6,15,5,95,13,0,78,17,1,1
M12938,1997,Round 19,19,1997-05-07,Brisbane Lions,Collingwood Magpies,Gabba,QLD,VIC,1,7,7,16,3,99,15,4,94,5,1,1
M12939,1997,Round 19,19,1997-05-09,Sydney Swans,Richmond Tigers,SCG,NSW,VIC,1,7,7,14,0,84,15,5,95,-11,0,0
M12940,1997,Round 19,19,1997-05-11,Melbourne Demons,Port Adelaide Power,MCG,VIC,SA,1,7,9,14,6,90,13,4,82,8,1,1
M12941,1997,Round 19,19,1997-05-13,North Melbourne Kangaroos,Hawthorn Hawks,Marvel Stadium,VIC,VIC,0,7,7,14,2,86,14,5,89,-3,0,0
M12942,1997,Round 19,19,1997-05-15,Carlton Blues,GWS Giants,Marvel Stadium,VIC,NSW,1,7,6,16,2,98,14,3,87,11,1,1
M12943,1997,Round 19,19,1997-05-17,Adelaide Crows,Western Bulldogs,Adelaide Oval,SA,VIC,1,9,8,15,5,95,14,7,91,4,1,1
M12944,1997,Round 20,20,1997-06-01,Hawthorn Hawks,Gold Coast Suns,MCG,VIC,QLD,1,8,9,18,6,114,14,5,89,25,1,1
M12945,1997,Round 20,20,1997-06-03,Port Adelaide Power,Geelong Cats,Adelaide Oval,SA,VIC,1,8,7,15,1,91,14,2,86,5,1,1
M12946,1997,Round 20,20,1997-06-05,Melbourne Demons,West Coast Eagles,MCG,VIC,WA,1,7,8,13,5,83,11,3,69,14,1,1
M12947,1997,Round 20,20,1997-06-07,Richmond Tigers,St Kilda Saints,MCG,VIC,VIC,0,7,8,17,3,105,12,2,74,31,1,1
M12948,1997,Round 20,20,1997-06-09,Carlton Blues,Adelaide Crows,Marvel Stadium,VIC,SA,1,9,7,14,5,89,13,1,79,10,1,1
M12949,1997,Round 20,20,1997-06-11,North Melbourne Kangaroos,Sydney Swans,Marvel Stadium,VIC,NSW,1,7,8,13,3,81,12,3,75,6,1,1
M12950,1997,Round 20,20,1997-06-13,GWS Giants,Brisbane Lions,GIANTS Stadium,NSW,QLD,1,6,8,14,9,93,14,3,87,6,1,1
M12951,1997,Round 20,20,1997-06-15,Essendon Bombers,Western Bulldogs,Marvel Stadium,VIC,VIC,0,6,9,18,3,111,13,0,78,33,1,1
M12952,1997,Round 20,20,1997-06-17,Collingwood Magpies,Fremantle Dockers,MCG,VIC,WA,1,9,7,14,7,91,16,5,101,-10,0,0
M12953,1997,Round 21,21,1997-07-01,Gold Coast Suns,Essendon Bombers,Heritage Bank Stadium,QLD,VIC,1,8,8,16,5,101,12,8,80,21,1,1
M12954,1997,Round 21,21,1997-07-03,Hawthorn Hawks,GWS Giants,MCG,VIC,NSW,1,8,9,12,5,77,15,3,93,-16,0,0
M12955,1997,Round 21,21,1997-07-05,North Melbourne Kangaroos,Geelong Cats,Marvel Stadium,VIC,VIC,0,7,7,15,3,93,14,3,87,6,1,1
M12956,1997,Round 21,21,1997-07-07,Adelaide Crows,Port Adelaide Power,Adelaide Oval,SA,SA,0,8,9,16,6,102,15,5,95,7,1,1
M12957,1997,Round 21,21,1997-07-09,Melbourne Demons,Carlton Blues,MCG,VIC,VIC,0,7,7,13,4,82,15,3,93,-11,0,0
M12958,1997,Round 21,21,1997-07-11,St Kilda Saints,Collingwood Magpies,Marvel Stadium,VIC,VIC,0,7,8,16,4,100,13,5,83,17,1,1
M12959,1997,Round 21,21,1997-07-13,Brisbane Lions,Fremantle Dockers,Gabba,QLD,WA,1,9,7,15,7,97,12,4,76,21,1,1
M12960,1997,Round 21,21,1997-07-15,West Coast Eagles,Richmond Tigers,Optus Stadium,WA,VIC,1,6,7,14,6,90,15,1,91,-1,0,0
M12961,1997,Round 21,21,1997-07-17,Western Bulldogs,Sydney Swans,Marvel Stadium,VIC,NSW,1,7,7,14,4,88,15,5,95,-7,0,0
M12962,1997,Round 22,22,1997-08-01,Melbourne Demons,Brisbane Lions,MCG,VIC,QLD,1,8,7,15,5,95,14,6,90,5,1,1
M12963,1997,Round 22,22,1997-08-03,GWS Giants,Carlton Blues,GIANTS Stadium,NSW,VIC,1,9,7,15,4,94,13,7,85,9,1,1
M12964,1997,Round 22,22,1997-08-05,Essendon Bombers,Geelong Cats,Marvel Stadium,VIC,VIC,0,9,8,15,2,92,13,7,85,7,1,1
M12965,1997,Round 22,22,1997-08-07,North Melbourne Kangaroos,Richmond Tigers,Marvel Stadium,VIC,VIC,0,7,6,14,5,89,12,8,80,9,1,1
M12966,1997,Round 22,22,1997-08-09,Adelaide Crows,Hawthorn Hawks,Adelaide Oval,SA,VIC,1,7,6,18,3,111,13,5,83,28,1,1
M12967,1997,Round 22,22,1997-08-11,Collingwood Magpies,Fremantle Dockers,MCG,VIC,WA,1,7,7,16,4,100,13,7,85,15,1,1
M12968,1997,Round 22,22,1997-08-13,Gold Coast Suns,St Kilda Saints,Heritage Bank Stadium,QLD,VIC,1,7,8,13,2,80,12,4,76,4,1,1
M12969,1997,Round 22,22,1997-08-15,Western Bulldogs,Port Adelaide Power,Marvel Stadium,VIC,SA,1,8,7,15,2,92,12,8,80,12,1,1
M12970,1997,Round 22,22,1997-08-17,West Coast Eagles,Sydney Swans,Optus Stadium,WA,NSW,1,7,7,15,1,91,12,5,77,14,1,1
M12971,1998,Round 1,1,1998-05-01,Port Adelaide Power,North Melbourne Kangaroos,Adelaide Oval,SA,VIC,1,9,8,15,1,91,15,1,91,0,0,0
M12972,1998,Round 1,1,1998-05-03,St Kilda Saints,Geelong Cats,Marvel Stadium,VIC,VIC,0,9,7,17,5,107,13,4,82,25,1,1
M12973,1998,Round 1,1,1998-05-05,West Coast Eagles,Melbourne Demons,Optus Stadium,WA,VIC,1,8,7,16,2,98,13,1,79,19,1,1
M12974,1998,Round 1,1,1998-05-07,Adelaide Crows,Hawthorn Hawks,Adelaide Oval,SA,VIC,1,9,7,16,4,100,13,4,82,18,1,1
M12975,1998,Round 1,1,1998-05-09,Essendon Bombers,Collingwood Magpies,Marvel Stadium,VIC,VIC,0,7,9,14,7,91,14,6,90,1,1,1
M12976,1998,Round 1,1,1998-05-11,Gold Coast Suns,Carlton Blues,Heritage Bank Stadium,QLD,VIC,1,9,6,16,2,98,16,3,99,-1,0,0
M12977,1998,Round 1,1,1998-05-13,Brisbane Lions,GWS Giants,Gabba,QLD,NSW,1,7,7,19,4,118,14,1,85,33,1,1
M12978,1998,Round 1,1,1998-05-15,Richmond Tigers,Fremantle Dockers,MCG,VIC,WA,1,6,6,14,7,91,13,7,85,6,1,1
M12979,1998,Round 1,1,1998-05-17,Sydney Swans,Western Bulldogs,SCG,NSW,VIC,1,8,6,17,2,104,12,3,75,29,1,1
M12980,1998,Round 2,2,1998-06-01,GWS Giants,Geelong Cats,GIANTS Stadium,NSW,VIC,1,8,6,15,6,96,13,5,83,13,1,1
M12981,1998,Round 2,2,1998-06-03,Collingwood Magpies,Richmond Tigers,MCG,VIC,VIC,0,7,6,16,7,103,16,4,100,3,1,1
M12982,1998,Round 2,2,1998-06-05,St Kilda Saints,Brisbane Lions,Marvel Stadium,VIC,QLD,1,7,6,14,9,93,13,6,84,9,1,1
M12983,1998,Round 2,2,1998-06-07,Fremantle Dockers,Port Adelaide Power,Optus Stadium,WA,SA,1,7,7,13,5,83,13,3,81,2,1,1
M12984,1998,Round 2,2,1998-06-09,Adelaide Crows,Hawthorn Hawks,Adelaide Oval,SA,VIC,1,9,7,18,1,109,15,4,94,15,1,1
M12985,1998,Round 2,2,1998-06-11,Sydney Swans,North Melbourne Kangaroos,SCG,NSW,VIC,1,7,7,15,7,97,13,4,82,15,1,1
M12986,1998,Round 2,2,1998-06-13,Western Bulldogs,Carlton Blues,Marvel Stadium,VIC,VIC,0,9,8,13,8,86,14,6,90,-4,0,0
M12987,1998,Round 2,2,1998-06-15,Melbourne Demons,West Coast Eagles,MCG,VIC,WA,1,7,9,13,4,82,15,1,91,-9,0,0
M12988,1998,Round 2,2,1998-06-17,Essendon Bombers,Gold Coast Suns,Marvel Stadium,VIC,QLD,1,7,9,14,4,88,11,5,71,17,1,1
M12989,1998,Round 3,3,1998-07-01,Carlton Blues,Western Bulldogs,Marvel Stadium,VIC,VIC,0,9,7,13,3,81,15,5,95,-14,0,0
M12990,1998,Round 3,3,1998-07-03,Richmond Tigers,St Kilda Saints,MCG,VIC,VIC,0,7,8,15,3,93,16,3,99,-6,0,0
M12991,1998,Round 3,3,1998-07-05,Adelaide Crows,Sydney Swans,Adelaide Oval,SA,NSW,1,7,9,14,7,91,14,1,85,6,1,1
M12992,1998,Round 3,3,1998-07-07,Hawthorn Hawks,Brisbane Lions,MCG,VIC,QLD,1,9,8,11,5,71,13,5,83,-12,0,0
M12993,1998,Round 3,3,1998-07-09,Port Adelaide Power,Gold Coast Suns,Adelaide Oval,SA,QLD,1,9,7,15,4,94,14,3,87,7,1,1
M12994,1998,Round 3,3,1998-07-11,North Melbourne Kangaroos,GWS Giants,Marvel Stadium,VIC,NSW,1,7,6,15,1,91,15,3,93,-2,0,0
M12995,1998,Round 3,3,1998-07-13,West Coast Eagles,Essendon Bombers,Optus Stadium,WA,VIC,1,7,8,13,1,79,12,8,80,-1,0,0
M12996,1998,Round 3,3,1998-07-15,Geelong Cats,Collingwood Magpies,GMHBA Stadium,VIC,VIC,0,9,9,16,6,102,13,3,81,21,1,1
M12997,1998,Round 3,3,1998-07-17,Melbourne Demons,Fremantle Dockers,MCG,VIC,WA,1,7,7,17,2,104,14,4,88,16,1,1
M12998,1998,Round 4,4,1998-08-01,Richmond Tigers,Western Bulldogs,MCG,VIC,VIC,0,9,7,11,6,72,10,6,66,6,1,1
M12999,1998,Round 4,4,1998-08-03,Collingwood Magpies,Adelaide Crows,MCG,VIC,SA,1,8,8,16,4,100,14,7,91,9,1,1
M13000,1998,Round 4,4,1998-08-05,Essendon Bombers,Carlton Blues,Marvel Stadium,VIC,VIC,0,7,7,16,9,105,15,2,92,13,1,1
M13001,1998,Round 4,4,1998-08-07,St Kilda Saints,Hawthorn Hawks,Marvel Stadium,VIC,VIC,0,6,8,13,4,82,14,1,85,-3,0,0
M13002,1998,Round 4,4,1998-08-09,GWS Giants,Fremantle Dockers,GIANTS Stadium,NSW,WA,1,9,6,15,4,94,15,2,92,2,1,1
M13003,1998,Round 4,4,1998-08-11,Brisbane Lions,Geelong Cats,Gabba,QLD,VIC,1,7,7,15,5,95,16,4,100,-5,0,0
M13004,1998,Round 4,4,1998-08-13,Gold Coast Suns,West Coast Eagles,Heritage Bank Stadium,QLD,WA,1,7,8,15,4,94,14,4,88,6,1,1
M13005,1998,Round 4,4,1998-08-15,Sydney Swans,Melbourne Demons,SCG,NSW,VIC,1,6,7,13,9,87,14,1,85,2,1,1
M13006,1998,Round 4,4,1998-08-17,Port Adelaide Power,North Melbourne Kangaroos,Adelaide Oval,SA,VIC,1,7,7,15,8,98,11,5,71,27,1,1
M13007,1998,Round 5,5,1998-09-01,Collingwood Magpies,Brisbane Lions,MCG,VIC,QLD,1,7,6,17,4,106,12,3,75,31,1,1
M13008,1998,Round 5,5,1998-09-03,Western Bulldogs,Port Adelaide Power,Marvel Stadium,VIC,SA,1,7,7,13,8,86,13,1,79,7,1,1
M13009,1998,Round 5,5,1998-09-05,Melbourne Demons,Essendon Bombers,MCG,VIC,VIC,0,9,7,14,5,89,13,4,82,7,1,1
M13010,1998,Round 5,5,1998-09-07,Sydney Swans,Fremantle Dockers,SCG,NSW,WA,1,9,7,15,0,90,13,6,84,6,1,1
M13011,1998,Round 5,5,1998-09-09,GWS Giants,Carlton Blues,GIANTS Stadium,NSW,VIC,1,7,6,18,3,111,16,1,97,14,1,1
M13012,1998,Round 5,5,1998-09-11,West Coast Eagles,Gold Coast Suns,Optus Stadium,WA,QLD,1,7,6,15,3,93,13,3,81,12,1,1
M13013,1998,Round 5,5,1998-09-13,Hawthorn Hawks,Geelong Cats,MCG,VIC,VIC,0,6,7,14,5,89,14,0,84,5,1,1
M13014,1998,Round 5,5,1998-09-15,Adelaide Crows,St Kilda Saints,Adelaide Oval,SA,VIC,1,7,9,12,7,79,12,5,77,2,1,1
M13015,1998,Round 5,5,1998-09-17,Richmond Tigers,North Melbourne Kangaroos,MCG,VIC,VIC,0,7,8,16,4,100,10,6,66,34,1,1
M13016,1998,Round 6,6,1998-04-01,Richmond Tigers,Western Bulldogs,MCG,VIC,VIC,0,7,7,15,3,93,13,8,86,7,1,1
M13017,1998,Round 6,6,1998-04-03,Geelong Cats,Essendon Bombers,GMHBA Stadium,VIC,VIC,0,8,6,14,1,85,13,7,85,0,0,0
M13018,1998,Round 6,6,1998-04-05,Collingwood Magpies,Fremantle Dockers,MCG,VIC,WA,1,7,7,13,4,82,13,7,85,-3,0,0
M13019,1998,Round 6,6,1998-04-07,Gold Coast Suns,Adelaide Crows,Heritage Bank Stadium,QLD,SA,1,6,8,17,1,103,11,7,73,30,1,1
M13020,1998,Round 6,6,1998-04-09,Carlton Blues,West Coast Eagles,Marvel Stadium,VIC,WA,1,6,7,17,5,107,11,5,71,36,1,1
M13021,1998,Round 6,6,1998-04-11,Brisbane Lions,St Kilda Saints,Gabba,QLD,VIC,1,6,9,11,5,71,15,0,90,-19,0,0
M13022,1998,Round 6,6,1998-04-13,GWS Giants,Hawthorn Hawks,GIANTS Stadium,NSW,VIC,1,7,6,14,2,86,12,1,73,13,1,1
M13023,1998,Round 6,6,1998-04-15,Sydney Swans,Port Adelaide Power,SCG,NSW,SA,1,7,6,17,0,102,12,4,76,26,1,1
M13024,1998,Round 6,6,1998-04-17,North Melbourne Kangaroos,Melbourne Demons,Marvel Stadium,VIC,VIC,0,7,7,15,3,93,15,1,91,2,1,1
M13025,1998,Round 7,7,1998-05-01,Port Adelaide Power,GWS Giants,Adelaide Oval,SA,NSW,1,7,8,16,4,100,15,1,91,9,1,1
M13026,1998,Round 7,7,1998-05-03,St Kilda Saints,Sydney Swans,Marvel Stadium,VIC,NSW,1,9,9,12,4,76,11,8,74,2,1,1
M13027,1998,Round 7,7,1998-05-05,West Coast Eagles,Western Bulldogs,Optus Stadium,WA,VIC,1,9,7,12,7,79,16,5,101,-22,0,0
M13028,1998,Round 7,7,1998-05-07,Gold Coast Suns,Melbourne Demons,Heritage Bank Stadium,QLD,VIC,1,8,9,15,7,97,12,7,79,18,1,1
M13029,1998,Round 7,7,1998-05-09,Adelaide Crows,North Melbourne Kangaroos,Adelaide Oval,SA,VIC,1,7,9,14,6,90,15,5,95,-5,0,0
M13030,1998,Round 7,7,1998-05-11,Essendon Bombers,Geelong Cats,Marvel Stadium,VIC,VIC,0,8,8,14,9,93,14,6,90,3,1,1
M13031,1998,Round 7,7,1998-05-13,Hawthorn Hawks,Carlton Blues,MCG,VIC,VIC,0,6,7,13,9,87,13,6,84,3,1,1
M13032,1998,Round 7,7,1998-05-15,Richmond Tigers,Collingwood Magpies,MCG,VIC,VIC,0,7,9,15,3,93,16,8,104,-11,0,0
M13033,1998,Round 7,7,1998-05-17,Brisbane Lions,Fremantle Dockers,Gabba,QLD,WA,1,7,8,14,1,85,12,4,76,9,1,1
M13034,1998,Round 8,8,1998-06-01,St Kilda Saints,Geelong Cats,Marvel Stadium,VIC,VIC,0,7,7,15,5,95,15,5,95,0,0,0
M13035,1998,Round 8,8,1998-06-03,Port Adelaide Power,Western Bulldogs,Adelaide Oval,SA,VIC,1,7,8,15,4,94,13,8,86,8,1,1
M13036,1998,Round 8,8,1998-06-05,Fremantle Dockers,North Melbourne Kangaroos,Optus Stadium,WA,VIC,1,9,7,19,2,116,15,3,93,23,1,1
M13037,1998,Round 8,8,1998-06-07,Richmond Tigers,Sydney Swans,MCG,VIC,NSW,1,8,6,16,5,101,13,6,84,17,1,1
M13038,1998,Round 8,8,1998-06-09,Collingwood Magpies,Carlton Blues,MCG,VIC,VIC,0,7,7,17,9,111,14,4,88,23,1,1
M13039,1998,Round 8,8,1998-06-11,Melbourne Demons,GWS Giants,MCG,VIC,NSW,1,7,8,16,3,99,15,2,92,7,1,1
M13040,1998,Round 8,8,1998-06-13,West Coast Eagles,Adelaide Crows,Optus Stadium,WA,SA,1,9,7,13,3,81,13,8,86,-5,0,0
M13041,1998,Round 8,8,1998-06-15,Hawthorn Hawks,Gold Coast Suns,MCG,VIC,QLD,1,7,6,16,1,97,12,6,78,19,1,1
M13042,1998,Round 8,8,1998-06-17,Essendon Bombers,Brisbane Lions,Marvel Stadium,VIC,QLD,1,7,7,16,2,98,17,3,105,-7,0,0
M13043,1998,Round 9,9,1998-07-01,Adelaide Crows,Fremantle Dockers,Adelaide Oval,SA,WA,1,7,8,16,1,97,14,0,84,13,1,1
M13044,1998,Round 9,9,1998-07-03,Richmond Tigers,Melbourne Demons,MCG,VIC,VIC,0,9,8,14,7,91,13,0,78,13,1,1
M13045,1998,Round 9,9,1998-07-05,Sydney Swans,Hawthorn Hawks,SCG,NSW,VIC,1,7,9,16,4,100,12,4,76,24,1,1
M13046,1998,Round 9,9,1998-07-07,Western Bulldogs,GWS Giants,Marvel Stadium,VIC,NSW,1,9,7,12,5,77,14,4,88,-11,0,0
M13047,1998,Round 9,9,1998-07-09,Brisbane Lions,Carlton Blues,Gabba,QLD,VIC,1,7,9,13,7,85,14,6,90,-5,0,0
M13048,1998,Round 9,9,1998-07-11,Geelong Cats,Essendon Bombers,GMHBA Stadium,VIC,VIC,0,7,7,16,7,103,14,4,88,15,1,1
M13049,1998,Round 9,9,1998-07-13,West Coast Eagles,St Kilda Saints,Optus Stadium,WA,VIC,1,7,8,16,4,100,13,3,81,19,1,1
M13050,1998,Round 9,9,1998-07-15,Port Adelaide Power,North Melbourne Kangaroos,Adelaide Oval,SA,VIC,1,8,9,16,2,98,15,3,93,5,1,1
M13051,1998,Round 9,9,1998-07-17,Collingwood Magpies,Gold Coast Suns,MCG,VIC,QLD,1,6,7,18,3,111,16,4,100,11,1,1
M13052,1998,Round 10,10,1998-08-01,Adelaide Crows,Brisbane Lions,Adelaide Oval,SA,QLD,1,9,7,16,4,100,11,9,75,25,1,1
M13053,1998,Round 10,10,1998-08-03,Melbourne Demons,Essendon Bombers,MCG,VIC,VIC,0,9,8,15,5,95,14,2,86,9,1,1
M13054,1998,Round 10,10,1998-08-05,Carlton Blues,Fremantle Dockers,Marvel Stadium,VIC,WA,1,6,9,20,2,122,14,1,85,37,1,1
M13055,1998,Round 10,10,1998-08-07,Western Bulldogs,Sydney Swans,Marvel Stadium,VIC,NSW,1,7,7,12,6,78,13,6,84,-6,0,0
M13056,1998,Round 10,10,1998-08-09,North Melbourne Kangaroos,West Coast Eagles,Marvel Stadium,VIC,WA,1,7,9,16,7,103,12,1,73,30,1,1
M13057,1998,Round 10,10,1998-08-11,Collingwood Magpies,Geelong Cats,MCG,VIC,VIC,0,7,9,15,0,90,13,5,83,7,1,1
M13058,1998,Round 10,10,1998-08-13,St Kilda Saints,Hawthorn Hawks,Marvel Stadium,VIC,VIC,0,8,7,17,2,104,15,4,94,10,1,1
M13059,1998,Round 10,10,1998-08-15,Port Adelaide Power,Gold Coast Suns,Adelaide Oval,SA,QLD,1,9,7,14,2,86,13,6,84,2,1,1
M13060,1998,Round 10,10,1998-08-17,Richmond Tigers,GWS Giants,MCG,VIC,NSW,1,6,7,17,2,104,11,0,66,38,1,1
M13061,1998,Round 11,11,1998-09-01,Essendon Bombers,Western Bulldogs,Marvel Stadium,VIC,VIC,0,7,9,14,4,88,15,2,92,-4,0,0
M13062,1998,Round 11,11,1998-09-03,Brisbane Lions,Carlton Blues,Gabba,QLD,VIC,1,7,8,14,5,89,14,3,87,2,1,1
M13063,1998,Round 11,11,1998-09-05,GWS Giants,Richmond Tigers,GIANTS Stadium,NSW,VIC,1,7,7,16,3,99,12,8,80,19,1,1
M13064,1998,Round 11,11,1998-09-07,St Kilda Saints,Fremantle Dockers,Marvel Stadium,VIC,WA,1,7,8,18,3,111,13,4,82,29,1,1
M13065,1998,Round 11,11,1998-09-09,Collingwood Magpies,Sydney Swans,MCG,VIC,NSW,1,7,8,13,6,84,14,7,91,-7,0,0
M13066,1998,Round 11,11,1998-09-11,Port Adelaide Power,Geelong Cats,Adelaide Oval,SA,VIC,1,6,7,14,5,89,13,6,84,5,1,1
M13067,1998,Round 11,11,1998-09-13,Hawthorn Hawks,North Melbourne Kangaroos,MCG,VIC,VIC,0,7,6,14,2,86,14,1,85,1,1,1
M13068,1998,Round 11,11,1998-09-15,Adelaide Crows,West Coast Eagles,Adelaide Oval,SA,WA,1,7,7,19,2,116,14,1,85,31,1,1
M13069,1998,Round 11,11,1998-09-17,Melbourne Demons,Gold Coast Suns,MCG,VIC,QLD,1,7,6,16,2,98,13,4,82,16,1,1
M13070,1998,Round 12,12,1998-04-01,Melbourne Demons,Adelaide Crows,MCG,VIC,SA,1,6,9,16,7,103,14,8,92,11,1,1
M13071,1998,Round 12,12,1998-04-03,North Melbourne Kangaroos,Fremantle Dockers,Marvel Stadium,VIC,WA,1,7,6,14,5,89,16,4,100,-11,0,0
M13072,1998,Round 12,12,1998-04-05,Sydney Swans,Essendon Bombers,SCG,NSW,VIC,1,6,9,16,6,102,16,6,102,0,0,0
M13073,1998,Round 12,12,1998-04-07,St Kilda Saints,Brisbane Lions,Marvel Stadium,VIC,QLD,1,8,6,17,4,106,12,4,76,30,1,1
M13074,1998,Round 12,12,1998-04-09,Carlton Blues,Port Adelaide Power,Marvel Stadium,VIC,SA,1,6,7,17,7,109,17,4,106,3,1,1
M13075,1998,Round 12,12,1998-04-11,Hawthorn Hawks,Geelong Cats,MCG,VIC,VIC,0,7,6,15,5,95,18,2,110,-15,0,0
M13076,1998,Round 12,12,1998-04-13,Gold Coast Suns,Western Bulldogs,Heritage Bank Stadium,QLD,VIC,1,7,7,15,6,96,13,3,81,15,1,1
M13077,1998,Round 12,12,1998-04-15,West Coast Eagles,GWS Giants,Optus Stadium,WA,NSW,1,7,7,16,6,102,14,6,90,12,1,1
M13078,1998,Round 12,12,1998-04-17,Collingwood Magpies,Richmond Tigers,MCG,VIC,VIC,0,6,7,17,4,106,16,0,96,10,1,1
M13079,1998,Round 13,13,1998-05-01,Geelong Cats,North Melbourne Kangaroos,GMHBA Stadium,VIC,VIC,0,7,6,15,7,97,13,3,81,16,1,1
M13080,1998,Round 13,13,1998-05-03,Melbourne Demons,Fremantle Dockers,MCG,VIC,WA,1,7,7,16,5,101,12,6,78,23,1,1
M13081,1998,Round 13,13,1998-05-05,West Coast Eagles,Western Bulldogs,Optus Stadium,WA,VIC,1,7,8,14,5,89,13,7,85,4,1,1
M13082,1998,Round 13,13,1998-05-07,Richmond Tigers,Brisbane Lions,MCG,VIC,QLD,1,8,7,11,8,74,14,3,87,-13,0,0
M13083,1998,Round 13,13,1998-05-09,Hawthorn Hawks,Carlton Blues,MCG,VIC,VIC,0,7,7,15,9,99,14,2,86,13,1,1
M13084,1998,Round 13,13,1998-05-11,Sydney Swans,Gold Coast Suns,SCG,NSW,QLD,1,7,7,17,6,108,12,1,73,35,1,1
M13085,1998,Round 13,13,1998-05-13,Adelaide Crows,St Kilda Saints,Adelaide Oval,SA,VIC,1,7,6,15,8,98,14,3,87,11,1,1
M13086,1998,Round 13,13,1998-05-15,Essendon Bombers,Port Adelaide Power,Marvel Stadium,VIC,SA,1,7,8,14,4,88,14,3,87,1,1,1
M13087,1998,Round 13,13,1998-05-17,Collingwood Magpies,GWS Giants,MCG,VIC,NSW,1,7,8,15,0,90,13,4,82,8,1,1
M13088,1998,Round 14,14,1998-06-01,Sydney Swans,Gold Coast Suns,SCG,NSW,QLD,1,9,8,16,4,100,12,3,75,25,1,1
M13089,1998,Round 14,14,1998-06-03,Carlton Blues,Brisbane Lions,Marvel Stadium,VIC,QLD,1,6,7,15,8,98,14,1,85,13,1,1
M13090,1998,Round 14,14,1998-06-05,Essendon Bombers,Melbourne Demons,Marvel Stadium,VIC,VIC,0,8,9,15,3,93,13,5,83,10,1,1
M13091,1998,Round 14,14,1998-06-07,Adelaide Crows,St Kilda Saints,Adelaide Oval,SA,VIC,1,9,9,16,6,102,13,4,82,20,1,1
M13092,1998,Round 14,14,1998-06-09,Geelong Cats,West Coast Eagles,GMHBA Stadium,VIC,WA,1,8,7,15,8,98,13,8,86,12,1,1
M13093,1998,Round 14,14,1998-06-11,Hawthorn Hawks,Port Adelaide Power,MCG,VIC,SA,1,7,6,18,6,114,14,0,84,30,1,1
M13094,1998,Round 14,14,1998-06-13,Richmond Tigers,Collingwood Magpies,MCG,VIC,VIC,0,9,9,14,6,90,15,5,95,-5,0,0
M13095,1998,Round 14,14,1998-06-15,Western Bulldogs,North Melbourne Kangaroos,Marvel Stadium,VIC,VIC,0,7,7,14,7,91,15,0,90,1,1,1
M13096,1998,Round 14,14,1998-06-17,Fremantle Dockers,GWS Giants,Optus Stadium,WA,NSW,1,7,9,19,6,120,14,0,84,36,1,1
M13097,1998,Round 15,15,1998-07-01,Fremantle Dockers,Richmond Tigers,Optus Stadium,WA,VIC,1,7,8,16,5,101,11,1,67,34,1,1
M13098,1998,Round 15,15,1998-07-03,Adelaide Crows,Sydney Swans,Adelaide Oval,SA,NSW,1,8,6,15,5,95,12,4,76,19,1,1
M13099,1998,Round 15,15,1998-07-05,North Melbourne Kangaroos,Geelong Cats,Marvel Stadium,VIC,VIC,0,7,7,16,7,103,12,8,80,23,1,1
M13100,1998,Round 15,15,1998-07-07,St Kilda Saints,West Coast Eagles,Marvel Stadium,VIC,WA,1,7,7,15,0,90,13,2,80,10,1,1
M13101,1998,Round 15,15,1998-07-09,Western Bulldogs,Essendon Bombers,Marvel Stadium,VIC,VIC,0,9,7,12,3,75,15,3,93,-18,0,0
M13102,1998,Round 15,15,1998-07-11,GWS Giants,Port Adelaide Power,GIANTS Stadium,NSW,SA,1,9,6,17,3,105,14,8,92,13,1,1
M13103,1998,Round 15,15,1998-07-13,Gold Coast Suns,Brisbane Lions,Heritage Bank Stadium,QLD,QLD,0,7,7,16,1,97,12,3,75,22,1,1
M13104,1998,Round 15,15,1998-07-15,Collingwood Magpies,Hawthorn Hawks,MCG,VIC,VIC,0,9,7,16,4,100,15,4,94,6,1,1
M13105,1998,Round 15,15,1998-07-17,Melbourne Demons,Carlton Blues,MCG,VIC,VIC,0,7,7,15,2,92,13,5,83,9,1,1
M13106,1998,Round 16,16,1998-08-01,Adelaide Crows,Brisbane Lions,Adelaide Oval,SA,QLD,1,6,9,16,3,99,14,4,88,11,1,1
M13107,1998,Round 16,16,1998-08-03,GWS Giants,Geelong Cats,GIANTS Stadium,NSW,VIC,1,7,8,14,3,87,15,5,95,-8,0,0
M13108,1998,Round 16,16,1998-08-05,Collingwood Magpies,West Coast Eagles,MCG,VIC,WA,1,7,9,16,2,98,15,9,99,-1,0,0
M13109,1998,Round 16,16,1998-08-07,Gold Coast Suns,North Melbourne Kangaroos,Heritage Bank Stadium,QLD,VIC,1,7,7,16,1,97,13,3,81,16,1,1
M13110,1998,Round 16,16,1998-08-09,Port Adelaide Power,Carlton Blues,Adelaide Oval,SA,VIC,1,8,7,13,4,82,14,2,86,-4,0,0
M13111,1998,Round 16,16,1998-08-11,Richmond Tigers,St Kilda Saints,MCG,VIC,VIC,0,7,6,16,7,103,15,4,94,9,1,1
M13112,1998,Round 16,16,1998-08-13,Essendon Bombers,Melbourne Demons,Marvel Stadium,VIC,VIC,0,7,7,16,6,102,16,2,98,4,1,1
M13113,1998,Round 16,16,1998-08-15,Hawthorn Hawks,Sydney Swans,MCG,VIC,NSW,1,9,9,13,5,83,16,7,103,-20,0,0
M13114,1998,Round 16,16,1998-08-17,Fremantle Dockers,Western Bulldogs,Optus Stadium,WA,VIC,1,8,7,17,5,107,14,4,88,19,1,1
M13115,1998,Round 17,17,1998-09-01,Geelong Cats,GWS Giants,GMHBA Stadium,VIC,NSW,1,6,6,16,3,99,16,4,100,-1,0,0
M13116,1998,Round 17,17,1998-09-03,Carlton Blues,Western Bulldogs,Marvel Stadium,VIC,VIC,0,7,6,14,1,85,15,5,95,-10,0,0
M13117,1998,Round 17,17,1998-09-05,Melbourne Demons,Port Adelaide Power,MCG,VIC,SA,1,7,7,16,1,97,14,4,88,9,1,1
M13118,1998,Round 17,17,1998-09-07,Sydney Swans,Hawthorn Hawks,SCG,NSW,VIC,1,7,8,14,2,86,13,4,82,4,1,1
M13119,1998,Round 17,17,1998-09-09,Richmond Tigers,Gold Coast Suns,MCG,VIC,QLD,1,6,8,17,6,108,15,1,91,17,1,1
M13120,1998,Round 17,17,1998-09-11,Fremantle Dockers,St Kilda Saints,Optus Stadium,WA,VIC,1,8,9,13,7,85,12,7,79,6,1,1
M13121,1998,Round 17,17,1998-09-13,North Melbourne Kangaroos,Adelaide Crows,Marvel Stadium,VIC,SA,1,6,9,14,7,91,12,6,78,13,1,1
M13122,1998,Round 17,17,1998-09-15,Brisbane Lions,Collingwood Magpies,Gabba,QLD,VIC,1,7,9,17,5,107,14,9,93,14,1,1
M13123,1998,Round 17,17,1998-09-17,West Coast Eagles,Essendon Bombers,Optus Stadium,WA,VIC,1,7,9,14,5,89,18,4,112,-23,0,0
M13124,1998,Round 18,18,1998-04-01,Geelong Cats,Gold Coast Suns,GMHBA Stadium,VIC,QLD,1,8,7,16,4,100,16,2,98,2,1,1
M13125,1998,Round 18,18,1998-04-03,Collingwood Magpies,Carlton Blues,MCG,VIC,VIC,0,9,7,15,7,97,14,3,87,10,1,1
M13126,1998,Round 18,18,1998-04-05,Port Adelaide Power,St Kilda Saints,Adelaide Oval,SA,VIC,1,8,8,14,4,88,13,5,83,5,1,1
M13127,1998,Round 18,18,1998-04-07,Western Bulldogs,GWS Giants,Marvel Stadium,VIC,NSW,1,7,6,14,5,89,15,5,95,-6,0,0
M13128,1998,Round 18,18,1998-04-09,Sydney Swans,Fremantle Dockers,SCG,NSW,WA,1,7,7,15,7,97,12,4,76,21,1,1
M13129,1998,Round 18,18,1998-04-11,West Coast Eagles,Melbourne Demons,Optus Stadium,WA,VIC,1,7,9,14,9,93,13,4,82,11,1,1
M13130,1998,Round 18,18,1998-04-13,Richmond Tigers,North Melbourne Kangaroos,MCG,VIC,VIC,0,7,9,16,3,99,14,3,87,12,1,1
M13131,1998,Round 18,18,1998-04-15,Hawthorn Hawks,Brisbane Lions,MCG,VIC,QLD,1,7,9,14,3,87,13,5,83,4,1,1
M13132,1998,Round 18,18,1998-04-17,Essendon Bombers,Adelaide Crows,Marvel Stadium,VIC,SA,1,7,9,14,2,86,15,7,97,-11,0,0
M13133,1998,Round 19,19,1998-05-01,Richmond Tigers,Collingwood Magpies,MCG,VIC,VIC,0,6,7,14,5,89,14,0,84,5,1,1
M13134,1998,Round 19,19,1998-05-03,Adelaide Crows,GWS Giants,Adelaide Oval,SA,NSW,1,7,9,18,3,111,15,2,92,19,1,1
M13135,1998,Round 19,19,1998-05-05,Geelong Cats,Hawthorn Hawks,GMHBA Stadium,VIC,VIC,0,6,6,16,1,97,14,3,87,10,1,1
M13136,1998,Round 19,19,1998-05-07,Western Bulldogs,Gold Coast Suns,Marvel Stadium,VIC,QLD,1,9,7,14,3,87,16,2,98,-11,0,0
M13137,1998,Round 19,19,1998-05-09,Port Adelaide Power,Melbourne Demons,Adelaide Oval,SA,VIC,1,9,9,19,5,119,13,1,79,40,1,1
M13138,1998,Round 19,19,1998-05-11,Fremantle Dockers,St Kilda Saints,Optus Stadium,WA,VIC,1,6,7,17,5,107,14,6,90,17,1,1
M13139,1998,Round 19,19,1998-05-13,Carlton Blues,West Coast Eagles,Marvel Stadium,VIC,WA,1,7,8,17,3,105,9,5,59,46,1,1
M13140,1998,Round 19,19,1998-05-15,Brisbane Lions,Essendon Bombers,Gabba,QLD,VIC,1,7,8,14,1,85,12,7,79,6,1,1
M13141,1998,Round 19,19,1998-05-17,Sydney Swans,North Melbourne Kangaroos,SCG,NSW,VIC,1,7,7,14,4,88,14,9,93,-5,0,0
M13142,1998,Round 20,20,1998-06-01,Geelong Cats,Fremantle Dockers,GMHBA Stadium,VIC,WA,1,7,7,16,6,102,13,5,83,19,1,1
M13143,1998,Round 20,20,1998-06-03,Sydney Swans,Western Bulldogs,SCG,NSW,VIC,1,9,7,14,3,87,16,2,98,-11,0,0
M13144,1998,Round 20,20,1998-06-05,Port Adelaide Power,Melbourne Demons,Adelaide Oval,SA,VIC,1,6,7,15,3,93,14,9,93,0,0,0
M13145,1998,Round 20,20,1998-06-07,Collingwood Magpies,Hawthorn Hawks,MCG,VIC,VIC,0,8,7,14,2,86,12,6,78,8,1,1
M13146,1998,Round 20,20,1998-06-09,Richmond Tigers,Adelaide Crows,MCG,VIC,SA,1,7,7,16,8,104,12,5,77,27,1,1
M13147,1998,Round 20,20,1998-06-11,West Coast Eagles,GWS Giants,Optus Stadium,WA,NSW,1,7,7,11,7,73,14,2,86,-13,0,0
M13148,1998,Round 20,20,1998-06-13,Brisbane Lions,St Kilda Saints,Gabba,QLD,VIC,1,9,9,14,4,88,16,1,97,-9,0,0
M13149,1998,Round 20,20,1998-06-15,North Melbourne Kangaroos,Carlton Blues,Marvel Stadium,VIC,VIC,0,7,9,16,5,101,14,7,91,10,1,1
M13150,1998,Round 20,20,1998-06-17,Gold Coast Suns,Essendon Bombers,Heritage Bank Stadium,QLD,VIC,1,6,8,18,2,110,13,5,83,27,1,1
M13151,1998,Round 21,21,1998-07-01,Western Bulldogs,GWS Giants,Marvel Stadium,VIC,NSW,1,6,8,16,2,98,13,5,83,15,1,1
M13152,1998,Round 21,21,1998-07-03,North Melbourne Kangaroos,Brisbane Lions,Marvel Stadium,VIC,QLD,1,7,6,14,6,90,17,6,108,-18,0,0
M13153,1998,Round 21,21,1998-07-05,Port Adelaide Power,St Kilda Saints,Adelaide Oval,SA,VIC,1,6,7,16,4,100,13,8,86,14,1,1
M13154,1998,Round 21,21,1998-07-07,Sydney Swans,Gold Coast Suns,SCG,NSW,QLD,1,6,9,14,2,86,10,7,67,19,1,1
M13155,1998,Round 21,21,1998-07-09,Collingwood Magpies,Richmond Tigers,MCG,VIC,VIC,0,8,7,13,3,81,14,2,86,-5,0,0
M13156,1998,Round 21,21,1998-07-11,Essendon Bombers,West Coast Eagles,Marvel Stadium,VIC,WA,1,7,7,16,3,99,14,4,88,11,1,1
M13157,1998,Round 21,21,1998-07-13,Melbourne Demons,Adelaide Crows,MCG,VIC,SA,1,7,7,16,1,97,18,5,113,-16,0,0
M13158,1998,Round 21,21,1998-07-15,Hawthorn Hawks,Fremantle Dockers,MCG,VIC,WA,1,6,6,16,7,103,12,2,74,29,1,1
M13159,1998,Round 21,21,1998-07-17,Carlton Blues,Geelong Cats,Marvel Stadium,VIC,VIC,0,6,9,15,3,93,15,1,91,2,1,1
M13160,1998,Round 22,22,1998-08-01,Carlton Blues,St Kilda Saints,Marvel Stadium,VIC,VIC,0,7,7,14,5,89,12,0,72,17,1,1
M13161,1998,Round 22,22,1998-08-03,Sydney Swans,North Melbourne Kangaroos,SCG,NSW,VIC,1,8,6,16,3,99,14,2,86,13,1,1
M13162,1998,Round 22,22,1998-08-05,Geelong Cats,West Coast Eagles,GMHBA Stadium,VIC,WA,1,7,7,15,4,94,14,4,88,6,1,1
M13163,1998,Round 22,22,1998-08-07,GWS Giants,Port Adelaide Power,GIANTS Stadium,NSW,SA,1,7,7,15,2,92,12,7,79,13,1,1
M13164,1998,Round 22,22,1998-08-09,Hawthorn Hawks,Brisbane Lions,MCG,VIC,QLD,1,6,6,16,8,104,16,1,97,7,1,1
M13165,1998,Round 22,22,1998-08-11,Gold Coast Suns,Western Bulldogs,Heritage Bank Stadium,QLD,VIC,1,7,8,12,4,76,14,3,87,-11,0,0
M13166,1998,Round 22,22,1998-08-13,Richmond Tigers,Essendon Bombers,MCG,VIC,VIC,0,7,9,14,8,92,13,8,86,6,1,1
M13167,1998,Round 22,22,1998-08-15,Fremantle Dockers,Melbourne Demons,Optus Stadium,WA,VIC,1,7,9,14,3,87,12,7,79,8,1,1
M13168,1998,Round 22,22,1998-08-17,Collingwood Magpies,Adelaide Crows,MCG,VIC,SA,1,7,9,17,0,102,16,1,97,5,1,1
M13169,1999,Round 1,1,1999-05-01,Sydney Swans,Fremantle Dockers,SCG,NSW,WA,1,9,7,14,7,91,13,5,83,8,1,1
M13170,1999,Round 1,1,1999-05-03,Adelaide Crows,North Melbourne Kangaroos,Adelaide Oval,SA,VIC,1,7,7,15,4,94,14,4,88,6,1,1
M13171,1999,Round 1,1,1999-05-05,Gold Coast Suns,Geelong Cats,Heritage Bank Stadium,QLD,VIC,1,7,8,13,2,80,15,5,95,-15,0,0
M13172,1999,Round 1,1,1999-05-07,St Kilda Saints,GWS Giants,Marvel Stadium,VIC,NSW,1,7,8,13,1,79,14,4,88,-9,0,0
M13173,1999,Round 1,1,1999-05-09,Port Adelaide Power,Hawthorn Hawks,Adelaide Oval,SA,VIC,1,7,6,14,3,87,14,2,86,1,1,1
M13174,1999,Round 1,1,1999-05-11,Essendon Bombers,Carlton Blues,Marvel Stadium,VIC,VIC,0,8,7,17,8,110,14,6,90,20,1,1
M13175,1999,Round 1,1,1999-05-13,Melbourne Demons,Collingwood Magpies,MCG,VIC,VIC,0,9,7,16,2,98,14,8,92,6,1,1
M13176,1999,Round 1,1,1999-05-15,Richmond Tigers,Western Bulldogs,MCG,VIC,VIC,0,9,7,16,6,102,16,2,98,4,1,1
M13177,1999,Round 1,1,1999-05-17,West Coast Eagles,Brisbane Lions,Optus Stadium,WA,QLD,1,8,7,16,4,100,15,4,94,6,1,1
M13178,1999,Round 2,2,1999-06-01,West Coast Eagles,Geelong Cats,Optus Stadium,WA,VIC,1,8,9,15,4,94,12,5,77,17,1,1
M13179,1999,Round 2,2,1999-06-03,GWS Giants,Port Adelaide Power,GIANTS Stadium,NSW,SA,1,9,7,15,4,94,14,3,87,7,1,1
M13180,1999,Round 2,2,1999-06-05,Western Bulldogs,Fremantle Dockers,Marvel Stadium,VIC,WA,1,9,9,14,3,87,14,6,90,-3,0,0
M13181,1999,Round 2,2,1999-06-07,Adelaide Crows,Essendon Bombers,Adelaide Oval,SA,VIC,1,7,7,17,2,104,13,3,81,23,1,1
M13182,1999,Round 2,2,1999-06-09,Melbourne Demons,Richmond Tigers,MCG,VIC,VIC,0,7,9,17,1,103,14,6,90,13,1,1
M13183,1999,Round 2,2,1999-06-11,Hawthorn Hawks,Carlton Blues,MCG,VIC,VIC,0,9,8,14,5,89,12,3,75,14,1,1
M13184,1999,Round 2,2,1999-06-13,St Kilda Saints,Collingwood Magpies,Marvel Stadium,VIC,VIC,0,7,7,18,8,116,13,5,83,33,1,1
M13185,1999,Round 2,2,1999-06-15,Gold Coast Suns,Sydney Swans,Heritage Bank Stadium,QLD,NSW,1,9,7,16,5,101,11,7,73,28,1,1
M13186,1999,Round 2,2,1999-06-17,North Melbourne Kangaroos,Brisbane Lions,Marvel Stadium,VIC,QLD,1,7,6,15,5,95,11,7,73,22,1,1
M13187,1999,Round 3,3,1999-07-01,Hawthorn Hawks,Western Bulldogs,MCG,VIC,VIC,0,8,6,15,9,99,14,0,84,15,1,1
M13188,1999,Round 3,3,1999-07-03,St Kilda Saints,West Coast Eagles,Marvel Stadium,VIC,WA,1,8,7,15,2,92,12,4,76,16,1,1
M13189,1999,Round 3,3,1999-07-05,Collingwood Magpies,Fremantle Dockers,MCG,VIC,WA,1,7,7,20,0,120,13,9,87,33,1,1
M13190,1999,Round 3,3,1999-07-07,Geelong Cats,Port Adelaide Power,GMHBA Stadium,VIC,SA,1,7,8,16,6,102,17,5,107,-5,0,0
M13191,1999,Round 3,3,1999-07-09,Carlton Blues,GWS Giants,Marvel Stadium,VIC,NSW,1,6,9,16,1,97,14,5,89,8,1,1
M13192,1999,Round 3,3,1999-07-11,North Melbourne Kangaroos,Adelaide Crows,Marvel Stadium,VIC,SA,1,7,6,14,6,90,16,8,104,-14,0,0
M13193,1999,Round 3,3,1999-07-13,Brisbane Lions,Gold Coast Suns,Gabba,QLD,QLD,0,9,9,13,1,79,16,4,100,-21,0,0
M13194,1999,Round 3,3,1999-07-15,Melbourne Demons,Richmond Tigers,MCG,VIC,VIC,0,7,7,14,0,84,12,7,79,5,1,1
M13195,1999,Round 3,3,1999-07-17,Sydney Swans,Essendon Bombers,SCG,NSW,VIC,1,9,9,16,5,101,11,5,71,30,1,1
M13196,1999,Round 4,4,1999-08-01,North Melbourne Kangaroos,Geelong Cats,Marvel Stadium,VIC,VIC,0,7,8,15,5,95,12,5,77,18,1,1
M13197,1999,Round 4,4,1999-08-03,Fremantle Dockers,Brisbane Lions,Optus Stadium,WA,QLD,1,7,6,13,7,85,12,5,77,8,1,1
M13198,1999,Round 4,4,1999-08-05,Western Bulldogs,Hawthorn Hawks,Marvel Stadium,VIC,VIC,0,9,7,17,2,104,13,3,81,23,1,1
M13199,1999,Round 4,4,1999-08-07,Collingwood Magpies,St Kilda Saints,MCG,VIC,VIC,0,9,7,14,4,88,14,5,89,-1,0,0
M13200,1999,Round 4,4,1999-08-09,Sydney Swans,Adelaide Crows,SCG,NSW,SA,1,7,7,13,7,85,12,6,78,7,1,1
M13201,1999,Round 4,4,1999-08-11,Port Adelaide Power,Gold Coast Suns,Adelaide Oval,SA,QLD,1,7,7,15,5,95,14,3,87,8,1,1
M13202,1999,Round 4,4,1999-08-13,GWS Giants,Essendon Bombers,GIANTS Stadium,NSW,VIC,1,9,7,13,5,83,13,4,82,1,1,1
M13203,1999,Round 4,4,1999-08-15,Melbourne Demons,Carlton Blues,MCG,VIC,VIC,0,9,7,16,1,97,12,6,78,19,1,1
M13204,1999,Round 4,4,1999-08-17,Richmond Tigers,West Coast Eagles,MCG,VIC,WA,1,7,8,16,5,101,12,5,77,24,1,1
M13205,1999,Round 5,5,1999-09-01,Adelaide Crows,Geelong Cats,Adelaide Oval,SA,VIC,1,7,7,17,6,108,14,4,88,20,1,1
M13206,1999,Round 5,5,1999-09-03,Essendon Bombers,Gold Coast Suns,Marvel Stadium,VIC,QLD,1,6,7,16,2,98,11,5,71,27,1,1
M13207,1999,Round 5,5,1999-09-05,GWS Giants,Carlton Blues,GIANTS Stadium,NSW,VIC,1,8,6,18,3,111,14,4,88,23,1,1
M13208,1999,Round 5,5,1999-09-07,Richmond Tigers,Port Adelaide Power,MCG,VIC,SA,1,8,8,17,7,109,14,4,88,21,1,1
M13209,1999,Round 5,5,1999-09-09,Western Bulldogs,Melbourne Demons,Marvel Stadium,VIC,VIC,0,9,7,14,5,89,14,4,88,1,1,1
M13210,1999,Round 5,5,1999-09-11,Hawthorn Hawks,St Kilda Saints,MCG,VIC,VIC,0,9,7,12,7,79,15,5,95,-16,0,0
M13211,1999,Round 5,5,1999-09-13,Fremantle Dockers,Collingwood Magpies,Optus Stadium,WA,VIC,1,7,9,15,6,96,11,4,70,26,1,1
M13212,1999,Round 5,5,1999-09-15,West Coast Eagles,Sydney Swans,Optus Stadium,WA,NSW,1,7,7,15,6,96,11,4,70,26,1,1
M13213,1999,Round 5,5,1999-09-17,Brisbane Lions,North Melbourne Kangaroos,Gabba,QLD,VIC,1,7,8,17,5,107,15,4,94,13,1,1
M13214,1999,Round 6,6,1999-04-01,Carlton Blues,Brisbane Lions,Marvel Stadium,VIC,QLD,1,7,7,14,1,85,14,1,85,0,0,0
M13215,1999,Round 6,6,1999-04-03,Melbourne Demons,Essendon Bombers,MCG,VIC,VIC,0,7,7,15,2,92,12,7,79,13,1,1
M13216,1999,Round 6,6,1999-04-05,Western Bulldogs,GWS Giants,Marvel Stadium,VIC,NSW,1,8,7,15,3,93,13,4,82,11,1,1
M13217,1999,Round 6,6,1999-04-07,St Kilda Saints,Richmond Tigers,Marvel Stadium,VIC,VIC,0,9,7,14,1,85,13,2,80,5,1,1
M13218,1999,Round 6,6,1999-04-09,Adelaide Crows,Fremantle Dockers,Adelaide Oval,SA,WA,1,6,7,15,4,94,14,8,92,2,1,1
M13219,1999,Round 6,6,1999-04-11,Gold Coast Suns,West Coast Eagles,Heritage Bank Stadium,QLD,WA,1,7,7,17,7,109,14,7,91,18,1,1
M13220,1999,Round 6,6,1999-04-13,Port Adelaide Power,Geelong Cats,Adelaide Oval,SA,VIC,1,8,9,17,0,102,15,5,95,7,1,1
M13221,1999,Round 6,6,1999-04-15,Hawthorn Hawks,North Melbourne Kangaroos,MCG,VIC,VIC,0,7,6,16,4,100,14,6,90,10,1,1
M13222,1999,Round 6,6,1999-04-17,Collingwood Magpies,Sydney Swans,MCG,VIC,NSW,1,7,7,15,2,92,15,3,93,-1,0,0
M13223,1999,Round 7,7,1999-05-01,West Coast Eagles,Fremantle Dockers,Optus Stadium,WA,WA,0,8,8,14,3,87,13,5,83,4,1,1
M13224,1999,Round 7,7,1999-05-03,Western Bulldogs,Carlton Blues,Marvel Stadium,VIC,VIC,0,7,8,15,4,94,13,5,83,11,1,1
M13225,1999,Round 7,7,1999-05-05,Sydney Swans,Richmond Tigers,SCG,NSW,VIC,1,8,9,15,5,95,12,7,79,16,1,1
M13226,1999,Round 7,7,1999-05-07,GWS Giants,Hawthorn Hawks,GIANTS Stadium,NSW,VIC,1,9,7,14,8,92,11,1,67,25,1,1
M13227,1999,Round 7,7,1999-05-09,St Kilda Saints,Collingwood Magpies,Marvel Stadium,VIC,VIC,0,6,7,16,8,104,12,8,80,24,1,1
M13228,1999,Round 7,7,1999-05-11,Melbourne Demons,Geelong Cats,MCG,VIC,VIC,0,8,7,14,2,86,13,7,85,1,1,1
M13229,1999,Round 7,7,1999-05-13,Essendon Bombers,Gold Coast Suns,Marvel Stadium,VIC,QLD,1,6,6,16,7,103,14,8,92,11,1,1
M13230,1999,Round 7,7,1999-05-15,Brisbane Lions,North Melbourne Kangaroos,Gabba,QLD,VIC,1,9,6,13,6,84,14,2,86,-2,0,0
M13231,1999,Round 7,7,1999-05-17,Port Adelaide Power,Adelaide Crows,Adelaide Oval,SA,SA,0,6,7,18,1,109,14,3,87,22,1,1
M13232,1999,Round 8,8,1999-06-01,Western Bulldogs,Collingwood Magpies,Marvel Stadium,VIC,VIC,0,7,7,16,3,99,13,2,80,19,1,1
M13233,1999,Round 8,8,1999-06-03,St Kilda Saints,Hawthorn Hawks,Marvel Stadium,VIC,VIC,0,6,8,13,6,84,14,4,88,-4,0,0
M13234,1999,Round 8,8,1999-06-05,Adelaide Crows,Geelong Cats,Adelaide Oval,SA,VIC,1,7,7,16,6,102,16,3,99,3,1,1
M13235,1999,Round 8,8,1999-06-07,North Melbourne Kangaroos,Fremantle Dockers,Marvel Stadium,VIC,WA,1,6,9,16,4,100,13,2,80,20,1,1
M13236,1999,Round 8,8,1999-06-09,West Coast Eagles,Port Adelaide Power,Optus Stadium,WA,SA,1,9,7,15,1,91,13,0,78,13,1,1
M13237,1999,Round 8,8,1999-06-11,GWS Giants,Melbourne Demons,GIANTS Stadium,NSW,VIC,1,7,7,12,2,74,14,1,85,-11,0,0
M13238,1999,Round 8,8,1999-06-13,Gold Coast Suns,Essendon Bombers,Heritage Bank Stadium,QLD,VIC,1,7,7,17,6,108,14,6,90,18,1,1
M13239,1999,Round 8,8,1999-06-15,Sydney Swans,Richmond Tigers,SCG,NSW,VIC,1,7,7,15,9,99,15,0,90,9,1,1
M13240,1999,Round 8,8,1999-06-17,Carlton Blues,Brisbane Lions,Marvel Stadium,VIC,QLD,1,7,7,13,9,87,16,1,97,-10,0,0
M13241,1999,Round 9,9,1999-07-01,Port Adelaide Power,Richmond Tigers,Adelaide Oval,SA,VIC,1,6,7,17,2,104,13,8,86,18,1,1
M13242,1999,Round 9,9,1999-07-03,St Kilda Saints,GWS Giants,Marvel Stadium,VIC,NSW,1,8,8,17,6,108,15,2,92,16,1,1
M13243,1999,Round 9,9,1999-07-05,Fremantle Dockers,Western Bulldogs,Optus Stadium,WA,VIC,1,7,7,14,7,91,12,3,75,16,1,1
M13244,1999,Round 9,9,1999-07-07,West Coast Eagles,Gold Coast Suns,Optus Stadium,WA,QLD,1,7,7,19,6,120,15,4,94,26,1,1
M13245,1999,Round 9,9,1999-07-09,Essendon Bombers,Collingwood Magpies,Marvel Stadium,VIC,VIC,0,7,9,15,7,97,12,1,73,24,1,1
M13246,1999,Round 9,9,1999-07-11,Geelong Cats,Sydney Swans,GMHBA Stadium,VIC,NSW,1,6,7,16,2,98,13,1,79,19,1,1
M13247,1999,Round 9,9,1999-07-13,Adelaide Crows,Melbourne Demons,Adelaide Oval,SA,VIC,1,7,9,14,2,86,15,3,93,-7,0,0
M13248,1999,Round 9,9,1999-07-15,Carlton Blues,Hawthorn Hawks,Marvel Stadium,VIC,VIC,0,8,6,17,3,105,14,4,88,17,1,1
M13249,1999,Round 9,9,1999-07-17,North Melbourne Kangaroos,Brisbane Lions,Marvel Stadium,VIC,QLD,1,7,7,17,4,106,14,4,88,18,1,1
M13250,1999,Round 10,10,1999-08-01,Carlton Blues,Brisbane Lions,Marvel Stadium,VIC,QLD,1,7,7,15,4,94,14,4,88,6,1,1
M13251,1999,Round 10,10,1999-08-03,Port Adelaide Power,West Coast Eagles,Adelaide Oval,SA,WA,1,7,9,17,5,107,16,6,102,5,1,1
M13252,1999,Round 10,10,1999-08-05,St Kilda Saints,Adelaide Crows,Marvel Stadium,VIC,SA,1,6,7,20,6,126,15,2,92,34,1,1
M13253,1999,Round 10,10,1999-08-07,GWS Giants,Geelong Cats,GIANTS Stadium,NSW,VIC,1,9,6,16,5,101,15,5,95,6,1,1
M13254,1999,Round 10,10,1999-08-09,Hawthorn Hawks,Collingwood Magpies,MCG,VIC,VIC,0,6,6,14,5,89,13,4,82,7,1,1
M13255,1999,Round 10,10,1999-08-11,Melbourne Demons,Western Bulldogs,MCG,VIC,VIC,0,7,7,12,3,75,13,5,83,-8,0,0
M13256,1999,Round 10,10,1999-08-13,Essendon Bombers,North Melbourne Kangaroos,Marvel Stadium,VIC,VIC,0,7,8,16,1,97,13,5,83,14,1,1
M13257,1999,Round 10,10,1999-08-15,Richmond Tigers,Sydney Swans,MCG,VIC,NSW,1,7,6,14,2,86,14,2,86,0,0,0
M13258,1999,Round 10,10,1999-08-17,Fremantle Dockers,Gold Coast Suns,Optus Stadium,WA,QLD,1,6,7,17,3,105,13,6,84,21,1,1
M13259,1999,Round 11,11,1999-09-01,Richmond Tigers,Hawthorn Hawks,MCG,VIC,VIC,0,7,7,14,3,87,16,1,97,-10,0,0
M13260,1999,Round 11,11,1999-09-03,West Coast Eagles,Gold Coast Suns,Optus Stadium,WA,QLD,1,7,7,16,9,105,14,3,87,18,1,1
M13261,1999,Round 11,11,1999-09-05,Collingwood Magpies,Fremantle Dockers,MCG,VIC,WA,1,6,7,15,3,93,15,6,96,-3,0,0
M13262,1999,Round 11,11,1999-09-07,Brisbane Lions,Melbourne Demons,Gabba,QLD,VIC,1,7,7,17,7,109,13,3,81,28,1,1
M13263,1999,Round 11,11,1999-09-09,GWS Giants,Sydney Swans,GIANTS Stadium,NSW,NSW,0,7,8,16,6,102,13,5,83,19,1,1
M13264,1999,Round 11,11,1999-09-11,Carlton Blues,Essendon Bombers,Marvel Stadium,VIC,VIC,0,7,7,14,3,87,13,3,81,6,1,1
M13265,1999,Round 11,11,1999-09-13,North Melbourne Kangaroos,Western Bulldogs,Marvel Stadium,VIC,VIC,0,7,7,13,4,82,15,9,99,-17,0,0
M13266,1999,Round 11,11,1999-09-15,Adelaide Crows,St Kilda Saints,Adelaide Oval,SA,VIC,1,9,8,16,1,97,12,4,76,21,1,1
M13267,1999,Round 11,11,1999-09-17,Geelong Cats,Port Adelaide Power,GMHBA Stadium,VIC,SA,1,7,7,17,6,108,12,7,79,29,1,1
M13268,1999,Round 12,12,1999-04-01,Sydney Swans,Collingwood Magpies,SCG,NSW,VIC,1,7,9,14,5,89,13,4,82,7,1,1
M13269,1999,Round 12,12,1999-04-03,Western Bulldogs,Carlton Blues,Marvel Stadium,VIC,VIC,0,6,6,16,5,101,13,2,80,21,1,1
M13270,1999,Round 12,12,1999-04-05,Brisbane Lions,North Melbourne Kangaroos,Gabba,QLD,VIC,1,7,9,14,5,89,13,5,83,6,1,1
M13271,1999,Round 12,12,1999-04-07,Hawthorn Hawks,Gold Coast Suns,MCG,VIC,QLD,1,8,6,14,4,88,12,3,75,13,1,1
M13272,1999,Round 12,12,1999-04-09,Fremantle Dockers,GWS Giants,Optus Stadium,WA,NSW,1,8,7,13,7,85,11,7,73,12,1,1
M13273,1999,Round 12,12,1999-04-11,Essendon Bombers,St Kilda Saints,Marvel Stadium,VIC,VIC,0,9,9,16,6,102,14,7,91,11,1,1
M13274,1999,Round 12,12,1999-04-13,Richmond Tigers,Geelong Cats,MCG,VIC,VIC,0,7,7,13,7,85,16,5,101,-16,0,0
M13275,1999,Round 12,12,1999-04-15,West Coast Eagles,Port Adelaide Power,Optus Stadium,WA,SA,1,7,6,14,9,93,12,4,76,17,1,1
M13276,1999,Round 12,12,1999-04-17,Adelaide Crows,Melbourne Demons,Adelaide Oval,SA,VIC,1,8,6,12,3,75,14,5,89,-14,0,0
M13277,1999,Round 13,13,1999-05-01,Adelaide Crows,Melbourne Demons,Adelaide Oval,SA,VIC,1,6,7,15,2,92,17,4,106,-14,0,0
M13278,1999,Round 13,13,1999-05-03,Gold Coast Suns,Brisbane Lions,Heritage Bank Stadium,QLD,QLD,0,8,7,15,4,94,12,6,78,16,1,1
M13279,1999,Round 13,13,1999-05-05,St Kilda Saints,Port Adelaide Power,Marvel Stadium,VIC,SA,1,9,7,13,0,78,14,3,87,-9,0,0
M13280,1999,Round 13,13,1999-05-07,Sydney Swans,North Melbourne Kangaroos,SCG,NSW,VIC,1,7,7,15,4,94,13,7,85,9,1,1
M13281,1999,Round 13,13,1999-05-09,West Coast Eagles,Carlton Blues,Optus Stadium,WA,VIC,1,6,7,16,4,100,15,0,90,10,1,1
M13282,1999,Round 13,13,1999-05-11,Western Bulldogs,Hawthorn Hawks,Marvel Stadium,VIC,VIC,0,7,6,14,6,90,15,5,95,-5,0,0
M13283,1999,Round 13,13,1999-05-13,Essendon Bombers,Fremantle Dockers,Marvel Stadium,VIC,WA,1,7,8,16,0,96,15,4,94,2,1,1
M13284,1999,Round 13,13,1999-05-15,Richmond Tigers,Collingwood Magpies,MCG,VIC,VIC,0,9,7,16,5,101,12,5,77,24,1,1
M13285,1999,Round 13,13,1999-05-17,GWS Giants,Geelong Cats,GIANTS Stadium,NSW,VIC,1,6,7,15,3,93,12,3,75,18,1,1
M13286,1999,Round 14,14,1999-06-01,Port Adelaide Power,GWS Giants,Adelaide Oval,SA,NSW,1,8,6,19,6,120,10,5,65,55,1,1
M13287,1999,Round 14,14,1999-06-03,Western Bulldogs,St Kilda Saints,Marvel Stadium,VIC,VIC,0,9,7,15,2,92,14,4,88,4,1,1
M13288,1999,Round 14,14,1999-06-05,Sydney Swans,Adelaide Crows,SCG,NSW,SA,1,7,7,15,2,92,14,6,90,2,1,1
M13289,1999,Round 14,14,1999-06-07,Fremantle Dockers,Gold Coast Suns,Optus Stadium,WA,QLD,1,7,7,15,4,94,15,4,94,0,0,0
M13290,1999,Round 14,14,1999-06-09,North Melbourne Kangaroos,Richmond Tigers,Marvel Stadium,VIC,VIC,0,7,8,14,5,89,13,4,82,7,1,1
M13291,1999,Round 14,14,1999-06-11,West Coast Eagles,Brisbane Lions,Optus Stadium,WA,QLD,1,7,9,16,9,105,14,4,88,17,1,1
M13292,1999,Round 14,14,1999-06-13,Carlton Blues,Geelong Cats,Marvel Stadium,VIC,VIC,0,7,9,15,4,94,13,8,86,8,1,1
M13293,1999,Round 14,14,1999-06-15,Melbourne Demons,Hawthorn Hawks,MCG,VIC,VIC,0,7,7,17,7,109,14,2,86,23,1,1
M13294,1999,Round 14,14,1999-06-17,Essendon Bombers,Collingwood Magpies,Marvel Stadium,VIC,VIC,0,8,6,15,4,94,14,2,86,8,1,1
M13295,1999,Round 15,15,1999-07-01,Geelong Cats,St Kilda Saints,GMHBA Stadium,VIC,VIC,0,7,9,15,4,94,14,1,85,9,1,1
M13296,1999,Round 15,15,1999-07-03,GWS Giants,Hawthorn Hawks,GIANTS Stadium,NSW,VIC,1,7,8,12,7,79,14,5,89,-10,0,0
M13297,1999,Round 15,15,1999-07-05,Adelaide Crows,Sydney Swans,Adelaide Oval,SA,NSW,1,7,7,14,9,93,16,3,99,-6,0,0
M13298,1999,Round 15,15,1999-07-07,Port Adelaide Power,Carlton Blues,Adelaide Oval,SA,VIC,1,7,7,14,2,86,12,5,77,9,1,1
M13299,1999,Round 15,15,1999-07-09,Collingwood Magpies,Western Bulldogs,MCG,VIC,VIC,0,8,9,13,4,82,13,5,83,-1,0,0
M13300,1999,Round 15,15,1999-07-11,Brisbane Lions,West Coast Eagles,Gabba,QLD,WA,1,7,7,18,5,113,14,6,90,23,1,1
M13301,1999,Round 15,15,1999-07-13,North Melbourne Kangaroos,Fremantle Dockers,Marvel Stadium,VIC,WA,1,9,7,16,5,101,13,4,82,19,1,1
M13302,1999,Round 15,15,1999-07-15,Richmond Tigers,Melbourne Demons,MCG,VIC,VIC,0,7,6,14,6,90,14,7,91,-1,0,0
M13303,1999,Round 15,15,1999-07-17,Essendon Bombers,Gold Coast Suns,Marvel Stadium,VIC,QLD,1,7,8,16,4,100,14,3,87,13,1,1
M13304,1999,Round 16,16,1999-08-01,North Melbourne Kangaroos,Sydney Swans,Marvel Stadium,VIC,NSW,1,8,7,15,5,95,13,2,80,15,1,1
M13305,1999,Round 16,16,1999-08-03,Adelaide Crows,Melbourne Demons,Adelaide Oval,SA,VIC,1,7,9,17,3,105,13,5,83,22,1,1
M13306,1999,Round 16,16,1999-08-05,Brisbane Lions,Collingwood Magpies,Gabba,QLD,VIC,1,7,7,13,3,81,13,0,78,3,1,1
M13307,1999,Round 16,16,1999-08-07,GWS Giants,Fremantle Dockers,GIANTS Stadium,NSW,WA,1,7,7,17,6,108,13,6,84,24,1,1
M13308,1999,Round 16,16,1999-08-09,Western Bulldogs,Geelong Cats,Marvel Stadium,VIC,VIC,0,8,9,16,5,101,15,4,94,7,1,1
M13309,1999,Round 16,16,1999-08-11,West Coast Eagles,Port Adelaide Power,Optus Stadium,WA,SA,1,7,6,15,5,95,15,3,93,2,1,1
M13310,1999,Round 16,16,1999-08-13,Hawthorn Hawks,Gold Coast Suns,MCG,VIC,QLD,1,7,9,17,6,108,14,4,88,20,1,1
M13311,1999,Round 16,16,1999-08-15,Essendon Bombers,St Kilda Saints,Marvel Stadium,VIC,VIC,0,8,7,14,6,90,12,6,78,12,1,1
M13312,1999,Round 16,16,1999-08-17,Carlton Blues,Richmond Tigers,Marvel Stadium,VIC,VIC,0,7,7,15,7,97,15,5,95,2,1,1
M13313,1999,Round 17,17,1999-09-01,Essendon Bombers,Melbourne Demons,Marvel Stadium,VIC,VIC,0,8,7,16,5,101,14,2,86,15,1,1
M13314,1999,Round 17,17,1999-09-03,Brisbane Lions,Western Bulldogs,Gabba,QLD,VIC,1,7,7,15,5,95,11,7,73,22,1,1
M13315,1999,Round 17,17,1999-09-05,Richmond Tigers,Hawthorn Hawks,MCG,VIC,VIC,0,8,7,18,3,111,14,7,91,20,1,1
M13316,1999,Round 17,17,1999-09-07,Collingwood Magpies,Adelaide Crows,MCG,VIC,SA,1,9,7,13,4,82,15,2,92,-10,0,0
M13317,1999,Round 17,17,1999-09-09,Sydney Swans,St Kilda Saints,SCG,NSW,VIC,1,7,9,17,2,104,13,9,87,17,1,1
M13318,1999,Round 17,17,1999-09-11,West Coast Eagles,Geelong Cats,Optus Stadium,WA,VIC,1,9,7,14,5,89,14,4,88,1,1,1
M13319,1999,Round 17,17,1999-09-13,North Melbourne Kangaroos,Carlton Blues,Marvel Stadium,VIC,VIC,0,7,7,14,9,93,14,5,89,4,1,1
M13320,1999,Round 17,17,1999-09-15,Gold Coast Suns,GWS Giants,Heritage Bank Stadium,QLD,NSW,1,8,8,12,9,81,14,4,88,-7,0,0
M13321,1999,Round 17,17,1999-09-17,Port Adelaide Power,Fremantle Dockers,Adelaide Oval,SA,WA,1,7,9,17,8,110,14,8,92,18,1,1
M13322,1999,Round 18,18,1999-04-01,Brisbane Lions,Geelong Cats,Gabba,QLD,VIC,1,7,6,15,4,94,13,4,82,12,1,1
M13323,1999,Round 18,18,1999-04-03,Essendon Bombers,Carlton Blues,Marvel Stadium,VIC,VIC,0,7,7,13,6,84,12,4,76,8,1,1
M13324,1999,Round 18,18,1999-04-05,Hawthorn Hawks,North Melbourne Kangaroos,MCG,VIC,VIC,0,9,9,18,7,115,11,7,73,42,1,1
M13325,1999,Round 18,18,1999-04-07,Fremantle Dockers,Sydney Swans,Optus Stadium,WA,NSW,1,6,7,14,5,89,12,5,77,12,1,1
M13326,1999,Round 18,18,1999-04-09,Richmond Tigers,St Kilda Saints,MCG,VIC,VIC,0,9,6,14,3,87,14,8,92,-5,0,0
M13327,1999,Round 18,18,1999-04-11,Adelaide Crows,GWS Giants,Adelaide Oval,SA,NSW,1,9,7,18,1,109,14,6,90,19,1,1
M13328,1999,Round 18,18,1999-04-13,Port Adelaide Power,Western Bulldogs,Adelaide Oval,SA,VIC,1,7,9,17,4,106,16,2,98,8,1,1
M13329,1999,Round 18,18,1999-04-15,West Coast Eagles,Melbourne Demons,Optus Stadium,WA,VIC,1,8,9,15,4,94,13,5,83,11,1,1
M13330,1999,Round 18,18,1999-04-17,Collingwood Magpies,Gold Coast Suns,MCG,VIC,QLD,1,9,6,13,8,86,14,7,91,-5,0,0
M13331,1999,Round 19,19,1999-05-01,Port Adelaide Power,West Coast Eagles,Adelaide Oval,SA,WA,1,7,7,15,1,91,12,3,75,16,1,1
M13332,1999,Round 19,19,1999-05-03,Sydney Swans,Carlton Blues,SCG,NSW,VIC,1,7,7,16,5,101,14,6,90,11,1,1
M13333,1999,Round 19,19,1999-05-05,Adelaide Crows,Geelong Cats,Adelaide Oval,SA,VIC,1,9,6,18,2,110,12,6,78,32,1,1
M13334,1999,Round 19,19,1999-05-07,St Kilda Saints,North Melbourne Kangaroos,Marvel Stadium,VIC,VIC,0,7,7,18,6,114,15,6,96,18,1,1
M13335,1999,Round 19,19,1999-05-09,Brisbane Lions,Melbourne Demons,Gabba,QLD,VIC,1,8,8,15,5,95,14,8,92,3,1,1
M13336,1999,Round 19,19,1999-05-11,Essendon Bombers,GWS Giants,Marvel Stadium,VIC,NSW,1,7,8,12,9,81,14,0,84,-3,0,0
M13337,1999,Round 19,19,1999-05-13,Gold Coast Suns,Richmond Tigers,Heritage Bank Stadium,QLD,VIC,1,9,7,17,1,103,12,8,80,23,1,1
M13338,1999,Round 19,19,1999-05-15,Fremantle Dockers,Collingwood Magpies,Optus Stadium,WA,VIC,1,7,8,14,5,89,15,4,94,-5,0,0
M13339,1999,Round 19,19,1999-05-17,Western Bulldogs,Hawthorn Hawks,Marvel Stadium,VIC,VIC,0,7,8,16,1,97,17,4,106,-9,0,0
M13340,1999,Round 20,20,1999-06-01,Richmond Tigers,West Coast Eagles,MCG,VIC,WA,1,8,9,14,1,85,12,6,78,7,1,1
M13341,1999,Round 20,20,1999-06-03,Adelaide Crows,Fremantle Dockers,Adelaide Oval,SA,WA,1,7,7,14,5,89,15,1,91,-2,0,0
M13342,1999,Round 20,20,1999-06-05,Geelong Cats,GWS Giants,GMHBA Stadium,VIC,NSW,1,6,7,14,3,87,13,6,84,3,1,1
M13343,1999,Round 20,20,1999-06-07,Sydney Swans,Western Bulldogs,SCG,NSW,VIC,1,8,6,15,4,94,14,6,90,4,1,1
M13344,1999,Round 20,20,1999-06-09,Gold Coast Suns,St Kilda Saints,Heritage Bank Stadium,QLD,VIC,1,8,8,14,7,91,15,4,94,-3,0,0
M13345,1999,Round 20,20,1999-06-11,Port Adelaide Power,Melbourne Demons,Adelaide Oval,SA,VIC,1,7,7,18,3,111,13,6,84,27,1,1
M13346,1999,Round 20,20,1999-06-13,Carlton Blues,Collingwood Magpies,Marvel Stadium,VIC,VIC,0,8,6,13,4,82,12,7,79,3,1,1
M13347,1999,Round 20,20,1999-06-15,Hawthorn Hawks,Brisbane Lions,MCG,VIC,QLD,1,9,6,16,8,104,13,5,83,21,1,1
M13348,1999,Round 20,20,1999-06-17,Essendon Bombers,North Melbourne Kangaroos,Marvel Stadium,VIC,VIC,0,9,9,17,1,103,15,4,94,9,1,1
M13349,1999,Round 21,21,1999-07-01,St Kilda Saints,Melbourne Demons,Marvel Stadium,VIC,VIC,0,9,6,16,4,100,14,0,84,16,1,1
M13350,1999,Round 21,21,1999-07-03,Hawthorn Hawks,North Melbourne Kangaroos,MCG,VIC,VIC,0,6,8,20,2,122,13,4,82,40,1,1
M13351,1999,Round 21,21,1999-07-05,West Coast Eagles,Essendon Bombers,Optus Stadium,WA,VIC,1,7,7,12,7,79,13,2,80,-1,0,0
M13352,1999,Round 21,21,1999-07-07,Collingwood Magpies,Richmond Tigers,MCG,VIC,VIC,0,7,8,16,4,100,12,1,73,27,1,1
M13353,1999,Round 21,21,1999-07-09,Adelaide Crows,Western Bulldogs,Adelaide Oval,SA,VIC,1,6,7,15,2,92,12,2,74,18,1,1
M13354,1999,Round 21,21,1999-07-11,Gold Coast Suns,Geelong Cats,Heritage Bank Stadium,QLD,VIC,1,7,7,16,3,99,14,7,91,8,1,1
M13355,1999,Round 21,21,1999-07-13,Port Adelaide Power,Carlton Blues,Adelaide Oval,SA,VIC,1,8,8,18,7,115,16,4,100,15,1,1
M13356,1999,Round 21,21,1999-07-15,Sydney Swans,Brisbane Lions,SCG,NSW,QLD,1,6,9,14,6,90,10,4,64,26,1,1
M13357,1999,Round 21,21,1999-07-17,GWS Giants,Fremantle Dockers,GIANTS Stadium,NSW,WA,1,6,7,16,4,100,12,3,75,25,1,1
M13358,1999,Round 22,22,1999-08-01,Adelaide Crows,North Melbourne Kangaroos,Adelaide Oval,SA,VIC,1,6,9,13,2,80,13,8,86,-6,0,0
M13359,1999,Round 22,22,1999-08-03,Western Bulldogs,Essendon Bombers,Marvel Stadium,VIC,VIC,0,7,9,15,1,91,14,7,91,0,0,0
M13360,1999,Round 22,22,1999-08-05,Melbourne Demons,St Kilda Saints,MCG,VIC,VIC,0,6,7,17,4,106,13,5,83,23,1,1
M13361,1999,Round 22,22,1999-08-07,West Coast Eagles,Brisbane Lions,Optus Stadium,WA,QLD,1,6,9,14,7,91,15,2,92,-1,0,0
M13362,1999,Round 22,22,1999-08-09,Hawthorn Hawks,Geelong Cats,MCG,VIC,VIC,0,7,7,15,0,90,17,5,107,-17,0,0
M13363,1999,Round 22,22,1999-08-11,GWS Giants,Carlton Blues,GIANTS Stadium,NSW,VIC,1,8,8,16,2,98,15,7,97,1,1,1
M13364,1999,Round 22,22,1999-08-13,Collingwood Magpies,Sydney Swans,MCG,VIC,NSW,1,7,6,15,2,92,17,3,105,-13,0,0
M13365,1999,Round 22,22,1999-08-15,Port Adelaide Power,Fremantle Dockers,Adelaide Oval,SA,WA,1,9,9,16,2,98,17,3,105,-7,0,0
M13366,1999,Round 22,22,1999-08-17,Richmond Tigers,Gold Coast Suns,MCG,VIC,QLD,1,7,7,15,5,95,15,5,95,0,0,0
M13367,2000,Round 1,1,2000-05-01,Carlton Blues,Collingwood Magpies,Marvel Stadium,VIC,VIC,0,8,7,15,4,94,15,1,91,3,1,1
M13368,2000,Round 1,1,2000-05-03,Geelong Cats,Western Bulldogs,GMHBA Stadium,VIC,VIC,0,6,7,15,6,96,14,7,91,5,1,1
M13369,2000,Round 1,1,2000-05-05,Melbourne Demons,Brisbane Lions,MCG,VIC,QLD,1,9,7,17,3,105,13,1,79,26,1,1
M13370,2000,Round 1,1,2000-05-07,Richmond Tigers,Adelaide Crows,MCG,VIC,SA,1,7,7,16,3,99,16,9,105,-6,0,0
M13371,2000,Round 1,1,2000-05-09,Essendon Bombers,Gold Coast Suns,Marvel Stadium,VIC,QLD,1,6,8,14,9,93,16,7,103,-10,0,0
M13372,2000,Round 1,1,2000-05-11,Port Adelaide Power,St Kilda Saints,Adelaide Oval,SA,VIC,1,7,7,16,3,99,17,3,105,-6,0,0
M13373,2000,Round 1,1,2000-05-13,Hawthorn Hawks,North Melbourne Kangaroos,MCG,VIC,VIC,0,7,8,18,6,114,14,5,89,25,1,1
M13374,2000,Round 1,1,2000-05-15,Fremantle Dockers,Sydney Swans,Optus Stadium,WA,NSW,1,8,7,14,4,88,13,4,82,6,1,1
M13375,2000,Round 1,1,2000-05-17,GWS Giants,West Coast Eagles,GIANTS Stadium,NSW,WA,1,8,8,16,3,99,14,3,87,12,1,1
M13376,2000,Round 2,2,2000-06-01,Collingwood Magpies,Port Adelaide Power,MCG,VIC,SA,1,8,7,13,4,82,17,2,104,-22,0,0
M13377,2000,Round 2,2,2000-06-03,North Melbourne Kangaroos,West Coast Eagles,Marvel Stadium,VIC,WA,1,7,7,12,5,77,12,6,78,-1,0,0
M13378,2000,Round 2,2,2000-06-05,Essendon Bombers,Brisbane Lions,Marvel Stadium,VIC,QLD,1,8,7,17,6,108,15,8,98,10,1,1
M13379,2000,Round 2,2,2000-06-07,Geelong Cats,Richmond Tigers,GMHBA Stadium,VIC,VIC,0,7,7,17,5,107,12,9,81,26,1,1
M13380,2000,Round 2,2,2000-06-09,Sydney Swans,Western Bulldogs,SCG,NSW,VIC,1,7,7,19,4,118,14,2,86,32,1,1
M13381,2000,Round 2,2,2000-06-11,Melbourne Demons,GWS Giants,MCG,VIC,NSW,1,7,8,15,4,94,14,7,91,3,1,1
M13382,2000,Round 2,2,2000-06-13,Gold Coast Suns,Carlton Blues,Heritage Bank Stadium,QLD,VIC,1,7,7,14,8,92,14,6,90,2,1,1
M13383,2000,Round 2,2,2000-06-15,Hawthorn Hawks,St Kilda Saints,MCG,VIC,VIC,0,7,8,14,0,84,12,2,74,10,1,1
M13384,2000,Round 2,2,2000-06-17,Adelaide Crows,Fremantle Dockers,Adelaide Oval,SA,WA,1,7,7,15,7,97,13,4,82,15,1,1
M13385,2000,Round 3,3,2000-07-01,Port Adelaide Power,Geelong Cats,Adelaide Oval,SA,VIC,1,7,7,14,4,88,14,2,86,2,1,1
M13386,2000,Round 3,3,2000-07-03,Sydney Swans,West Coast Eagles,SCG,NSW,WA,1,7,7,15,5,95,13,5,83,12,1,1
M13387,2000,Round 3,3,2000-07-05,Brisbane Lions,Hawthorn Hawks,Gabba,QLD,VIC,1,6,7,16,5,101,14,1,85,16,1,1
M13388,2000,Round 3,3,2000-07-07,North Melbourne Kangaroos,Fremantle Dockers,Marvel Stadium,VIC,WA,1,8,7,16,3,99,17,9,111,-12,0,0
M13389,2000,Round 3,3,2000-07-09,GWS Giants,Collingwood Magpies,GIANTS Stadium,NSW,VIC,1,7,7,14,4,88,14,8,92,-4,0,0
M13390,2000,Round 3,3,2000-07-11,Western Bulldogs,Richmond Tigers,Marvel Stadium,VIC,VIC,0,9,9,16,4,100,14,5,89,11,1,1
M13391,2000,Round 3,3,2000-07-13,Adelaide Crows,St Kilda Saints,Adelaide Oval,SA,VIC,1,6,7,17,3,105,13,1,79,26,1,1
M13392,2000,Round 3,3,2000-07-15,Melbourne Demons,Carlton Blues,MCG,VIC,VIC,0,6,7,15,1,91,14,4,88,3,1,1
M13393,2000,Round 3,3,2000-07-17,Gold Coast Suns,Essendon Bombers,Heritage Bank Stadium,QLD,VIC,1,7,8,16,4,100,14,5,89,11,1,1
M13394,2000,Round 4,4,2000-08-01,Sydney Swans,Richmond Tigers,SCG,NSW,VIC,1,9,9,16,7,103,14,1,85,18,1,1
M13395,2000,Round 4,4,2000-08-03,St Kilda Saints,Fremantle Dockers,Marvel Stadium,VIC,WA,1,6,7,17,6,108,12,7,79,29,1,1
M13396,2000,Round 4,4,2000-08-05,Melbourne Demons,West Coast Eagles,MCG,VIC,WA,1,7,6,14,3,87,15,3,93,-6,0,0
M13397,2000,Round 4,4,2000-08-07,Gold Coast Suns,Collingwood Magpies,Heritage Bank Stadium,QLD,VIC,1,7,9,14,8,92,18,5,113,-21,0,0
M13398,2000,Round 4,4,2000-08-09,Adelaide Crows,Western Bulldogs,Adelaide Oval,SA,VIC,1,9,8,16,4,100,12,6,78,22,1,1
M13399,2000,Round 4,4,2000-08-11,Brisbane Lions,GWS Giants,Gabba,QLD,NSW,1,7,7,14,5,89,18,0,108,-19,0,0
M13400,2000,Round 4,4,2000-08-13,North Melbourne Kangaroos,Port Adelaide Power,Marvel Stadium,VIC,SA,1,7,7,17,3,105,12,5,77,28,1,1
M13401,2000,Round 4,4,2000-08-15,Hawthorn Hawks,Geelong Cats,MCG,VIC,VIC,0,9,7,15,4,94,14,1,85,9,1,1
M13402,2000,Round 4,4,2000-08-17,Essendon Bombers,Carlton Blues,Marvel Stadium,VIC,VIC,0,9,8,16,4,100,16,5,101,-1,0,0
M13403,2000,Round 5,5,2000-09-01,Port Adelaide Power,Richmond Tigers,Adelaide Oval,SA,VIC,1,9,7,17,7,109,13,5,83,26,1,1
M13404,2000,Round 5,5,2000-09-03,St Kilda Saints,Sydney Swans,Marvel Stadium,VIC,NSW,1,9,6,15,4,94,17,6,108,-14,0,0
M13405,2000,Round 5,5,2000-09-05,Gold Coast Suns,Melbourne Demons,Heritage Bank Stadium,QLD,VIC,1,7,9,14,6,90,16,2,98,-8,0,0
M13406,2000,Round 5,5,2000-09-07,Hawthorn Hawks,North Melbourne Kangaroos,MCG,VIC,VIC,0,7,7,18,2,110,14,6,90,20,1,1
M13407,2000,Round 5,5,2000-09-09,Essendon Bombers,Geelong Cats,Marvel Stadium,VIC,VIC,0,6,7,16,1,97,14,8,92,5,1,1
M13408,2000,Round 5,5,2000-09-11,Fremantle Dockers,West Coast Eagles,Optus Stadium,WA,WA,0,7,7,14,2,86,14,3,87,-1,0,0
M13409,2000,Round 5,5,2000-09-13,GWS Giants,Collingwood Magpies,GIANTS Stadium,NSW,VIC,1,7,8,17,4,106,15,9,99,7,1,1
M13410,2000,Round 5,5,2000-09-15,Carlton Blues,Brisbane Lions,Marvel Stadium,VIC,QLD,1,7,8,17,3,105,16,3,99,6,1,1
M13411,2000,Round 5,5,2000-09-17,Adelaide Crows,Western Bulldogs,Adelaide Oval,SA,VIC,1,7,8,16,4,100,11,7,73,27,1,1
M13412,2000,Round 6,6,2000-04-01,North Melbourne Kangaroos,GWS Giants,Marvel Stadium,VIC,NSW,1,7,8,16,2,98,15,7,97,1,1,1
M13413,2000,Round 6,6,2000-04-03,Richmond Tigers,Fremantle Dockers,MCG,VIC,WA,1,7,9,15,2,92,14,1,85,7,1,1
M13414,2000,Round 6,6,2000-04-05,Melbourne Demons,Hawthorn Hawks,MCG,VIC,VIC,0,9,7,15,1,91,15,2,92,-1,0,0
M13415,2000,Round 6,6,2000-04-07,Sydney Swans,Western Bulldogs,SCG,NSW,VIC,1,7,6,15,6,96,14,2,86,10,1,1
M13416,2000,Round 6,6,2000-04-09,Carlton Blues,Collingwood Magpies,Marvel Stadium,VIC,VIC,0,9,7,16,5,101,12,7,79,22,1,1
M13417,2000,Round 6,6,2000-04-11,Brisbane Lions,Gold Coast Suns,Gabba,QLD,QLD,0,7,9,15,4,94,12,3,75,19,1,1
M13418,2000,Round 6,6,2000-04-13,Geelong Cats,West Coast Eagles,GMHBA Stadium,VIC,WA,1,8,7,17,4,106,15,4,94,12,1,1
M13419,2000,Round 6,6,2000-04-15,St Kilda Saints,Essendon Bombers,Marvel Stadium,VIC,VIC,0,8,8,17,2,104,13,4,82,22,1,1
M13420,2000,Round 6,6,2000-04-17,Port Adelaide Power,Adelaide Crows,Adelaide Oval,SA,SA,0,7,8,17,2,104,11,4,70,34,1,1
M13421,2000,Round 7,7,2000-05-01,GWS Giants,Sydney Swans,GIANTS Stadium,NSW,NSW,0,7,7,15,3,93,12,6,78,15,1,1
M13422,2000,Round 7,7,2000-05-03,West Coast Eagles,North Melbourne Kangaroos,Optus Stadium,WA,VIC,1,7,8,15,7,97,13,9,87,10,1,1
M13423,2000,Round 7,7,2000-05-05,Brisbane Lions,Collingwood Magpies,Gabba,QLD,VIC,1,7,7,16,4,100,14,7,91,9,1,1
M13424,2000,Round 7,7,2000-05-07,Hawthorn Hawks,Fremantle Dockers,MCG,VIC,WA,1,9,7,17,3,105,13,5,83,22,1,1
M13425,2000,Round 7,7,2000-05-09,Gold Coast Suns,Western Bulldogs,Heritage Bank Stadium,QLD,VIC,1,7,6,15,3,93,11,4,70,23,1,1
M13426,2000,Round 7,7,2000-05-11,Melbourne Demons,Essendon Bombers,MCG,VIC,VIC,0,7,9,15,7,97,16,4,100,-3,0,0
M13427,2000,Round 7,7,2000-05-13,Geelong Cats,St Kilda Saints,GMHBA Stadium,VIC,VIC,0,7,9,13,1,79,16,3,99,-20,0,0
M13428,2000,Round 7,7,2000-05-15,Adelaide Crows,Carlton Blues,Adelaide Oval,SA,VIC,1,7,7,17,2,104,13,4,82,22,1,1
M13429,2000,Round 7,7,2000-05-17,Richmond Tigers,Port Adelaide Power,MCG,VIC,SA,1,9,7,15,6,96,14,3,87,9,1,1
M13430,2000,Round 8,8,2000-06-01,Collingwood Magpies,Port Adelaide Power,MCG,VIC,SA,1,9,7,15,2,92,14,7,91,1,1,1
M13431,2000,Round 8,8,2000-06-03,Western Bulldogs,Brisbane Lions,Marvel Stadium,VIC,QLD,1,7,9,16,6,102,14,2,86,16,1,1
M13432,2000,Round 8,8,2000-06-05,Melbourne Demons,St Kilda Saints,MCG,VIC,VIC,0,7,7,11,6,72,14,1,85,-13,0,0
M13433,2000,Round 8,8,2000-06-07,Richmond Tigers,Carlton Blues,MCG,VIC,VIC,0,6,6,18,5,113,13,6,84,29,1,1
M13434,2000,Round 8,8,2000-06-09,West Coast Eagles,Hawthorn Hawks,Optus Stadium,WA,VIC,1,7,7,17,4,106,14,6,90,16,1,1
M13435,2000,Round 8,8,2000-06-11,Essendon Bombers,North Melbourne Kangaroos,Marvel Stadium,VIC,VIC,0,6,7,13,6,84,14,4,88,-4,0,0
M13436,2000,Round 8,8,2000-06-13,Sydney Swans,Geelong Cats,SCG,NSW,VIC,1,9,9,12,7,79,11,4,70,9,1,1
M13437,2000,Round 8,8,2000-06-15,Fremantle Dockers,Adelaide Crows,Optus Stadium,WA,SA,1,7,7,15,2,92,14,5,89,3,1,1
M13438,2000,Round 8,8,2000-06-17,Gold Coast Suns,GWS Giants,Heritage Bank Stadium,QLD,NSW,1,7,7,17,2,104,16,7,103,1,1,1
M13439,2000,Round 9,9,2000-07-01,Hawthorn Hawks,Fremantle Dockers,MCG,VIC,WA,1,8,6,13,8,86,14,2,86,0,0,0
M13440,2000,Round 9,9,2000-07-03,Essendon Bombers,Collingwood Magpies,Marvel Stadium,VIC,VIC,0,6,7,14,8,92,12,1,73,19,1,1
M13441,2000,Round 9,9,2000-07-05,Gold Coast Suns,Sydney Swans,Heritage Bank Stadium,QLD,NSW,1,7,9,13,7,85,15,6,96,-11,0,0
M13442,2000,Round 9,9,2000-07-07,Brisbane Lions,Richmond Tigers,Gabba,QLD,VIC,1,7,7,14,9,93,12,0,72,21,1,1
M13443,2000,Round 9,9,2000-07-09,St Kilda Saints,Melbourne Demons,Marvel Stadium,VIC,VIC,0,7,8,16,5,101,12,3,75,26,1,1
M13444,2000,Round 9,9,2000-07-11,Adelaide Crows,Carlton Blues,Adelaide Oval,SA,VIC,1,7,7,17,0,102,12,7,79,23,1,1
M13445,2000,Round 9,9,2000-07-13,Port Adelaide Power,GWS Giants,Adelaide Oval,SA,NSW,1,9,8,14,1,85,15,4,94,-9,0,0
M13446,2000,Round 9,9,2000-07-15,North Melbourne Kangaroos,Geelong Cats,Marvel Stadium,VIC,VIC,0,7,7,17,5,107,13,6,84,23,1,1
M13447,2000,Round 9,9,2000-07-17,West Coast Eagles,Western Bulldogs,Optus Stadium,WA,VIC,1,7,9,17,5,107,14,4,88,19,1,1
M13448,2000,Round 10,10,2000-08-01,Western Bulldogs,Fremantle Dockers,Marvel Stadium,VIC,WA,1,8,7,15,1,91,16,9,105,-14,0,0
M13449,2000,Round 10,10,2000-08-03,Geelong Cats,Gold Coast Suns,GMHBA Stadium,VIC,QLD,1,7,7,18,7,115,12,6,78,37,1,1
M13450,2000,Round 10,10,2000-08-05,Brisbane Lions,North Melbourne Kangaroos,Gabba,QLD,VIC,1,9,9,14,5,89,14,1,85,4,1,1
M13451,2000,Round 10,10,2000-08-07,Melbourne Demons,Essendon Bombers,MCG,VIC,VIC,0,8,8,14,0,84,12,4,76,8,1,1
M13452,2000,Round 10,10,2000-08-09,GWS Giants,West Coast Eagles,GIANTS Stadium,NSW,WA,1,7,6,16,5,101,14,2,86,15,1,1
M13453,2000,Round 10,10,2000-08-11,Port Adelaide Power,Collingwood Magpies,Adelaide Oval,SA,VIC,1,7,7,16,4,100,15,3,93,7,1,1
M13454,2000,Round 10,10,2000-08-13,Sydney Swans,St Kilda Saints,SCG,NSW,VIC,1,7,9,15,3,93,13,4,82,11,1,1
M13455,2000,Round 10,10,2000-08-15,Carlton Blues,Hawthorn Hawks,Marvel Stadium,VIC,VIC,0,9,7,16,2,98,16,4,100,-2,0,0
M13456,2000,Round 10,10,2000-08-17,Adelaide Crows,Richmond Tigers,Adelaide Oval,SA,VIC,1,7,6,16,6,102,14,6,90,12,1,1
M13457,2000,Round 11,11,2000-09-01,Richmond Tigers,Carlton Blues,MCG,VIC,VIC,0,7,7,17,5,107,15,6,96,11,1,1
M13458,2000,Round 11,11,2000-09-03,Collingwood Magpies,Adelaide Crows,MCG,VIC,SA,1,7,6,13,6,84,13,6,84,0,0,0
M13459,2000,Round 11,11,2000-09-05,Gold Coast Suns,North Melbourne Kangaroos,Heritage Bank Stadium,QLD,VIC,1,7,7,16,2,98,16,7,103,-5,0,0
M13460,2000,Round 11,11,2000-09-07,St Kilda Saints,Essendon Bombers,Marvel Stadium,VIC,VIC,0,9,7,15,5,95,13,9,87,8,1,1
M13461,2000,Round 11,11,2000-09-09,Melbourne Demons,Brisbane Lions,MCG,VIC,QLD,1,7,9,14,2,86,11,2,68,18,1,1
M13462,2000,Round 11,11,2000-09-11,Fremantle Dockers,Western Bulldogs,Optus Stadium,WA,VIC,1,7,6,19,6,120,12,7,79,41,1,1
M13463,2000,Round 11,11,2000-09-13,Geelong Cats,Sydney Swans,GMHBA Stadium,VIC,NSW,1,7,7,14,5,89,12,3,75,14,1,1
M13464,2000,Round 11,11,2000-09-15,Hawthorn Hawks,West Coast Eagles,MCG,VIC,WA,1,7,7,14,1,85,15,5,95,-10,0,0
M13465,2000,Round 11,11,2000-09-17,GWS Giants,Port Adelaide Power,GIANTS Stadium,NSW,SA,1,6,9,15,3,93,14,5,89,4,1,1
M13466,2000,Round 12,12,2000-04-01,GWS Giants,St Kilda Saints,GIANTS Stadium,NSW,VIC,1,7,8,16,3,99,14,8,92,7,1,1
M13467,2000,Round 12,12,2000-04-03,West Coast Eagles,Gold Coast Suns,Optus Stadium,WA,QLD,1,7,7,15,3,93,15,3,93,0,0,0
M13468,2000,Round 12,12,2000-04-05,Geelong Cats,Carlton Blues,GMHBA Stadium,VIC,VIC,0,9,6,16,5,101,15,4,94,7,1,1
M13469,2000,Round 12,12,2000-04-07,Richmond Tigers,Hawthorn Hawks,MCG,VIC,VIC,0,9,7,13,8,86,14,8,92,-6,0,0
M13470,2000,Round 12,12,2000-04-09,Port Adelaide Power,Western Bulldogs,Adelaide Oval,SA,VIC,1,9,7,15,0,90,13,4,82,8,1,1
M13471,2000,Round 12,12,2000-04-11,Sydney Swans,Fremantle Dockers,SCG,NSW,WA,1,7,9,18,5,113,15,5,95,18,1,1
M13472,2000,Round 12,12,2000-04-13,Adelaide Crows,Essendon Bombers,Adelaide Oval,SA,VIC,1,6,7,16,3,99,16,2,98,1,1,1
M13473,2000,Round 12,12,2000-04-15,Melbourne Demons,Brisbane Lions,MCG,VIC,QLD,1,7,9,12,8,80,14,8,92,-12,0,0
M13474,2000,Round 12,12,2000-04-17,Collingwood Magpies,North Melbourne Kangaroos,MCG,VIC,VIC,0,7,6,17,3,105,12,3,75,30,1,1
M13475,2000,Round 13,13,2000-05-01,West Coast Eagles,Gold Coast Suns,Optus Stadium,WA,QLD,1,7,7,16,7,103,13,7,85,18,1,1
M13476,2000,Round 13,13,2000-05-03,Western Bulldogs,Essendon Bombers,Marvel Stadium,VIC,VIC,0,9,7,16,6,102,12,9,81,21,1,1
M13477,2000,Round 13,13,2000-05-05,Adelaide Crows,Brisbane Lions,Adelaide Oval,SA,QLD,1,6,8,14,9,93,14,7,91,2,1,1
M13478,2000,Round 13,13,2000-05-07,North Melbourne Kangaroos,Collingwood Magpies,Marvel Stadium,VIC,VIC,0,7,9,16,2,98,15,3,93,5,1,1
M13479,2000,Round 13,13,2000-05-09,Geelong Cats,Melbourne Demons,GMHBA Stadium,VIC,VIC,0,7,7,14,7,91,13,4,82,9,1,1
M13480,2000,Round 13,13,2000-05-11,Port Adelaide Power,Hawthorn Hawks,Adelaide Oval,SA,VIC,1,9,8,15,6,96,15,7,97,-1,0,0
M13481,2000,Round 13,13,2000-05-13,Fremantle Dockers,Sydney Swans,Optus Stadium,WA,NSW,1,7,6,15,4,94,16,3,99,-5,0,0
M13482,2000,Round 13,13,2000-05-15,GWS Giants,Carlton Blues,GIANTS Stadium,NSW,VIC,1,8,7,14,3,87,11,9,75,12,1,1
M13483,2000,Round 13,13,2000-05-17,Richmond Tigers,St Kilda Saints,MCG,VIC,VIC,0,7,7,14,6,90,13,9,87,3,1,1
M13484,2000,Round 14,14,2000-06-01,St Kilda Saints,Gold Coast Suns,Marvel Stadium,VIC,QLD,1,8,7,16,4,100,15,4,94,6,1,1
M13485,2000,Round 14,14,2000-06-03,Brisbane Lions,North Melbourne Kangaroos,Gabba,QLD,VIC,1,7,7,15,5,95,13,4,82,13,1,1
M13486,2000,Round 14,14,2000-06-05,West Coast Eagles,Richmond Tigers,Optus Stadium,WA,VIC,1,8,6,17,2,104,13,3,81,23,1,1
M13487,2000,Round 14,14,2000-06-07,Western Bulldogs,Melbourne Demons,Marvel Stadium,VIC,VIC,0,7,9,17,2,104,16,2,98,6,1,1
M13488,2000,Round 14,14,2000-06-09,Geelong Cats,Sydney Swans,GMHBA Stadium,VIC,NSW,1,7,9,15,6,96,15,4,94,2,1,1
M13489,2000,Round 14,14,2000-06-11,Collingwood Magpies,Fremantle Dockers,MCG,VIC,WA,1,8,7,15,5,95,12,5,77,18,1,1
M13490,2000,Round 14,14,2000-06-13,GWS Giants,Adelaide Crows,GIANTS Stadium,NSW,SA,1,8,7,15,3,93,14,6,90,3,1,1
M13491,2000,Round 14,14,2000-06-15,Essendon Bombers,Carlton Blues,Marvel Stadium,VIC,VIC,0,7,7,13,6,84,14,2,86,-2,0,0
M13492,2000,Round 14,14,2000-06-17,Hawthorn Hawks,Port Adelaide Power,MCG,VIC,SA,1,6,7,14,4,88,14,4,88,0,0,0
M13493,2000,Round 15,15,2000-07-01,Melbourne Demons,Geelong Cats,MCG,VIC,VIC,0,6,6,16,0,96,14,5,89,7,1,1
M13494,2000,Round 15,15,2000-07-03,West Coast Eagles,Sydney Swans,Optus Stadium,WA,NSW,1,8,8,17,6,108,12,6,78,30,1,1
M13495,2000,Round 15,15,2000-07-05,Richmond Tigers,Brisbane Lions,MCG,VIC,QLD,1,8,7,14,1,85,14,4,88,-3,0,0
M13496,2000,Round 15,15,2000-07-07,Essendon Bombers,Port Adelaide Power,Marvel Stadium,VIC,SA,1,7,7,16,2,98,13,7,85,13,1,1
M13497,2000,Round 15,15,2000-07-09,GWS Giants,Hawthorn Hawks,GIANTS Stadium,NSW,VIC,1,9,9,16,4,100,13,3,81,19,1,1
M13498,2000,Round 15,15,2000-07-11,North Melbourne Kangaroos,Carlton Blues,Marvel Stadium,VIC,VIC,0,7,7,14,0,84,15,5,95,-11,0,0
M13499,2000,Round 15,15,2000-07-13,Adelaide Crows,Western Bulldogs,Adelaide Oval,SA,VIC,1,9,8,19,1,115,15,6,96,19,1,1
M13500,2000,Round 15,15,2000-07-15,Collingwood Magpies,Fremantle Dockers,MCG,VIC,WA,1,7,7,16,4,100,15,8,98,2,1,1
M13501,2000,Round 15,15,2000-07-17,Gold Coast Suns,St Kilda Saints,Heritage Bank Stadium,QLD,VIC,1,6,6,16,5,101,13,2,80,21,1,1
M13502,2000,Round 16,16,2000-08-01,Port Adelaide Power,Fremantle Dockers,Adelaide Oval,SA,WA,1,7,7,13,8,86,16,5,101,-15,0,0
M13503,2000,Round 16,16,2000-08-03,Collingwood Magpies,St Kilda Saints,MCG,VIC,VIC,0,7,7,18,0,108,15,7,97,11,1,1
M13504,2000,Round 16,16,2000-08-05,Western Bulldogs,Richmond Tigers,Marvel Stadium,VIC,VIC,0,7,9,17,4,106,17,4,106,0,0,0
M13505,2000,Round 16,16,2000-08-07,Brisbane Lions,Carlton Blues,Gabba,QLD,VIC,1,7,7,13,5,83,14,8,92,-9,0,0
M13506,2000,Round 16,16,2000-08-09,Hawthorn Hawks,GWS Giants,MCG,VIC,NSW,1,9,7,15,7,97,12,5,77,20,1,1
M13507,2000,Round 16,16,2000-08-11,Adelaide Crows,Sydney Swans,Adelaide Oval,SA,NSW,1,7,7,16,9,105,14,7,91,14,1,1
M13508,2000,Round 16,16,2000-08-13,Geelong Cats,Essendon Bombers,GMHBA Stadium,VIC,VIC,0,7,7,13,7,85,14,3,87,-2,0,0
M13509,2000,Round 16,16,2000-08-15,West Coast Eagles,North Melbourne Kangaroos,Optus Stadium,WA,VIC,1,9,7,17,4,106,12,4,76,30,1,1
M13510,2000,Round 16,16,2000-08-17,Gold Coast Suns,Melbourne Demons,Heritage Bank Stadium,QLD,VIC,1,7,7,12,7,79,13,7,85,-6,0,0
M13511,2000,Round 17,17,2000-09-01,Port Adelaide Power,Melbourne Demons,Adelaide Oval,SA,VIC,1,6,6,14,2,86,14,7,91,-5,0,0
M13512,2000,Round 17,17,2000-09-03,Adelaide Crows,Gold Coast Suns,Adelaide Oval,SA,QLD,1,8,7,13,5,83,13,5,83,0,0,0
M13513,2000,Round 17,17,2000-09-05,Carlton Blues,North Melbourne Kangaroos,Marvel Stadium,VIC,VIC,0,7,9,19,4,118,13,5,83,35,1,1
M13514,2000,Round 17,17,2000-09-07,Geelong Cats,Fremantle Dockers,GMHBA Stadium,VIC,WA,1,7,6,14,2,86,16,4,100,-14,0,0
M13515,2000,Round 17,17,2000-09-09,Essendon Bombers,St Kilda Saints,Marvel Stadium,VIC,VIC,0,9,9,16,3,99,12,3,75,24,1,1
M13516,2000,Round 17,17,2000-09-11,Collingwood Magpies,Hawthorn Hawks,MCG,VIC,VIC,0,9,6,17,3,105,11,4,70,35,1,1
M13517,2000,Round 17,17,2000-09-13,Richmond Tigers,Sydney Swans,MCG,VIC,NSW,1,8,9,20,3,123,13,4,82,41,1,1
M13518,2000,Round 17,17,2000-09-15,Brisbane Lions,Western Bulldogs,Gabba,QLD,VIC,1,7,9,14,5,89,15,8,98,-9,0,0
M13519,2000,Round 17,17,2000-09-17,West Coast Eagles,GWS Giants,Optus Stadium,WA,NSW,1,8,9,15,6,96,10,4,64,32,1,1
M13520,2000,Round 18,18,2000-04-01,West Coast Eagles,Hawthorn Hawks,Optus Stadium,WA,VIC,1,7,9,17,1,103,11,7,73,30,1,1
M13521,2000,Round 18,18,2000-04-03,Carlton Blues,Adelaide Crows,Marvel Stadium,VIC,SA,1,7,7,17,4,106,11,4,70,36,1,1
M13522,2000,Round 18,18,2000-04-05,St Kilda Saints,Gold Coast Suns,Marvel Stadium,VIC,QLD,1,8,7,15,9,99,13,6,84,15,1,1
M13523,2000,Round 18,18,2000-04-07,Brisbane Lions,GWS Giants,Gabba,QLD,NSW,1,7,7,14,3,87,13,4,82,5,1,1
M13524,2000,Round 18,18,2000-04-09,Geelong Cats,Western Bulldogs,GMHBA Stadium,VIC,VIC,0,8,7,13,2,80,13,3,81,-1,0,0
M13525,2000,Round 18,18,2000-04-11,Melbourne Demons,Essendon Bombers,MCG,VIC,VIC,0,6,8,15,2,92,14,1,85,7,1,1
M13526,2000,Round 18,18,2000-04-13,Sydney Swans,North Melbourne Kangaroos,SCG,NSW,VIC,1,9,6,18,7,115,15,2,92,23,1,1
M13527,2000,Round 18,18,2000-04-15,Port Adelaide Power,Fremantle Dockers,Adelaide Oval,SA,WA,1,7,9,15,6,96,13,5,83,13,1,1
M13528,2000,Round 18,18,2000-04-17,Richmond Tigers,Collingwood Magpies,MCG,VIC,VIC,0,6,7,14,1,85,11,3,69,16,1,1
M13529,2000,Round 19,19,2000-05-01,Gold Coast Suns,Geelong Cats,Heritage Bank Stadium,QLD,VIC,1,6,7,16,5,101,14,5,89,12,1,1
M13530,2000,Round 19,19,2000-05-03,Essendon Bombers,Melbourne Demons,Marvel Stadium,VIC,VIC,0,8,9,14,6,90,15,6,96,-6,0,0
M13531,2000,Round 19,19,2000-05-05,Western Bulldogs,Carlton Blues,Marvel Stadium,VIC,VIC,0,6,8,19,6,120,13,6,84,36,1,1
M13532,2000,Round 19,19,2000-05-07,Port Adelaide Power,Hawthorn Hawks,Adelaide Oval,SA,VIC,1,7,7,17,2,104,13,6,84,20,1,1
M13533,2000,Round 19,19,2000-05-09,West Coast Eagles,Fremantle Dockers,Optus Stadium,WA,WA,0,8,7,15,5,95,14,8,92,3,1,1
M13534,2000,Round 19,19,2000-05-11,Sydney Swans,Richmond Tigers,SCG,NSW,VIC,1,9,9,12,8,80,14,3,87,-7,0,0
M13535,2000,Round 19,19,2000-05-13,Adelaide Crows,Brisbane Lions,Adelaide Oval,SA,QLD,1,7,7,15,5,95,13,5,83,12,1,1
M13536,2000,Round 19,19,2000-05-15,Collingwood Magpies,St Kilda Saints,MCG,VIC,VIC,0,7,7,18,0,108,14,5,89,19,1,1
M13537,2000,Round 19,19,2000-05-17,GWS Giants,North Melbourne Kangaroos,GIANTS Stadium,NSW,VIC,1,7,7,11,7,73,12,5,77,-4,0,0
M13538,2000,Round 20,20,2000-06-01,GWS Giants,North Melbourne Kangaroos,GIANTS Stadium,NSW,VIC,1,8,7,13,3,81,16,6,102,-21,0,0
M13539,2000,Round 20,20,2000-06-03,Geelong Cats,Hawthorn Hawks,GMHBA Stadium,VIC,VIC,0,7,9,13,1,79,11,5,71,8,1,1
M13540,2000,Round 20,20,2000-06-05,Sydney Swans,Richmond Tigers,SCG,NSW,VIC,1,6,9,15,6,96,15,2,92,4,1,1
M13541,2000,Round 20,20,2000-06-07,Western Bulldogs,Carlton Blues,Marvel Stadium,VIC,VIC,0,9,8,14,4,88,13,4,82,6,1,1
M13542,2000,Round 20,20,2000-06-09,Collingwood Magpies,West Coast Eagles,MCG,VIC,WA,1,6,7,17,4,106,11,6,72,34,1,1
M13543,2000,Round 20,20,2000-06-11,Fremantle Dockers,Essendon Bombers,Optus Stadium,WA,VIC,1,9,9,14,7,91,16,2,98,-7,0,0
M13544,2000,Round 20,20,2000-06-13,Gold Coast Suns,Adelaide Crows,Heritage Bank Stadium,QLD,SA,1,7,7,15,4,94,14,4,88,6,1,1
M13545,2000,Round 20,20,2000-06-15,Melbourne Demons,Brisbane Lions,MCG,VIC,QLD,1,8,6,14,5,89,13,1,79,10,1,1
M13546,2000,Round 20,20,2000-06-17,St Kilda Saints,Port Adelaide Power,Marvel Stadium,VIC,SA,1,7,6,15,3,93,13,1,79,14,1,1
M13547,2000,Round 21,21,2000-07-01,Gold Coast Suns,North Melbourne Kangaroos,Heritage Bank Stadium,QLD,VIC,1,7,7,15,4,94,12,5,77,17,1,1
M13548,2000,Round 21,21,2000-07-03,Carlton Blues,Brisbane Lions,Marvel Stadium,VIC,QLD,1,7,7,17,9,111,14,2,86,25,1,1
M13549,2000,Round 21,21,2000-07-05,GWS Giants,Melbourne Demons,GIANTS Stadium,NSW,VIC,1,9,9,16,4,100,11,8,74,26,1,1
M13550,2000,Round 21,21,2000-07-07,Fremantle Dockers,Port Adelaide Power,Optus Stadium,WA,SA,1,7,8,14,4,88,12,4,76,12,1,1
M13551,2000,Round 21,21,2000-07-09,West Coast Eagles,Richmond Tigers,Optus Stadium,WA,VIC,1,7,7,15,7,97,13,3,81,16,1,1
M13552,2000,Round 21,21,2000-07-11,Collingwood Magpies,Hawthorn Hawks,MCG,VIC,VIC,0,9,7,16,3,99,15,1,91,8,1,1
M13553,2000,Round 21,21,2000-07-13,Adelaide Crows,St Kilda Saints,Adelaide Oval,SA,VIC,1,8,9,14,3,87,12,6,78,9,1,1
M13554,2000,Round 21,21,2000-07-15,Western Bulldogs,Essendon Bombers,Marvel Stadium,VIC,VIC,0,7,7,16,6,102,13,8,86,16,1,1
M13555,2000,Round 21,21,2000-07-17,Sydney Swans,Geelong Cats,SCG,NSW,VIC,1,9,7,13,1,79,11,8,74,5,1,1
M13556,2000,Round 22,22,2000-08-01,Sydney Swans,St Kilda Saints,SCG,NSW,VIC,1,6,7,17,6,108,14,9,93,15,1,1
M13557,2000,Round 22,22,2000-08-03,Fremantle Dockers,GWS Giants,Optus Stadium,WA,NSW,1,6,7,14,4,88,14,3,87,1,1,1
M13558,2000,Round 22,22,2000-08-05,Carlton Blues,Adelaide Crows,Marvel Stadium,VIC,SA,1,9,7,13,1,79,13,5,83,-4,0,0
M13559,2000,Round 22,22,2000-08-07,Hawthorn Hawks,Western Bulldogs,MCG,VIC,VIC,0,9,6,14,2,86,13,6,84,2,1,1
M13560,2000,Round 22,22,2000-08-09,Collingwood Magpies,Gold Coast Suns,MCG,VIC,QLD,1,7,7,15,6,96,15,6,96,0,0,0
M13561,2000,Round 22,22,2000-08-11,Richmond Tigers,Geelong Cats,MCG,VIC,VIC,0,7,7,13,4,82,14,2,86,-4,0,0
M13562,2000,Round 22,22,2000-08-13,Port Adelaide Power,Essendon Bombers,Adelaide Oval,SA,VIC,1,8,7,13,7,85,15,5,95,-10,0,0
M13563,2000,Round 22,22,2000-08-15,West Coast Eagles,North Melbourne Kangaroos,Optus Stadium,WA,VIC,1,7,8,15,7,97,14,6,90,7,1,1
M13564,2000,Round 22,22,2000-08-17,Melbourne Demons,Brisbane Lions,MCG,VIC,QLD,1,6,7,16,7,103,14,8,92,11,1,1
M13565,2001,Round 1,1,2001-05-01,Fremantle Dockers,Hawthorn Hawks,Optus Stadium,WA,VIC,1,7,7,15,5,95,14,2,86,9,1,1
M13566,2001,Round 1,1,2001-05-03,Essendon Bombers,GWS Giants,Marvel Stadium,VIC,NSW,1,6,7,14,4,88,11,8,74,14,1,1
M13567,2001,Round 1,1,2001-05-05,St Kilda Saints,Adelaide Crows,Marvel Stadium,VIC,SA,1,9,6,15,5,95,13,5,83,12,1,1
M13568,2001,Round 1,1,2001-05-07,Gold Coast Suns,Richmond Tigers,Heritage Bank Stadium,QLD,VIC,1,7,8,14,7,91,15,6,96,-5,0,0
M13569,2001,Round 1,1,2001-05-09,Western Bulldogs,Brisbane Lions,Marvel Stadium,VIC,QLD,1,7,6,16,6,102,14,2,86,16,1,1
M13570,2001,Round 1,1,2001-05-11,Geelong Cats,North Melbourne Kangaroos,GMHBA Stadium,VIC,VIC,0,6,7,14,0,84,11,6,72,12,1,1
M13571,2001,Round 1,1,2001-05-13,Port Adelaide Power,Sydney Swans,Adelaide Oval,SA,NSW,1,7,8,16,2,98,18,8,116,-18,0,0
M13572,2001,Round 1,1,2001-05-15,Melbourne Demons,Carlton Blues,MCG,VIC,VIC,0,7,6,12,4,76,13,2,80,-4,0,0
M13573,2001,Round 1,1,2001-05-17,West Coast Eagles,Collingwood Magpies,Optus Stadium,WA,VIC,1,7,8,14,5,89,14,1,85,4,1,1
M13574,2001,Round 2,2,2001-06-01,Western Bulldogs,Essendon Bombers,Marvel Stadium,VIC,VIC,0,6,7,15,5,95,14,4,88,7,1,1
M13575,2001,Round 2,2,2001-06-03,Richmond Tigers,Gold Coast Suns,MCG,VIC,QLD,1,7,9,15,3,93,14,4,88,5,1,1
M13576,2001,Round 2,2,2001-06-05,Melbourne Demons,Port Adelaide Power,MCG,VIC,SA,1,6,7,15,9,99,15,7,97,2,1,1
M13577,2001,Round 2,2,2001-06-07,Collingwood Magpies,Adelaide Crows,MCG,VIC,SA,1,7,9,14,4,88,14,6,90,-2,0,0
M13578,2001,Round 2,2,2001-06-09,GWS Giants,Brisbane Lions,GIANTS Stadium,NSW,QLD,1,7,9,14,1,85,14,5,89,-4,0,0
M13579,2001,Round 2,2,2001-06-11,West Coast Eagles,Geelong Cats,Optus Stadium,WA,VIC,1,6,8,15,7,97,14,4,88,9,1,1
M13580,2001,Round 2,2,2001-06-13,Sydney Swans,Hawthorn Hawks,SCG,NSW,VIC,1,7,9,15,3,93,14,3,87,6,1,1
M13581,2001,Round 2,2,2001-06-15,Fremantle Dockers,Carlton Blues,Optus Stadium,WA,VIC,1,7,6,14,4,88,13,2,80,8,1,1
M13582,2001,Round 2,2,2001-06-17,St Kilda Saints,North Melbourne Kangaroos,Marvel Stadium,VIC,VIC,0,7,8,16,3,99,12,2,74,25,1,1
M13583,2001,Round 3,3,2001-07-01,Richmond Tigers,Carlton Blues,MCG,VIC,VIC,0,7,8,16,6,102,13,5,83,19,1,1
M13584,2001,Round 3,3,2001-07-03,Adelaide Crows,Hawthorn Hawks,Adelaide Oval,SA,VIC,1,8,7,17,4,106,13,5,83,23,1,1
M13585,2001,Round 3,3,2001-07-05,Essendon Bombers,Gold Coast Suns,Marvel Stadium,VIC,QLD,1,9,6,19,2,116,13,0,78,38,1,1
M13586,2001,Round 3,3,2001-07-07,North Melbourne Kangaroos,GWS Giants,Marvel Stadium,VIC,NSW,1,8,9,10,3,63,12,7,79,-16,0,0
M13587,2001,Round 3,3,2001-07-09,Fremantle Dockers,Melbourne Demons,Optus Stadium,WA,VIC,1,7,7,16,1,97,10,9,69,28,1,1
M13588,2001,Round 3,3,2001-07-11,Collingwood Magpies,Western Bulldogs,MCG,VIC,VIC,0,7,9,14,6,90,13,3,81,9,1,1
M13589,2001,Round 3,3,2001-07-13,St Kilda Saints,West Coast Eagles,Marvel Stadium,VIC,WA,1,7,7,16,7,103,12,8,80,23,1,1
M13590,2001,Round 3,3,2001-07-15,Sydney Swans,Brisbane Lions,SCG,NSW,QLD,1,9,6,15,4,94,14,3,87,7,1,1
M13591,2001,Round 3,3,2001-07-17,Geelong Cats,Port Adelaide Power,GMHBA Stadium,VIC,SA,1,8,7,16,3,99,16,2,98,1,1,1
M13592,2001,Round 4,4,2001-08-01,Western Bulldogs,Sydney Swans,Marvel Stadium,VIC,NSW,1,7,7,15,6,96,12,2,74,22,1,1
M13593,2001,Round 4,4,2001-08-03,Fremantle Dockers,Geelong Cats,Optus Stadium,WA,VIC,1,7,7,15,0,90,12,0,72,18,1,1
M13594,2001,Round 4,4,2001-08-05,Richmond Tigers,St Kilda Saints,MCG,VIC,VIC,0,9,8,15,6,96,16,6,102,-6,0,0
M13595,2001,Round 4,4,2001-08-07,GWS Giants,Gold Coast Suns,GIANTS Stadium,NSW,QLD,1,7,6,14,2,86,13,1,79,7,1,1
M13596,2001,Round 4,4,2001-08-09,Melbourne Demons,North Melbourne Kangaroos,MCG,VIC,VIC,0,7,6,16,1,97,14,8,92,5,1,1
M13597,2001,Round 4,4,2001-08-11,Essendon Bombers,Collingwood Magpies,Marvel Stadium,VIC,VIC,0,7,8,15,7,97,12,3,75,22,1,1
M13598,2001,Round 4,4,2001-08-13,Port Adelaide Power,Adelaide Crows,Adelaide Oval,SA,SA,0,6,7,16,2,98,9,7,61,37,1,1
M13599,2001,Round 4,4,2001-08-15,Hawthorn Hawks,West Coast Eagles,MCG,VIC,WA,1,6,7,14,7,91,14,6,90,1,1,1
M13600,2001,Round 4,4,2001-08-17,Carlton Blues,Brisbane Lions,Marvel Stadium,VIC,QLD,1,9,8,13,2,80,12,6,78,2,1,1
M13601,2001,Round 5,5,2001-09-01,Western Bulldogs,Brisbane Lions,Marvel Stadium,VIC,QLD,1,7,8,13,2,80,13,4,82,-2,0,0
M13602,2001,Round 5,5,2001-09-03,Gold Coast Suns,Melbourne Demons,Heritage Bank Stadium,QLD,VIC,1,6,7,16,2,98,13,7,85,13,1,1
M13603,2001,Round 5,5,2001-09-05,West Coast Eagles,GWS Giants,Optus Stadium,WA,NSW,1,8,6,14,7,91,12,0,72,19,1,1
M13604,2001,Round 5,5,2001-09-07,Richmond Tigers,St Kilda Saints,MCG,VIC,VIC,0,7,7,15,4,94,13,5,83,11,1,1
M13605,2001,Round 5,5,2001-09-09,Port Adelaide Power,Carlton Blues,Adelaide Oval,SA,VIC,1,7,7,13,1,79,16,9,105,-26,0,0
M13606,2001,Round 5,5,2001-09-11,Fremantle Dockers,Essendon Bombers,Optus Stadium,WA,VIC,1,7,7,15,5,95,14,2,86,9,1,1
M13607,2001,Round 5,5,2001-09-13,North Melbourne Kangaroos,Collingwood Magpies,Marvel Stadium,VIC,VIC,0,7,8,16,6,102,13,1,79,23,1,1
M13608,2001,Round 5,5,2001-09-15,Adelaide Crows,Geelong Cats,Adelaide Oval,SA,VIC,1,7,7,15,7,97,13,5,83,14,1,1
M13609,2001,Round 5,5,2001-09-17,Sydney Swans,Hawthorn Hawks,SCG,NSW,VIC,1,8,8,16,1,97,15,0,90,7,1,1
M13610,2001,Round 6,6,2001-04-01,Adelaide Crows,Melbourne Demons,Adelaide Oval,SA,VIC,1,6,8,15,4,94,11,9,75,19,1,1
M13611,2001,Round 6,6,2001-04-03,Port Adelaide Power,Fremantle Dockers,Adelaide Oval,SA,WA,1,8,7,16,5,101,16,3,99,2,1,1
M13612,2001,Round 6,6,2001-04-05,Richmond Tigers,Sydney Swans,MCG,VIC,NSW,1,6,7,16,1,97,14,1,85,12,1,1
M13613,2001,Round 6,6,2001-04-07,GWS Giants,Brisbane Lions,GIANTS Stadium,NSW,QLD,1,7,7,15,4,94,14,5,89,5,1,1
M13614,2001,Round 6,6,2001-04-09,Western Bulldogs,Collingwood Magpies,Marvel Stadium,VIC,VIC,0,6,7,15,5,95,13,6,84,11,1,1
M13615,2001,Round 6,6,2001-04-11,Geelong Cats,West Coast Eagles,GMHBA Stadium,VIC,WA,1,9,9,16,7,103,13,5,83,20,1,1
M13616,2001,Round 6,6,2001-04-13,Gold Coast Suns,Hawthorn Hawks,Heritage Bank Stadium,QLD,VIC,1,7,9,16,4,100,15,2,92,8,1,1
M13617,2001,Round 6,6,2001-04-15,St Kilda Saints,North Melbourne Kangaroos,Marvel Stadium,VIC,VIC,0,7,6,13,2,80,12,8,80,0,0,0
M13618,2001,Round 6,6,2001-04-17,Essendon Bombers,Carlton Blues,Marvel Stadium,VIC,VIC,0,6,7,15,1,91,14,3,87,4,1,1
M13619,2001,Round 7,7,2001-05-01,Gold Coast Suns,Adelaide Crows,Heritage Bank Stadium,QLD,SA,1,7,9,14,8,92,15,4,94,-2,0,0
M13620,2001,Round 7,7,2001-05-03,Fremantle Dockers,West Coast Eagles,Optus Stadium,WA,WA,0,6,9,16,4,100,14,2,86,14,1,1
M13621,2001,Round 7,7,2001-05-05,Hawthorn Hawks,Richmond Tigers,MCG,VIC,VIC,0,8,8,16,3,99,14,4,88,11,1,1
M13622,2001,Round 7,7,2001-05-07,GWS Giants,North Melbourne Kangaroos,GIANTS Stadium,NSW,VIC,1,7,7,15,5,95,14,3,87,8,1,1
M13623,2001,Round 7,7,2001-05-09,Brisbane Lions,Melbourne Demons,Gabba,QLD,VIC,1,7,9,14,2,86,14,1,85,1,1,1
M13624,2001,Round 7,7,2001-05-11,Sydney Swans,Carlton Blues,SCG,NSW,VIC,1,7,7,13,0,78,14,7,91,-13,0,0
M13625,2001,Round 7,7,2001-05-13,Port Adelaide Power,Western Bulldogs,Adelaide Oval,SA,VIC,1,9,7,18,5,113,15,5,95,18,1,1
M13626,2001,Round 7,7,2001-05-15,Geelong Cats,Essendon Bombers,GMHBA Stadium,VIC,VIC,0,7,8,14,7,91,14,6,90,1,1,1
M13627,2001,Round 7,7,2001-05-17,Collingwood Magpies,St Kilda Saints,MCG,VIC,VIC,0,7,7,14,0,84,16,5,101,-17,0,0
M13628,2001,Round 8,8,2001-06-01,Sydney Swans,Collingwood Magpies,SCG,NSW,VIC,1,9,6,16,3,99,16,4,100,-1,0,0
M13629,2001,Round 8,8,2001-06-03,West Coast Eagles,Carlton Blues,Optus Stadium,WA,VIC,1,9,7,16,1,97,13,3,81,16,1,1
M13630,2001,Round 8,8,2001-06-05,Essendon Bombers,Brisbane Lions,Marvel Stadium,VIC,QLD,1,9,7,16,4,100,14,8,92,8,1,1
M13631,2001,Round 8,8,2001-06-07,Melbourne Demons,North Melbourne Kangaroos,MCG,VIC,VIC,0,8,7,17,7,109,12,4,76,33,1,1
M13632,2001,Round 8,8,2001-06-09,Geelong Cats,Western Bulldogs,GMHBA Stadium,VIC,VIC,0,7,7,14,1,85,12,5,77,8,1,1
M13633,2001,Round 8,8,2001-06-11,Gold Coast Suns,Port Adelaide Power,Heritage Bank Stadium,QLD,SA,1,8,6,16,7,103,14,1,85,18,1,1
M13634,2001,Round 8,8,2001-06-13,Richmond Tigers,Fremantle Dockers,MCG,VIC,WA,1,8,6,13,7,85,15,3,93,-8,0,0
M13635,2001,Round 8,8,2001-06-15,Hawthorn Hawks,GWS Giants,MCG,VIC,NSW,1,9,7,16,3,99,15,5,95,4,1,1
M13636,2001,Round 8,8,2001-06-17,Adelaide Crows,St Kilda Saints,Adelaide Oval,SA,VIC,1,7,7,15,5,95,12,5,77,18,1,1
M13637,2001,Round 9,9,2001-07-01,GWS Giants,Collingwood Magpies,GIANTS Stadium,NSW,VIC,1,9,7,14,7,91,12,4,76,15,1,1
M13638,2001,Round 9,9,2001-07-03,Gold Coast Suns,Geelong Cats,Heritage Bank Stadium,QLD,VIC,1,7,9,13,6,84,14,5,89,-5,0,0
M13639,2001,Round 9,9,2001-07-05,West Coast Eagles,Carlton Blues,Optus Stadium,WA,VIC,1,9,7,14,0,84,15,1,91,-7,0,0
M13640,2001,Round 9,9,2001-07-07,Brisbane Lions,Sydney Swans,Gabba,QLD,NSW,1,9,7,17,3,105,13,1,79,26,1,1
M13641,2001,Round 9,9,2001-07-09,Essendon Bombers,St Kilda Saints,Marvel Stadium,VIC,VIC,0,9,9,16,5,101,14,4,88,13,1,1
M13642,2001,Round 9,9,2001-07-11,Melbourne Demons,Adelaide Crows,MCG,VIC,SA,1,9,6,15,7,97,12,5,77,20,1,1
M13643,2001,Round 9,9,2001-07-13,Richmond Tigers,Port Adelaide Power,MCG,VIC,SA,1,7,8,15,1,91,14,7,91,0,0,0
M13644,2001,Round 9,9,2001-07-15,North Melbourne Kangaroos,Fremantle Dockers,Marvel Stadium,VIC,WA,1,7,8,13,6,84,13,4,82,2,1,1
M13645,2001,Round 9,9,2001-07-17,Hawthorn Hawks,Western Bulldogs,MCG,VIC,VIC,0,7,8,14,6,90,13,2,80,10,1,1
M13646,2001,Round 10,10,2001-08-01,Gold Coast Suns,Brisbane Lions,Heritage Bank Stadium,QLD,QLD,0,8,7,15,1,91,11,7,73,18,1,1
M13647,2001,Round 10,10,2001-08-03,Essendon Bombers,West Coast Eagles,Marvel Stadium,VIC,WA,1,8,7,15,7,97,16,5,101,-4,0,0
M13648,2001,Round 10,10,2001-08-05,Adelaide Crows,Collingwood Magpies,Adelaide Oval,SA,VIC,1,8,9,15,4,94,14,9,93,1,1,1
M13649,2001,Round 10,10,2001-08-07,Richmond Tigers,GWS Giants,MCG,VIC,NSW,1,8,7,15,0,90,14,3,87,3,1,1
M13650,2001,Round 10,10,2001-08-09,Hawthorn Hawks,St Kilda Saints,MCG,VIC,VIC,0,9,7,19,5,119,18,9,117,2,1,1
M13651,2001,Round 10,10,2001-08-11,Fremantle Dockers,Geelong Cats,Optus Stadium,WA,VIC,1,9,7,15,3,93,14,5,89,4,1,1
M13652,2001,Round 10,10,2001-08-13,Port Adelaide Power,Western Bulldogs,Adelaide Oval,SA,VIC,1,8,7,14,5,89,13,8,86,3,1,1
M13653,2001,Round 10,10,2001-08-15,North Melbourne Kangaroos,Sydney Swans,Marvel Stadium,VIC,NSW,1,6,7,17,1,103,13,3,81,22,1,1
M13654,2001,Round 10,10,2001-08-17,Melbourne Demons,Carlton Blues,MCG,VIC,VIC,0,8,8,13,5,83,13,8,86,-3,0,0
M13655,2001,Round 11,11,2001-09-01,Hawthorn Hawks,Gold Coast Suns,MCG,VIC,QLD,1,7,9,16,3,99,14,3,87,12,1,1
M13656,2001,Round 11,11,2001-09-03,Richmond Tigers,Western Bulldogs,MCG,VIC,VIC,0,7,7,16,5,101,12,6,78,23,1,1
M13657,2001,Round 11,11,2001-09-05,Sydney Swans,GWS Giants,SCG,NSW,NSW,0,8,6,14,7,91,16,7,103,-12,0,0
M13658,2001,Round 11,11,2001-09-07,St Kilda Saints,Port Adelaide Power,Marvel Stadium,VIC,SA,1,8,9,14,2,86,14,2,86,0,0,0
M13659,2001,Round 11,11,2001-09-09,Geelong Cats,Carlton Blues,GMHBA Stadium,VIC,VIC,0,7,7,15,4,94,14,4,88,6,1,1
M13660,2001,Round 11,11,2001-09-11,Essendon Bombers,Melbourne Demons,Marvel Stadium,VIC,VIC,0,7,9,16,5,101,14,9,93,8,1,1
M13661,2001,Round 11,11,2001-09-13,North Melbourne Kangaroos,West Coast Eagles,Marvel Stadium,VIC,WA,1,6,7,15,4,94,13,7,85,9,1,1
M13662,2001,Round 11,11,2001-09-15,Brisbane Lions,Fremantle Dockers,Gabba,QLD,WA,1,7,6,15,3,93,18,4,112,-19,0,0
M13663,2001,Round 11,11,2001-09-17,Adelaide Crows,Collingwood Magpies,Adelaide Oval,SA,VIC,1,6,8,16,3,99,14,7,91,8,1,1
M13664,2001,Round 12,12,2001-04-01,Hawthorn Hawks,North Melbourne Kangaroos,MCG,VIC,VIC,0,7,9,16,6,102,13,5,83,19,1,1
M13665,2001,Round 12,12,2001-04-03,Richmond Tigers,Adelaide Crows,MCG,VIC,SA,1,7,7,19,7,121,12,3,75,46,1,1
M13666,2001,Round 12,12,2001-04-05,Carlton Blues,Collingwood Magpies,Marvel Stadium,VIC,VIC,0,9,8,15,4,94,14,5,89,5,1,1
M13667,2001,Round 12,12,2001-04-07,West Coast Eagles,Port Adelaide Power,Optus Stadium,WA,SA,1,7,7,13,9,87,12,3,75,12,1,1
M13668,2001,Round 12,12,2001-04-09,Gold Coast Suns,Western Bulldogs,Heritage Bank Stadium,QLD,VIC,1,7,8,17,4,106,13,2,80,26,1,1
M13669,2001,Round 12,12,2001-04-11,Essendon Bombers,Melbourne Demons,Marvel Stadium,VIC,VIC,0,9,6,12,7,79,13,6,84,-5,0,0
M13670,2001,Round 12,12,2001-04-13,Geelong Cats,Fremantle Dockers,GMHBA Stadium,VIC,WA,1,7,7,13,4,82,14,6,90,-8,0,0
M13671,2001,Round 12,12,2001-04-15,Sydney Swans,St Kilda Saints,SCG,NSW,VIC,1,6,7,17,6,108,13,2,80,28,1,1
M13672,2001,Round 12,12,2001-04-17,Brisbane Lions,GWS Giants,Gabba,QLD,NSW,1,7,7,15,6,96,16,1,97,-1,0,0
M13673,2001,Round 13,13,2001-05-01,Collingwood Magpies,St Kilda Saints,MCG,VIC,VIC,0,6,6,16,3,99,14,5,89,10,1,1
M13674,2001,Round 13,13,2001-05-03,GWS Giants,Sydney Swans,GIANTS Stadium,NSW,NSW,0,6,6,18,3,111,15,6,96,15,1,1
M13675,2001,Round 13,13,2001-05-05,Fremantle Dockers,Carlton Blues,Optus Stadium,WA,VIC,1,9,7,15,4,94,12,6,78,16,1,1
M13676,2001,Round 13,13,2001-05-07,North Melbourne Kangaroos,Adelaide Crows,Marvel Stadium,VIC,SA,1,9,9,15,2,92,13,5,83,9,1,1
M13677,2001,Round 13,13,2001-05-09,Port Adelaide Power,Hawthorn Hawks,Adelaide Oval,SA,VIC,1,7,7,18,3,111,12,0,72,39,1,1
M13678,2001,Round 13,13,2001-05-11,Richmond Tigers,Gold Coast Suns,MCG,VIC,QLD,1,7,7,19,4,118,13,8,86,32,1,1
M13679,2001,Round 13,13,2001-05-13,Western Bulldogs,Melbourne Demons,Marvel Stadium,VIC,VIC,0,8,7,14,4,88,13,3,81,7,1,1
M13680,2001,Round 13,13,2001-05-15,Geelong Cats,Brisbane Lions,GMHBA Stadium,VIC,QLD,1,7,6,14,3,87,11,1,67,20,1,1
M13681,2001,Round 13,13,2001-05-17,West Coast Eagles,Essendon Bombers,Optus Stadium,WA,VIC,1,8,9,14,6,90,17,4,106,-16,0,0
M13682,2001,Round 14,14,2001-06-01,Western Bulldogs,Essendon Bombers,Marvel Stadium,VIC,VIC,0,8,7,16,7,103,14,9,93,10,1,1
M13683,2001,Round 14,14,2001-06-03,Fremantle Dockers,North Melbourne Kangaroos,Optus Stadium,WA,VIC,1,7,7,16,6,102,16,4,100,2,1,1
M13684,2001,Round 14,14,2001-06-05,Hawthorn Hawks,Adelaide Crows,MCG,VIC,SA,1,6,7,14,6,90,12,4,76,14,1,1
M13685,2001,Round 14,14,2001-06-07,GWS Giants,Sydney Swans,GIANTS Stadium,NSW,NSW,0,9,7,15,5,95,14,5,89,6,1,1
M13686,2001,Round 14,14,2001-06-09,Richmond Tigers,Geelong Cats,MCG,VIC,VIC,0,7,7,15,4,94,13,4,82,12,1,1
M13687,2001,Round 14,14,2001-06-11,St Kilda Saints,West Coast Eagles,Marvel Stadium,VIC,WA,1,6,7,13,7,85,13,7,85,0,0,0
M13688,2001,Round 14,14,2001-06-13,Gold Coast Suns,Collingwood Magpies,Heritage Bank Stadium,QLD,VIC,1,7,7,17,5,107,16,4,100,7,1,1
M13689,2001,Round 14,14,2001-06-15,Port Adelaide Power,Melbourne Demons,Adelaide Oval,SA,VIC,1,7,7,13,2,80,15,4,94,-14,0,0
M13690,2001,Round 14,14,2001-06-17,Carlton Blues,Brisbane Lions,Marvel Stadium,VIC,QLD,1,6,7,13,7,85,13,2,80,5,1,1
M13691,2001,Round 15,15,2001-07-01,Western Bulldogs,Geelong Cats,Marvel Stadium,VIC,VIC,0,9,7,12,5,77,13,6,84,-7,0,0
M13692,2001,Round 15,15,2001-07-03,North Melbourne Kangaroos,Carlton Blues,Marvel Stadium,VIC,VIC,0,8,8,16,3,99,11,5,71,28,1,1
M13693,2001,Round 15,15,2001-07-05,Richmond Tigers,Essendon Bombers,MCG,VIC,VIC,0,7,7,16,5,101,12,1,73,28,1,1
M13694,2001,Round 15,15,2001-07-07,Sydney Swans,Collingwood Magpies,SCG,NSW,VIC,1,6,6,17,7,109,15,2,92,17,1,1
M13695,2001,Round 15,15,2001-07-09,Hawthorn Hawks,Fremantle Dockers,MCG,VIC,WA,1,7,9,16,1,97,15,5,95,2,1,1
M13696,2001,Round 15,15,2001-07-11,Gold Coast Suns,Brisbane Lions,Heritage Bank Stadium,QLD,QLD,0,7,8,16,5,101,10,2,62,39,1,1
M13697,2001,Round 15,15,2001-07-13,Port Adelaide Power,Melbourne Demons,Adelaide Oval,SA,VIC,1,9,8,14,2,86,15,3,93,-7,0,0
M13698,2001,Round 15,15,2001-07-15,GWS Giants,West Coast Eagles,GIANTS Stadium,NSW,WA,1,7,9,17,2,104,15,6,96,8,1,1
M13699,2001,Round 15,15,2001-07-17,St Kilda Saints,Adelaide Crows,Marvel Stadium,VIC,SA,1,6,7,17,3,105,14,1,85,20,1,1
M13700,2001,Round 16,16,2001-08-01,Melbourne Demons,Collingwood Magpies,MCG,VIC,VIC,0,6,7,16,0,96,12,4,76,20,1,1
M13701,2001,Round 16,16,2001-08-03,Sydney Swans,Hawthorn Hawks,SCG,NSW,VIC,1,6,7,14,3,87,14,7,91,-4,0,0
M13702,2001,Round 16,16,2001-08-05,Fremantle Dockers,Brisbane Lions,Optus Stadium,WA,QLD,1,8,7,16,2,98,13,4,82,16,1,1
M13703,2001,Round 16,16,2001-08-07,Essendon Bombers,West Coast Eagles,Marvel Stadium,VIC,WA,1,7,7,13,5,83,16,4,100,-17,0,0
M13704,2001,Round 16,16,2001-08-09,Richmond Tigers,Geelong Cats,MCG,VIC,VIC,0,7,9,17,4,106,11,7,73,33,1,1
M13705,2001,Round 16,16,2001-08-11,Gold Coast Suns,Western Bulldogs,Heritage Bank Stadium,QLD,VIC,1,7,7,14,1,85,14,5,89,-4,0,0
M13706,2001,Round 16,16,2001-08-13,Port Adelaide Power,Carlton Blues,Adelaide Oval,SA,VIC,1,9,9,13,5,83,14,0,84,-1,0,0
M13707,2001,Round 16,16,2001-08-15,St Kilda Saints,GWS Giants,Marvel Stadium,VIC,NSW,1,6,9,15,1,91,16,3,99,-8,0,0
M13708,2001,Round 16,16,2001-08-17,Adelaide Crows,North Melbourne Kangaroos,Adelaide Oval,SA,VIC,1,6,7,16,1,97,14,5,89,8,1,1
M13709,2001,Round 17,17,2001-09-01,St Kilda Saints,North Melbourne Kangaroos,Marvel Stadium,VIC,VIC,0,9,7,18,5,113,15,6,96,17,1,1
M13710,2001,Round 17,17,2001-09-03,Brisbane Lions,West Coast Eagles,Gabba,QLD,WA,1,6,7,16,4,100,15,1,91,9,1,1
M13711,2001,Round 17,17,2001-09-05,Western Bulldogs,GWS Giants,Marvel Stadium,VIC,NSW,1,7,6,15,7,97,19,3,117,-20,0,0
M13712,2001,Round 17,17,2001-09-07,Essendon Bombers,Fremantle Dockers,Marvel Stadium,VIC,WA,1,6,8,14,4,88,13,5,83,5,1,1
M13713,2001,Round 17,17,2001-09-09,Hawthorn Hawks,Geelong Cats,MCG,VIC,VIC,0,7,9,14,0,84,13,6,84,0,0,0
M13714,2001,Round 17,17,2001-09-11,Sydney Swans,Melbourne Demons,SCG,NSW,VIC,1,9,9,17,6,108,12,8,80,28,1,1
M13715,2001,Round 17,17,2001-09-13,Gold Coast Suns,Richmond Tigers,Heritage Bank Stadium,QLD,VIC,1,7,6,16,4,100,13,3,81,19,1,1
M13716,2001,Round 17,17,2001-09-15,Adelaide Crows,Port Adelaide Power,Adelaide Oval,SA,SA,0,6,8,15,6,96,15,3,93,3,1,1
M13717,2001,Round 17,17,2001-09-17,Collingwood Magpies,Carlton Blues,MCG,VIC,VIC,0,6,7,15,1,91,17,1,103,-12,0,0
M13718,2001,Round 18,18,2001-04-01,Brisbane Lions,Hawthorn Hawks,Gabba,QLD,VIC,1,9,7,14,2,86,16,4,100,-14,0,0
M13719,2001,Round 18,18,2001-04-03,Fremantle Dockers,Sydney Swans,Optus Stadium,WA,NSW,1,7,9,15,4,94,13,5,83,11,1,1
M13720,2001,Round 18,18,2001-04-05,Collingwood Magpies,Richmond Tigers,MCG,VIC,VIC,0,7,6,14,6,90,17,4,106,-16,0,0
M13721,2001,Round 18,18,2001-04-07,GWS Giants,Geelong Cats,GIANTS Stadium,NSW,VIC,1,8,7,12,7,79,14,4,88,-9,0,0
M13722,2001,Round 18,18,2001-04-09,Gold Coast Suns,North Melbourne Kangaroos,Heritage Bank Stadium,QLD,VIC,1,9,7,14,6,90,13,8,86,4,1,1
M13723,2001,Round 18,18,2001-04-11,Adelaide Crows,Western Bulldogs,Adelaide Oval,SA,VIC,1,8,7,14,3,87,12,0,72,15,1,1
M13724,2001,Round 18,18,2001-04-13,Port Adelaide Power,Essendon Bombers,Adelaide Oval,SA,VIC,1,8,8,14,6,90,14,2,86,4,1,1
M13725,2001,Round 18,18,2001-04-15,St Kilda Saints,West Coast Eagles,Marvel Stadium,VIC,WA,1,8,8,19,5,119,13,7,85,34,1,1
M13726,2001,Round 18,18,2001-04-17,Carlton Blues,Melbourne Demons,Marvel Stadium,VIC,VIC,0,9,8,13,6,84,13,5,83,1,1,1
M13727,2001,Round 19,19,2001-05-01,Western Bulldogs,Hawthorn Hawks,Marvel Stadium,VIC,VIC,0,7,6,17,2,104,13,2,80,24,1,1
M13728,2001,Round 19,19,2001-05-03,Collingwood Magpies,Sydney Swans,MCG,VIC,NSW,1,9,7,16,2,98,15,4,94,4,1,1
M13729,2001,Round 19,19,2001-05-05,Melbourne Demons,GWS Giants,MCG,VIC,NSW,1,6,7,15,0,90,13,5,83,7,1,1
M13730,2001,Round 19,19,2001-05-07,Adelaide Crows,Brisbane Lions,Adelaide Oval,SA,QLD,1,7,6,15,5,95,15,2,92,3,1,1
M13731,2001,Round 19,19,2001-05-09,Carlton Blues,West Coast Eagles,Marvel Stadium,VIC,WA,1,7,6,15,1,91,9,8,62,29,1,1
M13732,2001,Round 19,19,2001-05-11,North Melbourne Kangaroos,Port Adelaide Power,Marvel Stadium,VIC,SA,1,7,9,16,5,101,13,4,82,19,1,1
M13733,2001,Round 19,19,2001-05-13,Essendon Bombers,St Kilda Saints,Marvel Stadium,VIC,VIC,0,7,7,14,4,88,13,1,79,9,1,1
M13734,2001,Round 19,19,2001-05-15,Geelong Cats,Richmond Tigers,GMHBA Stadium,VIC,VIC,0,7,7,13,5,83,14,7,91,-8,0,0
M13735,2001,Round 19,19,2001-05-17,Fremantle Dockers,Gold Coast Suns,Optus Stadium,WA,QLD,1,9,7,13,6,84,17,5,107,-23,0,0
M13736,2001,Round 20,20,2001-06-01,Geelong Cats,Melbourne Demons,GMHBA Stadium,VIC,VIC,0,7,7,17,6,108,14,2,86,22,1,1
M13737,2001,Round 20,20,2001-06-03,Adelaide Crows,St Kilda Saints,Adelaide Oval,SA,VIC,1,8,7,16,7,103,14,7,91,12,1,1
M13738,2001,Round 20,20,2001-06-05,Western Bulldogs,Carlton Blues,Marvel Stadium,VIC,VIC,0,7,6,11,5,71,12,3,75,-4,0,0
M13739,2001,Round 20,20,2001-06-07,Brisbane Lions,GWS Giants,Gabba,QLD,NSW,1,6,7,15,8,98,12,4,76,22,1,1
M13740,2001,Round 20,20,2001-06-09,Essendon Bombers,Richmond Tigers,Marvel Stadium,VIC,VIC,0,9,7,14,7,91,14,3,87,4,1,1
M13741,2001,Round 20,20,2001-06-11,Fremantle Dockers,Hawthorn Hawks,Optus Stadium,WA,VIC,1,7,8,14,3,87,14,4,88,-1,0,0
M13742,2001,Round 20,20,2001-06-13,North Melbourne Kangaroos,Sydney Swans,Marvel Stadium,VIC,NSW,1,7,7,13,1,79,13,4,82,-3,0,0
M13743,2001,Round 20,20,2001-06-15,West Coast Eagles,Collingwood Magpies,Optus Stadium,WA,VIC,1,9,7,16,2,98,14,4,88,10,1,1
M13744,2001,Round 20,20,2001-06-17,Port Adelaide Power,Gold Coast Suns,Adelaide Oval,SA,QLD,1,7,6,14,3,87,16,3,99,-12,0,0
M13745,2001,Round 21,21,2001-07-01,Collingwood Magpies,Geelong Cats,MCG,VIC,VIC,0,7,7,15,4,94,15,4,94,0,0,0
M13746,2001,Round 21,21,2001-07-03,Gold Coast Suns,Carlton Blues,Heritage Bank Stadium,QLD,VIC,1,9,8,16,2,98,15,2,92,6,1,1
M13747,2001,Round 21,21,2001-07-05,Richmond Tigers,West Coast Eagles,MCG,VIC,WA,1,7,6,17,5,107,13,2,80,27,1,1
M13748,2001,Round 21,21,2001-07-07,Essendon Bombers,Adelaide Crows,Marvel Stadium,VIC,SA,1,7,6,18,4,112,14,4,88,24,1,1
M13749,2001,Round 21,21,2001-07-09,Sydney Swans,Melbourne Demons,SCG,NSW,VIC,1,9,7,14,9,93,14,3,87,6,1,1
M13750,2001,Round 21,21,2001-07-11,Western Bulldogs,Port Adelaide Power,Marvel Stadium,VIC,SA,1,7,6,12,5,77,11,9,75,2,1,1
M13751,2001,Round 21,21,2001-07-13,Hawthorn Hawks,Brisbane Lions,MCG,VIC,QLD,1,6,7,13,4,82,17,1,103,-21,0,0
M13752,2001,Round 21,21,2001-07-15,Fremantle Dockers,North Melbourne Kangaroos,Optus Stadium,WA,VIC,1,7,9,20,5,125,15,4,94,31,1,1
M13753,2001,Round 21,21,2001-07-17,GWS Giants,St Kilda Saints,GIANTS Stadium,NSW,VIC,1,7,7,16,2,98,13,6,84,14,1,1
M13754,2001,Round 22,22,2001-08-01,Collingwood Magpies,Melbourne Demons,MCG,VIC,VIC,0,8,7,15,7,97,11,7,73,24,1,1
M13755,2001,Round 22,22,2001-08-03,Adelaide Crows,Western Bulldogs,Adelaide Oval,SA,VIC,1,7,7,18,4,112,10,5,65,47,1,1
M13756,2001,Round 22,22,2001-08-05,Essendon Bombers,Fremantle Dockers,Marvel Stadium,VIC,WA,1,9,7,14,0,84,17,3,105,-21,0,0
M13757,2001,Round 22,22,2001-08-07,Carlton Blues,Richmond Tigers,Marvel Stadium,VIC,VIC,0,7,9,15,3,93,13,2,80,13,1,1
M13758,2001,Round 22,22,2001-08-09,North Melbourne Kangaroos,Sydney Swans,Marvel Stadium,VIC,NSW,1,6,7,15,9,99,12,4,76,23,1,1
M13759,2001,Round 22,22,2001-08-11,Geelong Cats,St Kilda Saints,GMHBA Stadium,VIC,VIC,0,6,9,14,6,90,13,8,86,4,1,1
M13760,2001,Round 22,22,2001-08-13,Hawthorn Hawks,West Coast Eagles,MCG,VIC,WA,1,6,6,13,7,85,14,3,87,-2,0,0
M13761,2001,Round 22,22,2001-08-15,Port Adelaide Power,Brisbane Lions,Adelaide Oval,SA,QLD,1,8,7,14,7,91,15,3,93,-2,0,0
M13762,2001,Round 22,22,2001-08-17,Gold Coast Suns,GWS Giants,Heritage Bank Stadium,QLD,NSW,1,7,7,14,4,88,13,4,82,6,1,1
M13763,2002,Round 1,1,2002-05-01,St Kilda Saints,Gold Coast Suns,Marvel Stadium,VIC,QLD,1,7,9,13,5,83,13,3,81,2,1,1
M13764,2002,Round 1,1,2002-05-03,Essendon Bombers,Hawthorn Hawks,Marvel Stadium,VIC,VIC,0,6,6,15,1,91,12,2,74,17,1,1
M13765,2002,Round 1,1,2002-05-05,Port Adelaide Power,Geelong Cats,Adelaide Oval,SA,VIC,1,6,7,17,9,111,15,9,99,12,1,1
M13766,2002,Round 1,1,2002-05-07,Western Bulldogs,Brisbane Lions,Marvel Stadium,VIC,QLD,1,6,8,16,8,104,14,7,91,13,1,1
M13767,2002,Round 1,1,2002-05-09,Richmond Tigers,West Coast Eagles,MCG,VIC,WA,1,7,7,16,4,100,11,2,68,32,1,1
M13768,2002,Round 1,1,2002-05-11,Fremantle Dockers,Melbourne Demons,Optus Stadium,WA,VIC,1,7,8,14,6,90,11,5,71,19,1,1
M13769,2002,Round 1,1,2002-05-13,Carlton Blues,GWS Giants,Marvel Stadium,VIC,NSW,1,7,9,16,2,98,12,2,74,24,1,1
M13770,2002,Round 1,1,2002-05-15,Collingwood Magpies,Adelaide Crows,MCG,VIC,SA,1,8,6,17,5,107,12,5,77,30,1,1
M13771,2002,Round 1,1,2002-05-17,Sydney Swans,North Melbourne Kangaroos,SCG,NSW,VIC,1,7,7,14,6,90,13,7,85,5,1,1
M13772,2002,Round 2,2,2002-06-01,Carlton Blues,Gold Coast Suns,Marvel Stadium,VIC,QLD,1,6,7,16,9,105,13,5,83,22,1,1
M13773,2002,Round 2,2,2002-06-03,St Kilda Saints,Hawthorn Hawks,Marvel Stadium,VIC,VIC,0,8,7,17,4,106,13,6,84,22,1,1
M13774,2002,Round 2,2,2002-06-05,GWS Giants,Adelaide Crows,GIANTS Stadium,NSW,SA,1,9,7,17,3,105,13,4,82,23,1,1
M13775,2002,Round 2,2,2002-06-07,North Melbourne Kangaroos,Melbourne Demons,Marvel Stadium,VIC,VIC,0,7,6,16,2,98,12,8,80,18,1,1
M13776,2002,Round 2,2,2002-06-09,West Coast Eagles,Sydney Swans,Optus Stadium,WA,NSW,1,7,7,16,7,103,14,8,92,11,1,1
M13777,2002,Round 2,2,2002-06-11,Richmond Tigers,Geelong Cats,MCG,VIC,VIC,0,8,9,18,3,111,13,3,81,30,1,1
M13778,2002,Round 2,2,2002-06-13,Port Adelaide Power,Western Bulldogs,Adelaide Oval,SA,VIC,1,9,7,12,3,75,13,8,86,-11,0,0
M13779,2002,Round 2,2,2002-06-15,Brisbane Lions,Collingwood Magpies,Gabba,QLD,VIC,1,8,9,14,6,90,14,2,86,4,1,1
M13780,2002,Round 2,2,2002-06-17,Essendon Bombers,Fremantle Dockers,Marvel Stadium,VIC,WA,1,7,6,17,4,106,14,6,90,16,1,1
M13781,2002,Round 3,3,2002-07-01,North Melbourne Kangaroos,Western Bulldogs,Marvel Stadium,VIC,VIC,0,7,6,17,7,109,14,3,87,22,1,1
M13782,2002,Round 3,3,2002-07-03,Sydney Swans,Richmond Tigers,SCG,NSW,VIC,1,7,9,14,3,87,14,4,88,-1,0,0
M13783,2002,Round 3,3,2002-07-05,Essendon Bombers,Gold Coast Suns,Marvel Stadium,VIC,QLD,1,9,7,16,3,99,13,4,82,17,1,1
M13784,2002,Round 3,3,2002-07-07,Melbourne Demons,St Kilda Saints,MCG,VIC,VIC,0,8,6,17,3,105,14,3,87,18,1,1
M13785,2002,Round 3,3,2002-07-09,Adelaide Crows,Carlton Blues,Adelaide Oval,SA,VIC,1,7,7,14,7,91,12,8,80,11,1,1
M13786,2002,Round 3,3,2002-07-11,GWS Giants,Geelong Cats,GIANTS Stadium,NSW,VIC,1,7,7,13,5,83,17,4,106,-23,0,0
M13787,2002,Round 3,3,2002-07-13,Hawthorn Hawks,Port Adelaide Power,MCG,VIC,SA,1,8,8,14,8,92,15,5,95,-3,0,0
M13788,2002,Round 3,3,2002-07-15,Collingwood Magpies,Brisbane Lions,MCG,VIC,QLD,1,7,6,13,7,85,14,4,88,-3,0,0
M13789,2002,Round 3,3,2002-07-17,Fremantle Dockers,West Coast Eagles,Optus Stadium,WA,WA,0,6,9,15,4,94,14,4,88,6,1,1
M13790,2002,Round 4,4,2002-08-01,Adelaide Crows,Collingwood Magpies,Adelaide Oval,SA,VIC,1,8,7,16,9,105,11,3,69,36,1,1
M13791,2002,Round 4,4,2002-08-03,West Coast Eagles,St Kilda Saints,Optus Stadium,WA,VIC,1,7,6,14,4,88,11,8,74,14,1,1
M13792,2002,Round 4,4,2002-08-05,Western Bulldogs,Fremantle Dockers,Marvel Stadium,VIC,WA,1,7,7,15,7,97,14,1,85,12,1,1
M13793,2002,Round 4,4,2002-08-07,Brisbane Lions,Melbourne Demons,Gabba,QLD,VIC,1,7,7,18,3,111,13,6,84,27,1,1
M13794,2002,Round 4,4,2002-08-09,Richmond Tigers,GWS Giants,MCG,VIC,NSW,1,7,7,12,0,72,13,7,85,-13,0,0
M13795,2002,Round 4,4,2002-08-11,Sydney Swans,Geelong Cats,SCG,NSW,VIC,1,7,7,15,3,93,12,0,72,21,1,1
M13796,2002,Round 4,4,2002-08-13,Essendon Bombers,Port Adelaide Power,Marvel Stadium,VIC,SA,1,7,7,16,5,101,14,4,88,13,1,1
M13797,2002,Round 4,4,2002-08-15,Gold Coast Suns,Hawthorn Hawks,Heritage Bank Stadium,QLD,VIC,1,9,6,14,3,87,15,0,90,-3,0,0
M13798,2002,Round 4,4,2002-08-17,Carlton Blues,North Melbourne Kangaroos,Marvel Stadium,VIC,VIC,0,7,7,18,3,111,11,7,73,38,1,1
M13799,2002,Round 5,5,2002-09-01,Carlton Blues,Port Adelaide Power,Marvel Stadium,VIC,SA,1,9,9,14,5,89,15,2,92,-3,0,0
M13800,2002,Round 5,5,2002-09-03,Gold Coast Suns,Hawthorn Hawks,Heritage Bank Stadium,QLD,VIC,1,7,6,15,9,99,15,5,95,4,1,1
M13801,2002,Round 5,5,2002-09-05,North Melbourne Kangaroos,Richmond Tigers,Marvel Stadium,VIC,VIC,0,8,9,16,3,99,12,1,73,26,1,1
M13802,2002,Round 5,5,2002-09-07,St Kilda Saints,GWS Giants,Marvel Stadium,VIC,NSW,1,6,7,15,7,97,15,5,95,2,1,1
M13803,2002,Round 5,5,2002-09-09,Sydney Swans,Adelaide Crows,SCG,NSW,SA,1,9,7,12,6,78,15,3,93,-15,0,0
M13804,2002,Round 5,5,2002-09-11,Brisbane Lions,Collingwood Magpies,Gabba,QLD,VIC,1,7,7,15,5,95,14,5,89,6,1,1
M13805,2002,Round 5,5,2002-09-13,Melbourne Demons,Geelong Cats,MCG,VIC,VIC,0,8,8,13,5,83,16,3,99,-16,0,0
M13806,2002,Round 5,5,2002-09-15,Essendon Bombers,Western Bulldogs,Marvel Stadium,VIC,VIC,0,6,6,15,5,95,15,4,94,1,1,1
M13807,2002,Round 5,5,2002-09-17,West Coast Eagles,Fremantle Dockers,Optus Stadium,WA,WA,0,7,7,15,4,94,15,4,94,0,0,0
M13808,2002,Round 6,6,2002-04-01,Hawthorn Hawks,Essendon Bombers,MCG,VIC,VIC,0,8,7,16,5,101,12,9,81,20,1,1
M13809,2002,Round 6,6,2002-04-03,Western Bulldogs,Sydney Swans,Marvel Stadium,VIC,NSW,1,9,7,13,7,85,13,6,84,1,1,1
M13810,2002,Round 6,6,2002-04-05,Fremantle Dockers,North Melbourne Kangaroos,Optus Stadium,WA,VIC,1,7,9,15,6,96,10,5,65,31,1,1
M13811,2002,Round 6,6,2002-04-07,Brisbane Lions,Collingwood Magpies,Gabba,QLD,VIC,1,7,8,15,5,95,14,7,91,4,1,1
M13812,2002,Round 6,6,2002-04-09,St Kilda Saints,Adelaide Crows,Marvel Stadium,VIC,SA,1,8,6,16,2,98,12,4,76,22,1,1
M13813,2002,Round 6,6,2002-04-11,Port Adelaide Power,West Coast Eagles,Adelaide Oval,SA,WA,1,6,8,15,4,94,14,5,89,5,1,1
M13814,2002,Round 6,6,2002-04-13,Geelong Cats,Richmond Tigers,GMHBA Stadium,VIC,VIC,0,6,6,17,4,106,13,3,81,25,1,1
M13815,2002,Round 6,6,2002-04-15,Melbourne Demons,Gold Coast Suns,MCG,VIC,QLD,1,7,8,16,6,102,15,4,94,8,1,1
M13816,2002,Round 6,6,2002-04-17,Carlton Blues,GWS Giants,Marvel Stadium,VIC,NSW,1,9,7,17,2,104,13,1,79,25,1,1
M13817,2002,Round 7,7,2002-05-01,Essendon Bombers,Brisbane Lions,Marvel Stadium,VIC,QLD,1,8,8,14,5,89,15,4,94,-5,0,0
M13818,2002,Round 7,7,2002-05-03,Gold Coast Suns,Sydney Swans,Heritage Bank Stadium,QLD,NSW,1,8,7,17,2,104,13,6,84,20,1,1
M13819,2002,Round 7,7,2002-05-05,Western Bulldogs,West Coast Eagles,Marvel Stadium,VIC,WA,1,8,6,13,1,79,13,3,81,-2,0,0
M13820,2002,Round 7,7,2002-05-07,North Melbourne Kangaroos,Melbourne Demons,Marvel Stadium,VIC,VIC,0,6,7,16,4,100,12,8,80,20,1,1
M13821,2002,Round 7,7,2002-05-09,Fremantle Dockers,GWS Giants,Optus Stadium,WA,NSW,1,6,7,14,5,89,15,3,93,-4,0,0
M13822,2002,Round 7,7,2002-05-11,Hawthorn Hawks,Adelaide Crows,MCG,VIC,SA,1,9,6,16,1,97,14,3,87,10,1,1
M13823,2002,Round 7,7,2002-05-13,Carlton Blues,St Kilda Saints,Marvel Stadium,VIC,VIC,0,7,7,19,3,117,13,5,83,34,1,1
M13824,2002,Round 7,7,2002-05-15,Port Adelaide Power,Richmond Tigers,Adelaide Oval,SA,VIC,1,7,7,16,6,102,14,5,89,13,1,1
M13825,2002,Round 7,7,2002-05-17,Collingwood Magpies,Geelong Cats,MCG,VIC,VIC,0,7,6,17,7,109,14,8,92,17,1,1
M13826,2002,Round 8,8,2002-06-01,Geelong Cats,Fremantle Dockers,GMHBA Stadium,VIC,WA,1,7,7,18,2,110,11,6,72,38,1,1
M13827,2002,Round 8,8,2002-06-03,Richmond Tigers,Melbourne Demons,MCG,VIC,VIC,0,7,7,15,8,98,15,4,94,4,1,1
M13828,2002,Round 8,8,2002-06-05,Essendon Bombers,Brisbane Lions,Marvel Stadium,VIC,QLD,1,7,7,14,4,88,16,6,102,-14,0,0
M13829,2002,Round 8,8,2002-06-07,West Coast Eagles,St Kilda Saints,Optus Stadium,WA,VIC,1,7,7,16,2,98,13,5,83,15,1,1
M13830,2002,Round 8,8,2002-06-09,Gold Coast Suns,Carlton Blues,Heritage Bank Stadium,QLD,VIC,1,7,7,15,6,96,12,5,77,19,1,1
M13831,2002,Round 8,8,2002-06-11,Collingwood Magpies,Sydney Swans,MCG,VIC,NSW,1,7,7,16,5,101,14,5,89,12,1,1
M13832,2002,Round 8,8,2002-06-13,Hawthorn Hawks,North Melbourne Kangaroos,MCG,VIC,VIC,0,7,7,14,5,89,14,3,87,2,1,1
M13833,2002,Round 8,8,2002-06-15,Port Adelaide Power,Western Bulldogs,Adelaide Oval,SA,VIC,1,7,6,18,3,111,14,2,86,25,1,1
M13834,2002,Round 8,8,2002-06-17,GWS Giants,Adelaide Crows,GIANTS Stadium,NSW,SA,1,9,7,14,4,88,15,1,91,-3,0,0
M13835,2002,Round 9,9,2002-07-01,Hawthorn Hawks,Fremantle Dockers,MCG,VIC,WA,1,6,7,15,5,95,12,3,75,20,1,1
M13836,2002,Round 9,9,2002-07-03,Sydney Swans,Port Adelaide Power,SCG,NSW,SA,1,8,6,17,6,108,13,3,81,27,1,1
M13837,2002,Round 9,9,2002-07-05,Brisbane Lions,North Melbourne Kangaroos,Gabba,QLD,VIC,1,8,8,15,7,97,15,0,90,7,1,1
M13838,2002,Round 9,9,2002-07-07,Adelaide Crows,Geelong Cats,Adelaide Oval,SA,VIC,1,6,6,13,9,87,13,2,80,7,1,1
M13839,2002,Round 9,9,2002-07-09,St Kilda Saints,Collingwood Magpies,Marvel Stadium,VIC,VIC,0,6,9,14,5,89,14,4,88,1,1,1
M13840,2002,Round 9,9,2002-07-11,Richmond Tigers,West Coast Eagles,MCG,VIC,WA,1,6,7,17,7,109,14,3,87,22,1,1
M13841,2002,Round 9,9,2002-07-13,Essendon Bombers,Western Bulldogs,Marvel Stadium,VIC,VIC,0,8,7,17,8,110,14,1,85,25,1,1
M13842,2002,Round 9,9,2002-07-15,Melbourne Demons,Gold Coast Suns,MCG,VIC,QLD,1,7,6,18,5,113,16,5,101,12,1,1
M13843,2002,Round 9,9,2002-07-17,Carlton Blues,GWS Giants,Marvel Stadium,VIC,NSW,1,7,7,15,5,95,14,5,89,6,1,1
M13844,2002,Round 10,10,2002-08-01,Fremantle Dockers,Hawthorn Hawks,Optus Stadium,WA,VIC,1,6,8,15,1,91,13,6,84,7,1,1
M13845,2002,Round 10,10,2002-08-03,St Kilda Saints,Western Bulldogs,Marvel Stadium,VIC,VIC,0,9,6,15,6,96,10,7,67,29,1,1
M13846,2002,Round 10,10,2002-08-05,North Melbourne Kangaroos,Melbourne Demons,Marvel Stadium,VIC,VIC,0,7,8,13,4,82,16,9,105,-23,0,0
M13847,2002,Round 10,10,2002-08-07,Geelong Cats,Adelaide Crows,GMHBA Stadium,VIC,SA,1,6,7,14,3,87,14,3,87,0,0,0
M13848,2002,Round 10,10,2002-08-09,Gold Coast Suns,GWS Giants,Heritage Bank Stadium,QLD,NSW,1,6,7,17,6,108,14,5,89,19,1,1
M13849,2002,Round 10,10,2002-08-11,Richmond Tigers,Brisbane Lions,MCG,VIC,QLD,1,8,7,17,3,105,15,4,94,11,1,1
M13850,2002,Round 10,10,2002-08-13,Essendon Bombers,Port Adelaide Power,Marvel Stadium,VIC,SA,1,7,7,16,4,100,14,4,88,12,1,1
M13851,2002,Round 10,10,2002-08-15,West Coast Eagles,Sydney Swans,Optus Stadium,WA,NSW,1,8,7,15,0,90,14,8,92,-2,0,0
M13852,2002,Round 10,10,2002-08-17,Carlton Blues,Collingwood Magpies,Marvel Stadium,VIC,VIC,0,7,8,14,2,86,12,4,76,10,1,1
M13853,2002,Round 11,11,2002-09-01,Richmond Tigers,Port Adelaide Power,MCG,VIC,SA,1,7,7,18,2,110,13,7,85,25,1,1
M13854,2002,Round 11,11,2002-09-03,Melbourne Demons,Adelaide Crows,MCG,VIC,SA,1,6,7,15,3,93,18,1,109,-16,0,0
M13855,2002,Round 11,11,2002-09-05,West Coast Eagles,Brisbane Lions,Optus Stadium,WA,QLD,1,8,7,16,8,104,12,3,75,29,1,1
M13856,2002,Round 11,11,2002-09-07,Geelong Cats,Sydney Swans,GMHBA Stadium,VIC,NSW,1,7,9,15,4,94,14,7,91,3,1,1
M13857,2002,Round 11,11,2002-09-09,Carlton Blues,Western Bulldogs,Marvel Stadium,VIC,VIC,0,8,7,17,3,105,13,0,78,27,1,1
M13858,2002,Round 11,11,2002-09-11,St Kilda Saints,Fremantle Dockers,Marvel Stadium,VIC,WA,1,7,9,15,2,92,11,6,72,20,1,1
M13859,2002,Round 11,11,2002-09-13,Gold Coast Suns,Collingwood Magpies,Heritage Bank Stadium,QLD,VIC,1,6,6,14,3,87,13,2,80,7,1,1
M13860,2002,Round 11,11,2002-09-15,GWS Giants,Hawthorn Hawks,GIANTS Stadium,NSW,VIC,1,7,7,12,4,76,14,9,93,-17,0,0
M13861,2002,Round 11,11,2002-09-17,Essendon Bombers,North Melbourne Kangaroos,Marvel Stadium,VIC,VIC,0,7,7,17,4,106,14,6,90,16,1,1
M13862,2002,Round 12,12,2002-04-01,St Kilda Saints,Richmond Tigers,Marvel Stadium,VIC,VIC,0,9,7,13,6,84,14,2,86,-2,0,0
M13863,2002,Round 12,12,2002-04-03,Western Bulldogs,West Coast Eagles,Marvel Stadium,VIC,WA,1,7,7,14,6,90,13,4,82,8,1,1
M13864,2002,Round 12,12,2002-04-05,Port Adelaide Power,Melbourne Demons,Adelaide Oval,SA,VIC,1,9,7,15,5,95,15,3,93,2,1,1
M13865,2002,Round 12,12,2002-04-07,Carlton Blues,Brisbane Lions,Marvel Stadium,VIC,QLD,1,8,6,13,3,81,12,3,75,6,1,1
M13866,2002,Round 12,12,2002-04-09,Gold Coast Suns,Collingwood Magpies,Heritage Bank Stadium,QLD,VIC,1,9,9,14,4,88,12,4,76,12,1,1
M13867,2002,Round 12,12,2002-04-11,Essendon Bombers,Hawthorn Hawks,Marvel Stadium,VIC,VIC,0,7,7,15,5,95,14,3,87,8,1,1
M13868,2002,Round 12,12,2002-04-13,Sydney Swans,GWS Giants,SCG,NSW,NSW,0,9,7,16,4,100,14,6,90,10,1,1
M13869,2002,Round 12,12,2002-04-15,Fremantle Dockers,Adelaide Crows,Optus Stadium,WA,SA,1,7,7,15,6,96,14,9,93,3,1,1
M13870,2002,Round 12,12,2002-04-17,North Melbourne Kangaroos,Geelong Cats,Marvel Stadium,VIC,VIC,0,7,7,14,5,89,14,6,90,-1,0,0
M13871,2002,Round 13,13,2002-05-01,St Kilda Saints,Gold Coast Suns,Marvel Stadium,VIC,QLD,1,9,7,15,2,92,11,5,71,21,1,1
M13872,2002,Round 13,13,2002-05-03,North Melbourne Kangaroos,Collingwood Magpies,Marvel Stadium,VIC,VIC,0,7,8,17,1,103,11,6,72,31,1,1
M13873,2002,Round 13,13,2002-05-05,Carlton Blues,Essendon Bombers,Marvel Stadium,VIC,VIC,0,9,8,17,0,102,14,2,86,16,1,1
M13874,2002,Round 13,13,2002-05-07,Melbourne Demons,Hawthorn Hawks,MCG,VIC,VIC,0,7,7,16,8,104,12,5,77,27,1,1
M13875,2002,Round 13,13,2002-05-09,Adelaide Crows,Western Bulldogs,Adelaide Oval,SA,VIC,1,9,7,16,2,98,12,3,75,23,1,1
M13876,2002,Round 13,13,2002-05-11,Fremantle Dockers,Sydney Swans,Optus Stadium,WA,NSW,1,6,7,14,1,85,16,6,102,-17,0,0
M13877,2002,Round 13,13,2002-05-13,GWS Giants,Geelong Cats,GIANTS Stadium,NSW,VIC,1,7,7,14,4,88,15,6,96,-8,0,0
M13878,2002,Round 13,13,2002-05-15,Brisbane Lions,Port Adelaide Power,Gabba,QLD,SA,1,9,6,14,6,90,14,3,87,3,1,1
M13879,2002,Round 13,13,2002-05-17,West Coast Eagles,Richmond Tigers,Optus Stadium,WA,VIC,1,7,7,16,9,105,13,3,81,24,1,1
M13880,2002,Round 14,14,2002-06-01,Western Bulldogs,Hawthorn Hawks,Marvel Stadium,VIC,VIC,0,7,9,14,3,87,15,6,96,-9,0,0
M13881,2002,Round 14,14,2002-06-03,Gold Coast Suns,Richmond Tigers,Heritage Bank Stadium,QLD,VIC,1,8,6,16,2,98,12,5,77,21,1,1
M13882,2002,Round 14,14,2002-06-05,Brisbane Lions,Sydney Swans,Gabba,QLD,NSW,1,7,6,13,9,87,14,4,88,-1,0,0
M13883,2002,Round 14,14,2002-06-07,Carlton Blues,Geelong Cats,Marvel Stadium,VIC,VIC,0,8,7,15,9,99,15,4,94,5,1,1
M13884,2002,Round 14,14,2002-06-09,Melbourne Demons,GWS Giants,MCG,VIC,NSW,1,6,6,15,7,97,12,5,77,20,1,1
M13885,2002,Round 14,14,2002-06-11,Port Adelaide Power,Essendon Bombers,Adelaide Oval,SA,VIC,1,8,7,13,2,80,12,4,76,4,1,1
M13886,2002,Round 14,14,2002-06-13,Collingwood Magpies,Fremantle Dockers,MCG,VIC,WA,1,9,7,16,1,97,13,4,82,15,1,1
M13887,2002,Round 14,14,2002-06-15,West Coast Eagles,Adelaide Crows,Optus Stadium,WA,SA,1,8,8,15,5,95,13,5,83,12,1,1
M13888,2002,Round 14,14,2002-06-17,St Kilda Saints,North Melbourne Kangaroos,Marvel Stadium,VIC,VIC,0,7,8,13,6,84,14,1,85,-1,0,0
M13889,2002,Round 15,15,2002-07-01,Western Bulldogs,Melbourne Demons,Marvel Stadium,VIC,VIC,0,9,7,14,1,85,12,5,77,8,1,1
M13890,2002,Round 15,15,2002-07-03,Collingwood Magpies,North Melbourne Kangaroos,MCG,VIC,VIC,0,7,8,17,2,104,12,6,78,26,1,1
M13891,2002,Round 15,15,2002-07-05,Hawthorn Hawks,Fremantle Dockers,MCG,VIC,WA,1,9,9,15,4,94,15,0,90,4,1,1
M13892,2002,Round 15,15,2002-07-07,Brisbane Lions,Gold Coast Suns,Gabba,QLD,QLD,0,7,8,16,3,99,15,9,99,0,0,0
M13893,2002,Round 15,15,2002-07-09,Geelong Cats,Port Adelaide Power,GMHBA Stadium,VIC,SA,1,7,8,15,4,94,11,4,70,24,1,1
M13894,2002,Round 15,15,2002-07-11,Carlton Blues,GWS Giants,Marvel Stadium,VIC,NSW,1,8,7,15,4,94,15,8,98,-4,0,0
M13895,2002,Round 15,15,2002-07-13,Sydney Swans,St Kilda Saints,SCG,NSW,VIC,1,7,6,16,5,101,16,8,104,-3,0,0
M13896,2002,Round 15,15,2002-07-15,West Coast Eagles,Richmond Tigers,Optus Stadium,WA,VIC,1,7,7,15,6,96,16,5,101,-5,0,0
M13897,2002,Round 15,15,2002-07-17,Adelaide Crows,Essendon Bombers,Adelaide Oval,SA,VIC,1,6,6,15,8,98,12,6,78,20,1,1
M13898,2002,Round 16,16,2002-08-01,Carlton Blues,Gold Coast Suns,Marvel Stadium,VIC,QLD,1,7,6,16,4,100,14,2,86,14,1,1
M13899,2002,Round 16,16,2002-08-03,Melbourne Demons,Adelaide Crows,MCG,VIC,SA,1,8,9,13,9,87,12,4,76,11,1,1
M13900,2002,Round 16,16,2002-08-05,GWS Giants,Hawthorn Hawks,GIANTS Stadium,NSW,VIC,1,6,7,13,5,83,14,4,88,-5,0,0
M13901,2002,Round 16,16,2002-08-07,Sydney Swans,St Kilda Saints,SCG,NSW,VIC,1,8,9,16,2,98,13,9,87,11,1,1
M13902,2002,Round 16,16,2002-08-09,West Coast Eagles,Collingwood Magpies,Optus Stadium,WA,VIC,1,7,7,14,6,90,13,3,81,9,1,1
M13903,2002,Round 16,16,2002-08-11,Essendon Bombers,Geelong Cats,Marvel Stadium,VIC,VIC,0,9,7,15,4,94,12,8,80,14,1,1
M13904,2002,Round 16,16,2002-08-13,Western Bulldogs,Brisbane Lions,Marvel Stadium,VIC,QLD,1,7,7,14,2,86,13,7,85,1,1,1
M13905,2002,Round 16,16,2002-08-15,Richmond Tigers,North Melbourne Kangaroos,MCG,VIC,VIC,0,7,7,17,4,106,12,6,78,28,1,1
M13906,2002,Round 16,16,2002-08-17,Fremantle Dockers,Port Adelaide Power,Optus Stadium,WA,SA,1,8,6,14,3,87,11,5,71,16,1,1
M13907,2002,Round 17,17,2002-09-01,Collingwood Magpies,Sydney Swans,MCG,VIC,NSW,1,8,7,13,3,81,14,6,90,-9,0,0
M13908,2002,Round 17,17,2002-09-03,West Coast Eagles,Western Bulldogs,Optus Stadium,WA,VIC,1,7,7,16,1,97,15,3,93,4,1,1
M13909,2002,Round 17,17,2002-09-05,St Kilda Saints,Port Adelaide Power,Marvel Stadium,VIC,SA,1,9,9,15,9,99,14,3,87,12,1,1
M13910,2002,Round 17,17,2002-09-07,GWS Giants,Brisbane Lions,GIANTS Stadium,NSW,QLD,1,8,8,16,3,99,12,8,80,19,1,1
M13911,2002,Round 17,17,2002-09-09,Hawthorn Hawks,North Melbourne Kangaroos,MCG,VIC,VIC,0,7,7,13,7,85,13,5,83,2,1,1
M13912,2002,Round 17,17,2002-09-11,Melbourne Demons,Geelong Cats,MCG,VIC,VIC,0,8,9,14,6,90,12,7,79,11,1,1
M13913,2002,Round 17,17,2002-09-13,Fremantle Dockers,Adelaide Crows,Optus Stadium,WA,SA,1,7,9,14,4,88,15,7,97,-9,0,0
M13914,2002,Round 17,17,2002-09-15,Richmond Tigers,Carlton Blues,MCG,VIC,VIC,0,8,8,14,7,91,12,5,77,14,1,1
M13915,2002,Round 17,17,2002-09-17,Gold Coast Suns,Essendon Bombers,Heritage Bank Stadium,QLD,VIC,1,8,7,13,5,83,17,6,108,-25,0,0
M13916,2002,Round 18,18,2002-04-01,West Coast Eagles,Geelong Cats,Optus Stadium,WA,VIC,1,8,9,16,4,100,14,3,87,13,1,1
M13917,2002,Round 18,18,2002-04-03,Collingwood Magpies,Gold Coast Suns,MCG,VIC,QLD,1,7,8,18,3,111,14,4,88,23,1,1
M13918,2002,Round 18,18,2002-04-05,Melbourne Demons,St Kilda Saints,MCG,VIC,VIC,0,6,8,14,6,90,14,6,90,0,0,0
M13919,2002,Round 18,18,2002-04-07,GWS Giants,North Melbourne Kangaroos,GIANTS Stadium,NSW,VIC,1,7,8,16,7,103,13,6,84,19,1,1
M13920,2002,Round 18,18,2002-04-09,Adelaide Crows,Western Bulldogs,Adelaide Oval,SA,VIC,1,7,7,15,1,91,13,8,86,5,1,1
M13921,2002,Round 18,18,2002-04-11,Essendon Bombers,Brisbane Lions,Marvel Stadium,VIC,QLD,1,8,7,14,3,87,12,6,78,9,1,1
M13922,2002,Round 18,18,2002-04-13,Richmond Tigers,Hawthorn Hawks,MCG,VIC,VIC,0,6,9,14,4,88,14,6,90,-2,0,0
M13923,2002,Round 18,18,2002-04-15,Fremantle Dockers,Sydney Swans,Optus Stadium,WA,NSW,1,7,8,14,9,93,14,7,91,2,1,1
M13924,2002,Round 18,18,2002-04-17,Port Adelaide Power,Carlton Blues,Adelaide Oval,SA,VIC,1,7,9,16,2,98,13,2,80,18,1,1
M13925,2002,Round 19,19,2002-05-01,West Coast Eagles,Hawthorn Hawks,Optus Stadium,WA,VIC,1,7,9,15,2,92,13,6,84,8,1,1
M13926,2002,Round 19,19,2002-05-03,St Kilda Saints,Melbourne Demons,Marvel Stadium,VIC,VIC,0,7,7,15,4,94,12,8,80,14,1,1
M13927,2002,Round 19,19,2002-05-05,Port Adelaide Power,Richmond Tigers,Adelaide Oval,SA,VIC,1,7,7,15,6,96,13,7,85,11,1,1
M13928,2002,Round 19,19,2002-05-07,GWS Giants,Geelong Cats,GIANTS Stadium,NSW,VIC,1,7,7,14,6,90,13,6,84,6,1,1
M13929,2002,Round 19,19,2002-05-09,Collingwood Magpies,North Melbourne Kangaroos,MCG,VIC,VIC,0,6,6,16,4,100,14,4,88,12,1,1
M13930,2002,Round 19,19,2002-05-11,Essendon Bombers,Brisbane Lions,Marvel Stadium,VIC,QLD,1,7,7,17,6,108,13,5,83,25,1,1
M13931,2002,Round 19,19,2002-05-13,Carlton Blues,Fremantle Dockers,Marvel Stadium,VIC,WA,1,7,6,15,2,92,15,3,93,-1,0,0
M13932,2002,Round 19,19,2002-05-15,Gold Coast Suns,Sydney Swans,Heritage Bank Stadium,QLD,NSW,1,9,7,16,3,99,11,8,74,25,1,1
M13933,2002,Round 19,19,2002-05-17,Adelaide Crows,Western Bulldogs,Adelaide Oval,SA,VIC,1,7,8,17,5,107,14,2,86,21,1,1
M13934,2002,Round 20,20,2002-06-01,Essendon Bombers,Gold Coast Suns,Marvel Stadium,VIC,QLD,1,8,7,17,4,106,16,5,101,5,1,1
M13935,2002,Round 20,20,2002-06-03,Port Adelaide Power,Fremantle Dockers,Adelaide Oval,SA,WA,1,7,7,16,7,103,13,1,79,24,1,1
M13936,2002,Round 20,20,2002-06-05,Hawthorn Hawks,Adelaide Crows,MCG,VIC,SA,1,7,7,15,6,96,15,1,91,5,1,1
M13937,2002,Round 20,20,2002-06-07,Sydney Swans,St Kilda Saints,SCG,NSW,VIC,1,7,6,14,6,90,13,0,78,12,1,1
M13938,2002,Round 20,20,2002-06-09,Collingwood Magpies,Richmond Tigers,MCG,VIC,VIC,0,7,7,17,4,106,12,4,76,30,1,1
M13939,2002,Round 20,20,2002-06-11,Western Bulldogs,GWS Giants,Marvel Stadium,VIC,NSW,1,6,7,15,5,95,12,9,81,14,1,1
M13940,2002,Round 20,20,2002-06-13,Carlton Blues,West Coast Eagles,Marvel Stadium,VIC,WA,1,6,6,14,2,86,12,5,77,9,1,1
M13941,2002,Round 20,20,2002-06-15,Brisbane Lions,Geelong Cats,Gabba,QLD,VIC,1,6,7,16,9,105,11,4,70,35,1,1
M13942,2002,Round 20,20,2002-06-17,North Melbourne Kangaroos,Melbourne Demons,Marvel Stadium,VIC,VIC,0,9,7,16,5,101,13,1,79,22,1,1
M13943,2002,Round 21,21,2002-07-01,Carlton Blues,Port Adelaide Power,Marvel Stadium,VIC,SA,1,8,6,13,4,82,15,4,94,-12,0,0
M13944,2002,Round 21,21,2002-07-03,Essendon Bombers,West Coast Eagles,Marvel Stadium,VIC,WA,1,7,7,14,6,90,16,5,101,-11,0,0
M13945,2002,Round 21,21,2002-07-05,Western Bulldogs,Fremantle Dockers,Marvel Stadium,VIC,WA,1,6,7,18,4,112,14,4,88,24,1,1
M13946,2002,Round 21,21,2002-07-07,North Melbourne Kangaroos,Gold Coast Suns,Marvel Stadium,VIC,QLD,1,7,7,16,4,100,12,4,76,24,1,1
M13947,2002,Round 21,21,2002-07-09,Brisbane Lions,Geelong Cats,Gabba,QLD,VIC,1,9,8,15,7,97,15,4,94,3,1,1
M13948,2002,Round 21,21,2002-07-11,Adelaide Crows,Collingwood Magpies,Adelaide Oval,SA,VIC,1,7,6,16,5,101,12,0,72,29,1,1
M13949,2002,Round 21,21,2002-07-13,St Kilda Saints,Richmond Tigers,Marvel Stadium,VIC,VIC,0,9,7,21,2,128,15,1,91,37,1,1
M13950,2002,Round 21,21,2002-07-15,Sydney Swans,Hawthorn Hawks,SCG,NSW,VIC,1,6,8,16,1,97,14,4,88,9,1,1
M13951,2002,Round 21,21,2002-07-17,Melbourne Demons,GWS Giants,MCG,VIC,NSW,1,7,8,14,4,88,12,3,75,13,1,1
M13952,2002,Round 22,22,2002-08-01,Geelong Cats,Sydney Swans,GMHBA Stadium,VIC,NSW,1,9,6,13,4,82,11,5,71,11,1,1
M13953,2002,Round 22,22,2002-08-03,St Kilda Saints,West Coast Eagles,Marvel Stadium,VIC,WA,1,7,9,19,5,119,12,2,74,45,1,1
M13954,2002,Round 22,22,2002-08-05,Port Adelaide Power,North Melbourne Kangaroos,Adelaide Oval,SA,VIC,1,7,8,17,2,104,13,5,83,21,1,1
M13955,2002,Round 22,22,2002-08-07,Collingwood Magpies,Western Bulldogs,MCG,VIC,VIC,0,8,7,15,1,91,14,7,91,0,0,0
M13956,2002,Round 22,22,2002-08-09,Adelaide Crows,Carlton Blues,Adelaide Oval,SA,VIC,1,7,8,12,8,80,14,3,87,-7,0,0
M13957,2002,Round 22,22,2002-08-11,Richmond Tigers,Gold Coast Suns,MCG,VIC,QLD,1,6,8,14,6,90,11,4,70,20,1,1
M13958,2002,Round 22,22,2002-08-13,Essendon Bombers,Fremantle Dockers,Marvel Stadium,VIC,WA,1,7,6,13,8,86,14,6,90,-4,0,0
M13959,2002,Round 22,22,2002-08-15,GWS Giants,Hawthorn Hawks,GIANTS Stadium,NSW,VIC,1,7,6,16,6,102,12,7,79,23,1,1
M13960,2002,Round 22,22,2002-08-17,Brisbane Lions,Melbourne Demons,Gabba,QLD,VIC,1,7,6,16,2,98,15,6,96,2,1,1
M13961,2003,Round 1,1,2003-05-01,St Kilda Saints,Port Adelaide Power,Marvel Stadium,VIC,SA,1,7,7,16,3,99,11,4,70,29,1,1
M13962,2003,Round 1,1,2003-05-03,Carlton Blues,Richmond Tigers,Marvel Stadium,VIC,VIC,0,7,6,16,5,101,14,3,87,14,1,1
M13963,2003,Round 1,1,2003-05-05,North Melbourne Kangaroos,Brisbane Lions,Marvel Stadium,VIC,QLD,1,9,7,15,6,96,12,6,78,18,1,1
M13964,2003,Round 1,1,2003-05-07,Western Bulldogs,West Coast Eagles,Marvel Stadium,VIC,WA,1,8,7,16,1,97,12,6,78,19,1,1
M13965,2003,Round 1,1,2003-05-09,Hawthorn Hawks,Sydney Swans,MCG,VIC,NSW,1,7,7,15,3,93,10,5,65,28,1,1
M13966,2003,Round 1,1,2003-05-11,Collingwood Magpies,Fremantle Dockers,MCG,VIC,WA,1,7,7,13,4,82,15,5,95,-13,0,0
M13967,2003,Round 1,1,2003-05-13,Adelaide Crows,Geelong Cats,Adelaide Oval,SA,VIC,1,9,6,14,2,86,13,5,83,3,1,1
M13968,2003,Round 1,1,2003-05-15,Essendon Bombers,GWS Giants,Marvel Stadium,VIC,NSW,1,6,7,16,3,99,14,7,91,8,1,1
M13969,2003,Round 1,1,2003-05-17,Melbourne Demons,Gold Coast Suns,MCG,VIC,QLD,1,7,7,15,8,98,16,4,100,-2,0,0
M13970,2003,Round 2,2,2003-06-01,Hawthorn Hawks,St Kilda Saints,MCG,VIC,VIC,0,7,9,16,5,101,12,7,79,22,1,1
M13971,2003,Round 2,2,2003-06-03,Melbourne Demons,North Melbourne Kangaroos,MCG,VIC,VIC,0,6,7,15,5,95,14,2,86,9,1,1
M13972,2003,Round 2,2,2003-06-05,Carlton Blues,Port Adelaide Power,Marvel Stadium,VIC,SA,1,6,8,15,6,96,13,4,82,14,1,1
M13973,2003,Round 2,2,2003-06-07,Collingwood Magpies,West Coast Eagles,MCG,VIC,WA,1,7,6,13,9,87,13,9,87,0,0,0
M13974,2003,Round 2,2,2003-06-09,Adelaide Crows,Richmond Tigers,Adelaide Oval,SA,VIC,1,9,8,15,7,97,14,8,92,5,1,1
M13975,2003,Round 2,2,2003-06-11,Western Bulldogs,Essendon Bombers,Marvel Stadium,VIC,VIC,0,7,9,15,8,98,13,2,80,18,1,1
M13976,2003,Round 2,2,2003-06-13,GWS Giants,Sydney Swans,GIANTS Stadium,NSW,NSW,0,8,9,16,1,97,13,9,87,10,1,1
M13977,2003,Round 2,2,2003-06-15,Geelong Cats,Brisbane Lions,GMHBA Stadium,VIC,QLD,1,7,7,13,8,86,16,0,96,-10,0,0
M13978,2003,Round 2,2,2003-06-17,Gold Coast Suns,Fremantle Dockers,Heritage Bank Stadium,QLD,WA,1,6,7,13,3,81,14,4,88,-7,0,0
M13979,2003,Round 3,3,2003-07-01,West Coast Eagles,St Kilda Saints,Optus Stadium,WA,VIC,1,7,7,17,8,110,15,4,94,16,1,1
M13980,2003,Round 3,3,2003-07-03,Essendon Bombers,Brisbane Lions,Marvel Stadium,VIC,QLD,1,7,7,15,5,95,12,5,77,18,1,1
M13981,2003,Round 3,3,2003-07-05,Geelong Cats,GWS Giants,GMHBA Stadium,VIC,NSW,1,9,8,14,8,92,12,5,77,15,1,1
M13982,2003,Round 3,3,2003-07-07,Sydney Swans,Hawthorn Hawks,SCG,NSW,VIC,1,9,7,15,7,97,15,5,95,2,1,1
M13983,2003,Round 3,3,2003-07-09,Adelaide Crows,Gold Coast Suns,Adelaide Oval,SA,QLD,1,9,9,15,4,94,13,4,82,12,1,1
M13984,2003,Round 3,3,2003-07-11,Port Adelaide Power,Melbourne Demons,Adelaide Oval,SA,VIC,1,7,7,14,2,86,12,5,77,9,1,1
M13985,2003,Round 3,3,2003-07-13,Carlton Blues,North Melbourne Kangaroos,Marvel Stadium,VIC,VIC,0,7,7,14,4,88,14,7,91,-3,0,0
M13986,2003,Round 3,3,2003-07-15,Western Bulldogs,Richmond Tigers,Marvel Stadium,VIC,VIC,0,9,7,15,7,97,14,4,88,9,1,1
M13987,2003,Round 3,3,2003-07-17,Fremantle Dockers,Collingwood Magpies,Optus Stadium,WA,VIC,1,7,7,15,4,94,13,8,86,8,1,1
M13988,2003,Round 4,4,2003-08-01,St Kilda Saints,GWS Giants,Marvel Stadium,VIC,NSW,1,7,8,15,2,92,13,5,83,9,1,1
M13989,2003,Round 4,4,2003-08-03,North Melbourne Kangaroos,Hawthorn Hawks,Marvel Stadium,VIC,VIC,0,8,7,15,2,92,14,3,87,5,1,1
M13990,2003,Round 4,4,2003-08-05,Brisbane Lions,Collingwood Magpies,Gabba,QLD,VIC,1,7,7,17,2,104,19,6,120,-16,0,0
M13991,2003,Round 4,4,2003-08-07,Geelong Cats,Adelaide Crows,GMHBA Stadium,VIC,SA,1,7,8,18,9,117,16,5,101,16,1,1
M13992,2003,Round 4,4,2003-08-09,Richmond Tigers,Gold Coast Suns,MCG,VIC,QLD,1,8,7,15,3,93,11,7,73,20,1,1
M13993,2003,Round 4,4,2003-08-11,Carlton Blues,Western Bulldogs,Marvel Stadium,VIC,VIC,0,8,7,14,3,87,15,4,94,-7,0,0
M13994,2003,Round 4,4,2003-08-13,Sydney Swans,Essendon Bombers,SCG,NSW,VIC,1,9,6,16,6,102,11,7,73,29,1,1
M13995,2003,Round 4,4,2003-08-15,Fremantle Dockers,Melbourne Demons,Optus Stadium,WA,VIC,1,7,7,16,3,99,12,2,74,25,1,1
M13996,2003,Round 4,4,2003-08-17,West Coast Eagles,Port Adelaide Power,Optus Stadium,WA,SA,1,8,8,16,6,102,17,4,106,-4,0,0
M13997,2003,Round 5,5,2003-09-01,Essendon Bombers,Melbourne Demons,Marvel Stadium,VIC,VIC,0,7,7,14,7,91,16,7,103,-12,0,0
M13998,2003,Round 5,5,2003-09-03,Gold Coast Suns,Geelong Cats,Heritage Bank Stadium,QLD,VIC,1,6,7,14,5,89,11,4,70,19,1,1
M13999,2003,Round 5,5,2003-09-05,Brisbane Lions,Port Adelaide Power,Gabba,QLD,SA,1,8,7,15,7,97,15,4,94,3,1,1
M14000,2003,Round 5,5,2003-09-07,Richmond Tigers,North Melbourne Kangaroos,MCG,VIC,VIC,0,7,6,14,7,91,14,5,89,2,1,1
M14001,2003,Round 5,5,2003-09-09,St Kilda Saints,Fremantle Dockers,Marvel Stadium,VIC,WA,1,7,7,13,8,86,15,4,94,-8,0,0
M14002,2003,Round 5,5,2003-09-11,Western Bulldogs,West Coast Eagles,Marvel Stadium,VIC,WA,1,8,8,14,5,89,12,2,74,15,1,1
M14003,2003,Round 5,5,2003-09-13,GWS Giants,Carlton Blues,GIANTS Stadium,NSW,VIC,1,7,6,15,8,98,16,3,99,-1,0,0
M14004,2003,Round 5,5,2003-09-15,Collingwood Magpies,Adelaide Crows,MCG,VIC,SA,1,6,7,14,2,86,13,2,80,6,1,1
M14005,2003,Round 5,5,2003-09-17,Sydney Swans,Hawthorn Hawks,SCG,NSW,VIC,1,7,7,15,6,96,14,4,88,8,1,1
M14006,2003,Round 6,6,2003-04-01,Melbourne Demons,Hawthorn Hawks,MCG,VIC,VIC,0,7,6,15,7,97,18,6,114,-17,0,0
M14007,2003,Round 6,6,2003-04-03,Carlton Blues,Geelong Cats,Marvel Stadium,VIC,VIC,0,7,7,16,4,100,16,5,101,-1,0,0
M14008,2003,Round 6,6,2003-04-05,Essendon Bombers,Richmond Tigers,Marvel Stadium,VIC,VIC,0,7,8,15,6,96,13,5,83,13,1,1
M14009,2003,Round 6,6,2003-04-07,West Coast Eagles,Adelaide Crows,Optus Stadium,WA,SA,1,9,7,15,7,97,16,6,102,-5,0,0
M14010,2003,Round 6,6,2003-04-09,GWS Giants,Gold Coast Suns,GIANTS Stadium,NSW,QLD,1,8,7,15,1,91,15,7,97,-6,0,0
M14011,2003,Round 6,6,2003-04-11,Sydney Swans,Fremantle Dockers,SCG,NSW,WA,1,8,6,14,3,87,14,2,86,1,1,1
M14012,2003,Round 6,6,2003-04-13,St Kilda Saints,Collingwood Magpies,Marvel Stadium,VIC,VIC,0,9,7,17,5,107,10,2,62,45,1,1
M14013,2003,Round 6,6,2003-04-15,North Melbourne Kangaroos,Port Adelaide Power,Marvel Stadium,VIC,SA,1,6,9,14,3,87,12,2,74,13,1,1
M14014,2003,Round 6,6,2003-04-17,Western Bulldogs,Brisbane Lions,Marvel Stadium,VIC,QLD,1,7,6,15,5,95,11,4,70,25,1,1
M14015,2003,Round 7,7,2003-05-01,Adelaide Crows,GWS Giants,Adelaide Oval,SA,NSW,1,9,7,12,6,78,12,4,76,2,1,1
M14016,2003,Round 7,7,2003-05-03,Gold Coast Suns,Geelong Cats,Heritage Bank Stadium,QLD,VIC,1,7,7,11,7,73,11,5,71,2,1,1
M14017,2003,Round 7,7,2003-05-05,St Kilda Saints,West Coast Eagles,Marvel Stadium,VIC,WA,1,9,8,15,7,97,13,2,80,17,1,1
M14018,2003,Round 7,7,2003-05-07,Collingwood Magpies,Essendon Bombers,MCG,VIC,VIC,0,6,7,16,5,101,17,6,108,-7,0,0
M14019,2003,Round 7,7,2003-05-09,Brisbane Lions,Melbourne Demons,Gabba,QLD,VIC,1,9,7,16,1,97,11,8,74,23,1,1
M14020,2003,Round 7,7,2003-05-11,Port Adelaide Power,Carlton Blues,Adelaide Oval,SA,VIC,1,7,7,17,4,106,16,5,101,5,1,1
M14021,2003,Round 7,7,2003-05-13,Fremantle Dockers,Hawthorn Hawks,Optus Stadium,WA,VIC,1,6,7,15,0,90,14,4,88,2,1,1
M14022,2003,Round 7,7,2003-05-15,Sydney Swans,North Melbourne Kangaroos,SCG,NSW,VIC,1,7,9,17,3,105,16,6,102,3,1,1
M14023,2003,Round 7,7,2003-05-17,Richmond Tigers,Western Bulldogs,MCG,VIC,VIC,0,7,7,14,5,89,11,5,71,18,1,1
M14024,2003,Round 8,8,2003-06-01,Geelong Cats,Sydney Swans,GMHBA Stadium,VIC,NSW,1,6,7,15,4,94,15,3,93,1,1,1
M14025,2003,Round 8,8,2003-06-03,Gold Coast Suns,Hawthorn Hawks,Heritage Bank Stadium,QLD,VIC,1,7,9,16,3,99,15,5,95,4,1,1
M14026,2003,Round 8,8,2003-06-05,Melbourne Demons,St Kilda Saints,MCG,VIC,VIC,0,8,9,20,8,128,16,2,98,30,1,1
M14027,2003,Round 8,8,2003-06-07,West Coast Eagles,Richmond Tigers,Optus Stadium,WA,VIC,1,7,9,15,6,96,16,2,98,-2,0,0
M14028,2003,Round 8,8,2003-06-09,Adelaide Crows,Port Adelaide Power,Adelaide Oval,SA,SA,0,7,6,13,4,82,11,2,68,14,1,1
M14029,2003,Round 8,8,2003-06-11,Fremantle Dockers,Western Bulldogs,Optus Stadium,WA,VIC,1,7,7,12,7,79,13,7,85,-6,0,0
M14030,2003,Round 8,8,2003-06-13,North Melbourne Kangaroos,Carlton Blues,Marvel Stadium,VIC,VIC,0,9,6,14,2,86,14,2,86,0,0,0
M14031,2003,Round 8,8,2003-06-15,Essendon Bombers,Collingwood Magpies,Marvel Stadium,VIC,VIC,0,9,6,17,5,107,12,7,79,28,1,1
M14032,2003,Round 8,8,2003-06-17,GWS Giants,Brisbane Lions,GIANTS Stadium,NSW,QLD,1,7,7,16,0,96,12,3,75,21,1,1
M14033,2003,Round 9,9,2003-07-01,Melbourne Demons,Collingwood Magpies,MCG,VIC,VIC,0,7,7,15,7,97,15,6,96,1,1,1
M14034,2003,Round 9,9,2003-07-03,Geelong Cats,Essendon Bombers,GMHBA Stadium,VIC,VIC,0,7,7,16,5,101,11,6,72,29,1,1
M14035,2003,Round 9,9,2003-07-05,Sydney Swans,St Kilda Saints,SCG,NSW,VIC,1,7,6,16,7,103,12,4,76,27,1,1
M14036,2003,Round 9,9,2003-07-07,North Melbourne Kangaroos,Hawthorn Hawks,Marvel Stadium,VIC,VIC,0,6,7,15,5,95,14,5,89,6,1,1
M14037,2003,Round 9,9,2003-07-09,Carlton Blues,Fremantle Dockers,Marvel Stadium,VIC,WA,1,8,6,16,2,98,12,1,73,25,1,1
M14038,2003,Round 9,9,2003-07-11,Western Bulldogs,West Coast Eagles,Marvel Stadium,VIC,WA,1,7,7,14,0,84,17,4,106,-22,0,0
M14039,2003,Round 9,9,2003-07-13,Gold Coast Suns,GWS Giants,Heritage Bank Stadium,QLD,NSW,1,8,7,16,1,97,12,4,76,21,1,1
M14040,2003,Round 9,9,2003-07-15,Port Adelaide Power,Brisbane Lions,Adelaide Oval,SA,QLD,1,9,9,13,3,81,16,7,103,-22,0,0
M14041,2003,Round 9,9,2003-07-17,Richmond Tigers,Adelaide Crows,MCG,VIC,SA,1,8,7,14,2,86,13,9,87,-1,0,0
M14042,2003,Round 10,10,2003-08-01,GWS Giants,Fremantle Dockers,GIANTS Stadium,NSW,WA,1,7,8,17,4,106,13,8,86,20,1,1
M14043,2003,Round 10,10,2003-08-03,Sydney Swans,Collingwood Magpies,SCG,NSW,VIC,1,8,7,14,8,92,12,5,77,15,1,1
M14044,2003,Round 10,10,2003-08-05,Geelong Cats,Gold Coast Suns,GMHBA Stadium,VIC,QLD,1,7,8,14,5,89,13,3,81,8,1,1
M14045,2003,Round 10,10,2003-08-07,Adelaide Crows,Essendon Bombers,Adelaide Oval,SA,VIC,1,7,7,17,9,111,14,3,87,24,1,1
M14046,2003,Round 10,10,2003-08-09,Port Adelaide Power,West Coast Eagles,Adelaide Oval,SA,WA,1,7,7,18,7,115,14,9,93,22,1,1
M14047,2003,Round 10,10,2003-08-11,Western Bulldogs,Hawthorn Hawks,Marvel Stadium,VIC,VIC,0,9,7,17,4,106,15,9,99,7,1,1
M14048,2003,Round 10,10,2003-08-13,Richmond Tigers,Carlton Blues,MCG,VIC,VIC,0,6,9,11,9,75,14,5,89,-14,0,0
M14049,2003,Round 10,10,2003-08-15,Brisbane Lions,North Melbourne Kangaroos,Gabba,QLD,VIC,1,7,9,20,5,125,15,3,93,32,1,1
M14050,2003,Round 10,10,2003-08-17,Melbourne Demons,St Kilda Saints,MCG,VIC,VIC,0,7,7,17,2,104,14,4,88,16,1,1
M14051,2003,Round 11,11,2003-09-01,St Kilda Saints,Gold Coast Suns,Marvel Stadium,VIC,QLD,1,7,7,12,9,81,14,3,87,-6,0,0
M14052,2003,Round 11,11,2003-09-03,Adelaide Crows,Melbourne Demons,Adelaide Oval,SA,VIC,1,7,7,17,4,106,11,2,68,38,1,1
M14053,2003,Round 11,11,2003-09-05,Sydney Swans,North Melbourne Kangaroos,SCG,NSW,VIC,1,6,7,15,6,96,15,2,92,4,1,1
M14054,2003,Round 11,11,2003-09-07,Carlton Blues,Brisbane Lions,Marvel Stadium,VIC,QLD,1,7,8,15,4,94,14,1,85,9,1,1
M14055,2003,Round 11,11,2003-09-09,Essendon Bombers,GWS Giants,Marvel Stadium,VIC,NSW,1,7,9,17,1,103,15,6,96,7,1,1
M14056,2003,Round 11,11,2003-09-11,Port Adelaide Power,Hawthorn Hawks,Adelaide Oval,SA,VIC,1,9,7,19,1,115,15,5,95,20,1,1
M14057,2003,Round 11,11,2003-09-13,Fremantle Dockers,Collingwood Magpies,Optus Stadium,WA,VIC,1,7,9,14,7,91,11,6,72,19,1,1
M14058,2003,Round 11,11,2003-09-15,Western Bulldogs,West Coast Eagles,Marvel Stadium,VIC,WA,1,7,9,17,9,111,14,1,85,26,1,1
M14059,2003,Round 11,11,2003-09-17,Geelong Cats,Richmond Tigers,GMHBA Stadium,VIC,VIC,0,9,7,17,5,107,12,8,80,27,1,1
M14060,2003,Round 12,12,2003-04-01,Richmond Tigers,Essendon Bombers,MCG,VIC,VIC,0,9,9,14,2,86,12,5,77,9,1,1
M14061,2003,Round 12,12,2003-04-03,St Kilda Saints,Port Adelaide Power,Marvel Stadium,VIC,SA,1,7,7,14,7,91,12,4,76,15,1,1
M14062,2003,Round 12,12,2003-04-05,West Coast Eagles,North Melbourne Kangaroos,Optus Stadium,WA,VIC,1,7,7,15,6,96,14,4,88,8,1,1
M14063,2003,Round 12,12,2003-04-07,Sydney Swans,Fremantle Dockers,SCG,NSW,WA,1,7,6,15,3,93,17,5,107,-14,0,0
M14064,2003,Round 12,12,2003-04-09,Western Bulldogs,Adelaide Crows,Marvel Stadium,VIC,SA,1,9,7,16,8,104,17,5,107,-3,0,0
M14065,2003,Round 12,12,2003-04-11,Hawthorn Hawks,Gold Coast Suns,MCG,VIC,QLD,1,9,7,16,3,99,16,4,100,-1,0,0
M14066,2003,Round 12,12,2003-04-13,GWS Giants,Brisbane Lions,GIANTS Stadium,NSW,QLD,1,7,7,14,4,88,14,7,91,-3,0,0
M14067,2003,Round 12,12,2003-04-15,Geelong Cats,Carlton Blues,GMHBA Stadium,VIC,VIC,0,8,6,17,9,111,16,1,97,14,1,1
M14068,2003,Round 12,12,2003-04-17,Melbourne Demons,Collingwood Magpies,MCG,VIC,VIC,0,9,8,17,4,106,13,7,85,21,1,1
M14069,2003,Round 13,13,2003-05-01,Port Adelaide Power,Hawthorn Hawks,Adelaide Oval,SA,VIC,1,7,6,13,3,81,16,0,96,-15,0,0
M14070,2003,Round 13,13,2003-05-03,Collingwood Magpies,Western Bulldogs,MCG,VIC,VIC,0,7,6,14,6,90,13,4,82,8,1,1
M14071,2003,Round 13,13,2003-05-05,Brisbane Lions,Melbourne Demons,Gabba,QLD,VIC,1,8,7,15,5,95,14,5,89,6,1,1
M14072,2003,Round 13,13,2003-05-07,GWS Giants,St Kilda Saints,GIANTS Stadium,NSW,VIC,1,7,7,17,5,107,15,2,92,15,1,1
M14073,2003,Round 13,13,2003-05-09,Essendon Bombers,Fremantle Dockers,Marvel Stadium,VIC,WA,1,9,9,16,3,99,12,4,76,23,1,1
M14074,2003,Round 13,13,2003-05-11,Gold Coast Suns,North Melbourne Kangaroos,Heritage Bank Stadium,QLD,VIC,1,9,7,16,3,99,13,4,82,17,1,1
M14075,2003,Round 13,13,2003-05-13,Richmond Tigers,West Coast Eagles,MCG,VIC,WA,1,9,7,17,0,102,13,5,83,19,1,1
M14076,2003,Round 13,13,2003-05-15,Adelaide Crows,Carlton Blues,Adelaide Oval,SA,VIC,1,6,9,14,6,90,12,6,78,12,1,1
M14077,2003,Round 13,13,2003-05-17,Geelong Cats,Sydney Swans,GMHBA Stadium,VIC,NSW,1,9,7,15,4,94,12,8,80,14,1,1
M14078,2003,Round 14,14,2003-06-01,Melbourne Demons,Gold Coast Suns,MCG,VIC,QLD,1,6,7,16,7,103,13,2,80,23,1,1
M14079,2003,Round 14,14,2003-06-03,Richmond Tigers,Western Bulldogs,MCG,VIC,VIC,0,6,7,15,4,94,12,5,77,17,1,1
M14080,2003,Round 14,14,2003-06-05,Collingwood Magpies,St Kilda Saints,MCG,VIC,VIC,0,7,7,17,8,110,14,6,90,20,1,1
M14081,2003,Round 14,14,2003-06-07,North Melbourne Kangaroos,Sydney Swans,Marvel Stadium,VIC,NSW,1,7,8,13,7,85,12,5,77,8,1,1
M14082,2003,Round 14,14,2003-06-09,Adelaide Crows,Brisbane Lions,Adelaide Oval,SA,QLD,1,9,7,16,8,104,13,5,83,21,1,1
M14083,2003,Round 14,14,2003-06-11,Essendon Bombers,West Coast Eagles,Marvel Stadium,VIC,WA,1,9,8,17,1,103,15,3,93,10,1,1
M14084,2003,Round 14,14,2003-06-13,Fremantle Dockers,Hawthorn Hawks,Optus Stadium,WA,VIC,1,7,8,16,5,101,14,5,89,12,1,1
M14085,2003,Round 14,14,2003-06-15,Carlton Blues,Port Adelaide Power,Marvel Stadium,VIC,SA,1,8,6,15,6,96,12,1,73,23,1,1
M14086,2003,Round 14,14,2003-06-17,Geelong Cats,GWS Giants,GMHBA Stadium,VIC,NSW,1,7,7,14,7,91,13,2,80,11,1,1
M14087,2003,Round 15,15,2003-07-01,Sydney Swans,Melbourne Demons,SCG,NSW,VIC,1,7,7,14,4,88,14,4,88,0,0,0
M14088,2003,Round 15,15,2003-07-03,Essendon Bombers,Hawthorn Hawks,Marvel Stadium,VIC,VIC,0,7,7,14,3,87,13,2,80,7,1,1
M14089,2003,Round 15,15,2003-07-05,Fremantle Dockers,Western Bulldogs,Optus Stadium,WA,VIC,1,7,6,15,4,94,14,7,91,3,1,1
M14090,2003,Round 15,15,2003-07-07,Adelaide Crows,West Coast Eagles,Adelaide Oval,SA,WA,1,7,8,17,9,111,14,5,89,22,1,1
M14091,2003,Round 15,15,2003-07-09,North Melbourne Kangaroos,Geelong Cats,Marvel Stadium,VIC,VIC,0,7,7,16,6,102,13,5,83,19,1,1
M14092,2003,Round 15,15,2003-07-11,St Kilda Saints,Port Adelaide Power,Marvel Stadium,VIC,SA,1,6,7,18,3,111,14,6,90,21,1,1
M14093,2003,Round 15,15,2003-07-13,GWS Giants,Gold Coast Suns,GIANTS Stadium,NSW,QLD,1,7,8,15,6,96,11,4,70,26,1,1
M14094,2003,Round 15,15,2003-07-15,Carlton Blues,Brisbane Lions,Marvel Stadium,VIC,QLD,1,7,9,13,5,83,12,8,80,3,1,1
M14095,2003,Round 15,15,2003-07-17,Richmond Tigers,Collingwood Magpies,MCG,VIC,VIC,0,7,7,14,7,91,15,5,95,-4,0,0
M14096,2003,Round 16,16,2003-08-01,Carlton Blues,Western Bulldogs,Marvel Stadium,VIC,VIC,0,8,8,17,2,104,12,6,78,26,1,1
M14097,2003,Round 16,16,2003-08-03,GWS Giants,Richmond Tigers,GIANTS Stadium,NSW,VIC,1,9,9,15,6,96,12,6,78,18,1,1
M14098,2003,Round 16,16,2003-08-05,Adelaide Crows,Gold Coast Suns,Adelaide Oval,SA,QLD,1,6,7,14,4,88,11,2,68,20,1,1
M14099,2003,Round 16,16,2003-08-07,North Melbourne Kangaroos,St Kilda Saints,Marvel Stadium,VIC,VIC,0,7,7,15,7,97,12,8,80,17,1,1
M14100,2003,Round 16,16,2003-08-09,Port Adelaide Power,Hawthorn Hawks,Adelaide Oval,SA,VIC,1,9,7,18,6,114,12,7,79,35,1,1
M14101,2003,Round 16,16,2003-08-11,Fremantle Dockers,Geelong Cats,Optus Stadium,WA,VIC,1,9,6,14,8,92,14,2,86,6,1,1
M14102,2003,Round 16,16,2003-08-13,Collingwood Magpies,Essendon Bombers,MCG,VIC,VIC,0,7,9,15,4,94,14,4,88,6,1,1
M14103,2003,Round 16,16,2003-08-15,Sydney Swans,Brisbane Lions,SCG,NSW,QLD,1,9,7,15,7,97,14,2,86,11,1,1
M14104,2003,Round 16,16,2003-08-17,West Coast Eagles,Melbourne Demons,Optus Stadium,WA,VIC,1,8,7,14,8,92,13,1,79,13,1,1
M14105,2003,Round 17,17,2003-09-01,GWS Giants,Carlton Blues,GIANTS Stadium,NSW,VIC,1,7,9,14,7,91,16,8,104,-13,0,0
M14106,2003,Round 17,17,2003-09-03,Fremantle Dockers,Brisbane Lions,Optus Stadium,WA,QLD,1,8,8,15,3,93,15,7,97,-4,0,0
M14107,2003,Round 17,17,2003-09-05,Collingwood Magpies,Port Adelaide Power,MCG,VIC,SA,1,7,7,14,4,88,14,4,88,0,0,0
M14108,2003,Round 17,17,2003-09-07,West Coast Eagles,Hawthorn Hawks,Optus Stadium,WA,VIC,1,6,9,17,5,107,13,6,84,23,1,1
M14109,2003,Round 17,17,2003-09-09,Western Bulldogs,Melbourne Demons,Marvel Stadium,VIC,VIC,0,7,8,17,3,105,12,7,79,26,1,1
M14110,2003,Round 17,17,2003-09-11,Adelaide Crows,St Kilda Saints,Adelaide Oval,SA,VIC,1,6,7,16,5,101,13,6,84,17,1,1
M14111,2003,Round 17,17,2003-09-13,Essendon Bombers,North Melbourne Kangaroos,Marvel Stadium,VIC,VIC,0,9,9,14,7,91,16,3,99,-8,0,0
M14112,2003,Round 17,17,2003-09-15,Gold Coast Suns,Geelong Cats,Heritage Bank Stadium,QLD,VIC,1,7,9,16,2,98,13,6,84,14,1,1
M14113,2003,Round 17,17,2003-09-17,Richmond Tigers,Sydney Swans,MCG,VIC,NSW,1,7,7,16,6,102,13,8,86,16,1,1
M14114,2003,Round 18,18,2003-04-01,Brisbane Lions,Port Adelaide Power,Gabba,QLD,SA,1,7,7,16,1,97,10,5,65,32,1,1
M14115,2003,Round 18,18,2003-04-03,Richmond Tigers,Hawthorn Hawks,MCG,VIC,VIC,0,7,7,15,9,99,14,3,87,12,1,1
M14116,2003,Round 18,18,2003-04-05,Gold Coast Suns,Fremantle Dockers,Heritage Bank Stadium,QLD,WA,1,9,9,16,3,99,13,5,83,16,1,1
M14117,2003,Round 18,18,2003-04-07,Sydney Swans,Melbourne Demons,SCG,NSW,VIC,1,7,9,16,1,97,17,0,102,-5,0,0
M14118,2003,Round 18,18,2003-04-09,GWS Giants,Essendon Bombers,GIANTS Stadium,NSW,VIC,1,7,9,17,5,107,14,7,91,16,1,1
M14119,2003,Round 18,18,2003-04-11,Adelaide Crows,St Kilda Saints,Adelaide Oval,SA,VIC,1,8,7,14,2,86,14,5,89,-3,0,0
M14120,2003,Round 18,18,2003-04-13,North Melbourne Kangaroos,Collingwood Magpies,Marvel Stadium,VIC,VIC,0,8,7,14,7,91,14,7,91,0,0,0
M14121,2003,Round 18,18,2003-04-15,Western Bulldogs,Geelong Cats,Marvel Stadium,VIC,VIC,0,6,7,12,7,79,12,4,76,3,1,1
M14122,2003,Round 18,18,2003-04-17,West Coast Eagles,Carlton Blues,Optus Stadium,WA,VIC,1,7,7,14,6,90,15,4,94,-4,0,0
M14123,2003,Round 19,19,2003-05-01,Gold Coast Suns,St Kilda Saints,Heritage Bank Stadium,QLD,VIC,1,7,7,15,3,93,14,4,88,5,1,1
M14124,2003,Round 19,19,2003-05-03,Carlton Blues,Essendon Bombers,Marvel Stadium,VIC,VIC,0,9,6,15,6,96,15,3,93,3,1,1
M14125,2003,Round 19,19,2003-05-05,GWS Giants,Richmond Tigers,GIANTS Stadium,NSW,VIC,1,8,6,13,4,82,13,5,83,-1,0,0
M14126,2003,Round 19,19,2003-05-07,Brisbane Lions,Collingwood Magpies,Gabba,QLD,VIC,1,8,6,13,4,82,13,2,80,2,1,1
M14127,2003,Round 19,19,2003-05-09,Hawthorn Hawks,Geelong Cats,MCG,VIC,VIC,0,9,7,15,2,92,12,4,76,16,1,1
M14128,2003,Round 19,19,2003-05-11,Sydney Swans,Port Adelaide Power,SCG,NSW,SA,1,7,7,14,6,90,19,8,122,-32,0,0
M14129,2003,Round 19,19,2003-05-13,Western Bulldogs,Fremantle Dockers,Marvel Stadium,VIC,WA,1,8,6,16,7,103,15,5,95,8,1,1
M14130,2003,Round 19,19,2003-05-15,West Coast Eagles,North Melbourne Kangaroos,Optus Stadium,WA,VIC,1,7,8,15,4,94,12,5,77,17,1,1
M14131,2003,Round 19,19,2003-05-17,Melbourne Demons,Adelaide Crows,MCG,VIC,SA,1,7,6,17,6,108,13,6,84,24,1,1
M14132,2003,Round 20,20,2003-06-01,Sydney Swans,North Melbourne Kangaroos,SCG,NSW,VIC,1,6,6,16,4,100,13,2,80,20,1,1
M14133,2003,Round 20,20,2003-06-03,Western Bulldogs,Hawthorn Hawks,Marvel Stadium,VIC,VIC,0,9,7,15,5,95,13,5,83,12,1,1
M14134,2003,Round 20,20,2003-06-05,GWS Giants,Collingwood Magpies,GIANTS Stadium,NSW,VIC,1,7,7,11,9,75,15,3,93,-18,0,0
M14135,2003,Round 20,20,2003-06-07,Geelong Cats,Melbourne Demons,GMHBA Stadium,VIC,VIC,0,7,7,18,7,115,13,4,82,33,1,1
M14136,2003,Round 20,20,2003-06-09,Brisbane Lions,Adelaide Crows,Gabba,QLD,SA,1,9,9,12,5,77,11,0,66,11,1,1
M14137,2003,Round 20,20,2003-06-11,Essendon Bombers,West Coast Eagles,Marvel Stadium,VIC,WA,1,9,7,14,6,90,12,4,76,14,1,1
M14138,2003,Round 20,20,2003-06-13,Gold Coast Suns,Fremantle Dockers,Heritage Bank Stadium,QLD,WA,1,8,8,18,3,111,13,9,87,24,1,1
M14139,2003,Round 20,20,2003-06-15,Carlton Blues,St Kilda Saints,Marvel Stadium,VIC,VIC,0,8,7,17,6,108,13,7,85,23,1,1
M14140,2003,Round 20,20,2003-06-17,Port Adelaide Power,Richmond Tigers,Adelaide Oval,SA,VIC,1,7,7,14,2,86,11,7,73,13,1,1
M14141,2003,Round 21,21,2003-07-01,Adelaide Crows,Fremantle Dockers,Adelaide Oval,SA,WA,1,8,7,18,0,108,14,3,87,21,1,1
M14142,2003,Round 21,21,2003-07-03,Gold Coast Suns,GWS Giants,Heritage Bank Stadium,QLD,NSW,1,9,7,16,8,104,13,6,84,20,1,1
M14143,2003,Round 21,21,2003-07-05,Richmond Tigers,Western Bulldogs,MCG,VIC,VIC,0,7,7,14,2,86,14,7,91,-5,0,0
M14144,2003,Round 21,21,2003-07-07,Collingwood Magpies,Essendon Bombers,MCG,VIC,VIC,0,6,7,14,7,91,12,4,76,15,1,1
M14145,2003,Round 21,21,2003-07-09,Hawthorn Hawks,Sydney Swans,MCG,VIC,NSW,1,6,7,13,2,80,15,8,98,-18,0,0
M14146,2003,Round 21,21,2003-07-11,Port Adelaide Power,Brisbane Lions,Adelaide Oval,SA,QLD,1,7,7,17,2,104,15,1,91,13,1,1
M14147,2003,Round 21,21,2003-07-13,West Coast Eagles,St Kilda Saints,Optus Stadium,WA,VIC,1,7,7,15,4,94,10,7,67,27,1,1
M14148,2003,Round 21,21,2003-07-15,North Melbourne Kangaroos,Melbourne Demons,Marvel Stadium,VIC,VIC,0,8,7,15,2,92,13,4,82,10,1,1
M14149,2003,Round 21,21,2003-07-17,Geelong Cats,Carlton Blues,GMHBA Stadium,VIC,VIC,0,7,7,17,0,102,16,5,101,1,1,1
M14150,2003,Round 22,22,2003-08-01,Fremantle Dockers,Sydney Swans,Optus Stadium,WA,NSW,1,7,6,14,3,87,14,7,91,-4,0,0
M14151,2003,Round 22,22,2003-08-03,Hawthorn Hawks,Essendon Bombers,MCG,VIC,VIC,0,7,7,14,6,90,12,7,79,11,1,1
M14152,2003,Round 22,22,2003-08-05,Gold Coast Suns,Geelong Cats,Heritage Bank Stadium,QLD,VIC,1,8,6,15,3,93,13,5,83,10,1,1
M14153,2003,Round 22,22,2003-08-07,Port Adelaide Power,Brisbane Lions,Adelaide Oval,SA,QLD,1,6,6,15,5,95,14,3,87,8,1,1
M14154,2003,Round 22,22,2003-08-09,Richmond Tigers,Collingwood Magpies,MCG,VIC,VIC,0,6,7,13,3,81,14,1,85,-4,0,0
M14155,2003,Round 22,22,2003-08-11,Carlton Blues,West Coast Eagles,Marvel Stadium,VIC,WA,1,9,6,15,1,91,13,3,81,10,1,1
M14156,2003,Round 22,22,2003-08-13,Western Bulldogs,St Kilda Saints,Marvel Stadium,VIC,VIC,0,7,7,14,1,85,12,6,78,7,1,1
M14157,2003,Round 22,22,2003-08-15,Melbourne Demons,North Melbourne Kangaroos,MCG,VIC,VIC,0,7,9,17,8,110,16,4,100,10,1,1
M14158,2003,Round 22,22,2003-08-17,GWS Giants,Adelaide Crows,GIANTS Stadium,NSW,SA,1,9,7,14,7,91,12,5,77,14,1,1
M14159,2004,Round 1,1,2004-05-01,Adelaide Crows,St Kilda Saints,Adelaide Oval,SA,VIC,1,7,9,17,5,107,15,4,94,13,1,1
M14160,2004,Round 1,1,2004-05-03,Gold Coast Suns,Geelong Cats,Heritage Bank Stadium,QLD,VIC,1,7,8,14,2,86,13,5,83,3,1,1
M14161,2004,Round 1,1,2004-05-05,Carlton Blues,Richmond Tigers,Marvel Stadium,VIC,VIC,0,7,8,18,5,113,15,6,96,17,1,1
M14162,2004,Round 1,1,2004-05-07,GWS Giants,West Coast Eagles,GIANTS Stadium,NSW,WA,1,7,6,14,2,86,13,7,85,1,1,1
M14163,2004,Round 1,1,2004-05-09,Port Adelaide Power,Melbourne Demons,Adelaide Oval,SA,VIC,1,7,9,14,3,87,13,5,83,4,1,1
M14164,2004,Round 1,1,2004-05-11,Sydney Swans,North Melbourne Kangaroos,SCG,NSW,VIC,1,7,8,13,6,84,15,5,95,-11,0,0
M14165,2004,Round 1,1,2004-05-13,Western Bulldogs,Hawthorn Hawks,Marvel Stadium,VIC,VIC,0,7,8,14,5,89,13,6,84,5,1,1
M14166,2004,Round 1,1,2004-05-15,Collingwood Magpies,Fremantle Dockers,MCG,VIC,WA,1,7,8,15,5,95,13,5,83,12,1,1
M14167,2004,Round 1,1,2004-05-17,Brisbane Lions,Essendon Bombers,Gabba,QLD,VIC,1,9,7,14,4,88,16,6,102,-14,0,0
M14168,2004,Round 2,2,2004-06-01,West Coast Eagles,Hawthorn Hawks,Optus Stadium,WA,VIC,1,7,7,14,4,88,15,7,97,-9,0,0
M14169,2004,Round 2,2,2004-06-03,Brisbane Lions,Melbourne Demons,Gabba,QLD,VIC,1,9,7,16,6,102,14,5,89,13,1,1
M14170,2004,Round 2,2,2004-06-05,Adelaide Crows,Geelong Cats,Adelaide Oval,SA,VIC,1,7,7,14,5,89,14,2,86,3,1,1
M14171,2004,Round 2,2,2004-06-07,Carlton Blues,Essendon Bombers,Marvel Stadium,VIC,VIC,0,7,7,18,5,113,14,9,93,20,1,1
M14172,2004,Round 2,2,2004-06-09,Gold Coast Suns,Western Bulldogs,Heritage Bank Stadium,QLD,VIC,1,8,7,15,2,92,15,1,91,1,1,1
M14173,2004,Round 2,2,2004-06-11,Port Adelaide Power,Collingwood Magpies,Adelaide Oval,SA,VIC,1,8,7,15,6,96,14,6,90,6,1,1
M14174,2004,Round 2,2,2004-06-13,GWS Giants,North Melbourne Kangaroos,GIANTS Stadium,NSW,VIC,1,7,7,17,4,106,12,1,73,33,1,1
M14175,2004,Round 2,2,2004-06-15,St Kilda Saints,Sydney Swans,Marvel Stadium,VIC,NSW,1,7,9,17,1,103,15,3,93,10,1,1
M14176,2004,Round 2,2,2004-06-17,Fremantle Dockers,Richmond Tigers,Optus Stadium,WA,VIC,1,9,7,14,4,88,10,7,67,21,1,1
M14177,2004,Round 3,3,2004-07-01,Adelaide Crows,GWS Giants,Adelaide Oval,SA,NSW,1,7,6,18,6,114,13,9,87,27,1,1
M14178,2004,Round 3,3,2004-07-03,Collingwood Magpies,Carlton Blues,MCG,VIC,VIC,0,9,9,15,6,96,14,6,90,6,1,1
M14179,2004,Round 3,3,2004-07-05,Brisbane Lions,Melbourne Demons,Gabba,QLD,VIC,1,7,6,14,8,92,16,3,99,-7,0,0
M14180,2004,Round 3,3,2004-07-07,St Kilda Saints,Hawthorn Hawks,Marvel Stadium,VIC,VIC,0,6,9,14,5,89,13,6,84,5,1,1
M14181,2004,Round 3,3,2004-07-09,North Melbourne Kangaroos,Sydney Swans,Marvel Stadium,VIC,NSW,1,7,8,17,0,102,14,4,88,14,1,1
M14182,2004,Round 3,3,2004-07-11,Gold Coast Suns,Richmond Tigers,Heritage Bank Stadium,QLD,VIC,1,8,7,14,9,93,14,3,87,6,1,1
M14183,2004,Round 3,3,2004-07-13,Essendon Bombers,Port Adelaide Power,Marvel Stadium,VIC,SA,1,7,9,15,4,94,13,4,82,12,1,1
M14184,2004,Round 3,3,2004-07-15,Fremantle Dockers,Geelong Cats,Optus Stadium,WA,VIC,1,7,9,15,4,94,14,5,89,5,1,1
M14185,2004,Round 3,3,2004-07-17,West Coast Eagles,Western Bulldogs,Optus Stadium,WA,VIC,1,7,7,15,5,95,14,8,92,3,1,1
M14186,2004,Round 4,4,2004-08-01,GWS Giants,Sydney Swans,GIANTS Stadium,NSW,NSW,0,8,9,18,4,112,14,9,93,19,1,1
M14187,2004,Round 4,4,2004-08-03,Melbourne Demons,Port Adelaide Power,MCG,VIC,SA,1,9,9,14,7,91,16,1,97,-6,0,0
M14188,2004,Round 4,4,2004-08-05,Gold Coast Suns,North Melbourne Kangaroos,Heritage Bank Stadium,QLD,VIC,1,7,6,16,6,102,14,8,92,10,1,1
M14189,2004,Round 4,4,2004-08-07,West Coast Eagles,Geelong Cats,Optus Stadium,WA,VIC,1,7,6,16,6,102,14,5,89,13,1,1
M14190,2004,Round 4,4,2004-08-09,Hawthorn Hawks,Fremantle Dockers,MCG,VIC,WA,1,8,8,16,3,99,15,4,94,5,1,1
M14191,2004,Round 4,4,2004-08-11,Adelaide Crows,Carlton Blues,Adelaide Oval,SA,VIC,1,6,9,16,6,102,15,3,93,9,1,1
M14192,2004,Round 4,4,2004-08-13,St Kilda Saints,Western Bulldogs,Marvel Stadium,VIC,VIC,0,7,6,16,4,100,11,5,71,29,1,1
M14193,2004,Round 4,4,2004-08-15,Brisbane Lions,Essendon Bombers,Gabba,QLD,VIC,1,9,6,16,7,103,12,3,75,28,1,1
M14194,2004,Round 4,4,2004-08-17,Richmond Tigers,Collingwood Magpies,MCG,VIC,VIC,0,7,9,14,6,90,16,2,98,-8,0,0
M14195,2004,Round 5,5,2004-09-01,GWS Giants,Essendon Bombers,GIANTS Stadium,NSW,VIC,1,8,7,14,2,86,12,6,78,8,1,1
M14196,2004,Round 5,5,2004-09-03,Hawthorn Hawks,Fremantle Dockers,MCG,VIC,WA,1,6,6,16,8,104,13,5,83,21,1,1
M14197,2004,Round 5,5,2004-09-05,Sydney Swans,Port Adelaide Power,SCG,NSW,SA,1,7,7,17,3,105,13,4,82,23,1,1
M14198,2004,Round 5,5,2004-09-07,Melbourne Demons,North Melbourne Kangaroos,MCG,VIC,VIC,0,9,8,17,5,107,13,3,81,26,1,1
M14199,2004,Round 5,5,2004-09-09,Collingwood Magpies,Gold Coast Suns,MCG,VIC,QLD,1,9,7,16,5,101,12,4,76,25,1,1
M14200,2004,Round 5,5,2004-09-11,Brisbane Lions,Geelong Cats,Gabba,QLD,VIC,1,9,7,14,4,88,15,5,95,-7,0,0
M14201,2004,Round 5,5,2004-09-13,Carlton Blues,St Kilda Saints,Marvel Stadium,VIC,VIC,0,6,7,17,7,109,13,5,83,26,1,1
M14202,2004,Round 5,5,2004-09-15,Richmond Tigers,Adelaide Crows,MCG,VIC,SA,1,7,7,17,2,104,16,7,103,1,1,1
M14203,2004,Round 5,5,2004-09-17,West Coast Eagles,Western Bulldogs,Optus Stadium,WA,VIC,1,7,7,15,6,96,12,1,73,23,1,1
M14204,2004,Round 6,6,2004-04-01,Richmond Tigers,Hawthorn Hawks,MCG,VIC,VIC,0,7,9,16,8,104,15,3,93,11,1,1
M14205,2004,Round 6,6,2004-04-03,North Melbourne Kangaroos,Essendon Bombers,Marvel Stadium,VIC,VIC,0,8,8,16,2,98,17,3,105,-7,0,0
M14206,2004,Round 6,6,2004-04-05,Carlton Blues,St Kilda Saints,Marvel Stadium,VIC,VIC,0,7,7,16,4,100,13,7,85,15,1,1
M14207,2004,Round 6,6,2004-04-07,West Coast Eagles,Port Adelaide Power,Optus Stadium,WA,SA,1,9,7,13,3,81,13,5,83,-2,0,0
M14208,2004,Round 6,6,2004-04-09,Brisbane Lions,Adelaide Crows,Gabba,QLD,SA,1,7,7,15,3,93,14,6,90,3,1,1
M14209,2004,Round 6,6,2004-04-11,Western Bulldogs,Gold Coast Suns,Marvel Stadium,VIC,QLD,1,9,6,15,4,94,13,4,82,12,1,1
M14210,2004,Round 6,6,2004-04-13,Sydney Swans,GWS Giants,SCG,NSW,NSW,0,7,8,17,5,107,13,4,82,25,1,1
M14211,2004,Round 6,6,2004-04-15,Collingwood Magpies,Fremantle Dockers,MCG,VIC,WA,1,7,9,14,4,88,15,5,95,-7,0,0
M14212,2004,Round 6,6,2004-04-17,Geelong Cats,Melbourne Demons,GMHBA Stadium,VIC,VIC,0,9,7,18,5,113,15,5,95,18,1,1
M14213,2004,Round 7,7,2004-05-01,Western Bulldogs,Port Adelaide Power,Marvel Stadium,VIC,SA,1,7,7,14,1,85,13,5,83,2,1,1
M14214,2004,Round 7,7,2004-05-03,GWS Giants,Sydney Swans,GIANTS Stadium,NSW,NSW,0,7,6,13,2,80,15,9,99,-19,0,0
M14215,2004,Round 7,7,2004-05-05,North Melbourne Kangaroos,Fremantle Dockers,Marvel Stadium,VIC,WA,1,6,6,17,3,105,14,6,90,15,1,1
M14216,2004,Round 7,7,2004-05-07,Geelong Cats,Gold Coast Suns,GMHBA Stadium,VIC,QLD,1,9,9,17,2,104,15,1,91,13,1,1
M14217,2004,Round 7,7,2004-05-09,Carlton Blues,Collingwood Magpies,Marvel Stadium,VIC,VIC,0,7,7,14,7,91,14,3,87,4,1,1
M14218,2004,Round 7,7,2004-05-11,Adelaide Crows,Essendon Bombers,Adelaide Oval,SA,VIC,1,6,7,15,6,96,15,7,97,-1,0,0
M14219,2004,Round 7,7,2004-05-13,West Coast Eagles,Hawthorn Hawks,Optus Stadium,WA,VIC,1,7,7,15,5,95,13,8,86,9,1,1
M14220,2004,Round 7,7,2004-05-15,Richmond Tigers,Melbourne Demons,MCG,VIC,VIC,0,7,7,19,5,119,16,7,103,16,1,1
M14221,2004,Round 7,7,2004-05-17,St Kilda Saints,Brisbane Lions,Marvel Stadium,VIC,QLD,1,6,9,15,4,94,15,6,96,-2,0,0
M14222,2004,Round 8,8,2004-06-01,North Melbourne Kangaroos,Geelong Cats,Marvel Stadium,VIC,VIC,0,7,7,15,7,97,13,5,83,14,1,1
M14223,2004,Round 8,8,2004-06-03,West Coast Eagles,Fremantle Dockers,Optus Stadium,WA,WA,0,7,7,17,8,110,13,7,85,25,1,1
M14224,2004,Round 8,8,2004-06-05,GWS Giants,Sydney Swans,GIANTS Stadium,NSW,NSW,0,7,7,14,3,87,16,2,98,-11,0,0
M14225,2004,Round 8,8,2004-06-07,Gold Coast Suns,Hawthorn Hawks,Heritage Bank Stadium,QLD,VIC,1,7,6,15,2,92,12,7,79,13,1,1
M14226,2004,Round 8,8,2004-06-09,Carlton Blues,Adelaide Crows,Marvel Stadium,VIC,SA,1,8,7,16,2,98,12,5,77,21,1,1
M14227,2004,Round 8,8,2004-06-11,Richmond Tigers,St Kilda Saints,MCG,VIC,VIC,0,6,7,13,2,80,14,4,88,-8,0,0
M14228,2004,Round 8,8,2004-06-13,Western Bulldogs,Port Adelaide Power,Marvel Stadium,VIC,SA,1,9,7,17,3,105,15,3,93,12,1,1
M14229,2004,Round 8,8,2004-06-15,Essendon Bombers,Collingwood Magpies,Marvel Stadium,VIC,VIC,0,7,7,13,7,85,14,8,92,-7,0,0
M14230,2004,Round 8,8,2004-06-17,Melbourne Demons,Brisbane Lions,MCG,VIC,QLD,1,9,9,16,4,100,15,3,93,7,1,1
M14231,2004,Round 9,9,2004-07-01,Melbourne Demons,Fremantle Dockers,MCG,VIC,WA,1,7,7,16,4,100,13,6,84,16,1,1
M14232,2004,Round 9,9,2004-07-03,Adelaide Crows,Western Bulldogs,Adelaide Oval,SA,VIC,1,7,7,15,5,95,14,6,90,5,1,1
M14233,2004,Round 9,9,2004-07-05,North Melbourne Kangaroos,GWS Giants,Marvel Stadium,VIC,NSW,1,7,6,16,3,99,13,5,83,16,1,1
M14234,2004,Round 9,9,2004-07-07,St Kilda Saints,Richmond Tigers,Marvel Stadium,VIC,VIC,0,8,7,15,6,96,17,4,106,-10,0,0
M14235,2004,Round 9,9,2004-07-09,Sydney Swans,Carlton Blues,SCG,NSW,VIC,1,6,7,14,3,87,12,3,75,12,1,1
M14236,2004,Round 9,9,2004-07-11,Geelong Cats,West Coast Eagles,GMHBA Stadium,VIC,WA,1,7,8,18,3,111,13,1,79,32,1,1
M14237,2004,Round 9,9,2004-07-13,Essendon Bombers,Port Adelaide Power,Marvel Stadium,VIC,SA,1,7,7,15,3,93,13,3,81,12,1,1
M14238,2004,Round 9,9,2004-07-15,Hawthorn Hawks,Collingwood Magpies,MCG,VIC,VIC,0,6,6,15,8,98,13,9,87,11,1,1
M14239,2004,Round 9,9,2004-07-17,Gold Coast Suns,Brisbane Lions,Heritage Bank Stadium,QLD,QLD,0,7,7,15,1,91,13,5,83,8,1,1
M14240,2004,Round 10,10,2004-08-01,Geelong Cats,Carlton Blues,GMHBA Stadium,VIC,VIC,0,8,8,15,3,93,15,4,94,-1,0,0
M14241,2004,Round 10,10,2004-08-03,Adelaide Crows,Collingwood Magpies,Adelaide Oval,SA,VIC,1,8,7,15,5,95,15,5,95,0,0,0
M14242,2004,Round 10,10,2004-08-05,West Coast Eagles,Sydney Swans,Optus Stadium,WA,NSW,1,7,8,15,2,92,14,9,93,-1,0,0
M14243,2004,Round 10,10,2004-08-07,Hawthorn Hawks,Brisbane Lions,MCG,VIC,QLD,1,6,7,15,5,95,15,4,94,1,1,1
M14244,2004,Round 10,10,2004-08-09,Gold Coast Suns,GWS Giants,Heritage Bank Stadium,QLD,NSW,1,7,8,17,3,105,17,6,108,-3,0,0
M14245,2004,Round 10,10,2004-08-11,North Melbourne Kangaroos,St Kilda Saints,Marvel Stadium,VIC,VIC,0,8,9,16,8,104,12,1,73,31,1,1
M14246,2004,Round 10,10,2004-08-13,Fremantle Dockers,Essendon Bombers,Optus Stadium,WA,VIC,1,7,8,14,5,89,15,3,93,-4,0,0
M14247,2004,Round 10,10,2004-08-15,Melbourne Demons,Port Adelaide Power,MCG,VIC,SA,1,6,7,16,3,99,15,7,97,2,1,1
M14248,2004,Round 10,10,2004-08-17,Richmond Tigers,Western Bulldogs,MCG,VIC,VIC,0,8,8,14,9,93,14,0,84,9,1,1
M14249,2004,Round 11,11,2004-09-01,West Coast Eagles,Collingwood Magpies,Optus Stadium,WA,VIC,1,7,9,15,7,97,16,1,97,0,0,0
M14250,2004,Round 11,11,2004-09-03,Sydney Swans,Carlton Blues,SCG,NSW,VIC,1,7,7,14,5,89,13,4,82,7,1,1
M14251,2004,Round 11,11,2004-09-05,Gold Coast Suns,North Melbourne Kangaroos,Heritage Bank Stadium,QLD,VIC,1,8,7,14,5,89,17,2,104,-15,0,0
M14252,2004,Round 11,11,2004-09-07,Brisbane Lions,Geelong Cats,Gabba,QLD,VIC,1,7,9,14,8,92,12,5,77,15,1,1
M14253,2004,Round 11,11,2004-09-09,Essendon Bombers,St Kilda Saints,Marvel Stadium,VIC,VIC,0,7,9,14,3,87,12,7,79,8,1,1
M14254,2004,Round 11,11,2004-09-11,Melbourne Demons,GWS Giants,MCG,VIC,NSW,1,7,9,12,5,77,14,3,87,-10,0,0
M14255,2004,Round 11,11,2004-09-13,Port Adelaide Power,Hawthorn Hawks,Adelaide Oval,SA,VIC,1,9,7,15,2,92,15,8,98,-6,0,0
M14256,2004,Round 11,11,2004-09-15,Western Bulldogs,Richmond Tigers,Marvel Stadium,VIC,VIC,0,6,8,14,4,88,11,3,69,19,1,1
M14257,2004,Round 11,11,2004-09-17,Adelaide Crows,Fremantle Dockers,Adelaide Oval,SA,WA,1,7,7,15,8,98,13,5,83,15,1,1
M14258,2004,Round 12,12,2004-04-01,Hawthorn Hawks,St Kilda Saints,MCG,VIC,VIC,0,9,6,16,0,96,12,3,75,21,1,1
M14259,2004,Round 12,12,2004-04-03,GWS Giants,Port Adelaide Power,GIANTS Stadium,NSW,SA,1,7,8,14,9,93,12,7,79,14,1,1
M14260,2004,Round 12,12,2004-04-05,Melbourne Demons,Adelaide Crows,MCG,VIC,SA,1,7,7,16,7,103,10,9,69,34,1,1
M14261,2004,Round 12,12,2004-04-07,Carlton Blues,West Coast Eagles,Marvel Stadium,VIC,WA,1,7,7,17,4,106,12,4,76,30,1,1
M14262,2004,Round 12,12,2004-04-09,Richmond Tigers,Essendon Bombers,MCG,VIC,VIC,0,7,6,15,6,96,17,2,104,-8,0,0
M14263,2004,Round 12,12,2004-04-11,North Melbourne Kangaroos,Sydney Swans,Marvel Stadium,VIC,NSW,1,9,7,16,0,96,14,3,87,9,1,1
M14264,2004,Round 12,12,2004-04-13,Brisbane Lions,Collingwood Magpies,Gabba,QLD,VIC,1,7,8,16,4,100,14,4,88,12,1,1
M14265,2004,Round 12,12,2004-04-15,Western Bulldogs,Gold Coast Suns,Marvel Stadium,VIC,QLD,1,6,8,19,6,120,14,2,86,34,1,1
M14266,2004,Round 12,12,2004-04-17,Fremantle Dockers,Geelong Cats,Optus Stadium,WA,VIC,1,7,6,17,3,105,11,6,72,33,1,1
M14267,2004,Round 13,13,2004-05-01,Gold Coast Suns,Richmond Tigers,Heritage Bank Stadium,QLD,VIC,1,7,7,15,4,94,14,7,91,3,1,1
M14268,2004,Round 13,13,2004-05-03,West Coast Eagles,Adelaide Crows,Optus Stadium,WA,SA,1,7,8,16,6,102,16,3,99,3,1,1
M14269,2004,Round 13,13,2004-05-05,St Kilda Saints,Essendon Bombers,Marvel Stadium,VIC,VIC,0,8,6,13,7,85,14,2,86,-1,0,0
M14270,2004,Round 13,13,2004-05-07,Hawthorn Hawks,GWS Giants,MCG,VIC,NSW,1,9,7,13,4,82,15,6,96,-14,0,0
M14271,2004,Round 13,13,2004-05-09,Fremantle Dockers,Brisbane Lions,Optus Stadium,WA,QLD,1,7,9,18,8,116,13,6,84,32,1,1
M14272,2004,Round 13,13,2004-05-11,Port Adelaide Power,Geelong Cats,Adelaide Oval,SA,VIC,1,7,9,16,4,100,11,5,71,29,1,1
M14273,2004,Round 13,13,2004-05-13,Western Bulldogs,North Melbourne Kangaroos,Marvel Stadium,VIC,VIC,0,9,6,16,3,99,12,6,78,21,1,1
M14274,2004,Round 13,13,2004-05-15,Collingwood Magpies,Carlton Blues,MCG,VIC,VIC,0,9,7,16,3,99,12,3,75,24,1,1
M14275,2004,Round 13,13,2004-05-17,Sydney Swans,Melbourne Demons,SCG,NSW,VIC,1,7,9,14,5,89,14,6,90,-1,0,0
M14276,2004,Round 14,14,2004-06-01,Essendon Bombers,St Kilda Saints,Marvel Stadium,VIC,VIC,0,7,9,19,0,114,14,5,89,25,1,1
M14277,2004,Round 14,14,2004-06-03,Gold Coast Suns,Geelong Cats,Heritage Bank Stadium,QLD,VIC,1,7,8,16,5,101,15,7,97,4,1,1
M14278,2004,Round 14,14,2004-06-05,Adelaide Crows,Fremantle Dockers,Adelaide Oval,SA,WA,1,7,7,15,3,93,14,1,85,8,1,1
M14279,2004,Round 14,14,2004-06-07,West Coast Eagles,Brisbane Lions,Optus Stadium,WA,QLD,1,7,7,15,1,91,13,3,81,10,1,1
M14280,2004,Round 14,14,2004-06-09,Carlton Blues,Richmond Tigers,Marvel Stadium,VIC,VIC,0,6,7,14,5,89,14,3,87,2,1,1
M14281,2004,Round 14,14,2004-06-11,Melbourne Demons,Sydney Swans,MCG,VIC,NSW,1,7,7,17,3,105,15,3,93,12,1,1
M14282,2004,Round 14,14,2004-06-13,North Melbourne Kangaroos,Hawthorn Hawks,Marvel Stadium,VIC,VIC,0,7,9,14,5,89,12,5,77,12,1,1
M14283,2004,Round 14,14,2004-06-15,Port Adelaide Power,GWS Giants,Adelaide Oval,SA,NSW,1,7,6,16,4,100,16,4,100,0,0,0
M14284,2004,Round 14,14,2004-06-17,Collingwood Magpies,Western Bulldogs,MCG,VIC,VIC,0,7,9,17,1,103,14,4,88,15,1,1
M14285,2004,Round 15,15,2004-07-01,North Melbourne Kangaroos,Richmond Tigers,Marvel Stadium,VIC,VIC,0,7,8,15,1,91,13,4,82,9,1,1
M14286,2004,Round 15,15,2004-07-03,Western Bulldogs,St Kilda Saints,Marvel Stadium,VIC,VIC,0,6,7,14,5,89,13,2,80,9,1,1
M14287,2004,Round 15,15,2004-07-05,Carlton Blues,Geelong Cats,Marvel Stadium,VIC,VIC,0,6,9,16,6,102,18,4,112,-10,0,0
M14288,2004,Round 15,15,2004-07-07,Fremantle Dockers,Sydney Swans,Optus Stadium,WA,NSW,1,9,7,18,6,114,14,3,87,27,1,1
M14289,2004,Round 15,15,2004-07-09,Gold Coast Suns,West Coast Eagles,Heritage Bank Stadium,QLD,WA,1,6,7,16,2,98,11,6,72,26,1,1
M14290,2004,Round 15,15,2004-07-11,Brisbane Lions,Melbourne Demons,Gabba,QLD,VIC,1,6,7,16,2,98,14,7,91,7,1,1
M14291,2004,Round 15,15,2004-07-13,Collingwood Magpies,Adelaide Crows,MCG,VIC,SA,1,8,9,15,4,94,12,4,76,18,1,1
M14292,2004,Round 15,15,2004-07-15,GWS Giants,Essendon Bombers,GIANTS Stadium,NSW,VIC,1,7,7,16,5,101,12,4,76,25,1,1
M14293,2004,Round 15,15,2004-07-17,Hawthorn Hawks,Port Adelaide Power,MCG,VIC,SA,1,8,6,15,2,92,12,8,80,12,1,1
M14294,2004,Round 16,16,2004-08-01,Hawthorn Hawks,Fremantle Dockers,MCG,VIC,WA,1,7,6,13,3,81,12,3,75,6,1,1
M14295,2004,Round 16,16,2004-08-03,Richmond Tigers,Brisbane Lions,MCG,VIC,QLD,1,7,7,14,7,91,14,5,89,2,1,1
M14296,2004,Round 16,16,2004-08-05,Adelaide Crows,Collingwood Magpies,Adelaide Oval,SA,VIC,1,9,6,14,8,92,15,2,92,0,0,0
M14297,2004,Round 16,16,2004-08-07,Geelong Cats,Essendon Bombers,GMHBA Stadium,VIC,VIC,0,8,7,14,6,90,14,4,88,2,1,1
M14298,2004,Round 16,16,2004-08-09,Carlton Blues,St Kilda Saints,Marvel Stadium,VIC,VIC,0,6,6,12,2,74,12,7,79,-5,0,0
M14299,2004,Round 16,16,2004-08-11,West Coast Eagles,Gold Coast Suns,Optus Stadium,WA,QLD,1,8,6,15,6,96,13,9,87,9,1,1
M14300,2004,Round 16,16,2004-08-13,Port Adelaide Power,Sydney Swans,Adelaide Oval,SA,NSW,1,7,9,15,2,92,16,2,98,-6,0,0
M14301,2004,Round 16,16,2004-08-15,North Melbourne Kangaroos,Western Bulldogs,Marvel Stadium,VIC,VIC,0,6,6,17,1,103,16,5,101,2,1,1
M14302,2004,Round 16,16,2004-08-17,GWS Giants,Melbourne Demons,GIANTS Stadium,NSW,VIC,1,7,6,16,4,100,12,6,78,22,1,1
M14303,2004,Round 17,17,2004-09-01,Carlton Blues,Essendon Bombers,Marvel Stadium,VIC,VIC,0,8,7,19,4,118,12,8,80,38,1,1
M14304,2004,Round 17,17,2004-09-03,Geelong Cats,Gold Coast Suns,GMHBA Stadium,VIC,QLD,1,6,7,13,4,82,15,7,97,-15,0,0
M14305,2004,Round 17,17,2004-09-05,Brisbane Lions,Western Bulldogs,Gabba,QLD,VIC,1,7,7,17,6,108,13,4,82,26,1,1
M14306,2004,Round 17,17,2004-09-07,West Coast Eagles,Melbourne Demons,Optus Stadium,WA,VIC,1,7,7,15,1,91,13,7,85,6,1,1
M14307,2004,Round 17,17,2004-09-09,Sydney Swans,Collingwood Magpies,SCG,NSW,VIC,1,7,6,13,6,84,13,7,85,-1,0,0
M14308,2004,Round 17,17,2004-09-11,Hawthorn Hawks,St Kilda Saints,MCG,VIC,VIC,0,7,7,16,3,99,15,0,90,9,1,1
M14309,2004,Round 17,17,2004-09-13,North Melbourne Kangaroos,GWS Giants,Marvel Stadium,VIC,NSW,1,7,9,15,1,91,13,4,82,9,1,1
M14310,2004,Round 17,17,2004-09-15,Richmond Tigers,Fremantle Dockers,MCG,VIC,WA,1,9,8,15,4,94,14,3,87,7,1,1
M14311,2004,Round 17,17,2004-09-17,Adelaide Crows,Port Adelaide Power,Adelaide Oval,SA,SA,0,7,7,15,2,92,14,4,88,4,1,1
M14312,2004,Round 18,18,2004-04-01,Fremantle Dockers,Western Bulldogs,Optus Stadium,WA,VIC,1,8,8,16,3,99,13,5,83,16,1,1
M14313,2004,Round 18,18,2004-04-03,Sydney Swans,St Kilda Saints,SCG,NSW,VIC,1,7,8,15,1,91,15,4,94,-3,0,0
M14314,2004,Round 18,18,2004-04-05,Richmond Tigers,GWS Giants,MCG,VIC,NSW,1,7,7,16,5,101,14,6,90,11,1,1
M14315,2004,Round 18,18,2004-04-07,Collingwood Magpies,Essendon Bombers,MCG,VIC,VIC,0,7,9,16,3,99,12,5,77,22,1,1
M14316,2004,Round 18,18,2004-04-09,Port Adelaide Power,Geelong Cats,Adelaide Oval,SA,VIC,1,7,7,15,2,92,12,3,75,17,1,1
M14317,2004,Round 18,18,2004-04-11,Gold Coast Suns,Adelaide Crows,Heritage Bank Stadium,QLD,SA,1,9,6,16,3,99,15,6,96,3,1,1
M14318,2004,Round 18,18,2004-04-13,North Melbourne Kangaroos,Carlton Blues,Marvel Stadium,VIC,VIC,0,7,7,16,2,98,13,4,82,16,1,1
M14319,2004,Round 18,18,2004-04-15,Melbourne Demons,Hawthorn Hawks,MCG,VIC,VIC,0,6,7,17,4,106,14,3,87,19,1,1
M14320,2004,Round 18,18,2004-04-17,Brisbane Lions,West Coast Eagles,Gabba,QLD,WA,1,9,7,14,7,91,16,8,104,-13,0,0
M14321,2004,Round 19,19,2004-05-01,Melbourne Demons,Fremantle Dockers,MCG,VIC,WA,1,8,6,14,4,88,12,7,79,9,1,1
M14322,2004,Round 19,19,2004-05-03,Geelong Cats,North Melbourne Kangaroos,GMHBA Stadium,VIC,VIC,0,7,7,16,5,101,15,3,93,8,1,1
M14323,2004,Round 19,19,2004-05-05,Hawthorn Hawks,Essendon Bombers,MCG,VIC,VIC,0,7,8,15,5,95,14,3,87,8,1,1
M14324,2004,Round 19,19,2004-05-07,Sydney Swans,West Coast Eagles,SCG,NSW,WA,1,7,7,16,2,98,13,6,84,14,1,1
M14325,2004,Round 19,19,2004-05-09,St Kilda Saints,Adelaide Crows,Marvel Stadium,VIC,SA,1,8,9,14,7,91,14,1,85,6,1,1
M14326,2004,Round 19,19,2004-05-11,Richmond Tigers,Western Bulldogs,MCG,VIC,VIC,0,8,6,13,3,81,14,3,87,-6,0,0
M14327,2004,Round 19,19,2004-05-13,Carlton Blues,Collingwood Magpies,Marvel Stadium,VIC,VIC,0,6,6,14,5,89,12,3,75,14,1,1
M14328,2004,Round 19,19,2004-05-15,GWS Giants,Gold Coast Suns,GIANTS Stadium,NSW,QLD,1,7,7,13,6,84,15,2,92,-8,0,0
M14329,2004,Round 19,19,2004-05-17,Port Adelaide Power,Brisbane Lions,Adelaide Oval,SA,QLD,1,7,6,12,6,78,11,7,73,5,1,1
M14330,2004,Round 20,20,2004-06-01,Essendon Bombers,Melbourne Demons,Marvel Stadium,VIC,VIC,0,6,7,16,6,102,12,5,77,25,1,1
M14331,2004,Round 20,20,2004-06-03,West Coast Eagles,GWS Giants,Optus Stadium,WA,NSW,1,7,7,15,4,94,15,6,96,-2,0,0
M14332,2004,Round 20,20,2004-06-05,Geelong Cats,St Kilda Saints,GMHBA Stadium,VIC,VIC,0,7,6,13,6,84,14,4,88,-4,0,0
M14333,2004,Round 20,20,2004-06-07,Sydney Swans,Adelaide Crows,SCG,NSW,SA,1,7,7,16,3,99,15,8,98,1,1,1
M14334,2004,Round 20,20,2004-06-09,Collingwood Magpies,Fremantle Dockers,MCG,VIC,WA,1,7,7,19,1,115,14,9,93,22,1,1
M14335,2004,Round 20,20,2004-06-11,Richmond Tigers,Port Adelaide Power,MCG,VIC,SA,1,6,9,15,6,96,11,4,70,26,1,1
M14336,2004,Round 20,20,2004-06-13,Gold Coast Suns,North Melbourne Kangaroos,Heritage Bank Stadium,QLD,VIC,1,7,8,15,5,95,13,5,83,12,1,1
M14337,2004,Round 20,20,2004-06-15,Western Bulldogs,Brisbane Lions,Marvel Stadium,VIC,QLD,1,8,9,15,4,94,17,5,107,-13,0,0
M14338,2004,Round 20,20,2004-06-17,Hawthorn Hawks,Carlton Blues,MCG,VIC,VIC,0,7,6,13,9,87,15,0,90,-3,0,0
M14339,2004,Round 21,21,2004-07-01,Melbourne Demons,Adelaide Crows,MCG,VIC,SA,1,8,6,16,5,101,13,8,86,15,1,1
M14340,2004,Round 21,21,2004-07-03,West Coast Eagles,Port Adelaide Power,Optus Stadium,WA,SA,1,8,7,17,3,105,11,5,71,34,1,1
M14341,2004,Round 21,21,2004-07-05,Richmond Tigers,Geelong Cats,MCG,VIC,VIC,0,7,7,14,5,89,12,6,78,11,1,1
M14342,2004,Round 21,21,2004-07-07,Essendon Bombers,Brisbane Lions,Marvel Stadium,VIC,QLD,1,9,9,14,5,89,14,2,86,3,1,1
M14343,2004,Round 21,21,2004-07-09,North Melbourne Kangaroos,Carlton Blues,Marvel Stadium,VIC,VIC,0,9,8,16,6,102,13,2,80,22,1,1
M14344,2004,Round 21,21,2004-07-11,Gold Coast Suns,Hawthorn Hawks,Heritage Bank Stadium,QLD,VIC,1,7,8,16,2,98,13,8,86,12,1,1
M14345,2004,Round 21,21,2004-07-13,Fremantle Dockers,GWS Giants,Optus Stadium,WA,NSW,1,7,7,16,2,98,13,5,83,15,1,1
M14346,2004,Round 21,21,2004-07-15,Collingwood Magpies,Western Bulldogs,MCG,VIC,VIC,0,7,7,16,7,103,13,3,81,22,1,1
M14347,2004,Round 21,21,2004-07-17,St Kilda Saints,Sydney Swans,Marvel Stadium,VIC,NSW,1,8,9,16,3,99,13,3,81,18,1,1
M14348,2004,Round 22,22,2004-08-01,Adelaide Crows,Gold Coast Suns,Adelaide Oval,SA,QLD,1,8,9,15,5,95,13,1,79,16,1,1
M14349,2004,Round 22,22,2004-08-03,Brisbane Lions,Melbourne Demons,Gabba,QLD,VIC,1,7,6,14,2,86,13,4,82,4,1,1
M14350,2004,Round 22,22,2004-08-05,GWS Giants,Western Bulldogs,GIANTS Stadium,NSW,VIC,1,7,7,16,3,99,14,3,87,12,1,1
M14351,2004,Round 22,22,2004-08-07,Geelong Cats,Richmond Tigers,GMHBA Stadium,VIC,VIC,0,7,7,18,7,115,14,1,85,30,1,1
M14352,2004,Round 22,22,2004-08-09,North Melbourne Kangaroos,Collingwood Magpies,Marvel Stadium,VIC,VIC,0,7,7,15,2,92,14,4,88,4,1,1
M14353,2004,Round 22,22,2004-08-11,West Coast Eagles,Fremantle Dockers,Optus Stadium,WA,WA,0,8,7,16,0,96,13,4,82,14,1,1
M14354,2004,Round 22,22,2004-08-13,Port Adelaide Power,Carlton Blues,Adelaide Oval,SA,VIC,1,7,7,13,6,84,13,1,79,5,1,1
M14355,2004,Round 22,22,2004-08-15,Hawthorn Hawks,St Kilda Saints,MCG,VIC,VIC,0,7,6,16,4,100,15,3,93,7,1,1
M14356,2004,Round 22,22,2004-08-17,Sydney Swans,Essendon Bombers,SCG,NSW,VIC,1,7,7,17,2,104,16,6,102,2,1,1
M14357,2005,Round 1,1,2005-05-01,Collingwood Magpies,West Coast Eagles,MCG,VIC,WA,1,7,7,17,7,109,14,8,92,17,1,1
M14358,2005,Round 1,1,2005-05-03,Geelong Cats,Richmond Tigers,GMHBA Stadium,VIC,VIC,0,9,9,16,2,98,14,5,89,9,1,1
M14359,2005,Round 1,1,2005-05-05,Gold Coast Suns,Adelaide Crows,Heritage Bank Stadium,QLD,SA,1,8,9,15,3,93,11,1,67,26,1,1
M14360,2005,Round 1,1,2005-05-07,GWS Giants,Essendon Bombers,GIANTS Stadium,NSW,VIC,1,7,7,15,3,93,13,3,81,12,1,1
M14361,2005,Round 1,1,2005-05-09,Hawthorn Hawks,St Kilda Saints,MCG,VIC,VIC,0,7,7,12,8,80,13,5,83,-3,0,0
M14362,2005,Round 1,1,2005-05-11,Carlton Blues,Fremantle Dockers,Marvel Stadium,VIC,WA,1,7,6,16,2,98,14,7,91,7,1,1
M14363,2005,Round 1,1,2005-05-13,Sydney Swans,North Melbourne Kangaroos,SCG,NSW,VIC,1,9,9,13,2,80,14,1,85,-5,0,0
M14364,2005,Round 1,1,2005-05-15,Western Bulldogs,Brisbane Lions,Marvel Stadium,VIC,QLD,1,9,6,12,3,75,14,4,88,-13,0,0
M14365,2005,Round 1,1,2005-05-17,Melbourne Demons,Port Adelaide Power,MCG,VIC,SA,1,7,7,12,6,78,11,7,73,5,1,1
M14366,2005,Round 2,2,2005-06-01,Geelong Cats,Western Bulldogs,GMHBA Stadium,VIC,VIC,0,7,7,14,9,93,15,2,92,1,1,1
M14367,2005,Round 2,2,2005-06-03,North Melbourne Kangaroos,Brisbane Lions,Marvel Stadium,VIC,QLD,1,7,9,14,1,85,14,3,87,-2,0,0
M14368,2005,Round 2,2,2005-06-05,Fremantle Dockers,Gold Coast Suns,Optus Stadium,WA,QLD,1,8,9,14,2,86,14,7,91,-5,0,0
M14369,2005,Round 2,2,2005-06-07,Richmond Tigers,Hawthorn Hawks,MCG,VIC,VIC,0,7,7,16,3,99,13,5,83,16,1,1
M14370,2005,Round 2,2,2005-06-09,Adelaide Crows,Sydney Swans,Adelaide Oval,SA,NSW,1,7,9,14,3,87,12,5,77,10,1,1
M14371,2005,Round 2,2,2005-06-11,GWS Giants,Collingwood Magpies,GIANTS Stadium,NSW,VIC,1,8,8,13,4,82,14,1,85,-3,0,0
M14372,2005,Round 2,2,2005-06-13,Carlton Blues,Port Adelaide Power,Marvel Stadium,VIC,SA,1,7,6,17,0,102,15,8,98,4,1,1
M14373,2005,Round 2,2,2005-06-15,Melbourne Demons,West Coast Eagles,MCG,VIC,WA,1,8,8,14,4,88,11,8,74,14,1,1
M14374,2005,Round 2,2,2005-06-17,Essendon Bombers,St Kilda Saints,Marvel Stadium,VIC,VIC,0,8,7,18,6,114,13,2,80,34,1,1
M14375,2005,Round 3,3,2005-07-01,Geelong Cats,North Melbourne Kangaroos,GMHBA Stadium,VIC,VIC,0,7,7,14,5,89,13,5,83,6,1,1
M14376,2005,Round 3,3,2005-07-03,Richmond Tigers,Fremantle Dockers,MCG,VIC,WA,1,8,6,17,5,107,13,0,78,29,1,1
M14377,2005,Round 3,3,2005-07-05,Port Adelaide Power,St Kilda Saints,Adelaide Oval,SA,VIC,1,7,9,14,7,91,13,5,83,8,1,1
M14378,2005,Round 3,3,2005-07-07,Sydney Swans,Adelaide Crows,SCG,NSW,SA,1,9,8,16,4,100,14,1,85,15,1,1
M14379,2005,Round 3,3,2005-07-09,West Coast Eagles,Carlton Blues,Optus Stadium,WA,VIC,1,9,8,16,6,102,13,7,85,17,1,1
M14380,2005,Round 3,3,2005-07-11,Hawthorn Hawks,Collingwood Magpies,MCG,VIC,VIC,0,9,6,18,4,112,13,5,83,29,1,1
M14381,2005,Round 3,3,2005-07-13,GWS Giants,Western Bulldogs,GIANTS Stadium,NSW,VIC,1,6,9,13,3,81,14,3,87,-6,0,0
M14382,2005,Round 3,3,2005-07-15,Essendon Bombers,Melbourne Demons,Marvel Stadium,VIC,VIC,0,8,7,14,9,93,14,4,88,5,1,1
M14383,2005,Round 3,3,2005-07-17,Gold Coast Suns,Brisbane Lions,Heritage Bank Stadium,QLD,QLD,0,8,8,14,7,91,13,5,83,8,1,1
M14384,2005,Round 4,4,2005-08-01,Essendon Bombers,Fremantle Dockers,Marvel Stadium,VIC,WA,1,7,8,15,3,93,16,5,101,-8,0,0
M14385,2005,Round 4,4,2005-08-03,Port Adelaide Power,Richmond Tigers,Adelaide Oval,SA,VIC,1,6,7,15,5,95,14,0,84,11,1,1
M14386,2005,Round 4,4,2005-08-05,Carlton Blues,North Melbourne Kangaroos,Marvel Stadium,VIC,VIC,0,7,7,14,6,90,13,4,82,8,1,1
M14387,2005,Round 4,4,2005-08-07,Gold Coast Suns,Western Bulldogs,Heritage Bank Stadium,QLD,VIC,1,7,7,15,7,97,13,9,87,10,1,1
M14388,2005,Round 4,4,2005-08-09,Geelong Cats,Hawthorn Hawks,GMHBA Stadium,VIC,VIC,0,7,9,16,4,100,13,3,81,19,1,1
M14389,2005,Round 4,4,2005-08-11,Sydney Swans,St Kilda Saints,SCG,NSW,VIC,1,8,6,18,4,112,15,8,98,14,1,1
M14390,2005,Round 4,4,2005-08-13,GWS Giants,Adelaide Crows,GIANTS Stadium,NSW,SA,1,9,9,17,8,110,11,3,69,41,1,1
M14391,2005,Round 4,4,2005-08-15,Brisbane Lions,West Coast Eagles,Gabba,QLD,WA,1,8,7,18,6,114,15,0,90,24,1,1
M14392,2005,Round 4,4,2005-08-17,Collingwood Magpies,Melbourne Demons,MCG,VIC,VIC,0,7,6,17,3,105,15,3,93,12,1,1
M14393,2005,Round 5,5,2005-09-01,Carlton Blues,Port Adelaide Power,Marvel Stadium,VIC,SA,1,8,8,16,2,98,13,2,80,18,1,1
M14394,2005,Round 5,5,2005-09-03,GWS Giants,Richmond Tigers,GIANTS Stadium,NSW,VIC,1,7,9,13,3,81,15,2,92,-11,0,0
M14395,2005,Round 5,5,2005-09-05,Sydney Swans,Adelaide Crows,SCG,NSW,SA,1,8,9,15,5,95,13,4,82,13,1,1
M14396,2005,Round 5,5,2005-09-07,West Coast Eagles,Essendon Bombers,Optus Stadium,WA,VIC,1,9,6,16,4,100,13,3,81,19,1,1
M14397,2005,Round 5,5,2005-09-09,St Kilda Saints,Geelong Cats,Marvel Stadium,VIC,VIC,0,9,9,14,7,91,14,9,93,-2,0,0
M14398,2005,Round 5,5,2005-09-11,Gold Coast Suns,Collingwood Magpies,Heritage Bank Stadium,QLD,VIC,1,9,7,14,3,87,13,3,81,6,1,1
M14399,2005,Round 5,5,2005-09-13,Fremantle Dockers,North Melbourne Kangaroos,Optus Stadium,WA,VIC,1,9,7,15,4,94,13,2,80,14,1,1
M14400,2005,Round 5,5,2005-09-15,Western Bulldogs,Brisbane Lions,Marvel Stadium,VIC,QLD,1,7,8,15,4,94,13,4,82,12,1,1
M14401,2005,Round 5,5,2005-09-17,Melbourne Demons,Hawthorn Hawks,MCG,VIC,VIC,0,6,7,16,4,100,13,5,83,17,1,1
M14402,2005,Round 6,6,2005-04-01,Gold Coast Suns,Port Adelaide Power,Heritage Bank Stadium,QLD,SA,1,7,7,16,6,102,11,6,72,30,1,1
M14403,2005,Round 6,6,2005-04-03,Western Bulldogs,West Coast Eagles,Marvel Stadium,VIC,WA,1,8,8,15,5,95,14,5,89,6,1,1
M14404,2005,Round 6,6,2005-04-05,Essendon Bombers,GWS Giants,Marvel Stadium,VIC,NSW,1,7,6,15,6,96,13,2,80,16,1,1
M14405,2005,Round 6,6,2005-04-07,St Kilda Saints,Melbourne Demons,Marvel Stadium,VIC,VIC,0,7,8,16,9,105,9,4,58,47,1,1
M14406,2005,Round 6,6,2005-04-09,Sydney Swans,Carlton Blues,SCG,NSW,VIC,1,9,9,12,4,76,14,8,92,-16,0,0
M14407,2005,Round 6,6,2005-04-11,Collingwood Magpies,Fremantle Dockers,MCG,VIC,WA,1,9,6,15,6,96,15,4,94,2,1,1
M14408,2005,Round 6,6,2005-04-13,Brisbane Lions,Geelong Cats,Gabba,QLD,VIC,1,6,8,16,3,99,11,5,71,28,1,1
M14409,2005,Round 6,6,2005-04-15,Richmond Tigers,North Melbourne Kangaroos,MCG,VIC,VIC,0,7,7,13,6,84,15,2,92,-8,0,0
M14410,2005,Round 6,6,2005-04-17,Hawthorn Hawks,Adelaide Crows,MCG,VIC,SA,1,8,9,14,3,87,16,2,98,-11,0,0
M14411,2005,Round 7,7,2005-05-01,Melbourne Demons,Western Bulldogs,MCG,VIC,VIC,0,7,8,15,4,94,14,3,87,7,1,1
M14412,2005,Round 7,7,2005-05-03,Sydney Swans,Gold Coast Suns,SCG,NSW,QLD,1,9,8,16,9,105,15,0,90,15,1,1
M14413,2005,Round 7,7,2005-05-05,Adelaide Crows,GWS Giants,Adelaide Oval,SA,NSW,1,6,7,17,6,108,14,7,91,17,1,1
M14414,2005,Round 7,7,2005-05-07,Carlton Blues,Richmond Tigers,Marvel Stadium,VIC,VIC,0,7,7,17,2,104,11,6,72,32,1,1
M14415,2005,Round 7,7,2005-05-09,Essendon Bombers,Brisbane Lions,Marvel Stadium,VIC,QLD,1,9,7,16,5,101,16,2,98,3,1,1
M14416,2005,Round 7,7,2005-05-11,Port Adelaide Power,Hawthorn Hawks,Adelaide Oval,SA,VIC,1,9,7,12,5,77,13,4,82,-5,0,0
M14417,2005,Round 7,7,2005-05-13,St Kilda Saints,Fremantle Dockers,Marvel Stadium,VIC,WA,1,7,7,14,5,89,13,5,83,6,1,1
M14418,2005,Round 7,7,2005-05-15,North Melbourne Kangaroos,Collingwood Magpies,Marvel Stadium,VIC,VIC,0,7,9,18,2,110,13,6,84,26,1,1
M14419,2005,Round 7,7,2005-05-17,Geelong Cats,West Coast Eagles,GMHBA Stadium,VIC,WA,1,7,7,17,8,110,14,5,89,21,1,1
M14420,2005,Round 8,8,2005-06-01,Geelong Cats,Western Bulldogs,GMHBA Stadium,VIC,VIC,0,8,7,15,6,96,14,4,88,8,1,1
M14421,2005,Round 8,8,2005-06-03,Collingwood Magpies,Fremantle Dockers,MCG,VIC,WA,1,7,7,18,1,109,15,5,95,14,1,1
M14422,2005,Round 8,8,2005-06-05,Carlton Blues,Adelaide Crows,Marvel Stadium,VIC,SA,1,7,7,14,6,90,13,5,83,7,1,1
M14423,2005,Round 8,8,2005-06-07,Port Adelaide Power,Sydney Swans,Adelaide Oval,SA,NSW,1,7,7,14,4,88,12,3,75,13,1,1
M14424,2005,Round 8,8,2005-06-09,North Melbourne Kangaroos,Brisbane Lions,Marvel Stadium,VIC,QLD,1,7,7,15,1,91,12,4,76,15,1,1
M14425,2005,Round 8,8,2005-06-11,GWS Giants,Gold Coast Suns,GIANTS Stadium,NSW,QLD,1,6,9,15,8,98,14,7,91,7,1,1
M14426,2005,Round 8,8,2005-06-13,West Coast Eagles,Essendon Bombers,Optus Stadium,WA,VIC,1,7,7,16,6,102,16,5,101,1,1,1
M14427,2005,Round 8,8,2005-06-15,St Kilda Saints,Hawthorn Hawks,Marvel Stadium,VIC,VIC,0,7,7,15,4,94,14,6,90,4,1,1
M14428,2005,Round 8,8,2005-06-17,Richmond Tigers,Melbourne Demons,MCG,VIC,VIC,0,7,7,17,3,105,15,5,95,10,1,1
M14429,2005,Round 9,9,2005-07-01,Port Adelaide Power,Gold Coast Suns,Adelaide Oval,SA,QLD,1,6,7,17,3,105,10,9,69,36,1,1
M14430,2005,Round 9,9,2005-07-03,Essendon Bombers,Carlton Blues,Marvel Stadium,VIC,VIC,0,7,8,16,1,97,11,2,68,29,1,1
M14431,2005,Round 9,9,2005-07-05,Brisbane Lions,Geelong Cats,Gabba,QLD,VIC,1,7,9,17,5,107,12,7,79,28,1,1
M14432,2005,Round 9,9,2005-07-07,Adelaide Crows,Richmond Tigers,Adelaide Oval,SA,VIC,1,6,7,16,1,97,12,6,78,19,1,1
M14433,2005,Round 9,9,2005-07-09,North Melbourne Kangaroos,Western Bulldogs,Marvel Stadium,VIC,VIC,0,7,7,15,7,97,15,4,94,3,1,1
M14434,2005,Round 9,9,2005-07-11,GWS Giants,Sydney Swans,GIANTS Stadium,NSW,NSW,0,7,9,16,7,103,15,3,93,10,1,1
M14435,2005,Round 9,9,2005-07-13,Melbourne Demons,Fremantle Dockers,MCG,VIC,WA,1,8,6,18,2,110,17,5,107,3,1,1
M14436,2005,Round 9,9,2005-07-15,West Coast Eagles,Collingwood Magpies,Optus Stadium,WA,VIC,1,7,6,14,3,87,16,1,97,-10,0,0
M14437,2005,Round 9,9,2005-07-17,St Kilda Saints,Hawthorn Hawks,Marvel Stadium,VIC,VIC,0,7,8,16,3,99,13,4,82,17,1,1
M14438,2005,Round 10,10,2005-08-01,Collingwood Magpies,Adelaide Crows,MCG,VIC,SA,1,8,7,17,3,105,15,5,95,10,1,1
M14439,2005,Round 10,10,2005-08-03,Fremantle Dockers,Port Adelaide Power,Optus Stadium,WA,SA,1,6,7,15,3,93,16,8,104,-11,0,0
M14440,2005,Round 10,10,2005-08-05,Western Bulldogs,GWS Giants,Marvel Stadium,VIC,NSW,1,7,8,16,6,102,15,1,91,11,1,1
M14441,2005,Round 10,10,2005-08-07,Hawthorn Hawks,St Kilda Saints,MCG,VIC,VIC,0,7,6,17,5,107,12,3,75,32,1,1
M14442,2005,Round 10,10,2005-08-09,Carlton Blues,West Coast Eagles,Marvel Stadium,VIC,WA,1,6,9,15,7,97,14,5,89,8,1,1
M14443,2005,Round 10,10,2005-08-11,Geelong Cats,Richmond Tigers,GMHBA Stadium,VIC,VIC,0,6,7,14,6,90,12,8,80,10,1,1
M14444,2005,Round 10,10,2005-08-13,Essendon Bombers,Gold Coast Suns,Marvel Stadium,VIC,QLD,1,8,7,15,2,92,15,6,96,-4,0,0
M14445,2005,Round 10,10,2005-08-15,Brisbane Lions,Melbourne Demons,Gabba,QLD,VIC,1,9,6,15,5,95,15,1,91,4,1,1
M14446,2005,Round 10,10,2005-08-17,North Melbourne Kangaroos,Sydney Swans,Marvel Stadium,VIC,NSW,1,9,8,16,9,105,15,8,98,7,1,1
M14447,2005,Round 11,11,2005-09-01,West Coast Eagles,North Melbourne Kangaroos,Optus Stadium,WA,VIC,1,7,8,14,4,88,15,2,92,-4,0,0
M14448,2005,Round 11,11,2005-09-03,Sydney Swans,Essendon Bombers,SCG,NSW,VIC,1,8,6,14,3,87,15,5,95,-8,0,0
M14449,2005,Round 11,11,2005-09-05,Melbourne Demons,Western Bulldogs,MCG,VIC,VIC,0,9,7,15,7,97,13,4,82,15,1,1
M14450,2005,Round 11,11,2005-09-07,Adelaide Crows,Port Adelaide Power,Adelaide Oval,SA,SA,0,8,7,12,5,77,10,5,65,12,1,1
M14451,2005,Round 11,11,2005-09-09,Collingwood Magpies,GWS Giants,MCG,VIC,NSW,1,7,8,15,2,92,16,1,97,-5,0,0
M14452,2005,Round 11,11,2005-09-11,Gold Coast Suns,Fremantle Dockers,Heritage Bank Stadium,QLD,WA,1,9,9,13,3,81,14,2,86,-5,0,0
M14453,2005,Round 11,11,2005-09-13,Carlton Blues,Geelong Cats,Marvel Stadium,VIC,VIC,0,8,7,16,6,102,12,7,79,23,1,1
M14454,2005,Round 11,11,2005-09-15,Hawthorn Hawks,St Kilda Saints,MCG,VIC,VIC,0,8,6,17,2,104,12,6,78,26,1,1
M14455,2005,Round 11,11,2005-09-17,Brisbane Lions,Richmond Tigers,Gabba,QLD,VIC,1,7,6,15,8,98,15,3,93,5,1,1
M14456,2005,Round 12,12,2005-04-01,Gold Coast Suns,Port Adelaide Power,Heritage Bank Stadium,QLD,SA,1,9,6,19,3,117,14,5,89,28,1,1
M14457,2005,Round 12,12,2005-04-03,Adelaide Crows,Sydney Swans,Adelaide Oval,SA,NSW,1,7,7,15,4,94,13,8,86,8,1,1
M14458,2005,Round 12,12,2005-04-05,Western Bulldogs,Richmond Tigers,Marvel Stadium,VIC,VIC,0,7,7,14,5,89,13,6,84,5,1,1
M14459,2005,Round 12,12,2005-04-07,Carlton Blues,Brisbane Lions,Marvel Stadium,VIC,QLD,1,7,7,16,5,101,12,1,73,28,1,1
M14460,2005,Round 12,12,2005-04-09,Essendon Bombers,Fremantle Dockers,Marvel Stadium,VIC,WA,1,7,6,15,4,94,12,5,77,17,1,1
M14461,2005,Round 12,12,2005-04-11,Melbourne Demons,GWS Giants,MCG,VIC,NSW,1,9,6,15,1,91,14,4,88,3,1,1
M14462,2005,Round 12,12,2005-04-13,Geelong Cats,Collingwood Magpies,GMHBA Stadium,VIC,VIC,0,7,9,14,7,91,14,4,88,3,1,1
M14463,2005,Round 12,12,2005-04-15,North Melbourne Kangaroos,Hawthorn Hawks,Marvel Stadium,VIC,VIC,0,9,7,15,7,97,13,1,79,18,1,1
M14464,2005,Round 12,12,2005-04-17,West Coast Eagles,St Kilda Saints,Optus Stadium,WA,VIC,1,7,9,15,1,91,10,3,63,28,1,1
M14465,2005,Round 13,13,2005-05-01,Geelong Cats,Adelaide Crows,GMHBA Stadium,VIC,SA,1,8,7,14,4,88,14,5,89,-1,0,0
M14466,2005,Round 13,13,2005-05-03,Sydney Swans,St Kilda Saints,SCG,NSW,VIC,1,7,9,16,4,100,15,8,98,2,1,1
M14467,2005,Round 13,13,2005-05-05,Port Adelaide Power,Richmond Tigers,Adelaide Oval,SA,VIC,1,7,7,14,4,88,12,4,76,12,1,1
M14468,2005,Round 13,13,2005-05-07,Carlton Blues,Brisbane Lions,Marvel Stadium,VIC,QLD,1,6,7,16,1,97,12,7,79,18,1,1
M14469,2005,Round 13,13,2005-05-09,Collingwood Magpies,West Coast Eagles,MCG,VIC,WA,1,7,7,18,4,112,12,4,76,36,1,1
M14470,2005,Round 13,13,2005-05-11,GWS Giants,Essendon Bombers,GIANTS Stadium,NSW,VIC,1,6,8,17,2,104,14,5,89,15,1,1
M14471,2005,Round 13,13,2005-05-13,Gold Coast Suns,Melbourne Demons,Heritage Bank Stadium,QLD,VIC,1,9,7,16,3,99,14,1,85,14,1,1
M14472,2005,Round 13,13,2005-05-15,Western Bulldogs,North Melbourne Kangaroos,Marvel Stadium,VIC,VIC,0,9,9,15,6,96,14,2,86,10,1,1
M14473,2005,Round 13,13,2005-05-17,Fremantle Dockers,Hawthorn Hawks,Optus Stadium,WA,VIC,1,7,8,14,5,89,14,7,91,-2,0,0
M14474,2005,Round 14,14,2005-06-01,Gold Coast Suns,North Melbourne Kangaroos,Heritage Bank Stadium,QLD,VIC,1,7,6,18,7,115,13,4,82,33,1,1
M14475,2005,Round 14,14,2005-06-03,Adelaide Crows,GWS Giants,Adelaide Oval,SA,NSW,1,7,7,15,6,96,11,6,72,24,1,1
M14476,2005,Round 14,14,2005-06-05,West Coast Eagles,Port Adelaide Power,Optus Stadium,WA,SA,1,7,7,18,0,108,15,4,94,14,1,1
M14477,2005,Round 14,14,2005-06-07,Richmond Tigers,Collingwood Magpies,MCG,VIC,VIC,0,7,7,13,0,78,14,4,88,-10,0,0
M14478,2005,Round 14,14,2005-06-09,Hawthorn Hawks,Brisbane Lions,MCG,VIC,QLD,1,6,7,16,5,101,13,4,82,19,1,1
M14479,2005,Round 14,14,2005-06-11,St Kilda Saints,Fremantle Dockers,Marvel Stadium,VIC,WA,1,8,9,13,2,80,13,3,81,-1,0,0
M14480,2005,Round 14,14,2005-06-13,Essendon Bombers,Western Bulldogs,Marvel Stadium,VIC,VIC,0,7,6,15,5,95,13,6,84,11,1,1
M14481,2005,Round 14,14,2005-06-15,Sydney Swans,Melbourne Demons,SCG,NSW,VIC,1,7,7,18,1,109,14,2,86,23,1,1
M14482,2005,Round 14,14,2005-06-17,Geelong Cats,Carlton Blues,GMHBA Stadium,VIC,VIC,0,9,7,14,3,87,14,8,92,-5,0,0
M14483,2005,Round 15,15,2005-07-01,Melbourne Demons,Fremantle Dockers,MCG,VIC,WA,1,7,7,18,4,112,16,5,101,11,1,1
M14484,2005,Round 15,15,2005-07-03,Geelong Cats,Collingwood Magpies,GMHBA Stadium,VIC,VIC,0,7,7,14,3,87,13,5,83,4,1,1
M14485,2005,Round 15,15,2005-07-05,Essendon Bombers,West Coast Eagles,Marvel Stadium,VIC,WA,1,8,7,16,9,105,14,2,86,19,1,1
M14486,2005,Round 15,15,2005-07-07,GWS Giants,Carlton Blues,GIANTS Stadium,NSW,VIC,1,9,7,19,2,116,15,3,93,23,1,1
M14487,2005,Round 15,15,2005-07-09,Adelaide Crows,St Kilda Saints,Adelaide Oval,SA,VIC,1,7,8,15,4,94,14,1,85,9,1,1
M14488,2005,Round 15,15,2005-07-11,Sydney Swans,Richmond Tigers,SCG,NSW,VIC,1,7,7,12,5,77,12,4,76,1,1,1
M14489,2005,Round 15,15,2005-07-13,Gold Coast Suns,Western Bulldogs,Heritage Bank Stadium,QLD,VIC,1,7,7,14,8,92,10,3,63,29,1,1
M14490,2005,Round 15,15,2005-07-15,North Melbourne Kangaroos,Hawthorn Hawks,Marvel Stadium,VIC,VIC,0,7,7,13,5,83,15,4,94,-11,0,0
M14491,2005,Round 15,15,2005-07-17,Brisbane Lions,Port Adelaide Power,Gabba,QLD,SA,1,7,7,15,8,98,16,9,105,-7,0,0
M14492,2005,Round 16,16,2005-08-01,Port Adelaide Power,Geelong Cats,Adelaide Oval,SA,VIC,1,7,7,17,8,110,12,7,79,31,1,1
M14493,2005,Round 16,16,2005-08-03,Melbourne Demons,Sydney Swans,MCG,VIC,NSW,1,7,6,13,6,84,11,5,71,13,1,1
M14494,2005,Round 16,16,2005-08-05,Gold Coast Suns,GWS Giants,Heritage Bank Stadium,QLD,NSW,1,6,6,16,4,100,12,2,74,26,1,1
M14495,2005,Round 16,16,2005-08-07,North Melbourne Kangaroos,Adelaide Crows,Marvel Stadium,VIC,SA,1,7,7,15,6,96,13,5,83,13,1,1
M14496,2005,Round 16,16,2005-08-09,Brisbane Lions,West Coast Eagles,Gabba,QLD,WA,1,7,6,15,6,96,13,7,85,11,1,1
M14497,2005,Round 16,16,2005-08-11,Western Bulldogs,Fremantle Dockers,Marvel Stadium,VIC,WA,1,9,7,15,2,92,14,3,87,5,1,1
M14498,2005,Round 16,16,2005-08-13,Essendon Bombers,Collingwood Magpies,Marvel Stadium,VIC,VIC,0,6,7,18,4,112,12,3,75,37,1,1
M14499,2005,Round 16,16,2005-08-15,Hawthorn Hawks,Carlton Blues,MCG,VIC,VIC,0,7,8,15,3,93,15,1,91,2,1,1
M14500,2005,Round 16,16,2005-08-17,Richmond Tigers,St Kilda Saints,MCG,VIC,VIC,0,9,9,17,3,105,15,3,93,12,1,1
M14501,2005,Round 17,17,2005-09-01,Brisbane Lions,Essendon Bombers,Gabba,QLD,VIC,1,6,9,15,5,95,13,7,85,10,1,1
M14502,2005,Round 17,17,2005-09-03,Collingwood Magpies,Western Bulldogs,MCG,VIC,VIC,0,7,6,14,4,88,12,5,77,11,1,1
M14503,2005,Round 17,17,2005-09-05,West Coast Eagles,Carlton Blues,Optus Stadium,WA,VIC,1,7,6,13,5,83,13,5,83,0,0,0
M14504,2005,Round 17,17,2005-09-07,North Melbourne Kangaroos,St Kilda Saints,Marvel Stadium,VIC,VIC,0,7,9,14,5,89,16,4,100,-11,0,0
M14505,2005,Round 17,17,2005-09-09,GWS Giants,Geelong Cats,GIANTS Stadium,NSW,VIC,1,8,7,17,2,104,10,5,65,39,1,1
M14506,2005,Round 17,17,2005-09-11,Gold Coast Suns,Port Adelaide Power,Heritage Bank Stadium,QLD,SA,1,9,7,16,4,100,13,2,80,20,1,1
M14507,2005,Round 17,17,2005-09-13,Hawthorn Hawks,Richmond Tigers,MCG,VIC,VIC,0,7,9,14,4,88,12,4,76,12,1,1
M14508,2005,Round 17,17,2005-09-15,Adelaide Crows,Sydney Swans,Adelaide Oval,SA,NSW,1,6,9,14,5,89,13,0,78,11,1,1
M14509,2005,Round 17,17,2005-09-17,Fremantle Dockers,Melbourne Demons,Optus Stadium,WA,VIC,1,7,6,16,5,101,16,6,102,-1,0,0
M14510,2005,Round 18,18,2005-04-01,Brisbane Lions,North Melbourne Kangaroos,Gabba,QLD,VIC,1,7,7,15,5,95,15,6,96,-1,0,0
M14511,2005,Round 18,18,2005-04-03,Fremantle Dockers,Carlton Blues,Optus Stadium,WA,VIC,1,7,7,16,5,101,13,1,79,22,1,1
M14512,2005,Round 18,18,2005-04-05,Western Bulldogs,Hawthorn Hawks,Marvel Stadium,VIC,VIC,0,6,7,15,5,95,14,3,87,8,1,1
M14513,2005,Round 18,18,2005-04-07,St Kilda Saints,Adelaide Crows,Marvel Stadium,VIC,SA,1,7,7,15,4,94,15,5,95,-1,0,0
M14514,2005,Round 18,18,2005-04-09,Melbourne Demons,Geelong Cats,MCG,VIC,VIC,0,6,7,12,2,74,11,4,70,4,1,1
M14515,2005,Round 18,18,2005-04-11,Gold Coast Suns,West Coast Eagles,Heritage Bank Stadium,QLD,WA,1,8,8,12,3,75,16,8,104,-29,0,0
M14516,2005,Round 18,18,2005-04-13,Sydney Swans,Port Adelaide Power,SCG,NSW,SA,1,9,8,16,3,99,13,6,84,15,1,1
M14517,2005,Round 18,18,2005-04-15,Richmond Tigers,Essendon Bombers,MCG,VIC,VIC,0,8,6,16,3,99,12,2,74,25,1,1
M14518,2005,Round 18,18,2005-04-17,GWS Giants,Collingwood Magpies,GIANTS Stadium,NSW,VIC,1,8,7,16,7,103,14,4,88,15,1,1
M14519,2005,Round 19,19,2005-05-01,Fremantle Dockers,Geelong Cats,Optus Stadium,WA,VIC,1,8,7,17,2,104,12,0,72,32,1,1
M14520,2005,Round 19,19,2005-05-03,Melbourne Demons,GWS Giants,MCG,VIC,NSW,1,8,9,15,4,94,14,1,85,9,1,1
M14521,2005,Round 19,19,2005-05-05,Gold Coast Suns,West Coast Eagles,Heritage Bank Stadium,QLD,WA,1,6,8,19,1,115,13,4,82,33,1,1
M14522,2005,Round 19,19,2005-05-07,St Kilda Saints,North Melbourne Kangaroos,Marvel Stadium,VIC,VIC,0,7,9,16,6,102,14,1,85,17,1,1
M14523,2005,Round 19,19,2005-05-09,Sydney Swans,Brisbane Lions,SCG,NSW,QLD,1,8,7,16,5,101,11,7,73,28,1,1
M14524,2005,Round 19,19,2005-05-11,Hawthorn Hawks,Essendon Bombers,MCG,VIC,VIC,0,8,6,15,5,95,14,2,86,9,1,1
M14525,2005,Round 19,19,2005-05-13,Collingwood Magpies,Port Adelaide Power,MCG,VIC,SA,1,9,6,16,5,101,13,5,83,18,1,1
M14526,2005,Round 19,19,2005-05-15,Richmond Tigers,Adelaide Crows,MCG,VIC,SA,1,7,6,15,3,93,13,8,86,7,1,1
M14527,2005,Round 19,19,2005-05-17,Carlton Blues,Western Bulldogs,Marvel Stadium,VIC,VIC,0,7,7,17,6,108,16,7,103,5,1,1
M14528,2005,Round 20,20,2005-06-01,Western Bulldogs,North Melbourne Kangaroos,Marvel Stadium,VIC,VIC,0,7,8,18,1,109,13,2,80,29,1,1
M14529,2005,Round 20,20,2005-06-03,Melbourne Demons,Gold Coast Suns,MCG,VIC,QLD,1,9,7,12,8,80,15,1,91,-11,0,0
M14530,2005,Round 20,20,2005-06-05,Port Adelaide Power,GWS Giants,Adelaide Oval,SA,NSW,1,7,6,16,3,99,14,4,88,11,1,1
M14531,2005,Round 20,20,2005-06-07,Collingwood Magpies,Sydney Swans,MCG,VIC,NSW,1,7,6,15,2,92,13,5,83,9,1,1
M14532,2005,Round 20,20,2005-06-09,Hawthorn Hawks,St Kilda Saints,MCG,VIC,VIC,0,7,7,13,9,87,12,5,77,10,1,1
M14533,2005,Round 20,20,2005-06-11,Geelong Cats,Brisbane Lions,GMHBA Stadium,VIC,QLD,1,9,7,16,3,99,14,5,89,10,1,1
M14534,2005,Round 20,20,2005-06-13,Adelaide Crows,Essendon Bombers,Adelaide Oval,SA,VIC,1,8,7,17,2,104,15,5,95,9,1,1
M14535,2005,Round 20,20,2005-06-15,Carlton Blues,West Coast Eagles,Marvel Stadium,VIC,WA,1,7,9,17,1,103,13,4,82,21,1,1
M14536,2005,Round 20,20,2005-06-17,Fremantle Dockers,Richmond Tigers,Optus Stadium,WA,VIC,1,7,7,15,3,93,13,7,85,8,1,1
M14537,2005,Round 21,21,2005-07-01,Essendon Bombers,Carlton Blues,Marvel Stadium,VIC,VIC,0,7,7,16,8,104,14,5,89,15,1,1
M14538,2005,Round 21,21,2005-07-03,GWS Giants,Port Adelaide Power,GIANTS Stadium,NSW,SA,1,7,7,15,5,95,15,6,96,-1,0,0
M14539,2005,Round 21,21,2005-07-05,Gold Coast Suns,Richmond Tigers,Heritage Bank Stadium,QLD,VIC,1,7,7,13,6,84,14,5,89,-5,0,0
M14540,2005,Round 21,21,2005-07-07,Brisbane Lions,West Coast Eagles,Gabba,QLD,WA,1,7,7,14,4,88,12,6,78,10,1,1
M14541,2005,Round 21,21,2005-07-09,Adelaide Crows,St Kilda Saints,Adelaide Oval,SA,VIC,1,9,6,14,1,85,15,0,90,-5,0,0
M14542,2005,Round 21,21,2005-07-11,Hawthorn Hawks,Geelong Cats,MCG,VIC,VIC,0,9,7,13,7,85,16,5,101,-16,0,0
M14543,2005,Round 21,21,2005-07-13,Western Bulldogs,North Melbourne Kangaroos,Marvel Stadium,VIC,VIC,0,7,8,13,2,80,17,7,109,-29,0,0
M14544,2005,Round 21,21,2005-07-15,Fremantle Dockers,Melbourne Demons,Optus Stadium,WA,VIC,1,6,6,17,1,103,14,3,87,16,1,1
M14545,2005,Round 21,21,2005-07-17,Collingwood Magpies,Sydney Swans,MCG,VIC,NSW,1,9,7,19,2,116,13,6,84,32,1,1
M14546,2005,Round 22,22,2005-08-01,Western Bulldogs,GWS Giants,Marvel Stadium,VIC,NSW,1,7,6,18,4,112,13,3,81,31,1,1
M14547,2005,Round 22,22,2005-08-03,Carlton Blues,Adelaide Crows,Marvel Stadium,VIC,SA,1,6,7,14,7,91,12,7,79,12,1,1
M14548,2005,Round 22,22,2005-08-05,St Kilda Saints,Melbourne Demons,Marvel Stadium,VIC,VIC,0,7,7,16,1,97,10,3,63,34,1,1
M14549,2005,Round 22,22,2005-08-07,Port Adelaide Power,Geelong Cats,Adelaide Oval,SA,VIC,1,7,7,15,5,95,13,2,80,15,1,1
M14550,2005,Round 22,22,2005-08-09,Collingwood Magpies,West Coast Eagles,MCG,VIC,WA,1,7,6,16,4,100,13,2,80,20,1,1
M14551,2005,Round 22,22,2005-08-11,Richmond Tigers,North Melbourne Kangaroos,MCG,VIC,VIC,0,9,7,14,4,88,14,5,89,-1,0,0
M14552,2005,Round 22,22,2005-08-13,Sydney Swans,Essendon Bombers,SCG,NSW,VIC,1,9,6,19,5,119,11,5,71,48,1,1
M14553,2005,Round 22,22,2005-08-15,Gold Coast Suns,Hawthorn Hawks,Heritage Bank Stadium,QLD,VIC,1,7,6,12,4,76,13,3,81,-5,0,0
M14554,2005,Round 22,22,2005-08-17,Brisbane Lions,Fremantle Dockers,Gabba,QLD,WA,1,8,6,17,4,106,13,5,83,23,1,1
M14555,2006,Round 1,1,2006-05-01,St Kilda Saints,Essendon Bombers,Marvel Stadium,VIC,VIC,0,7,9,15,5,95,10,5,65,30,1,1
M14556,2006,Round 1,1,2006-05-03,Geelong Cats,GWS Giants,GMHBA Stadium,VIC,NSW,1,7,6,15,2,92,12,5,77,15,1,1
M14557,2006,Round 1,1,2006-05-05,Brisbane Lions,Gold Coast Suns,Gabba,QLD,QLD,0,8,7,13,6,84,13,4,82,2,1,1
M14558,2006,Round 1,1,2006-05-07,Carlton Blues,Collingwood Magpies,Marvel Stadium,VIC,VIC,0,9,9,15,6,96,15,6,96,0,0,0
M14559,2006,Round 1,1,2006-05-09,Adelaide Crows,Fremantle Dockers,Adelaide Oval,SA,WA,1,8,7,11,6,72,16,3,99,-27,0,0
M14560,2006,Round 1,1,2006-05-11,Sydney Swans,Port Adelaide Power,SCG,NSW,SA,1,7,7,17,4,106,12,1,73,33,1,1
M14561,2006,Round 1,1,2006-05-13,West Coast Eagles,Western Bulldogs,Optus Stadium,WA,VIC,1,7,7,15,5,95,16,5,101,-6,0,0
M14562,2006,Round 1,1,2006-05-15,Melbourne Demons,Richmond Tigers,MCG,VIC,VIC,0,7,6,14,9,93,17,5,107,-14,0,0
M14563,2006,Round 1,1,2006-05-17,Hawthorn Hawks,North Melbourne Kangaroos,MCG,VIC,VIC,0,7,7,15,6,96,13,7,85,11,1,1
M14564,2006,Round 2,2,2006-06-01,St Kilda Saints,Gold Coast Suns,Marvel Stadium,VIC,QLD,1,6,7,16,3,99,14,5,89,10,1,1
M14565,2006,Round 2,2,2006-06-03,Melbourne Demons,Port Adelaide Power,MCG,VIC,SA,1,7,7,13,7,85,11,4,70,15,1,1
M14566,2006,Round 2,2,2006-06-05,Richmond Tigers,Brisbane Lions,MCG,VIC,QLD,1,8,7,16,3,99,12,6,78,21,1,1
M14567,2006,Round 2,2,2006-06-07,Adelaide Crows,Essendon Bombers,Adelaide Oval,SA,VIC,1,7,7,14,3,87,15,6,96,-9,0,0
M14568,2006,Round 2,2,2006-06-09,Fremantle Dockers,Geelong Cats,Optus Stadium,WA,VIC,1,7,7,15,6,96,15,6,96,0,0,0
M14569,2006,Round 2,2,2006-06-11,Carlton Blues,North Melbourne Kangaroos,Marvel Stadium,VIC,VIC,0,7,8,13,7,85,15,4,94,-9,0,0
M14570,2006,Round 2,2,2006-06-13,Hawthorn Hawks,Collingwood Magpies,MCG,VIC,VIC,0,9,7,14,2,86,14,3,87,-1,0,0
M14571,2006,Round 2,2,2006-06-15,West Coast Eagles,GWS Giants,Optus Stadium,WA,NSW,1,8,8,14,8,92,14,5,89,3,1,1
M14572,2006,Round 2,2,2006-06-17,Western Bulldogs,Sydney Swans,Marvel Stadium,VIC,NSW,1,7,6,14,5,89,11,3,69,20,1,1
M14573,2006,Round 3,3,2006-07-01,Sydney Swans,Geelong Cats,SCG,NSW,VIC,1,8,7,12,6,78,15,3,93,-15,0,0
M14574,2006,Round 3,3,2006-07-03,Fremantle Dockers,North Melbourne Kangaroos,Optus Stadium,WA,VIC,1,8,6,16,5,101,14,0,84,17,1,1
M14575,2006,Round 3,3,2006-07-05,Gold Coast Suns,Richmond Tigers,Heritage Bank Stadium,QLD,VIC,1,6,7,17,3,105,15,4,94,11,1,1
M14576,2006,Round 3,3,2006-07-07,Port Adelaide Power,Melbourne Demons,Adelaide Oval,SA,VIC,1,6,7,15,3,93,15,5,95,-2,0,0
M14577,2006,Round 3,3,2006-07-09,GWS Giants,West Coast Eagles,GIANTS Stadium,NSW,WA,1,8,8,15,6,96,14,6,90,6,1,1
M14578,2006,Round 3,3,2006-07-11,Western Bulldogs,Carlton Blues,Marvel Stadium,VIC,VIC,0,7,7,13,5,83,14,4,88,-5,0,0
M14579,2006,Round 3,3,2006-07-13,Adelaide Crows,St Kilda Saints,Adelaide Oval,SA,VIC,1,7,7,15,2,92,15,5,95,-3,0,0
M14580,2006,Round 3,3,2006-07-15,Brisbane Lions,Essendon Bombers,Gabba,QLD,VIC,1,7,9,13,8,86,16,6,102,-16,0,0
M14581,2006,Round 3,3,2006-07-17,Hawthorn Hawks,Collingwood Magpies,MCG,VIC,VIC,0,9,7,14,4,88,13,5,83,5,1,1
M14582,2006,Round 4,4,2006-08-01,Sydney Swans,GWS Giants,SCG,NSW,NSW,0,7,7,15,7,97,13,2,80,17,1,1
M14583,2006,Round 4,4,2006-08-03,Richmond Tigers,Adelaide Crows,MCG,VIC,SA,1,8,7,17,3,105,13,6,84,21,1,1
M14584,2006,Round 4,4,2006-08-05,Collingwood Magpies,Geelong Cats,MCG,VIC,VIC,0,9,6,18,6,114,12,7,79,35,1,1
M14585,2006,Round 4,4,2006-08-07,Brisbane Lions,Melbourne Demons,Gabba,QLD,VIC,1,8,7,16,2,98,13,0,78,20,1,1
M14586,2006,Round 4,4,2006-08-09,Port Adelaide Power,Western Bulldogs,Adelaide Oval,SA,VIC,1,8,8,18,4,112,12,5,77,35,1,1
M14587,2006,Round 4,4,2006-08-11,Carlton Blues,Fremantle Dockers,Marvel Stadium,VIC,WA,1,8,8,14,5,89,14,2,86,3,1,1
M14588,2006,Round 4,4,2006-08-13,North Melbourne Kangaroos,Gold Coast Suns,Marvel Stadium,VIC,QLD,1,8,7,16,5,101,13,8,86,15,1,1
M14589,2006,Round 4,4,2006-08-15,St Kilda Saints,Hawthorn Hawks,Marvel Stadium,VIC,VIC,0,9,7,16,6,102,12,3,75,27,1,1
M14590,2006,Round 4,4,2006-08-17,West Coast Eagles,Essendon Bombers,Optus Stadium,WA,VIC,1,8,7,16,3,99,12,6,78,21,1,1
M14591,2006,Round 5,5,2006-09-01,Richmond Tigers,Fremantle Dockers,MCG,VIC,WA,1,8,6,18,0,108,13,8,86,22,1,1
M14592,2006,Round 5,5,2006-09-03,Sydney Swans,North Melbourne Kangaroos,SCG,NSW,VIC,1,9,7,15,4,94,15,5,95,-1,0,0
M14593,2006,Round 5,5,2006-09-05,Hawthorn Hawks,Geelong Cats,MCG,VIC,VIC,0,6,6,17,7,109,12,7,79,30,1,1
M14594,2006,Round 5,5,2006-09-07,Port Adelaide Power,Brisbane Lions,Adelaide Oval,SA,QLD,1,7,7,18,4,112,15,3,93,19,1,1
M14595,2006,Round 5,5,2006-09-09,Gold Coast Suns,GWS Giants,Heritage Bank Stadium,QLD,NSW,1,7,9,15,5,95,17,4,106,-11,0,0
M14596,2006,Round 5,5,2006-09-11,St Kilda Saints,Carlton Blues,Marvel Stadium,VIC,VIC,0,7,8,16,1,97,11,2,68,29,1,1
M14597,2006,Round 5,5,2006-09-13,Melbourne Demons,Essendon Bombers,MCG,VIC,VIC,0,9,7,16,3,99,11,5,71,28,1,1
M14598,2006,Round 5,5,2006-09-15,Collingwood Magpies,West Coast Eagles,MCG,VIC,WA,1,8,6,15,9,99,12,4,76,23,1,1
M14599,2006,Round 5,5,2006-09-17,Western Bulldogs,Adelaide Crows,Marvel Stadium,VIC,SA,1,6,7,12,6,78,13,9,87,-9,0,0
M14600,2006,Round 6,6,2006-04-01,Geelong Cats,Carlton Blues,GMHBA Stadium,VIC,VIC,0,9,8,16,4,100,14,3,87,13,1,1
M14601,2006,Round 6,6,2006-04-03,Gold Coast Suns,West Coast Eagles,Heritage Bank Stadium,QLD,WA,1,7,7,16,6,102,14,2,86,16,1,1
M14602,2006,Round 6,6,2006-04-05,Fremantle Dockers,Brisbane Lions,Optus Stadium,WA,QLD,1,8,9,19,3,117,13,0,78,39,1,1
M14603,2006,Round 6,6,2006-04-07,Collingwood Magpies,Melbourne Demons,MCG,VIC,VIC,0,8,8,14,7,91,15,6,96,-5,0,0
M14604,2006,Round 6,6,2006-04-09,St Kilda Saints,Essendon Bombers,Marvel Stadium,VIC,VIC,0,8,7,16,2,98,15,1,91,7,1,1
M14605,2006,Round 6,6,2006-04-11,GWS Giants,Hawthorn Hawks,GIANTS Stadium,NSW,VIC,1,6,6,12,8,80,13,2,80,0,0,0
M14606,2006,Round 6,6,2006-04-13,Adelaide Crows,Richmond Tigers,Adelaide Oval,SA,VIC,1,7,7,16,6,102,15,4,94,8,1,1
M14607,2006,Round 6,6,2006-04-15,Sydney Swans,North Melbourne Kangaroos,SCG,NSW,VIC,1,9,8,15,6,96,15,6,96,0,0,0
M14608,2006,Round 6,6,2006-04-17,Port Adelaide Power,Western Bulldogs,Adelaide Oval,SA,VIC,1,7,7,16,3,99,14,6,90,9,1,1
M14609,2006,Round 7,7,2006-05-01,Collingwood Magpies,West Coast Eagles,MCG,VIC,WA,1,6,6,13,3,81,13,3,81,0,0,0
M14610,2006,Round 7,7,2006-05-03,Melbourne Demons,Geelong Cats,MCG,VIC,VIC,0,7,7,16,8,104,11,5,71,33,1,1
M14611,2006,Round 7,7,2006-05-05,North Melbourne Kangaroos,Western Bulldogs,Marvel Stadium,VIC,VIC,0,7,7,15,8,98,13,3,81,17,1,1
M14612,2006,Round 7,7,2006-05-07,Sydney Swans,St Kilda Saints,SCG,NSW,VIC,1,7,7,18,3,111,14,2,86,25,1,1
M14613,2006,Round 7,7,2006-05-09,GWS Giants,Fremantle Dockers,GIANTS Stadium,NSW,WA,1,8,6,14,3,87,14,5,89,-2,0,0
M14614,2006,Round 7,7,2006-05-11,Richmond Tigers,Port Adelaide Power,MCG,VIC,SA,1,7,9,15,3,93,13,1,79,14,1,1
M14615,2006,Round 7,7,2006-05-13,Brisbane Lions,Essendon Bombers,Gabba,QLD,VIC,1,8,7,15,4,94,15,7,97,-3,0,0
M14616,2006,Round 7,7,2006-05-15,Adelaide Crows,Hawthorn Hawks,Adelaide Oval,SA,VIC,1,7,8,14,3,87,11,4,70,17,1,1
M14617,2006,Round 7,7,2006-05-17,Carlton Blues,Gold Coast Suns,Marvel Stadium,VIC,QLD,1,9,8,15,4,94,14,6,90,4,1,1
M14618,2006,Round 8,8,2006-06-01,West Coast Eagles,St Kilda Saints,Optus Stadium,WA,VIC,1,6,8,15,5,95,14,1,85,10,1,1
M14619,2006,Round 8,8,2006-06-03,Fremantle Dockers,Collingwood Magpies,Optus Stadium,WA,VIC,1,7,7,16,8,104,13,3,81,23,1,1
M14620,2006,Round 8,8,2006-06-05,Brisbane Lions,Adelaide Crows,Gabba,QLD,SA,1,6,7,14,3,87,13,9,87,0,0,0
M14621,2006,Round 8,8,2006-06-07,Richmond Tigers,Sydney Swans,MCG,VIC,NSW,1,7,7,14,7,91,12,2,74,17,1,1
M14622,2006,Round 8,8,2006-06-09,North Melbourne Kangaroos,Carlton Blues,Marvel Stadium,VIC,VIC,0,7,7,13,7,85,15,4,94,-9,0,0
M14623,2006,Round 8,8,2006-06-11,Essendon Bombers,Port Adelaide Power,Marvel Stadium,VIC,SA,1,9,6,15,8,98,13,4,82,16,1,1
M14624,2006,Round 8,8,2006-06-13,Gold Coast Suns,Hawthorn Hawks,Heritage Bank Stadium,QLD,VIC,1,7,9,16,0,96,12,2,74,22,1,1
M14625,2006,Round 8,8,2006-06-15,GWS Giants,Western Bulldogs,GIANTS Stadium,NSW,VIC,1,7,8,17,1,103,13,3,81,22,1,1
M14626,2006,Round 8,8,2006-06-17,Geelong Cats,Melbourne Demons,GMHBA Stadium,VIC,VIC,0,7,6,16,3,99,12,3,75,24,1,1
M14627,2006,Round 9,9,2006-07-01,St Kilda Saints,Sydney Swans,Marvel Stadium,VIC,NSW,1,7,9,15,3,93,14,4,88,5,1,1
M14628,2006,Round 9,9,2006-07-03,Brisbane Lions,Fremantle Dockers,Gabba,QLD,WA,1,8,7,16,6,102,16,4,100,2,1,1
M14629,2006,Round 9,9,2006-07-05,Richmond Tigers,Carlton Blues,MCG,VIC,VIC,0,7,7,15,4,94,16,5,101,-7,0,0
M14630,2006,Round 9,9,2006-07-07,Geelong Cats,Port Adelaide Power,GMHBA Stadium,VIC,SA,1,7,7,16,1,97,15,3,93,4,1,1
M14631,2006,Round 9,9,2006-07-09,West Coast Eagles,Western Bulldogs,Optus Stadium,WA,VIC,1,7,7,13,6,84,14,5,89,-5,0,0
M14632,2006,Round 9,9,2006-07-11,Melbourne Demons,Collingwood Magpies,MCG,VIC,VIC,0,9,6,17,5,107,16,1,97,10,1,1
M14633,2006,Round 9,9,2006-07-13,Hawthorn Hawks,Gold Coast Suns,MCG,VIC,QLD,1,8,6,18,4,112,13,6,84,28,1,1
M14634,2006,Round 9,9,2006-07-15,Essendon Bombers,North Melbourne Kangaroos,Marvel Stadium,VIC,VIC,0,7,6,16,9,105,13,2,80,25,1,1
M14635,2006,Round 9,9,2006-07-17,Adelaide Crows,GWS Giants,Adelaide Oval,SA,NSW,1,8,7,14,6,90,13,8,86,4,1,1
M14636,2006,Round 10,10,2006-08-01,Brisbane Lions,North Melbourne Kangaroos,Gabba,QLD,VIC,1,8,6,15,5,95,14,6,90,5,1,1
M14637,2006,Round 10,10,2006-08-03,Fremantle Dockers,GWS Giants,Optus Stadium,WA,NSW,1,6,6,13,2,80,14,6,90,-10,0,0
M14638,2006,Round 10,10,2006-08-05,Sydney Swans,St Kilda Saints,SCG,NSW,VIC,1,7,7,14,3,87,12,1,73,14,1,1
M14639,2006,Round 10,10,2006-08-07,Collingwood Magpies,West Coast Eagles,MCG,VIC,WA,1,8,6,16,6,102,13,0,78,24,1,1
M14640,2006,Round 10,10,2006-08-09,Richmond Tigers,Carlton Blues,MCG,VIC,VIC,0,8,8,16,6,102,15,5,95,7,1,1
M14641,2006,Round 10,10,2006-08-11,Gold Coast Suns,Geelong Cats,Heritage Bank Stadium,QLD,VIC,1,7,7,13,6,84,14,8,92,-8,0,0
M14642,2006,Round 10,10,2006-08-13,Melbourne Demons,Western Bulldogs,MCG,VIC,VIC,0,6,9,14,5,89,10,2,62,27,1,1
M14643,2006,Round 10,10,2006-08-15,Port Adelaide Power,Adelaide Crows,Adelaide Oval,SA,SA,0,7,6,15,1,91,12,3,75,16,1,1
M14644,2006,Round 10,10,2006-08-17,Essendon Bombers,Hawthorn Hawks,Marvel Stadium,VIC,VIC,0,7,6,11,8,74,12,6,78,-4,0,0
M14645,2006,Round 11,11,2006-09-01,Collingwood Magpies,Gold Coast Suns,MCG,VIC,QLD,1,7,7,16,5,101,12,7,79,22,1,1
M14646,2006,Round 11,11,2006-09-03,GWS Giants,Sydney Swans,GIANTS Stadium,NSW,NSW,0,8,6,15,2,92,13,9,87,5,1,1
M14647,2006,Round 11,11,2006-09-05,Western Bulldogs,Hawthorn Hawks,Marvel Stadium,VIC,VIC,0,7,7,17,6,108,14,4,88,20,1,1
M14648,2006,Round 11,11,2006-09-07,West Coast Eagles,St Kilda Saints,Optus Stadium,WA,VIC,1,9,8,13,2,80,12,8,80,0,0,0
M14649,2006,Round 11,11,2006-09-09,Essendon Bombers,Port Adelaide Power,Marvel Stadium,VIC,SA,1,9,6,14,1,85,11,2,68,17,1,1
M14650,2006,Round 11,11,2006-09-11,Carlton Blues,Richmond Tigers,Marvel Stadium,VIC,VIC,0,8,7,15,5,95,14,6,90,5,1,1
M14651,2006,Round 11,11,2006-09-13,North Melbourne Kangaroos,Geelong Cats,Marvel Stadium,VIC,VIC,0,9,7,16,2,98,12,5,77,21,1,1
M14652,2006,Round 11,11,2006-09-15,Adelaide Crows,Melbourne Demons,Adelaide Oval,SA,VIC,1,6,7,16,2,98,16,6,102,-4,0,0
M14653,2006,Round 11,11,2006-09-17,Fremantle Dockers,Brisbane Lions,Optus Stadium,WA,QLD,1,7,8,16,9,105,13,2,80,25,1,1
M14654,2006,Round 12,12,2006-04-01,Port Adelaide Power,Sydney Swans,Adelaide Oval,SA,NSW,1,7,8,17,6,108,13,6,84,24,1,1
M14655,2006,Round 12,12,2006-04-03,Hawthorn Hawks,Fremantle Dockers,MCG,VIC,WA,1,9,7,15,2,92,12,2,74,18,1,1
M14656,2006,Round 12,12,2006-04-05,Collingwood Magpies,West Coast Eagles,MCG,VIC,WA,1,8,6,15,7,97,13,7,85,12,1,1
M14657,2006,Round 12,12,2006-04-07,Essendon Bombers,Western Bulldogs,Marvel Stadium,VIC,VIC,0,7,6,17,7,109,12,4,76,33,1,1
M14658,2006,Round 12,12,2006-04-09,St Kilda Saints,Richmond Tigers,Marvel Stadium,VIC,VIC,0,8,7,14,7,91,13,6,84,7,1,1
M14659,2006,Round 12,12,2006-04-11,Carlton Blues,Melbourne Demons,Marvel Stadium,VIC,VIC,0,9,7,16,8,104,14,6,90,14,1,1
M14660,2006,Round 12,12,2006-04-13,North Melbourne Kangaroos,Adelaide Crows,Marvel Stadium,VIC,SA,1,8,9,14,7,91,16,3,99,-8,0,0
M14661,2006,Round 12,12,2006-04-15,Gold Coast Suns,Geelong Cats,Heritage Bank Stadium,QLD,VIC,1,7,6,15,4,94,14,1,85,9,1,1
M14662,2006,Round 12,12,2006-04-17,GWS Giants,Brisbane Lions,GIANTS Stadium,NSW,QLD,1,7,9,14,5,89,16,2,98,-9,0,0
M14663,2006,Round 13,13,2006-05-01,Brisbane Lions,North Melbourne Kangaroos,Gabba,QLD,VIC,1,9,6,14,4,88,12,8,80,8,1,1
M14664,2006,Round 13,13,2006-05-03,Essendon Bombers,Sydney Swans,Marvel Stadium,VIC,NSW,1,8,7,15,8,98,13,1,79,19,1,1
M14665,2006,Round 13,13,2006-05-05,West Coast Eagles,Gold Coast Suns,Optus Stadium,WA,QLD,1,7,9,17,4,106,14,8,92,14,1,1
M14666,2006,Round 13,13,2006-05-07,Hawthorn Hawks,Melbourne Demons,MCG,VIC,VIC,0,7,7,13,5,83,16,5,101,-18,0,0
M14667,2006,Round 13,13,2006-05-09,Western Bulldogs,St Kilda Saints,Marvel Stadium,VIC,VIC,0,9,9,18,8,116,13,3,81,35,1,1
M14668,2006,Round 13,13,2006-05-11,Carlton Blues,Adelaide Crows,Marvel Stadium,VIC,SA,1,7,7,14,3,87,15,4,94,-7,0,0
M14669,2006,Round 13,13,2006-05-13,Geelong Cats,Richmond Tigers,GMHBA Stadium,VIC,VIC,0,7,7,13,0,78,14,4,88,-10,0,0
M14670,2006,Round 13,13,2006-05-15,Port Adelaide Power,GWS Giants,Adelaide Oval,SA,NSW,1,7,7,15,4,94,15,3,93,1,1,1
M14671,2006,Round 13,13,2006-05-17,Collingwood Magpies,Fremantle Dockers,MCG,VIC,WA,1,7,8,14,6,90,14,1,85,5,1,1
M14672,2006,Round 14,14,2006-06-01,Fremantle Dockers,Geelong Cats,Optus Stadium,WA,VIC,1,9,6,15,6,96,13,2,80,16,1,1
M14673,2006,Round 14,14,2006-06-03,North Melbourne Kangaroos,St Kilda Saints,Marvel Stadium,VIC,VIC,0,7,7,15,4,94,15,6,96,-2,0,0
M14674,2006,Round 14,14,2006-06-05,Carlton Blues,Collingwood Magpies,Marvel Stadium,VIC,VIC,0,9,8,14,3,87,10,1,61,26,1,1
M14675,2006,Round 14,14,2006-06-07,West Coast Eagles,Adelaide Crows,Optus Stadium,WA,SA,1,7,7,18,3,111,13,3,81,30,1,1
M14676,2006,Round 14,14,2006-06-09,Essendon Bombers,Melbourne Demons,Marvel Stadium,VIC,VIC,0,7,7,13,5,83,13,4,82,1,1,1
M14677,2006,Round 14,14,2006-06-11,Port Adelaide Power,GWS Giants,Adelaide Oval,SA,NSW,1,9,9,15,5,95,14,7,91,4,1,1
M14678,2006,Round 14,14,2006-06-13,Richmond Tigers,Hawthorn Hawks,MCG,VIC,VIC,0,7,6,17,5,107,13,6,84,23,1,1
M14679,2006,Round 14,14,2006-06-15,Gold Coast Suns,Brisbane Lions,Heritage Bank Stadium,QLD,QLD,0,7,7,16,9,105,14,2,86,19,1,1
M14680,2006,Round 14,14,2006-06-17,Sydney Swans,Western Bulldogs,SCG,NSW,VIC,1,9,9,14,3,87,13,4,82,5,1,1
M14681,2006,Round 15,15,2006-07-01,Hawthorn Hawks,North Melbourne Kangaroos,MCG,VIC,VIC,0,6,7,16,1,97,14,6,90,7,1,1
M14682,2006,Round 15,15,2006-07-03,GWS Giants,Fremantle Dockers,GIANTS Stadium,NSW,WA,1,7,6,14,3,87,14,0,84,3,1,1
M14683,2006,Round 15,15,2006-07-05,Sydney Swans,Gold Coast Suns,SCG,NSW,QLD,1,7,7,15,8,98,15,4,94,4,1,1
M14684,2006,Round 15,15,2006-07-07,Essendon Bombers,Brisbane Lions,Marvel Stadium,VIC,QLD,1,6,7,16,5,101,11,5,71,30,1,1
M14685,2006,Round 15,15,2006-07-09,Western Bulldogs,Port Adelaide Power,Marvel Stadium,VIC,SA,1,7,7,15,8,98,13,5,83,15,1,1
M14686,2006,Round 15,15,2006-07-11,Collingwood Magpies,Adelaide Crows,MCG,VIC,SA,1,7,7,11,5,71,14,1,85,-14,0,0
M14687,2006,Round 15,15,2006-07-13,Carlton Blues,St Kilda Saints,Marvel Stadium,VIC,VIC,0,7,7,17,6,108,13,5,83,25,1,1
M14688,2006,Round 15,15,2006-07-15,Melbourne Demons,Geelong Cats,MCG,VIC,VIC,0,7,7,18,8,116,14,8,92,24,1,1
M14689,2006,Round 15,15,2006-07-17,West Coast Eagles,Richmond Tigers,Optus Stadium,WA,VIC,1,8,7,17,8,110,15,4,94,16,1,1
M14690,2006,Round 16,16,2006-08-01,Sydney Swans,St Kilda Saints,SCG,NSW,VIC,1,7,8,16,7,103,15,5,95,8,1,1
M14691,2006,Round 16,16,2006-08-03,Western Bulldogs,Port Adelaide Power,Marvel Stadium,VIC,SA,1,7,9,16,3,99,14,4,88,11,1,1
M14692,2006,Round 16,16,2006-08-05,GWS Giants,Hawthorn Hawks,GIANTS Stadium,NSW,VIC,1,8,7,17,4,106,15,9,99,7,1,1
M14693,2006,Round 16,16,2006-08-07,Brisbane Lions,North Melbourne Kangaroos,Gabba,QLD,VIC,1,7,8,14,4,88,13,8,86,2,1,1
M14694,2006,Round 16,16,2006-08-09,Richmond Tigers,Gold Coast Suns,MCG,VIC,QLD,1,7,7,17,4,106,13,5,83,23,1,1
M14695,2006,Round 16,16,2006-08-11,Collingwood Magpies,Carlton Blues,MCG,VIC,VIC,0,8,7,15,4,94,14,5,89,5,1,1
M14696,2006,Round 16,16,2006-08-13,Melbourne Demons,Fremantle Dockers,MCG,VIC,WA,1,7,7,15,6,96,13,4,82,14,1,1
M14697,2006,Round 16,16,2006-08-15,West Coast Eagles,Geelong Cats,Optus Stadium,WA,VIC,1,7,6,17,2,104,16,3,99,5,1,1
M14698,2006,Round 16,16,2006-08-17,Adelaide Crows,Essendon Bombers,Adelaide Oval,SA,VIC,1,6,8,14,7,91,13,5,83,8,1,1
M14699,2006,Round 17,17,2006-09-01,Brisbane Lions,Essendon Bombers,Gabba,QLD,VIC,1,7,6,14,6,90,14,3,87,3,1,1
M14700,2006,Round 17,17,2006-09-03,Gold Coast Suns,Fremantle Dockers,Heritage Bank Stadium,QLD,WA,1,8,9,14,4,88,15,6,96,-8,0,0
M14701,2006,Round 17,17,2006-09-05,Port Adelaide Power,North Melbourne Kangaroos,Adelaide Oval,SA,VIC,1,6,9,14,8,92,14,7,91,1,1,1
M14702,2006,Round 17,17,2006-09-07,Richmond Tigers,Collingwood Magpies,MCG,VIC,VIC,0,7,8,16,8,104,11,2,68,36,1,1
M14703,2006,Round 17,17,2006-09-09,Western Bulldogs,Adelaide Crows,Marvel Stadium,VIC,SA,1,8,6,15,7,97,14,6,90,7,1,1
M14704,2006,Round 17,17,2006-09-11,St Kilda Saints,GWS Giants,Marvel Stadium,VIC,NSW,1,9,8,15,2,92,16,8,104,-12,0,0
M14705,2006,Round 17,17,2006-09-13,Melbourne Demons,West Coast Eagles,MCG,VIC,WA,1,7,6,16,6,102,12,5,77,25,1,1
M14706,2006,Round 17,17,2006-09-15,Geelong Cats,Hawthorn Hawks,GMHBA Stadium,VIC,VIC,0,9,8,17,0,102,16,2,98,4,1,1
M14707,2006,Round 17,17,2006-09-17,Carlton Blues,Sydney Swans,Marvel Stadium,VIC,NSW,1,9,8,17,4,106,13,7,85,21,1,1
M14708,2006,Round 18,18,2006-04-01,GWS Giants,Geelong Cats,GIANTS Stadium,NSW,VIC,1,8,8,16,0,96,16,4,100,-4,0,0
M14709,2006,Round 18,18,2006-04-03,Essendon Bombers,Richmond Tigers,Marvel Stadium,VIC,VIC,0,7,8,16,6,102,13,7,85,17,1,1
M14710,2006,Round 18,18,2006-04-05,Adelaide Crows,West Coast Eagles,Adelaide Oval,SA,WA,1,9,7,16,7,103,14,6,90,13,1,1
M14711,2006,Round 18,18,2006-04-07,North Melbourne Kangaroos,Carlton Blues,Marvel Stadium,VIC,VIC,0,7,7,13,8,86,13,4,82,4,1,1
M14712,2006,Round 18,18,2006-04-09,Western Bulldogs,Fremantle Dockers,Marvel Stadium,VIC,WA,1,9,7,17,6,108,12,4,76,32,1,1
M14713,2006,Round 18,18,2006-04-11,Sydney Swans,Hawthorn Hawks,SCG,NSW,VIC,1,8,8,18,3,111,14,1,85,26,1,1
M14714,2006,Round 18,18,2006-04-13,Brisbane Lions,Port Adelaide Power,Gabba,QLD,SA,1,7,9,15,7,97,14,2,86,11,1,1
M14715,2006,Round 18,18,2006-04-15,Melbourne Demons,Collingwood Magpies,MCG,VIC,VIC,0,8,7,16,2,98,15,3,93,5,1,1
M14716,2006,Round 18,18,2006-04-17,St Kilda Saints,Gold Coast Suns,Marvel Stadium,VIC,QLD,1,8,9,13,0,78,14,4,88,-10,0,0
M14717,2006,Round 19,19,2006-05-01,Melbourne Demons,West Coast Eagles,MCG,VIC,WA,1,7,7,14,8,92,15,3,93,-1,0,0
M14718,2006,Round 19,19,2006-05-03,Carlton Blues,GWS Giants,Marvel Stadium,VIC,NSW,1,7,7,13,5,83,16,5,101,-18,0,0
M14719,2006,Round 19,19,2006-05-05,Port Adelaide Power,Geelong Cats,Adelaide Oval,SA,VIC,1,6,7,17,8,110,15,3,93,17,1,1
M14720,2006,Round 19,19,2006-05-07,Brisbane Lions,St Kilda Saints,Gabba,QLD,VIC,1,9,7,15,8,98,14,2,86,12,1,1
M14721,2006,Round 19,19,2006-05-09,Fremantle Dockers,Richmond Tigers,Optus Stadium,WA,VIC,1,8,7,16,4,100,11,8,74,26,1,1
M14722,2006,Round 19,19,2006-05-11,Sydney Swans,Collingwood Magpies,SCG,NSW,VIC,1,9,9,14,5,89,14,1,85,4,1,1
M14723,2006,Round 19,19,2006-05-13,Gold Coast Suns,Western Bulldogs,Heritage Bank Stadium,QLD,VIC,1,7,7,18,7,115,16,2,98,17,1,1
M14724,2006,Round 19,19,2006-05-15,North Melbourne Kangaroos,Hawthorn Hawks,Marvel Stadium,VIC,VIC,0,7,9,17,7,109,17,3,105,4,1,1
M14725,2006,Round 19,19,2006-05-17,Essendon Bombers,Adelaide Crows,Marvel Stadium,VIC,SA,1,6,8,17,3,105,15,9,99,6,1,1
M14726,2006,Round 20,20,2006-06-01,Collingwood Magpies,GWS Giants,MCG,VIC,NSW,1,7,6,17,1,103,14,1,85,18,1,1
M14727,2006,Round 20,20,2006-06-03,Western Bulldogs,North Melbourne Kangaroos,Marvel Stadium,VIC,VIC,0,6,6,17,4,106,15,4,94,12,1,1
M14728,2006,Round 20,20,2006-06-05,West Coast Eagles,Essendon Bombers,Optus Stadium,WA,VIC,1,7,7,18,6,114,13,4,82,32,1,1
M14729,2006,Round 20,20,2006-06-07,Brisbane Lions,Fremantle Dockers,Gabba,QLD,WA,1,7,8,15,3,93,13,3,81,12,1,1
M14730,2006,Round 20,20,2006-06-09,Hawthorn Hawks,Adelaide Crows,MCG,VIC,SA,1,6,8,13,0,78,14,1,85,-7,0,0
M14731,2006,Round 20,20,2006-06-11,Gold Coast Suns,Melbourne Demons,Heritage Bank Stadium,QLD,VIC,1,7,7,14,8,92,13,6,84,8,1,1
M14732,2006,Round 20,20,2006-06-13,Richmond Tigers,Port Adelaide Power,MCG,VIC,SA,1,6,7,13,4,82,14,4,88,-6,0,0
M14733,2006,Round 20,20,2006-06-15,Carlton Blues,St Kilda Saints,Marvel Stadium,VIC,VIC,0,6,7,14,5,89,12,8,80,9,1,1
M14734,2006,Round 20,20,2006-06-17,Geelong Cats,Sydney Swans,GMHBA Stadium,VIC,NSW,1,7,8,14,5,89,15,3,93,-4,0,0
M14735,2006,Round 21,21,2006-07-01,Gold Coast Suns,West Coast Eagles,Heritage Bank Stadium,QLD,WA,1,6,9,16,6,102,12,6,78,24,1,1
M14736,2006,Round 21,21,2006-07-03,Melbourne Demons,St Kilda Saints,MCG,VIC,VIC,0,7,7,18,4,112,14,3,87,25,1,1
M14737,2006,Round 21,21,2006-07-05,Essendon Bombers,North Melbourne Kangaroos,Marvel Stadium,VIC,VIC,0,8,8,15,4,94,13,2,80,14,1,1
M14738,2006,Round 21,21,2006-07-07,Richmond Tigers,Brisbane Lions,MCG,VIC,QLD,1,7,8,14,8,92,12,3,75,17,1,1
M14739,2006,Round 21,21,2006-07-09,GWS Giants,Carlton Blues,GIANTS Stadium,NSW,VIC,1,9,7,18,2,110,13,5,83,27,1,1
M14740,2006,Round 21,21,2006-07-11,Hawthorn Hawks,Western Bulldogs,MCG,VIC,VIC,0,7,7,15,2,92,12,5,77,15,1,1
M14741,2006,Round 21,21,2006-07-13,Sydney Swans,Geelong Cats,SCG,NSW,VIC,1,7,7,16,3,99,13,0,78,21,1,1
M14742,2006,Round 21,21,2006-07-15,Fremantle Dockers,Port Adelaide Power,Optus Stadium,WA,SA,1,6,7,16,6,102,16,7,103,-1,0,0
M14743,2006,Round 21,21,2006-07-17,Collingwood Magpies,Adelaide Crows,MCG,VIC,SA,1,7,7,17,9,111,15,6,96,15,1,1
M14744,2006,Round 22,22,2006-08-01,West Coast Eagles,Carlton Blues,Optus Stadium,WA,VIC,1,7,7,15,3,93,14,4,88,5,1,1
M14745,2006,Round 22,22,2006-08-03,North Melbourne Kangaroos,Hawthorn Hawks,Marvel Stadium,VIC,VIC,0,8,9,13,4,82,15,4,94,-12,0,0
M14746,2006,Round 22,22,2006-08-05,Essendon Bombers,Brisbane Lions,Marvel Stadium,VIC,QLD,1,7,7,13,3,81,13,9,87,-6,0,0
M14747,2006,Round 22,22,2006-08-07,Fremantle Dockers,Sydney Swans,Optus Stadium,WA,NSW,1,7,8,14,7,91,13,4,82,9,1,1
M14748,2006,Round 22,22,2006-08-09,Port Adelaide Power,St Kilda Saints,Adelaide Oval,SA,VIC,1,7,7,16,4,100,14,0,84,16,1,1
M14749,2006,Round 22,22,2006-08-11,Melbourne Demons,Richmond Tigers,MCG,VIC,VIC,0,7,7,15,4,94,13,6,84,10,1,1
M14750,2006,Round 22,22,2006-08-13,Geelong Cats,Adelaide Crows,GMHBA Stadium,VIC,SA,1,8,7,15,4,94,16,3,99,-5,0,0
M14751,2006,Round 22,22,2006-08-15,Collingwood Magpies,Western Bulldogs,MCG,VIC,VIC,0,7,7,15,5,95,12,4,76,19,1,1
M14752,2006,Round 22,22,2006-08-17,Gold Coast Suns,GWS Giants,Heritage Bank Stadium,QLD,NSW,1,6,8,18,8,116,14,9,93,23,1,1
M14753,2007,Round 1,1,2007-05-01,Hawthorn Hawks,Western Bulldogs,MCG,VIC,VIC,0,6,7,15,1,91,16,9,105,-14,0,0
M14754,2007,Round 1,1,2007-05-03,GWS Giants,North Melbourne Kangaroos,GIANTS Stadium,NSW,VIC,1,6,7,15,8,98,14,1,85,13,1,1
M14755,2007,Round 1,1,2007-05-05,West Coast Eagles,Port Adelaide Power,Optus Stadium,WA,SA,1,7,7,14,3,87,14,6,90,-3,0,0
M14756,2007,Round 1,1,2007-05-07,Geelong Cats,Richmond Tigers,GMHBA Stadium,VIC,VIC,0,9,8,13,4,82,16,7,103,-21,0,0
M14757,2007,Round 1,1,2007-05-09,Collingwood Magpies,Carlton Blues,MCG,VIC,VIC,0,7,8,17,7,109,13,1,79,30,1,1
M14758,2007,Round 1,1,2007-05-11,Melbourne Demons,Essendon Bombers,MCG,VIC,VIC,0,7,8,16,5,101,15,3,93,8,1,1
M14759,2007,Round 1,1,2007-05-13,Brisbane Lions,St Kilda Saints,Gabba,QLD,VIC,1,6,8,17,2,104,15,8,98,6,1,1
M14760,2007,Round 1,1,2007-05-15,Gold Coast Suns,Adelaide Crows,Heritage Bank Stadium,QLD,SA,1,7,8,16,7,103,14,7,91,12,1,1
M14761,2007,Round 1,1,2007-05-17,Sydney Swans,Fremantle Dockers,SCG,NSW,WA,1,7,7,15,6,96,15,2,92,4,1,1
M14762,2007,Round 2,2,2007-06-01,Hawthorn Hawks,Fremantle Dockers,MCG,VIC,WA,1,9,9,12,3,75,13,1,79,-4,0,0
M14763,2007,Round 2,2,2007-06-03,Melbourne Demons,Carlton Blues,MCG,VIC,VIC,0,6,7,14,3,87,10,3,63,24,1,1
M14764,2007,Round 2,2,2007-06-05,Richmond Tigers,Port Adelaide Power,MCG,VIC,SA,1,8,8,15,6,96,15,3,93,3,1,1
M14765,2007,Round 2,2,2007-06-07,Collingwood Magpies,North Melbourne Kangaroos,MCG,VIC,VIC,0,7,8,17,9,111,14,9,93,18,1,1
M14766,2007,Round 2,2,2007-06-09,Adelaide Crows,Gold Coast Suns,Adelaide Oval,SA,QLD,1,7,7,15,1,91,10,0,60,31,1,1
M14767,2007,Round 2,2,2007-06-11,Sydney Swans,GWS Giants,SCG,NSW,NSW,0,8,9,15,6,96,16,7,103,-7,0,0
M14768,2007,Round 2,2,2007-06-13,St Kilda Saints,West Coast Eagles,Marvel Stadium,VIC,WA,1,7,9,14,5,89,11,3,69,20,1,1
M14769,2007,Round 2,2,2007-06-15,Essendon Bombers,Brisbane Lions,Marvel Stadium,VIC,QLD,1,7,7,15,6,96,16,0,96,0,0,0
M14770,2007,Round 2,2,2007-06-17,Western Bulldogs,Geelong Cats,Marvel Stadium,VIC,VIC,0,7,7,14,8,92,13,4,82,10,1,1
M14771,2007,Round 3,3,2007-07-01,Melbourne Demons,Richmond Tigers,MCG,VIC,VIC,0,7,8,14,4,88,16,6,102,-14,0,0
M14772,2007,Round 3,3,2007-07-03,North Melbourne Kangaroos,Hawthorn Hawks,Marvel Stadium,VIC,VIC,0,8,7,18,6,114,11,4,70,44,1,1
M14773,2007,Round 3,3,2007-07-05,Collingwood Magpies,Carlton Blues,MCG,VIC,VIC,0,6,7,17,9,111,14,7,91,20,1,1
M14774,2007,Round 3,3,2007-07-07,West Coast Eagles,Sydney Swans,Optus Stadium,WA,NSW,1,7,7,16,1,97,11,3,69,28,1,1
M14775,2007,Round 3,3,2007-07-09,Western Bulldogs,Essendon Bombers,Marvel Stadium,VIC,VIC,0,6,7,15,6,96,14,4,88,8,1,1
M14776,2007,Round 3,3,2007-07-11,Brisbane Lions,GWS Giants,Gabba,QLD,NSW,1,9,6,14,7,91,14,5,89,2,1,1
M14777,2007,Round 3,3,2007-07-13,Adelaide Crows,Fremantle Dockers,Adelaide Oval,SA,WA,1,9,7,17,3,105,12,2,74,31,1,1
M14778,2007,Round 3,3,2007-07-15,Gold Coast Suns,Geelong Cats,Heritage Bank Stadium,QLD,VIC,1,7,7,13,7,85,14,8,92,-7,0,0
M14779,2007,Round 3,3,2007-07-17,Port Adelaide Power,St Kilda Saints,Adelaide Oval,SA,VIC,1,8,7,15,1,91,14,1,85,6,1,1
M14780,2007,Round 4,4,2007-08-01,Hawthorn Hawks,Melbourne Demons,MCG,VIC,VIC,0,7,7,13,9,87,14,4,88,-1,0,0
M14781,2007,Round 4,4,2007-08-03,West Coast Eagles,Brisbane Lions,Optus Stadium,WA,QLD,1,7,7,18,4,112,12,8,80,32,1,1
M14782,2007,Round 4,4,2007-08-05,Western Bulldogs,Essendon Bombers,Marvel Stadium,VIC,VIC,0,7,7,15,8,98,16,3,99,-1,0,0
M14783,2007,Round 4,4,2007-08-07,Gold Coast Suns,St Kilda Saints,Heritage Bank Stadium,QLD,VIC,1,7,6,14,8,92,15,3,93,-1,0,0
M14784,2007,Round 4,4,2007-08-09,Adelaide Crows,Collingwood Magpies,Adelaide Oval,SA,VIC,1,6,8,13,3,81,14,6,90,-9,0,0
M14785,2007,Round 4,4,2007-08-11,Sydney Swans,Geelong Cats,SCG,NSW,VIC,1,7,9,16,2,98,15,1,91,7,1,1
M14786,2007,Round 4,4,2007-08-13,North Melbourne Kangaroos,Carlton Blues,Marvel Stadium,VIC,VIC,0,7,7,15,2,92,13,7,85,7,1,1
M14787,2007,Round 4,4,2007-08-15,Richmond Tigers,GWS Giants,MCG,VIC,NSW,1,8,9,14,4,88,12,7,79,9,1,1
M14788,2007,Round 4,4,2007-08-17,Fremantle Dockers,Port Adelaide Power,Optus Stadium,WA,SA,1,6,9,14,3,87,13,5,83,4,1,1
M14789,2007,Round 5,5,2007-09-01,North Melbourne Kangaroos,Essendon Bombers,Marvel Stadium,VIC,VIC,0,6,8,13,4,82,12,6,78,4,1,1
M14790,2007,Round 5,5,2007-09-03,Hawthorn Hawks,Sydney Swans,MCG,VIC,NSW,1,7,7,17,3,105,13,7,85,20,1,1
M14791,2007,Round 5,5,2007-09-05,Carlton Blues,Fremantle Dockers,Marvel Stadium,VIC,WA,1,9,6,14,5,89,14,1,85,4,1,1
M14792,2007,Round 5,5,2007-09-07,Adelaide Crows,Western Bulldogs,Adelaide Oval,SA,VIC,1,7,7,17,3,105,13,4,82,23,1,1
M14793,2007,Round 5,5,2007-09-09,St Kilda Saints,Geelong Cats,Marvel Stadium,VIC,VIC,0,9,9,15,5,95,13,2,80,15,1,1
M14794,2007,Round 5,5,2007-09-11,Gold Coast Suns,Collingwood Magpies,Heritage Bank Stadium,QLD,VIC,1,6,6,15,2,92,13,5,83,9,1,1
M14795,2007,Round 5,5,2007-09-13,West Coast Eagles,Brisbane Lions,Optus Stadium,WA,QLD,1,7,7,15,8,98,14,4,88,10,1,1
M14796,2007,Round 5,5,2007-09-15,GWS Giants,Port Adelaide Power,GIANTS Stadium,NSW,SA,1,7,7,14,7,91,13,3,81,10,1,1
M14797,2007,Round 5,5,2007-09-17,Melbourne Demons,Richmond Tigers,MCG,VIC,VIC,0,7,7,15,7,97,16,5,101,-4,0,0
M14798,2007,Round 6,6,2007-04-01,Adelaide Crows,St Kilda Saints,Adelaide Oval,SA,VIC,1,8,7,16,4,100,13,7,85,15,1,1
M14799,2007,Round 6,6,2007-04-03,Hawthorn Hawks,Brisbane Lions,MCG,VIC,QLD,1,6,7,15,6,96,15,1,91,5,1,1
M14800,2007,Round 6,6,2007-04-05,West Coast Eagles,Essendon Bombers,Optus Stadium,WA,VIC,1,7,8,14,1,85,12,3,75,10,1,1
M14801,2007,Round 6,6,2007-04-07,Western Bulldogs,Carlton Blues,Marvel Stadium,VIC,VIC,0,6,6,18,0,108,12,6,78,30,1,1
M14802,2007,Round 6,6,2007-04-09,Port Adelaide Power,Melbourne Demons,Adelaide Oval,SA,VIC,1,7,9,14,1,85,12,5,77,8,1,1
M14803,2007,Round 6,6,2007-04-11,Richmond Tigers,Gold Coast Suns,MCG,VIC,QLD,1,9,7,15,3,93,11,5,71,22,1,1
M14804,2007,Round 6,6,2007-04-13,Geelong Cats,Collingwood Magpies,GMHBA Stadium,VIC,VIC,0,7,9,13,1,79,14,6,90,-11,0,0
M14805,2007,Round 6,6,2007-04-15,Fremantle Dockers,GWS Giants,Optus Stadium,WA,NSW,1,7,6,18,3,111,12,3,75,36,1,1
M14806,2007,Round 6,6,2007-04-17,North Melbourne Kangaroos,Sydney Swans,Marvel Stadium,VIC,NSW,1,6,7,16,6,102,11,7,73,29,1,1
M14807,2007,Round 7,7,2007-05-01,Collingwood Magpies,Brisbane Lions,MCG,VIC,QLD,1,8,6,15,4,94,15,9,99,-5,0,0
M14808,2007,Round 7,7,2007-05-03,Geelong Cats,Richmond Tigers,GMHBA Stadium,VIC,VIC,0,9,7,16,8,104,15,2,92,12,1,1
M14809,2007,Round 7,7,2007-05-05,Hawthorn Hawks,Gold Coast Suns,MCG,VIC,QLD,1,9,7,14,8,92,15,1,91,1,1,1
M14810,2007,Round 7,7,2007-05-07,Adelaide Crows,Sydney Swans,Adelaide Oval,SA,NSW,1,9,9,17,5,107,15,3,93,14,1,1
M14811,2007,Round 7,7,2007-05-09,Essendon Bombers,Carlton Blues,Marvel Stadium,VIC,VIC,0,9,7,15,6,96,12,6,78,18,1,1
M14812,2007,Round 7,7,2007-05-11,West Coast Eagles,St Kilda Saints,Optus Stadium,WA,VIC,1,9,9,16,2,98,13,2,80,18,1,1
M14813,2007,Round 7,7,2007-05-13,GWS Giants,Western Bulldogs,GIANTS Stadium,NSW,VIC,1,7,7,16,4,100,14,7,91,9,1,1
M14814,2007,Round 7,7,2007-05-15,North Melbourne Kangaroos,Fremantle Dockers,Marvel Stadium,VIC,WA,1,7,8,16,4,100,13,5,83,17,1,1
M14815,2007,Round 7,7,2007-05-17,Melbourne Demons,Port Adelaide Power,MCG,VIC,SA,1,7,7,15,0,90,12,4,76,14,1,1
M14816,2007,Round 8,8,2007-06-01,Richmond Tigers,GWS Giants,MCG,VIC,NSW,1,9,7,16,2,98,13,6,84,14,1,1
M14817,2007,Round 8,8,2007-06-03,Port Adelaide Power,Essendon Bombers,Adelaide Oval,SA,VIC,1,7,7,16,5,101,14,6,90,11,1,1
M14818,2007,Round 8,8,2007-06-05,Adelaide Crows,Geelong Cats,Adelaide Oval,SA,VIC,1,7,7,13,6,84,15,2,92,-8,0,0
M14819,2007,Round 8,8,2007-06-07,St Kilda Saints,West Coast Eagles,Marvel Stadium,VIC,WA,1,7,9,16,2,98,13,0,78,20,1,1
M14820,2007,Round 8,8,2007-06-09,Collingwood Magpies,Hawthorn Hawks,MCG,VIC,VIC,0,7,7,14,1,85,14,6,90,-5,0,0
M14821,2007,Round 8,8,2007-06-11,Gold Coast Suns,Brisbane Lions,Heritage Bank Stadium,QLD,QLD,0,7,7,18,0,108,15,8,98,10,1,1
M14822,2007,Round 8,8,2007-06-13,Fremantle Dockers,Carlton Blues,Optus Stadium,WA,VIC,1,9,9,17,6,108,13,4,82,26,1,1
M14823,2007,Round 8,8,2007-06-15,North Melbourne Kangaroos,Western Bulldogs,Marvel Stadium,VIC,VIC,0,8,7,15,2,92,12,8,80,12,1,1
M14824,2007,Round 8,8,2007-06-17,Melbourne Demons,Sydney Swans,MCG,VIC,NSW,1,9,6,13,9,87,14,3,87,0,0,0
M14825,2007,Round 9,9,2007-07-01,Hawthorn Hawks,Sydney Swans,MCG,VIC,NSW,1,7,7,16,5,101,16,3,99,2,1,1
M14826,2007,Round 9,9,2007-07-03,North Melbourne Kangaroos,Essendon Bombers,Marvel Stadium,VIC,VIC,0,6,7,15,7,97,15,8,98,-1,0,0
M14827,2007,Round 9,9,2007-07-05,Collingwood Magpies,West Coast Eagles,MCG,VIC,WA,1,7,9,12,7,79,10,5,65,14,1,1
M14828,2007,Round 9,9,2007-07-07,Richmond Tigers,Brisbane Lions,MCG,VIC,QLD,1,7,9,13,3,81,15,6,96,-15,0,0
M14829,2007,Round 9,9,2007-07-09,St Kilda Saints,Adelaide Crows,Marvel Stadium,VIC,SA,1,8,6,17,6,108,13,1,79,29,1,1
M14830,2007,Round 9,9,2007-07-11,Geelong Cats,Carlton Blues,GMHBA Stadium,VIC,VIC,0,7,7,15,6,96,11,8,74,22,1,1
M14831,2007,Round 9,9,2007-07-13,GWS Giants,Fremantle Dockers,GIANTS Stadium,NSW,WA,1,7,7,14,8,92,14,3,87,5,1,1
M14832,2007,Round 9,9,2007-07-15,Gold Coast Suns,Western Bulldogs,Heritage Bank Stadium,QLD,VIC,1,6,6,14,9,93,14,4,88,5,1,1
M14833,2007,Round 9,9,2007-07-17,Melbourne Demons,Port Adelaide Power,MCG,VIC,SA,1,9,8,13,2,80,12,4,76,4,1,1
M14834,2007,Round 10,10,2007-08-01,West Coast Eagles,Brisbane Lions,Optus Stadium,WA,QLD,1,7,8,14,4,88,14,5,89,-1,0,0
M14835,2007,Round 10,10,2007-08-03,Richmond Tigers,Collingwood Magpies,MCG,VIC,VIC,0,6,8,18,8,116,12,3,75,41,1,1
M14836,2007,Round 10,10,2007-08-05,Sydney Swans,Adelaide Crows,SCG,NSW,SA,1,8,7,15,1,91,13,1,79,12,1,1
M14837,2007,Round 10,10,2007-08-07,Melbourne Demons,Western Bulldogs,MCG,VIC,VIC,0,8,6,17,7,109,14,7,91,18,1,1
M14838,2007,Round 10,10,2007-08-09,Geelong Cats,Fremantle Dockers,GMHBA Stadium,VIC,WA,1,7,7,16,3,99,13,3,81,18,1,1
M14839,2007,Round 10,10,2007-08-11,GWS Giants,North Melbourne Kangaroos,GIANTS Stadium,NSW,VIC,1,7,7,15,5,95,13,6,84,11,1,1
M14840,2007,Round 10,10,2007-08-13,Essendon Bombers,Port Adelaide Power,Marvel Stadium,VIC,SA,1,7,9,13,2,80,14,2,86,-6,0,0
M14841,2007,Round 10,10,2007-08-15,Gold Coast Suns,St Kilda Saints,Heritage Bank Stadium,QLD,VIC,1,7,6,15,4,94,14,8,92,2,1,1
M14842,2007,Round 10,10,2007-08-17,Carlton Blues,Hawthorn Hawks,Marvel Stadium,VIC,VIC,0,7,7,14,8,92,13,3,81,11,1,1
M14843,2007,Round 11,11,2007-09-01,Essendon Bombers,Adelaide Crows,Marvel Stadium,VIC,SA,1,9,7,16,4,100,14,3,87,13,1,1
M14844,2007,Round 11,11,2007-09-03,Western Bulldogs,Carlton Blues,Marvel Stadium,VIC,VIC,0,7,7,18,4,112,13,4,82,30,1,1
M14845,2007,Round 11,11,2007-09-05,Sydney Swans,Richmond Tigers,SCG,NSW,VIC,1,7,7,13,5,83,14,2,86,-3,0,0
M14846,2007,Round 11,11,2007-09-07,North Melbourne Kangaroos,Gold Coast Suns,Marvel Stadium,VIC,QLD,1,7,7,16,5,101,16,3,99,2,1,1
M14847,2007,Round 11,11,2007-09-09,St Kilda Saints,Brisbane Lions,Marvel Stadium,VIC,QLD,1,6,6,17,9,111,14,5,89,22,1,1
M14848,2007,Round 11,11,2007-09-11,Port Adelaide Power,GWS Giants,Adelaide Oval,SA,NSW,1,7,8,15,4,94,14,3,87,7,1,1
M14849,2007,Round 11,11,2007-09-13,Geelong Cats,Collingwood Magpies,GMHBA Stadium,VIC,VIC,0,7,8,15,3,93,13,5,83,10,1,1
M14850,2007,Round 11,11,2007-09-15,Melbourne Demons,West Coast Eagles,MCG,VIC,WA,1,9,7,17,9,111,12,5,77,34,1,1
M14851,2007,Round 11,11,2007-09-17,Hawthorn Hawks,Fremantle Dockers,MCG,VIC,WA,1,7,8,14,8,92,15,5,95,-3,0,0
M14852,2007,Round 12,12,2007-04-01,West Coast Eagles,Carlton Blues,Optus Stadium,WA,VIC,1,8,7,15,1,91,12,8,80,11,1,1
M14853,2007,Round 12,12,2007-04-03,Collingwood Magpies,Richmond Tigers,MCG,VIC,VIC,0,6,6,15,2,92,12,4,76,16,1,1
M14854,2007,Round 12,12,2007-04-05,Brisbane Lions,Sydney Swans,Gabba,QLD,NSW,1,8,6,20,4,124,15,9,99,25,1,1
M14855,2007,Round 12,12,2007-04-07,GWS Giants,St Kilda Saints,GIANTS Stadium,NSW,VIC,1,9,7,13,6,84,13,7,85,-1,0,0
M14856,2007,Round 12,12,2007-04-09,Geelong Cats,Fremantle Dockers,GMHBA Stadium,VIC,WA,1,8,7,14,9,93,13,1,79,14,1,1
M14857,2007,Round 12,12,2007-04-11,Hawthorn Hawks,North Melbourne Kangaroos,MCG,VIC,VIC,0,7,7,15,2,92,14,5,89,3,1,1
M14858,2007,Round 12,12,2007-04-13,Gold Coast Suns,Port Adelaide Power,Heritage Bank Stadium,QLD,SA,1,9,9,16,5,101,11,3,69,32,1,1
M14859,2007,Round 12,12,2007-04-15,Melbourne Demons,Adelaide Crows,MCG,VIC,SA,1,7,8,16,5,101,13,4,82,19,1,1
M14860,2007,Round 12,12,2007-04-17,Essendon Bombers,Western Bulldogs,Marvel Stadium,VIC,VIC,0,6,8,16,1,97,12,3,75,22,1,1
M14861,2007,Round 13,13,2007-05-01,Collingwood Magpies,GWS Giants,MCG,VIC,NSW,1,8,7,18,6,114,9,1,55,59,1,1
M14862,2007,Round 13,13,2007-05-03,West Coast Eagles,Port Adelaide Power,Optus Stadium,WA,SA,1,6,7,13,5,83,10,6,66,17,1,1
M14863,2007,Round 13,13,2007-05-05,Adelaide Crows,Gold Coast Suns,Adelaide Oval,SA,QLD,1,9,7,15,7,97,16,0,96,1,1,1
M14864,2007,Round 13,13,2007-05-07,North Melbourne Kangaroos,Geelong Cats,Marvel Stadium,VIC,VIC,0,8,7,14,5,89,14,0,84,5,1,1
M14865,2007,Round 13,13,2007-05-09,Melbourne Demons,Carlton Blues,MCG,VIC,VIC,0,9,7,17,6,108,13,9,87,21,1,1
M14866,2007,Round 13,13,2007-05-11,Essendon Bombers,Richmond Tigers,Marvel Stadium,VIC,VIC,0,7,7,16,7,103,15,5,95,8,1,1
M14867,2007,Round 13,13,2007-05-13,Hawthorn Hawks,Brisbane Lions,MCG,VIC,QLD,1,7,7,16,3,99,16,2,98,1,1,1
M14868,2007,Round 13,13,2007-05-15,Sydney Swans,Fremantle Dockers,SCG,NSW,WA,1,6,7,15,9,99,14,1,85,14,1,1
M14869,2007,Round 13,13,2007-05-17,Western Bulldogs,St Kilda Saints,Marvel Stadium,VIC,VIC,0,6,8,15,3,93,12,3,75,18,1,1
M14870,2007,Round 14,14,2007-06-01,West Coast Eagles,Western Bulldogs,Optus Stadium,WA,VIC,1,9,9,17,4,106,15,5,95,11,1,1
M14871,2007,Round 14,14,2007-06-03,Hawthorn Hawks,Collingwood Magpies,MCG,VIC,VIC,0,8,6,14,5,89,15,1,91,-2,0,0
M14872,2007,Round 14,14,2007-06-05,Geelong Cats,North Melbourne Kangaroos,GMHBA Stadium,VIC,VIC,0,8,9,17,7,109,13,5,83,26,1,1
M14873,2007,Round 14,14,2007-06-07,Port Adelaide Power,Carlton Blues,Adelaide Oval,SA,VIC,1,7,7,16,6,102,13,6,84,18,1,1
M14874,2007,Round 14,14,2007-06-09,Essendon Bombers,Brisbane Lions,Marvel Stadium,VIC,QLD,1,9,6,16,5,101,14,4,88,13,1,1
M14875,2007,Round 14,14,2007-06-11,Adelaide Crows,Gold Coast Suns,Adelaide Oval,SA,QLD,1,6,9,12,4,76,12,4,76,0,0,0
M14876,2007,Round 14,14,2007-06-13,GWS Giants,Richmond Tigers,GIANTS Stadium,NSW,VIC,1,6,8,15,5,95,18,5,113,-18,0,0
M14877,2007,Round 14,14,2007-06-15,St Kilda Saints,Fremantle Dockers,Marvel Stadium,VIC,WA,1,7,7,18,4,112,12,1,73,39,1,1
M14878,2007,Round 14,14,2007-06-17,Melbourne Demons,Sydney Swans,MCG,VIC,NSW,1,8,6,13,4,82,17,6,108,-26,0,0
M14879,2007,Round 15,15,2007-07-01,Port Adelaide Power,Western Bulldogs,Adelaide Oval,SA,VIC,1,7,8,13,4,82,14,4,88,-6,0,0
M14880,2007,Round 15,15,2007-07-03,Carlton Blues,Collingwood Magpies,Marvel Stadium,VIC,VIC,0,7,9,16,8,104,14,2,86,18,1,1
M14881,2007,Round 15,15,2007-07-05,Fremantle Dockers,Richmond Tigers,Optus Stadium,WA,VIC,1,7,9,17,5,107,14,7,91,16,1,1
M14882,2007,Round 15,15,2007-07-07,Sydney Swans,North Melbourne Kangaroos,SCG,NSW,VIC,1,7,6,15,6,96,15,5,95,1,1,1
M14883,2007,Round 15,15,2007-07-09,Brisbane Lions,Adelaide Crows,Gabba,QLD,SA,1,7,9,15,3,93,16,6,102,-9,0,0
M14884,2007,Round 15,15,2007-07-11,St Kilda Saints,Gold Coast Suns,Marvel Stadium,VIC,QLD,1,7,7,15,4,94,13,5,83,11,1,1
M14885,2007,Round 15,15,2007-07-13,GWS Giants,Essendon Bombers,GIANTS Stadium,NSW,VIC,1,8,7,15,6,96,12,5,77,19,1,1
M14886,2007,Round 15,15,2007-07-15,Hawthorn Hawks,Geelong Cats,MCG,VIC,VIC,0,7,8,17,5,107,14,6,90,17,1,1
M14887,2007,Round 15,15,2007-07-17,West Coast Eagles,Melbourne Demons,Optus Stadium,WA,VIC,1,7,7,16,5,101,13,4,82,19,1,1
M14888,2007,Round 16,16,2007-08-01,Western Bulldogs,Essendon Bombers,Marvel Stadium,VIC,VIC,0,7,7,15,4,94,11,4,70,24,1,1
M14889,2007,Round 16,16,2007-08-03,Richmond Tigers,Brisbane Lions,MCG,VIC,QLD,1,6,7,15,7,97,13,3,81,16,1,1
M14890,2007,Round 16,16,2007-08-05,West Coast Eagles,Gold Coast Suns,Optus Stadium,WA,QLD,1,7,7,15,5,95,16,3,99,-4,0,0
M14891,2007,Round 16,16,2007-08-07,Melbourne Demons,Carlton Blues,MCG,VIC,VIC,0,9,7,18,0,108,15,4,94,14,1,1
M14892,2007,Round 16,16,2007-08-09,Collingwood Magpies,Port Adelaide Power,MCG,VIC,SA,1,7,7,17,4,106,12,6,78,28,1,1
M14893,2007,Round 16,16,2007-08-11,St Kilda Saints,North Melbourne Kangaroos,Marvel Stadium,VIC,VIC,0,7,7,13,2,80,16,3,99,-19,0,0
M14894,2007,Round 16,16,2007-08-13,Adelaide Crows,Geelong Cats,Adelaide Oval,SA,VIC,1,7,8,14,3,87,15,2,92,-5,0,0
M14895,2007,Round 16,16,2007-08-15,Sydney Swans,Hawthorn Hawks,SCG,NSW,VIC,1,7,7,15,2,92,13,5,83,9,1,1
M14896,2007,Round 16,16,2007-08-17,Fremantle Dockers,GWS Giants,Optus Stadium,WA,NSW,1,7,7,15,3,93,14,3,87,6,1,1
M14897,2007,Round 17,17,2007-09-01,GWS Giants,Collingwood Magpies,GIANTS Stadium,NSW,VIC,1,8,8,15,4,94,15,4,94,0,0,0
M14898,2007,Round 17,17,2007-09-03,Melbourne Demons,St Kilda Saints,MCG,VIC,VIC,0,8,6,13,6,84,14,6,90,-6,0,0
M14899,2007,Round 17,17,2007-09-05,Gold Coast Suns,North Melbourne Kangaroos,Heritage Bank Stadium,QLD,VIC,1,7,7,13,5,83,14,3,87,-4,0,0
M14900,2007,Round 17,17,2007-09-07,Essendon Bombers,Carlton Blues,Marvel Stadium,VIC,VIC,0,9,6,16,6,102,15,8,98,4,1,1
M14901,2007,Round 17,17,2007-09-09,West Coast Eagles,Fremantle Dockers,Optus Stadium,WA,WA,0,7,8,14,8,92,14,2,86,6,1,1
M14902,2007,Round 17,17,2007-09-11,Port Adelaide Power,Hawthorn Hawks,Adelaide Oval,SA,VIC,1,9,7,14,6,90,13,2,80,10,1,1
M14903,2007,Round 17,17,2007-09-13,Sydney Swans,Adelaide Crows,SCG,NSW,SA,1,7,8,15,4,94,16,5,101,-7,0,0
M14904,2007,Round 17,17,2007-09-15,Western Bulldogs,Geelong Cats,Marvel Stadium,VIC,VIC,0,7,7,15,0,90,17,7,109,-19,0,0
M14905,2007,Round 17,17,2007-09-17,Richmond Tigers,Brisbane Lions,MCG,VIC,QLD,1,7,6,18,2,110,14,8,92,18,1,1
M14906,2007,Round 18,18,2007-04-01,Hawthorn Hawks,North Melbourne Kangaroos,MCG,VIC,VIC,0,7,9,17,2,104,15,5,95,9,1,1
M14907,2007,Round 18,18,2007-04-03,Fremantle Dockers,Gold Coast Suns,Optus Stadium,WA,QLD,1,7,7,16,6,102,13,3,81,21,1,1
M14908,2007,Round 18,18,2007-04-05,St Kilda Saints,Richmond Tigers,Marvel Stadium,VIC,VIC,0,7,9,14,3,87,12,6,78,9,1,1
M14909,2007,Round 18,18,2007-04-07,Sydney Swans,Melbourne Demons,SCG,NSW,VIC,1,6,6,16,2,98,12,5,77,21,1,1
M14910,2007,Round 18,18,2007-04-09,Port Adelaide Power,West Coast Eagles,Adelaide Oval,SA,WA,1,6,7,15,1,91,15,3,93,-2,0,0
M14911,2007,Round 18,18,2007-04-11,Brisbane Lions,Western Bulldogs,Gabba,QLD,VIC,1,6,6,17,3,105,14,4,88,17,1,1
M14912,2007,Round 18,18,2007-04-13,Adelaide Crows,GWS Giants,Adelaide Oval,SA,NSW,1,7,6,17,4,106,14,1,85,21,1,1
M14913,2007,Round 18,18,2007-04-15,Collingwood Magpies,Essendon Bombers,MCG,VIC,VIC,0,8,7,13,6,84,15,4,94,-10,0,0
M14914,2007,Round 18,18,2007-04-17,Carlton Blues,Geelong Cats,Marvel Stadium,VIC,VIC,0,9,7,15,3,93,15,7,97,-4,0,0
M14915,2007,Round 19,19,2007-05-01,Brisbane Lions,Carlton Blues,Gabba,QLD,VIC,1,9,7,15,2,92,14,5,89,3,1,1
M14916,2007,Round 19,19,2007-05-03,GWS Giants,Geelong Cats,GIANTS Stadium,NSW,VIC,1,8,7,13,6,84,11,8,74,10,1,1
M14917,2007,Round 19,19,2007-05-05,Western Bulldogs,Sydney Swans,Marvel Stadium,VIC,NSW,1,6,7,15,1,91,14,1,85,6,1,1
M14918,2007,Round 19,19,2007-05-07,Collingwood Magpies,Gold Coast Suns,MCG,VIC,QLD,1,7,7,15,3,93,11,5,71,22,1,1
M14919,2007,Round 19,19,2007-05-09,Hawthorn Hawks,Port Adelaide Power,MCG,VIC,SA,1,9,7,17,3,105,12,6,78,27,1,1
M14920,2007,Round 19,19,2007-05-11,Essendon Bombers,North Melbourne Kangaroos,Marvel Stadium,VIC,VIC,0,7,8,15,7,97,15,4,94,3,1,1
M14921,2007,Round 19,19,2007-05-13,Richmond Tigers,Fremantle Dockers,MCG,VIC,WA,1,9,8,16,1,97,13,4,82,15,1,1
M14922,2007,Round 19,19,2007-05-15,Adelaide Crows,Melbourne Demons,Adelaide Oval,SA,VIC,1,6,8,14,2,86,13,3,81,5,1,1
M14923,2007,Round 19,19,2007-05-17,West Coast Eagles,St Kilda Saints,Optus Stadium,WA,VIC,1,7,6,15,4,94,13,4,82,12,1,1
M14924,2007,Round 20,20,2007-06-01,Hawthorn Hawks,Geelong Cats,MCG,VIC,VIC,0,7,9,13,1,79,15,9,99,-20,0,0
M14925,2007,Round 20,20,2007-06-03,Melbourne Demons,Carlton Blues,MCG,VIC,VIC,0,8,7,16,5,101,17,6,108,-7,0,0
M14926,2007,Round 20,20,2007-06-05,Gold Coast Suns,GWS Giants,Heritage Bank Stadium,QLD,NSW,1,7,8,15,5,95,18,7,115,-20,0,0
M14927,2007,Round 20,20,2007-06-07,Collingwood Magpies,Brisbane Lions,MCG,VIC,QLD,1,6,8,17,5,107,12,2,74,33,1,1
M14928,2007,Round 20,20,2007-06-09,Essendon Bombers,Port Adelaide Power,Marvel Stadium,VIC,SA,1,6,8,16,1,97,13,6,84,13,1,1
M14929,2007,Round 20,20,2007-06-11,Fremantle Dockers,Adelaide Crows,Optus Stadium,WA,SA,1,7,7,15,6,96,17,0,102,-6,0,0
M14930,2007,Round 20,20,2007-06-13,North Melbourne Kangaroos,Richmond Tigers,Marvel Stadium,VIC,VIC,0,7,8,16,4,100,14,7,91,9,1,1
M14931,2007,Round 20,20,2007-06-15,West Coast Eagles,Western Bulldogs,Optus Stadium,WA,VIC,1,7,8,14,5,89,14,3,87,2,1,1
M14932,2007,Round 20,20,2007-06-17,Sydney Swans,St Kilda Saints,SCG,NSW,VIC,1,6,6,17,2,104,16,2,98,6,1,1
M14933,2007,Round 21,21,2007-07-01,Sydney Swans,GWS Giants,SCG,NSW,NSW,0,8,7,16,7,103,13,9,87,16,1,1
M14934,2007,Round 21,21,2007-07-03,Carlton Blues,St Kilda Saints,Marvel Stadium,VIC,VIC,0,7,7,15,7,97,12,8,80,17,1,1
M14935,2007,Round 21,21,2007-07-05,Western Bulldogs,Brisbane Lions,Marvel Stadium,VIC,QLD,1,6,6,16,1,97,15,1,91,6,1,1
M14936,2007,Round 21,21,2007-07-07,North Melbourne Kangaroos,Fremantle Dockers,Marvel Stadium,VIC,WA,1,7,7,19,3,117,14,1,85,32,1,1
M14937,2007,Round 21,21,2007-07-09,Melbourne Demons,Richmond Tigers,MCG,VIC,VIC,0,6,9,16,0,96,16,6,102,-6,0,0
M14938,2007,Round 21,21,2007-07-11,Collingwood Magpies,Adelaide Crows,MCG,VIC,SA,1,8,7,16,4,100,16,1,97,3,1,1
M14939,2007,Round 21,21,2007-07-13,West Coast Eagles,Port Adelaide Power,Optus Stadium,WA,SA,1,9,7,16,5,101,15,2,92,9,1,1
M14940,2007,Round 21,21,2007-07-15,Hawthorn Hawks,Gold Coast Suns,MCG,VIC,QLD,1,8,6,14,4,88,13,4,82,6,1,1
M14941,2007,Round 21,21,2007-07-17,Geelong Cats,Essendon Bombers,GMHBA Stadium,VIC,VIC,0,8,7,16,5,101,12,1,73,28,1,1
M14942,2007,Round 22,22,2007-08-01,St Kilda Saints,Western Bulldogs,Marvel Stadium,VIC,VIC,0,7,8,17,7,109,10,3,63,46,1,1
M14943,2007,Round 22,22,2007-08-03,Adelaide Crows,North Melbourne Kangaroos,Adelaide Oval,SA,VIC,1,8,9,13,6,84,15,2,92,-8,0,0
M14944,2007,Round 22,22,2007-08-05,GWS Giants,Melbourne Demons,GIANTS Stadium,NSW,VIC,1,8,8,16,3,99,12,4,76,23,1,1
M14945,2007,Round 22,22,2007-08-07,Fremantle Dockers,Carlton Blues,Optus Stadium,WA,VIC,1,7,7,13,8,86,17,5,107,-21,0,0
M14946,2007,Round 22,22,2007-08-09,Collingwood Magpies,Essendon Bombers,MCG,VIC,VIC,0,9,9,17,6,108,16,4,100,8,1,1
M14947,2007,Round 22,22,2007-08-11,West Coast Eagles,Port Adelaide Power,Optus Stadium,WA,SA,1,8,8,15,4,94,14,9,93,1,1,1
M14948,2007,Round 22,22,2007-08-13,Hawthorn Hawks,Sydney Swans,MCG,VIC,NSW,1,7,7,16,4,100,14,2,86,14,1,1
M14949,2007,Round 22,22,2007-08-15,Gold Coast Suns,Geelong Cats,Heritage Bank Stadium,QLD,VIC,1,6,7,14,5,89,17,4,106,-17,0,0
M14950,2007,Round 22,22,2007-08-17,Brisbane Lions,Richmond Tigers,Gabba,QLD,VIC,1,9,7,13,6,84,12,5,77,7,1,1
M14951,2008,Round 1,1,2008-05-01,West Coast Eagles,Port Adelaide Power,Optus Stadium,WA,SA,1,7,6,17,7,109,15,4,94,15,1,1
M14952,2008,Round 1,1,2008-05-03,Gold Coast Suns,St Kilda Saints,Heritage Bank Stadium,QLD,VIC,1,6,9,15,7,97,12,2,74,23,1,1
M14953,2008,Round 1,1,2008-05-05,North Melbourne Kangaroos,Brisbane Lions,Marvel Stadium,VIC,QLD,1,8,8,17,6,108,15,8,98,10,1,1
M14954,2008,Round 1,1,2008-05-07,Geelong Cats,Essendon Bombers,GMHBA Stadium,VIC,VIC,0,6,7,16,7,103,14,3,87,16,1,1
M14955,2008,Round 1,1,2008-05-09,Carlton Blues,Adelaide Crows,Marvel Stadium,VIC,SA,1,7,7,16,3,99,12,2,74,25,1,1
M14956,2008,Round 1,1,2008-05-11,Richmond Tigers,Fremantle Dockers,MCG,VIC,WA,1,8,7,13,6,84,13,1,79,5,1,1
M14957,2008,Round 1,1,2008-05-13,Western Bulldogs,Sydney Swans,Marvel Stadium,VIC,NSW,1,9,7,14,8,92,11,9,75,17,1,1
M14958,2008,Round 1,1,2008-05-15,GWS Giants,Hawthorn Hawks,GIANTS Stadium,NSW,VIC,1,8,7,13,8,86,14,6,90,-4,0,0
M14959,2008,Round 1,1,2008-05-17,Collingwood Magpies,Melbourne Demons,MCG,VIC,VIC,0,9,6,16,7,103,12,6,78,25,1,1
M14960,2008,Round 2,2,2008-06-01,North Melbourne Kangaroos,Melbourne Demons,Marvel Stadium,VIC,VIC,0,7,6,14,4,88,11,6,72,16,1,1
M14961,2008,Round 2,2,2008-06-03,Western Bulldogs,Geelong Cats,Marvel Stadium,VIC,VIC,0,7,7,10,7,67,15,4,94,-27,0,0
M14962,2008,Round 2,2,2008-06-05,Fremantle Dockers,St Kilda Saints,Optus Stadium,WA,VIC,1,7,9,13,0,78,13,3,81,-3,0,0
M14963,2008,Round 2,2,2008-06-07,Gold Coast Suns,Essendon Bombers,Heritage Bank Stadium,QLD,VIC,1,7,7,13,1,79,15,7,97,-18,0,0
M14964,2008,Round 2,2,2008-06-09,Sydney Swans,Richmond Tigers,SCG,NSW,VIC,1,6,7,14,5,89,13,5,83,6,1,1
M14965,2008,Round 2,2,2008-06-11,Brisbane Lions,Collingwood Magpies,Gabba,QLD,VIC,1,7,7,21,1,127,13,7,85,42,1,1
M14966,2008,Round 2,2,2008-06-13,Adelaide Crows,West Coast Eagles,Adelaide Oval,SA,WA,1,7,9,14,3,87,12,0,72,15,1,1
M14967,2008,Round 2,2,2008-06-15,Carlton Blues,GWS Giants,Marvel Stadium,VIC,NSW,1,7,9,15,5,95,14,4,88,7,1,1
M14968,2008,Round 2,2,2008-06-17,Port Adelaide Power,Hawthorn Hawks,Adelaide Oval,SA,VIC,1,7,6,17,5,107,13,0,78,29,1,1
M14969,2008,Round 3,3,2008-07-01,GWS Giants,Western Bulldogs,GIANTS Stadium,NSW,VIC,1,8,7,14,6,90,13,2,80,10,1,1
M14970,2008,Round 3,3,2008-07-03,Fremantle Dockers,North Melbourne Kangaroos,Optus Stadium,WA,VIC,1,8,6,14,3,87,15,5,95,-8,0,0
M14971,2008,Round 3,3,2008-07-05,Sydney Swans,Hawthorn Hawks,SCG,NSW,VIC,1,9,7,15,6,96,15,6,96,0,0,0
M14972,2008,Round 3,3,2008-07-07,Richmond Tigers,Adelaide Crows,MCG,VIC,SA,1,9,8,15,1,91,15,2,92,-1,0,0
M14973,2008,Round 3,3,2008-07-09,Essendon Bombers,Collingwood Magpies,Marvel Stadium,VIC,VIC,0,6,9,15,3,93,14,0,84,9,1,1
M14974,2008,Round 3,3,2008-07-11,Melbourne Demons,Port Adelaide Power,MCG,VIC,SA,1,7,6,15,4,94,15,7,97,-3,0,0
M14975,2008,Round 3,3,2008-07-13,Geelong Cats,West Coast Eagles,GMHBA Stadium,VIC,WA,1,9,9,16,2,98,10,0,60,38,1,1
M14976,2008,Round 3,3,2008-07-15,Carlton Blues,Brisbane Lions,Marvel Stadium,VIC,QLD,1,6,6,15,3,93,12,4,76,17,1,1
M14977,2008,Round 3,3,2008-07-17,Gold Coast Suns,St Kilda Saints,Heritage Bank Stadium,QLD,VIC,1,7,9,14,2,86,15,7,97,-11,0,0
M14978,2008,Round 4,4,2008-08-01,West Coast Eagles,Richmond Tigers,Optus Stadium,WA,VIC,1,8,6,15,5,95,17,4,106,-11,0,0
M14979,2008,Round 4,4,2008-08-03,Port Adelaide Power,Adelaide Crows,Adelaide Oval,SA,SA,0,7,8,15,3,93,14,7,91,2,1,1
M14980,2008,Round 4,4,2008-08-05,Essendon Bombers,Sydney Swans,Marvel Stadium,VIC,NSW,1,7,7,14,5,89,13,5,83,6,1,1
M14981,2008,Round 4,4,2008-08-07,GWS Giants,Gold Coast Suns,GIANTS Stadium,NSW,QLD,1,6,7,15,1,91,13,4,82,9,1,1
M14982,2008,Round 4,4,2008-08-09,Hawthorn Hawks,North Melbourne Kangaroos,MCG,VIC,VIC,0,8,8,16,4,100,16,1,97,3,1,1
M14983,2008,Round 4,4,2008-08-11,Brisbane Lions,Collingwood Magpies,Gabba,QLD,VIC,1,7,7,14,4,88,17,6,108,-20,0,0
M14984,2008,Round 4,4,2008-08-13,Melbourne Demons,Geelong Cats,MCG,VIC,VIC,0,9,7,17,2,104,15,7,97,7,1,1
M14985,2008,Round 4,4,2008-08-15,St Kilda Saints,Carlton Blues,Marvel Stadium,VIC,VIC,0,7,7,14,3,87,15,6,96,-9,0,0
M14986,2008,Round 4,4,2008-08-17,Fremantle Dockers,Western Bulldogs,Optus Stadium,WA,VIC,1,6,7,18,4,112,13,4,82,30,1,1
M14987,2008,Round 5,5,2008-09-01,Collingwood Magpies,Carlton Blues,MCG,VIC,VIC,0,8,7,14,1,85,12,5,77,8,1,1
M14988,2008,Round 5,5,2008-09-03,Port Adelaide Power,GWS Giants,Adelaide Oval,SA,NSW,1,9,9,17,2,104,14,2,86,18,1,1
M14989,2008,Round 5,5,2008-09-05,Sydney Swans,St Kilda Saints,SCG,NSW,VIC,1,7,7,14,5,89,14,0,84,5,1,1
M14990,2008,Round 5,5,2008-09-07,Essendon Bombers,Adelaide Crows,Marvel Stadium,VIC,SA,1,8,9,15,6,96,12,6,78,18,1,1
M14991,2008,Round 5,5,2008-09-09,West Coast Eagles,Western Bulldogs,Optus Stadium,WA,VIC,1,7,6,15,6,96,14,4,88,8,1,1
M14992,2008,Round 5,5,2008-09-11,North Melbourne Kangaroos,Fremantle Dockers,Marvel Stadium,VIC,WA,1,9,7,16,3,99,12,4,76,23,1,1
M14993,2008,Round 5,5,2008-09-13,Geelong Cats,Brisbane Lions,GMHBA Stadium,VIC,QLD,1,7,7,16,2,98,14,5,89,9,1,1
M14994,2008,Round 5,5,2008-09-15,Hawthorn Hawks,Gold Coast Suns,MCG,VIC,QLD,1,7,7,16,1,97,10,7,67,30,1,1
M14995,2008,Round 5,5,2008-09-17,Richmond Tigers,Melbourne Demons,MCG,VIC,VIC,0,8,6,13,6,84,11,6,72,12,1,1
M14996,2008,Round 6,6,2008-04-01,Essendon Bombers,Sydney Swans,Marvel Stadium,VIC,NSW,1,8,7,16,2,98,15,7,97,1,1,1
M14997,2008,Round 6,6,2008-04-03,Melbourne Demons,St Kilda Saints,MCG,VIC,VIC,0,8,8,16,1,97,14,5,89,8,1,1
M14998,2008,Round 6,6,2008-04-05,Geelong Cats,Port Adelaide Power,GMHBA Stadium,VIC,SA,1,9,7,16,4,100,17,5,107,-7,0,0
M14999,2008,Round 6,6,2008-04-07,GWS Giants,Hawthorn Hawks,GIANTS Stadium,NSW,VIC,1,8,6,15,2,92,14,7,91,1,1,1
M15000,2008,Round 6,6,2008-04-09,Gold Coast Suns,Western Bulldogs,Heritage Bank Stadium,QLD,VIC,1,6,8,14,6,90,14,1,85,5,1,1
M15001,2008,Round 6,6,2008-04-11,Brisbane Lions,Richmond Tigers,Gabba,QLD,VIC,1,7,7,15,6,96,15,4,94,2,1,1
M15002,2008,Round 6,6,2008-04-13,Carlton Blues,West Coast Eagles,Marvel Stadium,VIC,WA,1,7,7,15,4,94,14,2,86,8,1,1
M15003,2008,Round 6,6,2008-04-15,Collingwood Magpies,Fremantle Dockers,MCG,VIC,WA,1,7,6,18,0,108,15,0,90,18,1,1
M15004,2008,Round 6,6,2008-04-17,Adelaide Crows,North Melbourne Kangaroos,Adelaide Oval,SA,VIC,1,9,7,12,7,79,15,5,95,-16,0,0
M15005,2008,Round 7,7,2008-05-01,Hawthorn Hawks,Western Bulldogs,MCG,VIC,VIC,0,7,8,16,6,102,11,7,73,29,1,1
M15006,2008,Round 7,7,2008-05-03,Sydney Swans,Gold Coast Suns,SCG,NSW,QLD,1,9,7,15,2,92,15,3,93,-1,0,0
M15007,2008,Round 7,7,2008-05-05,Collingwood Magpies,Melbourne Demons,MCG,VIC,VIC,0,9,7,12,5,77,13,5,83,-6,0,0
M15008,2008,Round 7,7,2008-05-07,Adelaide Crows,Geelong Cats,Adelaide Oval,SA,VIC,1,7,9,15,5,95,12,6,78,17,1,1
M15009,2008,Round 7,7,2008-05-09,St Kilda Saints,Fremantle Dockers,Marvel Stadium,VIC,WA,1,7,6,17,4,106,12,5,77,29,1,1
M15010,2008,Round 7,7,2008-05-11,Brisbane Lions,West Coast Eagles,Gabba,QLD,WA,1,8,7,14,5,89,14,6,90,-1,0,0
M15011,2008,Round 7,7,2008-05-13,Carlton Blues,Richmond Tigers,Marvel Stadium,VIC,VIC,0,9,8,15,6,96,14,1,85,11,1,1
M15012,2008,Round 7,7,2008-05-15,GWS Giants,Essendon Bombers,GIANTS Stadium,NSW,VIC,1,7,8,14,6,90,15,4,94,-4,0,0
M15013,2008,Round 7,7,2008-05-17,North Melbourne Kangaroos,Port Adelaide Power,Marvel Stadium,VIC,SA,1,8,7,14,5,89,12,6,78,11,1,1
M15014,2008,Round 8,8,2008-06-01,GWS Giants,Collingwood Magpies,GIANTS Stadium,NSW,VIC,1,7,9,15,4,94,11,5,71,23,1,1
M15015,2008,Round 8,8,2008-06-03,Carlton Blues,Adelaide Crows,Marvel Stadium,VIC,SA,1,7,6,18,3,111,14,2,86,25,1,1
M15016,2008,Round 8,8,2008-06-05,North Melbourne Kangaroos,West Coast Eagles,Marvel Stadium,VIC,WA,1,9,7,15,2,92,13,2,80,12,1,1
M15017,2008,Round 8,8,2008-06-07,St Kilda Saints,Fremantle Dockers,Marvel Stadium,VIC,WA,1,9,7,16,4,100,13,7,85,15,1,1
M15018,2008,Round 8,8,2008-06-09,Sydney Swans,Geelong Cats,SCG,NSW,VIC,1,9,6,15,0,90,12,5,77,13,1,1
M15019,2008,Round 8,8,2008-06-11,Hawthorn Hawks,Brisbane Lions,MCG,VIC,QLD,1,6,7,16,4,100,16,5,101,-1,0,0
M15020,2008,Round 8,8,2008-06-13,Port Adelaide Power,Richmond Tigers,Adelaide Oval,SA,VIC,1,7,9,14,8,92,15,4,94,-2,0,0
M15021,2008,Round 8,8,2008-06-15,Western Bulldogs,Melbourne Demons,Marvel Stadium,VIC,VIC,0,8,7,13,4,82,16,3,99,-17,0,0
M15022,2008,Round 8,8,2008-06-17,Gold Coast Suns,Essendon Bombers,Heritage Bank Stadium,QLD,VIC,1,6,9,17,3,105,11,8,74,31,1,1
M15023,2008,Round 9,9,2008-07-01,Port Adelaide Power,Brisbane Lions,Adelaide Oval,SA,QLD,1,8,6,14,5,89,13,3,81,8,1,1
M15024,2008,Round 9,9,2008-07-03,Sydney Swans,Gold Coast Suns,SCG,NSW,QLD,1,7,7,15,3,93,14,3,87,6,1,1
M15025,2008,Round 9,9,2008-07-05,West Coast Eagles,Melbourne Demons,Optus Stadium,WA,VIC,1,7,6,14,5,89,14,4,88,1,1,1
M15026,2008,Round 9,9,2008-07-07,Collingwood Magpies,GWS Giants,MCG,VIC,NSW,1,7,6,18,4,112,12,4,76,36,1,1
M15027,2008,Round 9,9,2008-07-09,Geelong Cats,Richmond Tigers,GMHBA Stadium,VIC,VIC,0,9,6,14,5,89,15,7,97,-8,0,0
M15028,2008,Round 9,9,2008-07-11,St Kilda Saints,Hawthorn Hawks,Marvel Stadium,VIC,VIC,0,6,7,14,2,86,15,1,91,-5,0,0
M15029,2008,Round 9,9,2008-07-13,Western Bulldogs,Essendon Bombers,Marvel Stadium,VIC,VIC,0,7,7,13,6,84,14,8,92,-8,0,0
M15030,2008,Round 9,9,2008-07-15,North Melbourne Kangaroos,Adelaide Crows,Marvel Stadium,VIC,SA,1,9,7,16,9,105,12,6,78,27,1,1
M15031,2008,Round 9,9,2008-07-17,Fremantle Dockers,Carlton Blues,Optus Stadium,WA,VIC,1,7,7,17,3,105,15,7,97,8,1,1
M15032,2008,Round 10,10,2008-08-01,Brisbane Lions,Essendon Bombers,Gabba,QLD,VIC,1,6,9,18,4,112,13,5,83,29,1,1
M15033,2008,Round 10,10,2008-08-03,North Melbourne Kangaroos,Fremantle Dockers,Marvel Stadium,VIC,WA,1,7,7,16,4,100,13,1,79,21,1,1
M15034,2008,Round 10,10,2008-08-05,Western Bulldogs,GWS Giants,Marvel Stadium,VIC,NSW,1,7,7,16,6,102,13,5,83,19,1,1
M15035,2008,Round 10,10,2008-08-07,Collingwood Magpies,Adelaide Crows,MCG,VIC,SA,1,7,6,14,3,87,15,2,92,-5,0,0
M15036,2008,Round 10,10,2008-08-09,Richmond Tigers,Hawthorn Hawks,MCG,VIC,VIC,0,7,7,14,5,89,12,6,78,11,1,1
M15037,2008,Round 10,10,2008-08-11,Gold Coast Suns,Port Adelaide Power,Heritage Bank Stadium,QLD,SA,1,9,8,14,4,88,13,4,82,6,1,1
M15038,2008,Round 10,10,2008-08-13,Sydney Swans,St Kilda Saints,SCG,NSW,VIC,1,6,7,17,8,110,13,3,81,29,1,1
M15039,2008,Round 10,10,2008-08-15,West Coast Eagles,Melbourne Demons,Optus Stadium,WA,VIC,1,9,7,17,2,104,16,8,104,0,0,0
M15040,2008,Round 10,10,2008-08-17,Carlton Blues,Geelong Cats,Marvel Stadium,VIC,VIC,0,7,7,15,4,94,16,6,102,-8,0,0
M15041,2008,Round 11,11,2008-09-01,Carlton Blues,Richmond Tigers,Marvel Stadium,VIC,VIC,0,9,8,15,5,95,12,2,74,21,1,1
M15042,2008,Round 11,11,2008-09-03,Sydney Swans,Geelong Cats,SCG,NSW,VIC,1,8,8,15,3,93,12,2,74,19,1,1
M15043,2008,Round 11,11,2008-09-05,Western Bulldogs,Fremantle Dockers,Marvel Stadium,VIC,WA,1,9,8,13,5,83,16,6,102,-19,0,0
M15044,2008,Round 11,11,2008-09-07,GWS Giants,Melbourne Demons,GIANTS Stadium,NSW,VIC,1,9,9,17,6,108,16,4,100,8,1,1
M15045,2008,Round 11,11,2008-09-09,St Kilda Saints,Hawthorn Hawks,Marvel Stadium,VIC,VIC,0,8,7,16,1,97,15,6,96,1,1,1
M15046,2008,Round 11,11,2008-09-11,Port Adelaide Power,Adelaide Crows,Adelaide Oval,SA,SA,0,7,7,16,0,96,14,2,86,10,1,1
M15047,2008,Round 11,11,2008-09-13,Gold Coast Suns,Brisbane Lions,Heritage Bank Stadium,QLD,QLD,0,7,6,16,3,99,17,8,110,-11,0,0
M15048,2008,Round 11,11,2008-09-15,West Coast Eagles,North Melbourne Kangaroos,Optus Stadium,WA,VIC,1,6,7,12,5,77,15,7,97,-20,0,0
M15049,2008,Round 11,11,2008-09-17,Collingwood Magpies,Essendon Bombers,MCG,VIC,VIC,0,7,9,15,6,96,12,7,79,17,1,1
M15050,2008,Round 12,12,2008-04-01,St Kilda Saints,Geelong Cats,Marvel Stadium,VIC,VIC,0,9,7,17,4,106,12,5,77,29,1,1
M15051,2008,Round 12,12,2008-04-03,Adelaide Crows,Brisbane Lions,Adelaide Oval,SA,QLD,1,9,8,15,3,93,12,6,78,15,1,1
M15052,2008,Round 12,12,2008-04-05,West Coast Eagles,Richmond Tigers,Optus Stadium,WA,VIC,1,7,9,17,1,103,12,7,79,24,1,1
M15053,2008,Round 12,12,2008-04-07,Port Adelaide Power,Gold Coast Suns,Adelaide Oval,SA,QLD,1,9,6,17,6,108,15,4,94,14,1,1
M15054,2008,Round 12,12,2008-04-09,Fremantle Dockers,Collingwood Magpies,Optus Stadium,WA,VIC,1,8,7,14,3,87,13,3,81,6,1,1
M15055,2008,Round 12,12,2008-04-11,Western Bulldogs,Sydney Swans,Marvel Stadium,VIC,NSW,1,9,7,16,5,101,13,4,82,19,1,1
M15056,2008,Round 12,12,2008-04-13,Essendon Bombers,North Melbourne Kangaroos,Marvel Stadium,VIC,VIC,0,7,8,16,2,98,15,5,95,3,1,1
M15057,2008,Round 12,12,2008-04-15,Carlton Blues,GWS Giants,Marvel Stadium,VIC,NSW,1,9,7,13,5,83,12,3,75,8,1,1
M15058,2008,Round 12,12,2008-04-17,Melbourne Demons,Hawthorn Hawks,MCG,VIC,VIC,0,8,7,14,4,88,14,4,88,0,0,0
M15059,2008,Round 13,13,2008-05-01,Sydney Swans,Geelong Cats,SCG,NSW,VIC,1,9,6,18,3,111,11,2,68,43,1,1
M15060,2008,Round 13,13,2008-05-03,Melbourne Demons,Gold Coast Suns,MCG,VIC,QLD,1,8,7,12,4,76,14,3,87,-11,0,0
M15061,2008,Round 13,13,2008-05-05,Carlton Blues,Richmond Tigers,Marvel Stadium,VIC,VIC,0,8,6,14,5,89,15,6,96,-7,0,0
M15062,2008,Round 13,13,2008-05-07,North Melbourne Kangaroos,Western Bulldogs,Marvel Stadium,VIC,VIC,0,7,7,14,5,89,12,5,77,12,1,1
M15063,2008,Round 13,13,2008-05-09,Adelaide Crows,GWS Giants,Adelaide Oval,SA,NSW,1,7,8,14,5,89,12,2,74,15,1,1
M15064,2008,Round 13,13,2008-05-11,Hawthorn Hawks,Essendon Bombers,MCG,VIC,VIC,0,6,6,18,1,109,16,3,99,10,1,1
M15065,2008,Round 13,13,2008-05-13,Collingwood Magpies,Brisbane Lions,MCG,VIC,QLD,1,6,6,15,5,95,14,6,90,5,1,1
M15066,2008,Round 13,13,2008-05-15,Fremantle Dockers,Port Adelaide Power,Optus Stadium,WA,SA,1,9,8,16,2,98,15,4,94,4,1,1
M15067,2008,Round 13,13,2008-05-17,West Coast Eagles,St Kilda Saints,Optus Stadium,WA,VIC,1,7,7,16,2,98,14,4,88,10,1,1
M15068,2008,Round 14,14,2008-06-01,Geelong Cats,West Coast Eagles,GMHBA Stadium,VIC,WA,1,6,8,17,4,106,13,5,83,23,1,1
M15069,2008,Round 14,14,2008-06-03,St Kilda Saints,Brisbane Lions,Marvel Stadium,VIC,QLD,1,8,6,13,8,86,15,3,93,-7,0,0
M15070,2008,Round 14,14,2008-06-05,Western Bulldogs,North Melbourne Kangaroos,Marvel Stadium,VIC,VIC,0,7,7,12,5,77,13,5,83,-6,0,0
M15071,2008,Round 14,14,2008-06-07,Hawthorn Hawks,Adelaide Crows,MCG,VIC,SA,1,7,7,18,9,117,12,3,75,42,1,1
M15072,2008,Round 14,14,2008-06-09,Gold Coast Suns,Melbourne Demons,Heritage Bank Stadium,QLD,VIC,1,8,7,17,8,110,13,7,85,25,1,1
M15073,2008,Round 14,14,2008-06-11,Collingwood Magpies,Richmond Tigers,MCG,VIC,VIC,0,9,7,14,6,90,14,5,89,1,1,1
M15074,2008,Round 14,14,2008-06-13,Port Adelaide Power,Sydney Swans,Adelaide Oval,SA,NSW,1,9,7,14,8,92,12,2,74,18,1,1
M15075,2008,Round 14,14,2008-06-15,Carlton Blues,Essendon Bombers,Marvel Stadium,VIC,VIC,0,8,7,15,5,95,12,5,77,18,1,1
M15076,2008,Round 14,14,2008-06-17,GWS Giants,Fremantle Dockers,GIANTS Stadium,NSW,WA,1,7,9,17,6,108,11,5,71,37,1,1
M15077,2008,Round 15,15,2008-07-01,Western Bulldogs,Collingwood Magpies,Marvel Stadium,VIC,VIC,0,7,7,16,2,98,12,8,80,18,1,1
M15078,2008,Round 15,15,2008-07-03,North Melbourne Kangaroos,Essendon Bombers,Marvel Stadium,VIC,VIC,0,8,7,16,5,101,14,5,89,12,1,1
M15079,2008,Round 15,15,2008-07-05,Melbourne Demons,GWS Giants,MCG,VIC,NSW,1,7,7,12,6,78,13,6,84,-6,0,0
M15080,2008,Round 15,15,2008-07-07,Geelong Cats,Port Adelaide Power,GMHBA Stadium,VIC,SA,1,9,9,16,8,104,15,5,95,9,1,1
M15081,2008,Round 15,15,2008-07-09,Richmond Tigers,Carlton Blues,MCG,VIC,VIC,0,9,6,15,6,96,14,3,87,9,1,1
M15082,2008,Round 15,15,2008-07-11,Adelaide Crows,Sydney Swans,Adelaide Oval,SA,NSW,1,7,7,16,0,96,11,7,73,23,1,1
M15083,2008,Round 15,15,2008-07-13,Fremantle Dockers,Hawthorn Hawks,Optus Stadium,WA,VIC,1,8,7,18,3,111,12,4,76,35,1,1
M15084,2008,Round 15,15,2008-07-15,St Kilda Saints,West Coast Eagles,Marvel Stadium,VIC,WA,1,6,6,15,3,93,13,4,82,11,1,1
M15085,2008,Round 15,15,2008-07-17,Brisbane Lions,Gold Coast Suns,Gabba,QLD,QLD,0,9,8,15,4,94,14,3,87,7,1,1
M15086,2008,Round 16,16,2008-08-01,Gold Coast Suns,Melbourne Demons,Heritage Bank Stadium,QLD,VIC,1,7,8,15,4,94,11,5,71,23,1,1
M15087,2008,Round 16,16,2008-08-03,Collingwood Magpies,Western Bulldogs,MCG,VIC,VIC,0,8,8,14,6,90,15,2,92,-2,0,0
M15088,2008,Round 16,16,2008-08-05,St Kilda Saints,Carlton Blues,Marvel Stadium,VIC,VIC,0,7,8,15,5,95,14,2,86,9,1,1
M15089,2008,Round 16,16,2008-08-07,Hawthorn Hawks,North Melbourne Kangaroos,MCG,VIC,VIC,0,7,6,15,3,93,12,5,77,16,1,1
M15090,2008,Round 16,16,2008-08-09,Brisbane Lions,Geelong Cats,Gabba,QLD,VIC,1,7,7,15,9,99,13,4,82,17,1,1
M15091,2008,Round 16,16,2008-08-11,Fremantle Dockers,Port Adelaide Power,Optus Stadium,WA,SA,1,9,9,14,5,89,13,8,86,3,1,1
M15092,2008,Round 16,16,2008-08-13,Sydney Swans,Essendon Bombers,SCG,NSW,VIC,1,7,8,14,4,88,15,1,91,-3,0,0
M15093,2008,Round 16,16,2008-08-15,West Coast Eagles,Richmond Tigers,Optus Stadium,WA,VIC,1,7,8,16,6,102,13,2,80,22,1,1
M15094,2008,Round 16,16,2008-08-17,GWS Giants,Adelaide Crows,GIANTS Stadium,NSW,SA,1,7,7,16,5,101,14,7,91,10,1,1
M15095,2008,Round 17,17,2008-09-01,Richmond Tigers,Fremantle Dockers,MCG,VIC,WA,1,8,7,14,6,90,14,3,87,3,1,1
M15096,2008,Round 17,17,2008-09-03,Carlton Blues,GWS Giants,Marvel Stadium,VIC,NSW,1,7,7,13,1,79,14,2,86,-7,0,0
M15097,2008,Round 17,17,2008-09-05,Sydney Swans,St Kilda Saints,SCG,NSW,VIC,1,6,8,16,5,101,11,5,71,30,1,1
M15098,2008,Round 17,17,2008-09-07,Adelaide Crows,Western Bulldogs,Adelaide Oval,SA,VIC,1,8,7,14,7,91,13,3,81,10,1,1
M15099,2008,Round 17,17,2008-09-09,Brisbane Lions,Essendon Bombers,Gabba,QLD,VIC,1,7,7,14,8,92,14,4,88,4,1,1
M15100,2008,Round 17,17,2008-09-11,Melbourne Demons,Gold Coast Suns,MCG,VIC,QLD,1,7,8,15,7,97,14,5,89,8,1,1
M15101,2008,Round 17,17,2008-09-13,Geelong Cats,Port Adelaide Power,GMHBA Stadium,VIC,SA,1,6,7,16,6,102,13,4,82,20,1,1
M15102,2008,Round 17,17,2008-09-15,West Coast Eagles,Collingwood Magpies,Optus Stadium,WA,VIC,1,9,7,16,3,99,11,7,73,26,1,1
M15103,2008,Round 17,17,2008-09-17,North Melbourne Kangaroos,Hawthorn Hawks,Marvel Stadium,VIC,VIC,0,7,7,15,0,90,13,2,80,10,1,1
M15104,2008,Round 18,18,2008-04-01,North Melbourne Kangaroos,West Coast Eagles,Marvel Stadium,VIC,WA,1,8,7,16,6,102,16,7,103,-1,0,0
M15105,2008,Round 18,18,2008-04-03,Fremantle Dockers,Carlton Blues,Optus Stadium,WA,VIC,1,6,8,18,5,113,14,4,88,25,1,1
M15106,2008,Round 18,18,2008-04-05,Brisbane Lions,Western Bulldogs,Gabba,QLD,VIC,1,7,9,13,5,83,12,2,74,9,1,1
M15107,2008,Round 18,18,2008-04-07,St Kilda Saints,Sydney Swans,Marvel Stadium,VIC,NSW,1,7,7,13,0,78,12,8,80,-2,0,0
M15108,2008,Round 18,18,2008-04-09,Hawthorn Hawks,Melbourne Demons,MCG,VIC,VIC,0,7,6,16,3,99,14,6,90,9,1,1
M15109,2008,Round 18,18,2008-04-11,Gold Coast Suns,GWS Giants,Heritage Bank Stadium,QLD,NSW,1,9,9,16,6,102,12,4,76,26,1,1
M15110,2008,Round 18,18,2008-04-13,Geelong Cats,Richmond Tigers,GMHBA Stadium,VIC,VIC,0,8,9,15,4,94,12,7,79,15,1,1
M15111,2008,Round 18,18,2008-04-15,Collingwood Magpies,Port Adelaide Power,MCG,VIC,SA,1,7,7,15,9,99,14,7,91,8,1,1
M15112,2008,Round 18,18,2008-04-17,Essendon Bombers,Adelaide Crows,Marvel Stadium,VIC,SA,1,7,9,16,7,103,12,6,78,25,1,1
M15113,2008,Round 19,19,2008-05-01,Brisbane Lions,Hawthorn Hawks,Gabba,QLD,VIC,1,8,7,17,2,104,14,4,88,16,1,1
M15114,2008,Round 19,19,2008-05-03,Melbourne Demons,St Kilda Saints,MCG,VIC,VIC,0,8,7,17,9,111,13,5,83,28,1,1
M15115,2008,Round 19,19,2008-05-05,Carlton Blues,Adelaide Crows,Marvel Stadium,VIC,SA,1,7,7,15,5,95,12,4,76,19,1,1
M15116,2008,Round 19,19,2008-05-07,Sydney Swans,Geelong Cats,SCG,NSW,VIC,1,9,7,15,7,97,14,2,86,11,1,1
M15117,2008,Round 19,19,2008-05-09,Essendon Bombers,Fremantle Dockers,Marvel Stadium,VIC,WA,1,7,6,17,4,106,17,2,104,2,1,1
M15118,2008,Round 19,19,2008-05-11,GWS Giants,Gold Coast Suns,GIANTS Stadium,NSW,QLD,1,6,7,20,2,122,17,7,109,13,1,1
M15119,2008,Round 19,19,2008-05-13,West Coast Eagles,Collingwood Magpies,Optus Stadium,WA,VIC,1,6,7,16,5,101,14,5,89,12,1,1
M15120,2008,Round 19,19,2008-05-15,North Melbourne Kangaroos,Port Adelaide Power,Marvel Stadium,VIC,SA,1,9,7,16,6,102,14,6,90,12,1,1
M15121,2008,Round 19,19,2008-05-17,Richmond Tigers,Western Bulldogs,MCG,VIC,VIC,0,8,9,15,8,98,15,2,92,6,1,1
M15122,2008,Round 20,20,2008-06-01,Melbourne Demons,Gold Coast Suns,MCG,VIC,QLD,1,6,8,15,4,94,14,6,90,4,1,1
M15123,2008,Round 20,20,2008-06-03,GWS Giants,Richmond Tigers,GIANTS Stadium,NSW,VIC,1,6,8,15,4,94,12,2,74,20,1,1
M15124,2008,Round 20,20,2008-06-05,Brisbane Lions,St Kilda Saints,Gabba,QLD,VIC,1,8,8,14,6,90,14,2,86,4,1,1
M15125,2008,Round 20,20,2008-06-07,Adelaide Crows,Collingwood Magpies,Adelaide Oval,SA,VIC,1,9,7,15,3,93,14,6,90,3,1,1
M15126,2008,Round 20,20,2008-06-09,West Coast Eagles,Western Bulldogs,Optus Stadium,WA,VIC,1,8,7,16,9,105,14,5,89,16,1,1
M15127,2008,Round 20,20,2008-06-11,Sydney Swans,Hawthorn Hawks,SCG,NSW,VIC,1,6,7,14,3,87,14,4,88,-1,0,0
M15128,2008,Round 20,20,2008-06-13,North Melbourne Kangaroos,Fremantle Dockers,Marvel Stadium,VIC,WA,1,6,7,19,1,115,14,3,87,28,1,1
M15129,2008,Round 20,20,2008-06-15,Port Adelaide Power,Carlton Blues,Adelaide Oval,SA,VIC,1,7,9,14,4,88,14,8,92,-4,0,0
M15130,2008,Round 20,20,2008-06-17,Essendon Bombers,Geelong Cats,Marvel Stadium,VIC,VIC,0,9,7,14,5,89,12,0,72,17,1,1
M15131,2008,Round 21,21,2008-07-01,Western Bulldogs,Collingwood Magpies,Marvel Stadium,VIC,VIC,0,8,7,13,3,81,14,4,88,-7,0,0
M15132,2008,Round 21,21,2008-07-03,Richmond Tigers,West Coast Eagles,MCG,VIC,WA,1,8,6,17,4,106,14,2,86,20,1,1
M15133,2008,Round 21,21,2008-07-05,Hawthorn Hawks,Carlton Blues,MCG,VIC,VIC,0,6,9,18,3,111,13,7,85,26,1,1
M15134,2008,Round 21,21,2008-07-07,Sydney Swans,GWS Giants,SCG,NSW,NSW,0,9,6,16,4,100,12,2,74,26,1,1
M15135,2008,Round 21,21,2008-07-09,Brisbane Lions,Melbourne Demons,Gabba,QLD,VIC,1,7,7,19,3,117,12,7,79,38,1,1
M15136,2008,Round 21,21,2008-07-11,Port Adelaide Power,St Kilda Saints,Adelaide Oval,SA,VIC,1,6,7,18,3,111,14,1,85,26,1,1
M15137,2008,Round 21,21,2008-07-13,Adelaide Crows,Geelong Cats,Adelaide Oval,SA,VIC,1,9,7,15,6,96,11,5,71,25,1,1
M15138,2008,Round 21,21,2008-07-15,Fremantle Dockers,Essendon Bombers,Optus Stadium,WA,VIC,1,6,8,17,4,106,11,4,70,36,1,1
M15139,2008,Round 21,21,2008-07-17,North Melbourne Kangaroos,Gold Coast Suns,Marvel Stadium,VIC,QLD,1,6,7,17,2,104,14,7,91,13,1,1
M15140,2008,Round 22,22,2008-08-01,West Coast Eagles,Melbourne Demons,Optus Stadium,WA,VIC,1,8,9,16,2,98,14,6,90,8,1,1
M15141,2008,Round 22,22,2008-08-03,Port Adelaide Power,Adelaide Crows,Adelaide Oval,SA,SA,0,7,9,13,6,84,14,4,88,-4,0,0
M15142,2008,Round 22,22,2008-08-05,Geelong Cats,Richmond Tigers,GMHBA Stadium,VIC,VIC,0,6,8,15,6,96,11,7,73,23,1,1
M15143,2008,Round 22,22,2008-08-07,Sydney Swans,St Kilda Saints,SCG,NSW,VIC,1,7,8,16,2,98,12,5,77,21,1,1
M15144,2008,Round 22,22,2008-08-09,North Melbourne Kangaroos,Brisbane Lions,Marvel Stadium,VIC,QLD,1,7,7,13,3,81,13,5,83,-2,0,0
M15145,2008,Round 22,22,2008-08-11,Essendon Bombers,Gold Coast Suns,Marvel Stadium,VIC,QLD,1,8,7,16,3,99,14,4,88,11,1,1
M15146,2008,Round 22,22,2008-08-13,Western Bulldogs,Collingwood Magpies,Marvel Stadium,VIC,VIC,0,9,8,15,0,90,14,8,92,-2,0,0
M15147,2008,Round 22,22,2008-08-15,Fremantle Dockers,Carlton Blues,Optus Stadium,WA,VIC,1,7,7,16,4,100,13,3,81,19,1,1
M15148,2008,Round 22,22,2008-08-17,Hawthorn Hawks,GWS Giants,MCG,VIC,NSW,1,7,6,18,6,114,15,3,93,21,1,1
M15149,2009,Round 1,1,2009-05-01,Fremantle Dockers,Gold Coast Suns,Optus Stadium,WA,QLD,1,9,9,14,9,93,16,7,103,-10,0,0
M15150,2009,Round 1,1,2009-05-03,West Coast Eagles,Geelong Cats,Optus Stadium,WA,VIC,1,8,7,14,1,85,11,8,74,11,1,1
M15151,2009,Round 1,1,2009-05-05,Collingwood Magpies,Hawthorn Hawks,MCG,VIC,VIC,0,8,7,13,5,83,13,4,82,1,1,1
M15152,2009,Round 1,1,2009-05-07,St Kilda Saints,Port Adelaide Power,Marvel Stadium,VIC,SA,1,7,7,17,2,104,15,9,99,5,1,1
M15153,2009,Round 1,1,2009-05-09,Sydney Swans,Richmond Tigers,SCG,NSW,VIC,1,6,7,18,1,109,13,2,80,29,1,1
M15154,2009,Round 1,1,2009-05-11,North Melbourne Kangaroos,Brisbane Lions,Marvel Stadium,VIC,QLD,1,6,7,17,4,106,13,5,83,23,1,1
M15155,2009,Round 1,1,2009-05-13,Essendon Bombers,Western Bulldogs,Marvel Stadium,VIC,VIC,0,7,7,14,2,86,12,7,79,7,1,1
M15156,2009,Round 1,1,2009-05-15,GWS Giants,Melbourne Demons,GIANTS Stadium,NSW,VIC,1,6,9,17,3,105,11,6,72,33,1,1
M15157,2009,Round 1,1,2009-05-17,Adelaide Crows,Carlton Blues,Adelaide Oval,SA,VIC,1,7,7,17,1,103,14,3,87,16,1,1
M15158,2009,Round 2,2,2009-06-01,St Kilda Saints,Gold Coast Suns,Marvel Stadium,VIC,QLD,1,8,6,15,3,93,13,6,84,9,1,1
M15159,2009,Round 2,2,2009-06-03,Essendon Bombers,Brisbane Lions,Marvel Stadium,VIC,QLD,1,6,7,14,3,87,11,8,74,13,1,1
M15160,2009,Round 2,2,2009-06-05,Richmond Tigers,Collingwood Magpies,MCG,VIC,VIC,0,7,9,17,1,103,14,4,88,15,1,1
M15161,2009,Round 2,2,2009-06-07,Fremantle Dockers,Port Adelaide Power,Optus Stadium,WA,SA,1,8,6,15,3,93,16,4,100,-7,0,0
M15162,2009,Round 2,2,2009-06-09,Carlton Blues,GWS Giants,Marvel Stadium,VIC,NSW,1,7,6,14,3,87,14,8,92,-5,0,0
M15163,2009,Round 2,2,2009-06-11,Melbourne Demons,Hawthorn Hawks,MCG,VIC,VIC,0,7,6,15,6,96,16,3,99,-3,0,0
M15164,2009,Round 2,2,2009-06-13,Geelong Cats,Sydney Swans,GMHBA Stadium,VIC,NSW,1,9,9,16,4,100,13,4,82,18,1,1
M15165,2009,Round 2,2,2009-06-15,Adelaide Crows,West Coast Eagles,Adelaide Oval,SA,WA,1,7,7,15,5,95,14,3,87,8,1,1
M15166,2009,Round 2,2,2009-06-17,North Melbourne Kangaroos,Western Bulldogs,Marvel Stadium,VIC,VIC,0,7,7,14,3,87,13,6,84,3,1,1
M15167,2009,Round 3,3,2009-07-01,Geelong Cats,Carlton Blues,GMHBA Stadium,VIC,VIC,0,6,6,15,3,93,13,5,83,10,1,1
M15168,2009,Round 3,3,2009-07-03,Essendon Bombers,Fremantle Dockers,Marvel Stadium,VIC,WA,1,8,7,16,4,100,14,0,84,16,1,1
M15169,2009,Round 3,3,2009-07-05,Melbourne Demons,Adelaide Crows,MCG,VIC,SA,1,9,7,12,6,78,11,5,71,7,1,1
M15170,2009,Round 3,3,2009-07-07,GWS Giants,West Coast Eagles,GIANTS Stadium,NSW,WA,1,7,7,13,5,83,13,3,81,2,1,1
M15171,2009,Round 3,3,2009-07-09,Collingwood Magpies,Port Adelaide Power,MCG,VIC,SA,1,7,6,18,0,108,17,2,104,4,1,1
M15172,2009,Round 3,3,2009-07-11,North Melbourne Kangaroos,Sydney Swans,Marvel Stadium,VIC,NSW,1,6,8,15,8,98,13,1,79,19,1,1
M15173,2009,Round 3,3,2009-07-13,Richmond Tigers,Hawthorn Hawks,MCG,VIC,VIC,0,8,9,13,5,83,12,4,76,7,1,1
M15174,2009,Round 3,3,2009-07-15,Western Bulldogs,Brisbane Lions,Marvel Stadium,VIC,QLD,1,9,9,16,4,100,14,7,91,9,1,1
M15175,2009,Round 3,3,2009-07-17,Gold Coast Suns,St Kilda Saints,Heritage Bank Stadium,QLD,VIC,1,7,7,17,7,109,13,7,85,24,1,1
M15176,2009,Round 4,4,2009-08-01,Essendon Bombers,West Coast Eagles,Marvel Stadium,VIC,WA,1,7,7,15,3,93,13,7,85,8,1,1
M15177,2009,Round 4,4,2009-08-03,Brisbane Lions,Gold Coast Suns,Gabba,QLD,QLD,0,9,7,11,2,68,13,1,79,-11,0,0
M15178,2009,Round 4,4,2009-08-05,St Kilda Saints,Fremantle Dockers,Marvel Stadium,VIC,WA,1,9,9,14,7,91,14,7,91,0,0,0
M15179,2009,Round 4,4,2009-08-07,North Melbourne Kangaroos,Richmond Tigers,Marvel Stadium,VIC,VIC,0,8,9,17,9,111,13,5,83,28,1,1
M15180,2009,Round 4,4,2009-08-09,Sydney Swans,GWS Giants,SCG,NSW,NSW,0,9,7,16,7,103,13,4,82,21,1,1
M15181,2009,Round 4,4,2009-08-11,Collingwood Magpies,Melbourne Demons,MCG,VIC,VIC,0,7,7,16,5,101,12,4,76,25,1,1
M15182,2009,Round 4,4,2009-08-13,Port Adelaide Power,Adelaide Crows,Adelaide Oval,SA,SA,0,7,8,16,4,100,14,3,87,13,1,1
M15183,2009,Round 4,4,2009-08-15,Carlton Blues,Western Bulldogs,Marvel Stadium,VIC,VIC,0,7,9,13,2,80,15,5,95,-15,0,0
M15184,2009,Round 4,4,2009-08-17,Geelong Cats,Hawthorn Hawks,GMHBA Stadium,VIC,VIC,0,8,7,16,6,102,12,4,76,26,1,1
M15185,2009,Round 5,5,2009-09-01,St Kilda Saints,Fremantle Dockers,Marvel Stadium,VIC,WA,1,9,7,16,7,103,12,7,79,24,1,1
M15186,2009,Round 5,5,2009-09-03,Collingwood Magpies,Port Adelaide Power,MCG,VIC,SA,1,7,7,16,3,99,15,5,95,4,1,1
M15187,2009,Round 5,5,2009-09-05,Essendon Bombers,GWS Giants,Marvel Stadium,VIC,NSW,1,9,7,17,3,105,15,3,93,12,1,1
M15188,2009,Round 5,5,2009-09-07,West Coast Eagles,Western Bulldogs,Optus Stadium,WA,VIC,1,9,9,15,7,97,12,7,79,18,1,1
M15189,2009,Round 5,5,2009-09-09,Geelong Cats,Hawthorn Hawks,GMHBA Stadium,VIC,VIC,0,7,9,14,5,89,10,4,64,25,1,1
M15190,2009,Round 5,5,2009-09-11,Sydney Swans,Brisbane Lions,SCG,NSW,QLD,1,8,7,17,4,106,13,3,81,25,1,1
M15191,2009,Round 5,5,2009-09-13,Gold Coast Suns,Richmond Tigers,Heritage Bank Stadium,QLD,VIC,1,7,7,15,4,94,11,6,72,22,1,1
M15192,2009,Round 5,5,2009-09-15,Adelaide Crows,Melbourne Demons,Adelaide Oval,SA,VIC,1,9,9,16,4,100,13,6,84,16,1,1
M15193,2009,Round 5,5,2009-09-17,North Melbourne Kangaroos,Carlton Blues,Marvel Stadium,VIC,VIC,0,7,7,16,4,100,15,4,94,6,1,1
M15194,2009,Round 6,6,2009-04-01,GWS Giants,Melbourne Demons,GIANTS Stadium,NSW,VIC,1,9,7,14,8,92,14,7,91,1,1,1
M15195,2009,Round 6,6,2009-04-03,Essendon Bombers,North Melbourne Kangaroos,Marvel Stadium,VIC,VIC,0,6,8,15,7,97,13,3,81,16,1,1
M15196,2009,Round 6,6,2009-04-05,Carlton Blues,Hawthorn Hawks,Marvel Stadium,VIC,VIC,0,7,7,14,8,92,11,2,68,24,1,1
M15197,2009,Round 6,6,2009-04-07,West Coast Eagles,Western Bulldogs,Optus Stadium,WA,VIC,1,6,8,15,2,92,14,3,87,5,1,1
M15198,2009,Round 6,6,2009-04-09,Port Adelaide Power,Gold Coast Suns,Adelaide Oval,SA,QLD,1,7,7,14,4,88,12,5,77,11,1,1
M15199,2009,Round 6,6,2009-04-11,Brisbane Lions,Richmond Tigers,Gabba,QLD,VIC,1,9,7,15,9,99,13,1,79,20,1,1
M15200,2009,Round 6,6,2009-04-13,Fremantle Dockers,Collingwood Magpies,Optus Stadium,WA,VIC,1,8,7,14,5,89,13,2,80,9,1,1
M15201,2009,Round 6,6,2009-04-15,Geelong Cats,Sydney Swans,GMHBA Stadium,VIC,NSW,1,7,6,17,5,107,14,3,87,20,1,1
M15202,2009,Round 6,6,2009-04-17,Adelaide Crows,St Kilda Saints,Adelaide Oval,SA,VIC,1,7,9,13,4,82,14,6,90,-8,0,0
M15203,2009,Round 7,7,2009-05-01,Port Adelaide Power,Melbourne Demons,Adelaide Oval,SA,VIC,1,7,9,17,2,104,11,5,71,33,1,1
M15204,2009,Round 7,7,2009-05-03,Hawthorn Hawks,Richmond Tigers,MCG,VIC,VIC,0,7,7,15,4,94,10,7,67,27,1,1
M15205,2009,Round 7,7,2009-05-05,Fremantle Dockers,Brisbane Lions,Optus Stadium,WA,QLD,1,7,7,16,2,98,14,7,91,7,1,1
M15206,2009,Round 7,7,2009-05-07,Adelaide Crows,Geelong Cats,Adelaide Oval,SA,VIC,1,8,7,12,2,74,13,6,84,-10,0,0
M15207,2009,Round 7,7,2009-05-09,North Melbourne Kangaroos,Carlton Blues,Marvel Stadium,VIC,VIC,0,6,9,15,5,95,13,7,85,10,1,1
M15208,2009,Round 7,7,2009-05-11,Collingwood Magpies,Western Bulldogs,MCG,VIC,VIC,0,6,9,12,5,77,14,5,89,-12,0,0
M15209,2009,Round 7,7,2009-05-13,Sydney Swans,Gold Coast Suns,SCG,NSW,QLD,1,7,8,17,4,106,11,7,73,33,1,1
M15210,2009,Round 7,7,2009-05-15,Essendon Bombers,GWS Giants,Marvel Stadium,VIC,NSW,1,7,8,16,1,97,16,7,103,-6,0,0
M15211,2009,Round 7,7,2009-05-17,St Kilda Saints,West Coast Eagles,Marvel Stadium,VIC,WA,1,7,6,15,6,96,13,5,83,13,1,1
M15212,2009,Round 8,8,2009-06-01,North Melbourne Kangaroos,GWS Giants,Marvel Stadium,VIC,NSW,1,7,7,15,5,95,13,4,82,13,1,1
M15213,2009,Round 8,8,2009-06-03,Sydney Swans,Port Adelaide Power,SCG,NSW,SA,1,9,7,16,1,97,11,6,72,25,1,1
M15214,2009,Round 8,8,2009-06-05,Brisbane Lions,West Coast Eagles,Gabba,QLD,WA,1,7,6,15,2,92,14,3,87,5,1,1
M15215,2009,Round 8,8,2009-06-07,Richmond Tigers,Western Bulldogs,MCG,VIC,VIC,0,8,9,16,2,98,14,5,89,9,1,1
M15216,2009,Round 8,8,2009-06-09,Carlton Blues,Melbourne Demons,Marvel Stadium,VIC,VIC,0,7,8,15,5,95,12,4,76,19,1,1
M15217,2009,Round 8,8,2009-06-11,Essendon Bombers,Fremantle Dockers,Marvel Stadium,VIC,WA,1,7,6,13,7,85,13,3,81,4,1,1
M15218,2009,Round 8,8,2009-06-13,Gold Coast Suns,Geelong Cats,Heritage Bank Stadium,QLD,VIC,1,7,6,14,7,91,15,6,96,-5,0,0
M15219,2009,Round 8,8,2009-06-15,Collingwood Magpies,Hawthorn Hawks,MCG,VIC,VIC,0,9,9,15,4,94,16,5,101,-7,0,0
M15220,2009,Round 8,8,2009-06-17,Adelaide Crows,St Kilda Saints,Adelaide Oval,SA,VIC,1,9,7,16,5,101,12,8,80,21,1,1
M15221,2009,Round 9,9,2009-07-01,Melbourne Demons,Port Adelaide Power,MCG,VIC,SA,1,8,8,13,5,83,11,3,69,14,1,1
M15222,2009,Round 9,9,2009-07-03,North Melbourne Kangaroos,Brisbane Lions,Marvel Stadium,VIC,QLD,1,7,8,15,6,96,14,2,86,10,1,1
M15223,2009,Round 9,9,2009-07-05,Hawthorn Hawks,Geelong Cats,MCG,VIC,VIC,0,7,7,15,6,96,17,1,103,-7,0,0
M15224,2009,Round 9,9,2009-07-07,Collingwood Magpies,Carlton Blues,MCG,VIC,VIC,0,7,7,13,4,82,14,6,90,-8,0,0
M15225,2009,Round 9,9,2009-07-09,Sydney Swans,Adelaide Crows,SCG,NSW,SA,1,7,6,15,7,97,11,7,73,24,1,1
M15226,2009,Round 9,9,2009-07-11,Western Bulldogs,Fremantle Dockers,Marvel Stadium,VIC,WA,1,7,7,15,5,95,13,3,81,14,1,1
M15227,2009,Round 9,9,2009-07-13,St Kilda Saints,GWS Giants,Marvel Stadium,VIC,NSW,1,6,9,13,5,83,15,1,91,-8,0,0
M15228,2009,Round 9,9,2009-07-15,Essendon Bombers,Richmond Tigers,Marvel Stadium,VIC,VIC,0,8,7,14,3,87,12,4,76,11,1,1
M15229,2009,Round 9,9,2009-07-17,Gold Coast Suns,West Coast Eagles,Heritage Bank Stadium,QLD,WA,1,7,6,17,5,107,15,7,97,10,1,1
M15230,2009,Round 10,10,2009-08-01,North Melbourne Kangaroos,Richmond Tigers,Marvel Stadium,VIC,VIC,0,7,8,15,1,91,11,4,70,21,1,1
M15231,2009,Round 10,10,2009-08-03,Gold Coast Suns,Sydney Swans,Heritage Bank Stadium,QLD,NSW,1,8,7,15,7,97,12,5,77,20,1,1
M15232,2009,Round 10,10,2009-08-05,Hawthorn Hawks,Western Bulldogs,MCG,VIC,VIC,0,8,7,17,5,107,15,6,96,11,1,1
M15233,2009,Round 10,10,2009-08-07,GWS Giants,Melbourne Demons,GIANTS Stadium,NSW,VIC,1,7,7,13,5,83,13,6,84,-1,0,0
M15234,2009,Round 10,10,2009-08-09,Carlton Blues,Essendon Bombers,Marvel Stadium,VIC,VIC,0,7,7,16,6,102,13,7,85,17,1,1
M15235,2009,Round 10,10,2009-08-11,St Kilda Saints,Port Adelaide Power,Marvel Stadium,VIC,SA,1,6,8,15,7,97,16,5,101,-4,0,0
M15236,2009,Round 10,10,2009-08-13,Fremantle Dockers,Adelaide Crows,Optus Stadium,WA,SA,1,6,7,15,5,95,15,2,92,3,1,1
M15237,2009,Round 10,10,2009-08-15,Geelong Cats,Brisbane Lions,GMHBA Stadium,VIC,QLD,1,8,7,12,4,76,13,3,81,-5,0,0
M15238,2009,Round 10,10,2009-08-17,Collingwood Magpies,West Coast Eagles,MCG,VIC,WA,1,9,7,12,4,76,14,5,89,-13,0,0
M15239,2009,Round 11,11,2009-09-01,Fremantle Dockers,Adelaide Crows,Optus Stadium,WA,SA,1,9,6,15,5,95,13,4,82,13,1,1
M15240,2009,Round 11,11,2009-09-03,Western Bulldogs,North Melbourne Kangaroos,Marvel Stadium,VIC,VIC,0,7,8,19,4,118,12,5,77,41,1,1
M15241,2009,Round 11,11,2009-09-05,Carlton Blues,West Coast Eagles,Marvel Stadium,VIC,WA,1,7,7,16,6,102,13,5,83,19,1,1
M15242,2009,Round 11,11,2009-09-07,Essendon Bombers,Sydney Swans,Marvel Stadium,VIC,NSW,1,8,8,14,1,85,17,4,106,-21,0,0
M15243,2009,Round 11,11,2009-09-09,Port Adelaide Power,GWS Giants,Adelaide Oval,SA,NSW,1,6,7,17,4,106,13,4,82,24,1,1
M15244,2009,Round 11,11,2009-09-11,Richmond Tigers,Hawthorn Hawks,MCG,VIC,VIC,0,7,9,14,5,89,12,6,78,11,1,1
M15245,2009,Round 11,11,2009-09-13,Brisbane Lions,Gold Coast Suns,Gabba,QLD,QLD,0,7,7,17,2,104,14,6,90,14,1,1
M15246,2009,Round 11,11,2009-09-15,St Kilda Saints,Geelong Cats,Marvel Stadium,VIC,VIC,0,6,9,13,4,82,14,6,90,-8,0,0
M15247,2009,Round 11,11,2009-09-17,Melbourne Demons,Collingwood Magpies,MCG,VIC,VIC,0,6,7,16,4,100,14,7,91,9,1,1
M15248,2009,Round 12,12,2009-04-01,Western Bulldogs,Essendon Bombers,Marvel Stadium,VIC,VIC,0,9,9,15,4,94,14,3,87,7,1,1
M15249,2009,Round 12,12,2009-04-03,Richmond Tigers,Adelaide Crows,MCG,VIC,SA,1,7,7,13,5,83,15,2,92,-9,0,0
M15250,2009,Round 12,12,2009-04-05,Port Adelaide Power,Fremantle Dockers,Adelaide Oval,SA,WA,1,6,7,15,7,97,13,4,82,15,1,1
M15251,2009,Round 12,12,2009-04-07,West Coast Eagles,Gold Coast Suns,Optus Stadium,WA,QLD,1,7,8,16,8,104,14,4,88,16,1,1
M15252,2009,Round 12,12,2009-04-09,North Melbourne Kangaroos,St Kilda Saints,Marvel Stadium,VIC,VIC,0,6,9,17,7,109,15,6,96,13,1,1
M15253,2009,Round 12,12,2009-04-11,Brisbane Lions,Collingwood Magpies,Gabba,QLD,VIC,1,6,7,13,7,85,12,1,73,12,1,1
M15254,2009,Round 12,12,2009-04-13,Sydney Swans,Geelong Cats,SCG,NSW,VIC,1,8,8,18,4,112,18,3,111,1,1,1
M15255,2009,Round 12,12,2009-04-15,Hawthorn Hawks,Melbourne Demons,MCG,VIC,VIC,0,7,7,14,4,88,13,3,81,7,1,1
M15256,2009,Round 12,12,2009-04-17,Carlton Blues,GWS Giants,Marvel Stadium,VIC,NSW,1,7,9,16,1,97,14,6,90,7,1,1
M15257,2009,Round 13,13,2009-05-01,Adelaide Crows,Richmond Tigers,Adelaide Oval,SA,VIC,1,6,6,16,4,100,13,6,84,16,1,1
M15258,2009,Round 13,13,2009-05-03,Port Adelaide Power,GWS Giants,Adelaide Oval,SA,NSW,1,7,9,15,5,95,14,3,87,8,1,1
M15259,2009,Round 13,13,2009-05-05,Sydney Swans,Hawthorn Hawks,SCG,NSW,VIC,1,7,9,15,2,92,14,8,92,0,0,0
M15260,2009,Round 13,13,2009-05-07,Carlton Blues,North Melbourne Kangaroos,Marvel Stadium,VIC,VIC,0,8,7,15,6,96,14,4,88,8,1,1
M15261,2009,Round 13,13,2009-05-09,Gold Coast Suns,St Kilda Saints,Heritage Bank Stadium,QLD,VIC,1,8,7,16,3,99,15,5,95,4,1,1
M15262,2009,Round 13,13,2009-05-11,Fremantle Dockers,Melbourne Demons,Optus Stadium,WA,VIC,1,6,8,13,2,80,13,3,81,-1,0,0
M15263,2009,Round 13,13,2009-05-13,Western Bulldogs,Brisbane Lions,Marvel Stadium,VIC,QLD,1,7,7,15,5,95,13,3,81,14,1,1
M15264,2009,Round 13,13,2009-05-15,Collingwood Magpies,Essendon Bombers,MCG,VIC,VIC,0,7,8,15,3,93,14,7,91,2,1,1
M15265,2009,Round 13,13,2009-05-17,Geelong Cats,West Coast Eagles,GMHBA Stadium,VIC,WA,1,7,6,16,4,100,13,6,84,16,1,1
M15266,2009,Round 14,14,2009-06-01,Collingwood Magpies,Geelong Cats,MCG,VIC,VIC,0,7,9,16,6,102,16,5,101,1,1,1
M15267,2009,Round 14,14,2009-06-03,Sydney Swans,North Melbourne Kangaroos,SCG,NSW,VIC,1,6,7,15,4,94,14,4,88,6,1,1
M15268,2009,Round 14,14,2009-06-05,Melbourne Demons,West Coast Eagles,MCG,VIC,WA,1,7,7,14,3,87,13,3,81,6,1,1
M15269,2009,Round 14,14,2009-06-07,Gold Coast Suns,St Kilda Saints,Heritage Bank Stadium,QLD,VIC,1,7,8,17,0,102,12,7,79,23,1,1
M15270,2009,Round 14,14,2009-06-09,Western Bulldogs,Fremantle Dockers,Marvel Stadium,VIC,WA,1,9,7,14,0,84,11,6,72,12,1,1
M15271,2009,Round 14,14,2009-06-11,Adelaide Crows,Carlton Blues,Adelaide Oval,SA,VIC,1,7,7,13,8,86,14,3,87,-1,0,0
M15272,2009,Round 14,14,2009-06-13,GWS Giants,Essendon Bombers,GIANTS Stadium,NSW,VIC,1,6,6,14,4,88,15,1,91,-3,0,0
M15273,2009,Round 14,14,2009-06-15,Brisbane Lions,Richmond Tigers,Gabba,QLD,VIC,1,7,9,17,5,107,14,6,90,17,1,1
M15274,2009,Round 14,14,2009-06-17,Port Adelaide Power,Hawthorn Hawks,Adelaide Oval,SA,VIC,1,9,7,17,0,102,11,2,68,34,1,1
M15275,2009,Round 15,15,2009-07-01,North Melbourne Kangaroos,Melbourne Demons,Marvel Stadium,VIC,VIC,0,7,9,13,1,79,13,2,80,-1,0,0
M15276,2009,Round 15,15,2009-07-03,Port Adelaide Power,GWS Giants,Adelaide Oval,SA,NSW,1,6,7,16,6,102,14,6,90,12,1,1
M15277,2009,Round 15,15,2009-07-05,St Kilda Saints,Geelong Cats,Marvel Stadium,VIC,VIC,0,7,7,16,4,100,12,6,78,22,1,1
M15278,2009,Round 15,15,2009-07-07,Brisbane Lions,Western Bulldogs,Gabba,QLD,VIC,1,6,7,16,7,103,15,4,94,9,1,1
M15279,2009,Round 15,15,2009-07-09,Carlton Blues,Sydney Swans,Marvel Stadium,VIC,NSW,1,7,8,12,6,78,11,3,69,9,1,1
M15280,2009,Round 15,15,2009-07-11,Fremantle Dockers,Gold Coast Suns,Optus Stadium,WA,QLD,1,7,7,18,6,114,15,3,93,21,1,1
M15281,2009,Round 15,15,2009-07-13,Collingwood Magpies,Essendon Bombers,MCG,VIC,VIC,0,7,9,17,7,109,13,6,84,25,1,1
M15282,2009,Round 15,15,2009-07-15,Hawthorn Hawks,Richmond Tigers,MCG,VIC,VIC,0,8,7,16,8,104,16,6,102,2,1,1
M15283,2009,Round 15,15,2009-07-17,West Coast Eagles,Adelaide Crows,Optus Stadium,WA,SA,1,6,7,15,4,94,12,9,81,13,1,1
M15284,2009,Round 16,16,2009-08-01,Brisbane Lions,Essendon Bombers,Gabba,QLD,VIC,1,7,9,13,4,82,13,3,81,1,1,1
M15285,2009,Round 16,16,2009-08-03,Gold Coast Suns,Sydney Swans,Heritage Bank Stadium,QLD,NSW,1,7,7,15,1,91,15,5,95,-4,0,0
M15286,2009,Round 16,16,2009-08-05,Fremantle Dockers,St Kilda Saints,Optus Stadium,WA,VIC,1,8,9,15,5,95,14,8,92,3,1,1
M15287,2009,Round 16,16,2009-08-07,Geelong Cats,West Coast Eagles,GMHBA Stadium,VIC,WA,1,7,9,18,0,108,15,3,93,15,1,1
M15288,2009,Round 16,16,2009-08-09,Hawthorn Hawks,North Melbourne Kangaroos,MCG,VIC,VIC,0,7,7,15,3,93,12,3,75,18,1,1
M15289,2009,Round 16,16,2009-08-11,Western Bulldogs,Carlton Blues,Marvel Stadium,VIC,VIC,0,7,7,16,1,97,12,5,77,20,1,1
M15290,2009,Round 16,16,2009-08-13,Adelaide Crows,GWS Giants,Adelaide Oval,SA,NSW,1,7,8,16,7,103,16,2,98,5,1,1
M15291,2009,Round 16,16,2009-08-15,Melbourne Demons,Port Adelaide Power,MCG,VIC,SA,1,7,7,14,2,86,12,3,75,11,1,1
M15292,2009,Round 16,16,2009-08-17,Collingwood Magpies,Richmond Tigers,MCG,VIC,VIC,0,7,6,13,6,84,13,3,81,3,1,1
M15293,2009,Round 17,17,2009-09-01,GWS Giants,Western Bulldogs,GIANTS Stadium,NSW,VIC,1,8,8,17,5,107,11,6,72,35,1,1
M15294,2009,Round 17,17,2009-09-03,Carlton Blues,Gold Coast Suns,Marvel Stadium,VIC,QLD,1,7,7,16,7,103,13,4,82,21,1,1
M15295,2009,Round 17,17,2009-09-05,West Coast Eagles,Adelaide Crows,Optus Stadium,WA,SA,1,7,7,16,2,98,14,8,92,6,1,1
M15296,2009,Round 17,17,2009-09-07,Essendon Bombers,Sydney Swans,Marvel Stadium,VIC,NSW,1,9,8,17,0,102,18,1,109,-7,0,0
M15297,2009,Round 17,17,2009-09-09,St Kilda Saints,Collingwood Magpies,Marvel Stadium,VIC,VIC,0,7,6,15,4,94,13,5,83,11,1,1
M15298,2009,Round 17,17,2009-09-11,Richmond Tigers,North Melbourne Kangaroos,MCG,VIC,VIC,0,8,9,14,6,90,15,3,93,-3,0,0
M15299,2009,Round 17,17,2009-09-13,Brisbane Lions,Geelong Cats,Gabba,QLD,VIC,1,8,6,14,3,87,15,5,95,-8,0,0
M15300,2009,Round 17,17,2009-09-15,Port Adelaide Power,Fremantle Dockers,Adelaide Oval,SA,WA,1,8,8,14,6,90,13,5,83,7,1,1
M15301,2009,Round 17,17,2009-09-17,Hawthorn Hawks,Melbourne Demons,MCG,VIC,VIC,0,7,7,16,1,97,13,5,83,14,1,1
M15302,2009,Round 18,18,2009-04-01,North Melbourne Kangaroos,Western Bulldogs,Marvel Stadium,VIC,VIC,0,7,7,13,6,84,14,2,86,-2,0,0
M15303,2009,Round 18,18,2009-04-03,Gold Coast Suns,West Coast Eagles,Heritage Bank Stadium,QLD,WA,1,7,7,15,2,92,12,3,75,17,1,1
M15304,2009,Round 18,18,2009-04-05,St Kilda Saints,Brisbane Lions,Marvel Stadium,VIC,QLD,1,9,9,14,6,90,14,2,86,4,1,1
M15305,2009,Round 18,18,2009-04-07,Sydney Swans,Melbourne Demons,SCG,NSW,VIC,1,7,7,15,4,94,12,9,81,13,1,1
M15306,2009,Round 18,18,2009-04-09,Fremantle Dockers,Richmond Tigers,Optus Stadium,WA,VIC,1,7,6,13,4,82,14,5,89,-7,0,0
M15307,2009,Round 18,18,2009-04-11,Carlton Blues,Collingwood Magpies,Marvel Stadium,VIC,VIC,0,7,9,16,2,98,14,2,86,12,1,1
M15308,2009,Round 18,18,2009-04-13,GWS Giants,Essendon Bombers,GIANTS Stadium,NSW,VIC,1,7,9,14,3,87,15,5,95,-8,0,0
M15309,2009,Round 18,18,2009-04-15,Hawthorn Hawks,Geelong Cats,MCG,VIC,VIC,0,6,9,14,9,93,16,4,100,-7,0,0
M15310,2009,Round 18,18,2009-04-17,Adelaide Crows,Port Adelaide Power,Adelaide Oval,SA,SA,0,6,7,15,8,98,13,5,83,15,1,1
M15311,2009,Round 19,19,2009-05-01,St Kilda Saints,Western Bulldogs,Marvel Stadium,VIC,VIC,0,9,9,18,5,113,13,7,85,28,1,1
M15312,2009,Round 19,19,2009-05-03,West Coast Eagles,Gold Coast Suns,Optus Stadium,WA,QLD,1,9,9,17,5,107,14,6,90,17,1,1
M15313,2009,Round 19,19,2009-05-05,Adelaide Crows,Fremantle Dockers,Adelaide Oval,SA,WA,1,6,7,14,1,85,12,4,76,9,1,1
M15314,2009,Round 19,19,2009-05-07,Geelong Cats,Port Adelaide Power,GMHBA Stadium,VIC,SA,1,9,9,14,6,90,13,2,80,10,1,1
M15315,2009,Round 19,19,2009-05-09,GWS Giants,Essendon Bombers,GIANTS Stadium,NSW,VIC,1,6,7,15,6,96,15,5,95,1,1,1
M15316,2009,Round 19,19,2009-05-11,Hawthorn Hawks,Melbourne Demons,MCG,VIC,VIC,0,6,7,14,2,86,11,8,74,12,1,1
M15317,2009,Round 19,19,2009-05-13,Richmond Tigers,Carlton Blues,MCG,VIC,VIC,0,7,7,16,3,99,12,1,73,26,1,1
M15318,2009,Round 19,19,2009-05-15,Sydney Swans,Collingwood Magpies,SCG,NSW,VIC,1,6,8,15,2,92,15,6,96,-4,0,0
M15319,2009,Round 19,19,2009-05-17,Brisbane Lions,North Melbourne Kangaroos,Gabba,QLD,VIC,1,7,7,13,2,80,18,4,112,-32,0,0
M15320,2009,Round 20,20,2009-06-01,Gold Coast Suns,St Kilda Saints,Heritage Bank Stadium,QLD,VIC,1,7,7,15,3,93,16,2,98,-5,0,0
M15321,2009,Round 20,20,2009-06-03,Carlton Blues,Sydney Swans,Marvel Stadium,VIC,NSW,1,7,7,14,6,90,15,6,96,-6,0,0
M15322,2009,Round 20,20,2009-06-05,Adelaide Crows,North Melbourne Kangaroos,Adelaide Oval,SA,VIC,1,7,7,14,5,89,14,7,91,-2,0,0
M15323,2009,Round 20,20,2009-06-07,West Coast Eagles,Richmond Tigers,Optus Stadium,WA,VIC,1,9,9,18,4,112,13,4,82,30,1,1
M15324,2009,Round 20,20,2009-06-09,Hawthorn Hawks,Fremantle Dockers,MCG,VIC,WA,1,7,6,15,4,94,15,5,95,-1,0,0
M15325,2009,Round 20,20,2009-06-11,Brisbane Lions,Melbourne Demons,Gabba,QLD,VIC,1,7,7,15,1,91,11,6,72,19,1,1
M15326,2009,Round 20,20,2009-06-13,Essendon Bombers,Western Bulldogs,Marvel Stadium,VIC,VIC,0,7,6,16,1,97,17,4,106,-9,0,0
M15327,2009,Round 20,20,2009-06-15,Port Adelaide Power,Collingwood Magpies,Adelaide Oval,SA,VIC,1,6,9,19,7,121,14,7,91,30,1,1
M15328,2009,Round 20,20,2009-06-17,Geelong Cats,GWS Giants,GMHBA Stadium,VIC,NSW,1,7,7,12,3,75,13,7,85,-10,0,0
M15329,2009,Round 21,21,2009-07-01,St Kilda Saints,Brisbane Lions,Marvel Stadium,VIC,QLD,1,7,7,18,4,112,12,6,78,34,1,1
M15330,2009,Round 21,21,2009-07-03,Gold Coast Suns,Melbourne Demons,Heritage Bank Stadium,QLD,VIC,1,7,8,15,7,97,15,3,93,4,1,1
M15331,2009,Round 21,21,2009-07-05,Essendon Bombers,Hawthorn Hawks,Marvel Stadium,VIC,VIC,0,6,6,14,3,87,14,5,89,-2,0,0
M15332,2009,Round 21,21,2009-07-07,Sydney Swans,Port Adelaide Power,SCG,NSW,SA,1,8,7,15,6,96,12,5,77,19,1,1
M15333,2009,Round 21,21,2009-07-09,Fremantle Dockers,Adelaide Crows,Optus Stadium,WA,SA,1,9,6,13,2,80,15,8,98,-18,0,0
M15334,2009,Round 21,21,2009-07-11,Geelong Cats,Western Bulldogs,GMHBA Stadium,VIC,VIC,0,7,7,16,0,96,14,5,89,7,1,1
M15335,2009,Round 21,21,2009-07-13,North Melbourne Kangaroos,Richmond Tigers,Marvel Stadium,VIC,VIC,0,7,9,15,3,93,12,5,77,16,1,1
M15336,2009,Round 21,21,2009-07-15,GWS Giants,West Coast Eagles,GIANTS Stadium,NSW,WA,1,6,8,15,3,93,16,7,103,-10,0,0
M15337,2009,Round 21,21,2009-07-17,Collingwood Magpies,Carlton Blues,MCG,VIC,VIC,0,7,6,16,2,98,13,6,84,14,1,1
M15338,2009,Round 22,22,2009-08-01,Port Adelaide Power,Melbourne Demons,Adelaide Oval,SA,VIC,1,7,7,14,4,88,14,5,89,-1,0,0
M15339,2009,Round 22,22,2009-08-03,Sydney Swans,Gold Coast Suns,SCG,NSW,QLD,1,7,9,12,3,75,12,7,79,-4,0,0
M15340,2009,Round 22,22,2009-08-05,Western Bulldogs,GWS Giants,Marvel Stadium,VIC,NSW,1,6,7,12,6,78,14,8,92,-14,0,0
M15341,2009,Round 22,22,2009-08-07,Hawthorn Hawks,Fremantle Dockers,MCG,VIC,WA,1,7,8,15,6,96,17,4,106,-10,0,0
M15342,2009,Round 22,22,2009-08-09,North Melbourne Kangaroos,Carlton Blues,Marvel Stadium,VIC,VIC,0,8,8,12,0,72,13,6,84,-12,0,0
M15343,2009,Round 22,22,2009-08-11,West Coast Eagles,Brisbane Lions,Optus Stadium,WA,QLD,1,7,7,13,6,84,15,3,93,-9,0,0
M15344,2009,Round 22,22,2009-08-13,Essendon Bombers,St Kilda Saints,Marvel Stadium,VIC,VIC,0,7,8,13,9,87,14,5,89,-2,0,0
M15345,2009,Round 22,22,2009-08-15,Richmond Tigers,Geelong Cats,MCG,VIC,VIC,0,8,8,18,5,113,15,7,97,16,1,1
M15346,2009,Round 22,22,2009-08-17,Adelaide Crows,Collingwood Magpies,Adelaide Oval,SA,VIC,1,6,6,18,3,111,11,4,70,41,1,1
M15347,2010,Round 1,1,2010-05-01,Sydney Swans,North Melbourne Kangaroos,SCG,NSW,VIC,1,7,8,17,7,109,14,0,84,25,1,1
M15348,2010,Round 1,1,2010-05-03,Fremantle Dockers,Adelaide Crows,Optus Stadium,WA,SA,1,7,8,16,6,102,14,4,88,14,1,1
M15349,2010,Round 1,1,2010-05-05,Western Bulldogs,Collingwood Magpies,Marvel Stadium,VIC,VIC,0,7,6,14,5,89,15,2,92,-3,0,0
M15350,2010,Round 1,1,2010-05-07,Geelong Cats,Richmond Tigers,GMHBA Stadium,VIC,VIC,0,7,7,17,0,102,11,8,74,28,1,1
M15351,2010,Round 1,1,2010-05-09,Carlton Blues,Hawthorn Hawks,Marvel Stadium,VIC,VIC,0,7,9,14,6,90,15,4,94,-4,0,0
M15352,2010,Round 1,1,2010-05-11,Port Adelaide Power,St Kilda Saints,Adelaide Oval,SA,VIC,1,7,7,16,6,102,13,4,82,20,1,1
M15353,2010,Round 1,1,2010-05-13,GWS Giants,Melbourne Demons,GIANTS Stadium,NSW,VIC,1,7,8,16,9,105,13,4,82,23,1,1
M15354,2010,Round 1,1,2010-05-15,Essendon Bombers,Gold Coast Suns,Marvel Stadium,VIC,QLD,1,7,6,14,3,87,16,2,98,-11,0,0
M15355,2010,Round 1,1,2010-05-17,West Coast Eagles,Brisbane Lions,Optus Stadium,WA,QLD,1,9,7,14,7,91,14,6,90,1,1,1
M15356,2010,Round 2,2,2010-06-01,Brisbane Lions,Fremantle Dockers,Gabba,QLD,WA,1,6,8,17,3,105,16,2,98,7,1,1
M15357,2010,Round 2,2,2010-06-03,Hawthorn Hawks,Gold Coast Suns,MCG,VIC,QLD,1,7,9,18,1,109,17,5,107,2,1,1
M15358,2010,Round 2,2,2010-06-05,North Melbourne Kangaroos,Richmond Tigers,Marvel Stadium,VIC,VIC,0,7,6,15,5,95,10,5,65,30,1,1
M15359,2010,Round 2,2,2010-06-07,GWS Giants,Port Adelaide Power,GIANTS Stadium,NSW,SA,1,6,7,16,7,103,13,4,82,21,1,1
M15360,2010,Round 2,2,2010-06-09,Geelong Cats,St Kilda Saints,GMHBA Stadium,VIC,VIC,0,8,7,17,3,105,14,4,88,17,1,1
M15361,2010,Round 2,2,2010-06-11,Melbourne Demons,Carlton Blues,MCG,VIC,VIC,0,6,6,15,8,98,13,7,85,13,1,1
M15362,2010,Round 2,2,2010-06-13,Sydney Swans,Essendon Bombers,SCG,NSW,VIC,1,6,9,15,6,96,14,5,89,7,1,1
M15363,2010,Round 2,2,2010-06-15,Western Bulldogs,Adelaide Crows,Marvel Stadium,VIC,SA,1,8,7,18,7,115,16,4,100,15,1,1
M15364,2010,Round 2,2,2010-06-17,West Coast Eagles,Collingwood Magpies,Optus Stadium,WA,VIC,1,6,8,18,8,116,11,7,73,43,1,1
M15365,2010,Round 3,3,2010-07-01,Port Adelaide Power,North Melbourne Kangaroos,Adelaide Oval,SA,VIC,1,7,7,17,4,106,14,4,88,18,1,1
M15366,2010,Round 3,3,2010-07-03,Hawthorn Hawks,Brisbane Lions,MCG,VIC,QLD,1,7,7,13,8,86,14,7,91,-5,0,0
M15367,2010,Round 3,3,2010-07-05,GWS Giants,Melbourne Demons,GIANTS Stadium,NSW,VIC,1,9,7,16,5,101,13,3,81,20,1,1
M15368,2010,Round 3,3,2010-07-07,Western Bulldogs,Gold Coast Suns,Marvel Stadium,VIC,QLD,1,7,9,16,4,100,14,7,91,9,1,1
M15369,2010,Round 3,3,2010-07-09,Collingwood Magpies,St Kilda Saints,MCG,VIC,VIC,0,7,7,15,3,93,15,7,97,-4,0,0
M15370,2010,Round 3,3,2010-07-11,Carlton Blues,Essendon Bombers,Marvel Stadium,VIC,VIC,0,7,7,15,4,94,18,2,110,-16,0,0
M15371,2010,Round 3,3,2010-07-13,Adelaide Crows,Sydney Swans,Adelaide Oval,SA,NSW,1,8,7,15,2,92,14,3,87,5,1,1
M15372,2010,Round 3,3,2010-07-15,Fremantle Dockers,Richmond Tigers,Optus Stadium,WA,VIC,1,6,7,11,6,72,16,3,99,-27,0,0
M15373,2010,Round 3,3,2010-07-17,Geelong Cats,West Coast Eagles,GMHBA Stadium,VIC,WA,1,9,7,16,5,101,13,2,80,21,1,1
M15374,2010,Round 4,4,2010-08-01,GWS Giants,Gold Coast Suns,GIANTS Stadium,NSW,QLD,1,7,7,14,5,89,13,7,85,4,1,1
M15375,2010,Round 4,4,2010-08-03,Essendon Bombers,West Coast Eagles,Marvel Stadium,VIC,WA,1,6,6,16,3,99,12,5,77,22,1,1
M15376,2010,Round 4,4,2010-08-05,Geelong Cats,Collingwood Magpies,GMHBA Stadium,VIC,VIC,0,9,6,17,0,102,13,8,86,16,1,1
M15377,2010,Round 4,4,2010-08-07,Brisbane Lions,Hawthorn Hawks,Gabba,QLD,VIC,1,9,9,15,5,95,14,9,93,2,1,1
M15378,2010,Round 4,4,2010-08-09,Port Adelaide Power,Adelaide Crows,Adelaide Oval,SA,SA,0,7,8,17,4,106,13,2,80,26,1,1
M15379,2010,Round 4,4,2010-08-11,Melbourne Demons,Carlton Blues,MCG,VIC,VIC,0,7,9,16,5,101,13,0,78,23,1,1
M15380,2010,Round 4,4,2010-08-13,Richmond Tigers,Fremantle Dockers,MCG,VIC,WA,1,7,6,14,2,86,14,5,89,-3,0,0
M15381,2010,Round 4,4,2010-08-15,St Kilda Saints,North Melbourne Kangaroos,Marvel Stadium,VIC,VIC,0,8,7,18,3,111,14,3,87,24,1,1
M15382,2010,Round 4,4,2010-08-17,Western Bulldogs,Sydney Swans,Marvel Stadium,VIC,NSW,1,7,6,14,1,85,12,8,80,5,1,1
M15383,2010,Round 5,5,2010-09-01,North Melbourne Kangaroos,Brisbane Lions,Marvel Stadium,VIC,QLD,1,9,7,15,4,94,14,7,91,3,1,1
M15384,2010,Round 5,5,2010-09-03,Carlton Blues,Fremantle Dockers,Marvel Stadium,VIC,WA,1,7,7,14,3,87,14,5,89,-2,0,0
M15385,2010,Round 5,5,2010-09-05,Collingwood Magpies,Geelong Cats,MCG,VIC,VIC,0,9,8,16,1,97,13,7,85,12,1,1
M15386,2010,Round 5,5,2010-09-07,Richmond Tigers,Adelaide Crows,MCG,VIC,SA,1,7,8,16,2,98,15,3,93,5,1,1
M15387,2010,Round 5,5,2010-09-09,GWS Giants,Sydney Swans,GIANTS Stadium,NSW,NSW,0,8,7,11,8,74,14,4,88,-14,0,0
M15388,2010,Round 5,5,2010-09-11,Essendon Bombers,Hawthorn Hawks,Marvel Stadium,VIC,VIC,0,7,8,15,5,95,13,6,84,11,1,1
M15389,2010,Round 5,5,2010-09-13,Port Adelaide Power,Melbourne Demons,Adelaide Oval,SA,VIC,1,7,7,16,9,105,14,2,86,19,1,1
M15390,2010,Round 5,5,2010-09-15,Gold Coast Suns,West Coast Eagles,Heritage Bank Stadium,QLD,WA,1,7,7,14,7,91,11,5,71,20,1,1
M15391,2010,Round 5,5,2010-09-17,St Kilda Saints,Western Bulldogs,Marvel Stadium,VIC,VIC,0,9,8,14,7,91,15,5,95,-4,0,0
M15392,2010,Round 6,6,2010-04-01,Collingwood Magpies,Hawthorn Hawks,MCG,VIC,VIC,0,8,8,19,4,118,14,3,87,31,1,1
M15393,2010,Round 6,6,2010-04-03,St Kilda Saints,GWS Giants,Marvel Stadium,VIC,NSW,1,7,7,14,4,88,14,3,87,1,1,1
M15394,2010,Round 6,6,2010-04-05,West Coast Eagles,Western Bulldogs,Optus Stadium,WA,VIC,1,9,7,16,5,101,16,6,102,-1,0,0
M15395,2010,Round 6,6,2010-04-07,Geelong Cats,Carlton Blues,GMHBA Stadium,VIC,VIC,0,8,7,16,4,100,14,6,90,10,1,1
M15396,2010,Round 6,6,2010-04-09,Melbourne Demons,North Melbourne Kangaroos,MCG,VIC,VIC,0,6,9,16,7,103,12,4,76,27,1,1
M15397,2010,Round 6,6,2010-04-11,Essendon Bombers,Adelaide Crows,Marvel Stadium,VIC,SA,1,7,6,13,9,87,13,4,82,5,1,1
M15398,2010,Round 6,6,2010-04-13,Richmond Tigers,Port Adelaide Power,MCG,VIC,SA,1,6,7,16,5,101,13,4,82,19,1,1
M15399,2010,Round 6,6,2010-04-15,Fremantle Dockers,Sydney Swans,Optus Stadium,WA,NSW,1,6,7,14,6,90,15,6,96,-6,0,0
M15400,2010,Round 6,6,2010-04-17,Gold Coast Suns,Brisbane Lions,Heritage Bank Stadium,QLD,QLD,0,8,9,17,4,106,12,1,73,33,1,1
M15401,2010,Round 7,7,2010-05-01,Sydney Swans,Brisbane Lions,SCG,NSW,QLD,1,8,7,17,3,105,16,5,101,4,1,1
M15402,2010,Round 7,7,2010-05-03,Essendon Bombers,GWS Giants,Marvel Stadium,VIC,NSW,1,7,9,13,4,82,15,9,99,-17,0,0
M15403,2010,Round 7,7,2010-05-05,Collingwood Magpies,Gold Coast Suns,MCG,VIC,QLD,1,7,9,14,4,88,10,6,66,22,1,1
M15404,2010,Round 7,7,2010-05-07,Carlton Blues,Richmond Tigers,Marvel Stadium,VIC,VIC,0,7,7,16,4,100,15,1,91,9,1,1
M15405,2010,Round 7,7,2010-05-09,Port Adelaide Power,North Melbourne Kangaroos,Adelaide Oval,SA,VIC,1,6,6,18,4,112,14,4,88,24,1,1
M15406,2010,Round 7,7,2010-05-11,Western Bulldogs,Fremantle Dockers,Marvel Stadium,VIC,WA,1,7,7,17,1,103,14,8,92,11,1,1
M15407,2010,Round 7,7,2010-05-13,West Coast Eagles,St Kilda Saints,Optus Stadium,WA,VIC,1,6,8,17,3,105,11,7,73,32,1,1
M15408,2010,Round 7,7,2010-05-15,Hawthorn Hawks,Melbourne Demons,MCG,VIC,VIC,0,7,8,13,3,81,15,4,94,-13,0,0
M15409,2010,Round 7,7,2010-05-17,Adelaide Crows,Geelong Cats,Adelaide Oval,SA,VIC,1,7,9,12,5,77,12,8,80,-3,0,0
M15410,2010,Round 8,8,2010-06-01,Port Adelaide Power,Carlton Blues,Adelaide Oval,SA,VIC,1,7,6,17,3,105,15,5,95,10,1,1
M15411,2010,Round 8,8,2010-06-03,North Melbourne Kangaroos,Western Bulldogs,Marvel Stadium,VIC,VIC,0,8,7,16,5,101,15,2,92,9,1,1
M15412,2010,Round 8,8,2010-06-05,Hawthorn Hawks,Richmond Tigers,MCG,VIC,VIC,0,7,7,14,4,88,13,3,81,7,1,1
M15413,2010,Round 8,8,2010-06-07,Adelaide Crows,Fremantle Dockers,Adelaide Oval,SA,WA,1,8,6,14,7,91,11,6,72,19,1,1
M15414,2010,Round 8,8,2010-06-09,Collingwood Magpies,GWS Giants,MCG,VIC,NSW,1,8,6,17,2,104,12,5,77,27,1,1
M15415,2010,Round 8,8,2010-06-11,Gold Coast Suns,Melbourne Demons,Heritage Bank Stadium,QLD,VIC,1,7,8,14,3,87,14,6,90,-3,0,0
M15416,2010,Round 8,8,2010-06-13,St Kilda Saints,West Coast Eagles,Marvel Stadium,VIC,WA,1,7,9,15,5,95,14,7,91,4,1,1
M15417,2010,Round 8,8,2010-06-15,Essendon Bombers,Geelong Cats,Marvel Stadium,VIC,VIC,0,6,8,14,0,84,13,3,81,3,1,1
M15418,2010,Round 8,8,2010-06-17,Sydney Swans,Brisbane Lions,SCG,NSW,QLD,1,8,7,17,5,107,18,3,111,-4,0,0
M15419,2010,Round 9,9,2010-07-01,West Coast Eagles,GWS Giants,Optus Stadium,WA,NSW,1,6,9,19,6,120,14,1,85,35,1,1
M15420,2010,Round 9,9,2010-07-03,Adelaide Crows,North Melbourne Kangaroos,Adelaide Oval,SA,VIC,1,7,8,17,6,108,12,5,77,31,1,1
M15421,2010,Round 9,9,2010-07-05,Gold Coast Suns,St Kilda Saints,Heritage Bank Stadium,QLD,VIC,1,8,7,14,7,91,14,7,91,0,0,0
M15422,2010,Round 9,9,2010-07-07,Brisbane Lions,Essendon Bombers,Gabba,QLD,VIC,1,8,7,16,0,96,12,5,77,19,1,1
M15423,2010,Round 9,9,2010-07-09,Geelong Cats,Richmond Tigers,GMHBA Stadium,VIC,VIC,0,7,9,14,2,86,15,4,94,-8,0,0
M15424,2010,Round 9,9,2010-07-11,Carlton Blues,Melbourne Demons,Marvel Stadium,VIC,VIC,0,7,7,14,1,85,15,3,93,-8,0,0
M15425,2010,Round 9,9,2010-07-13,Fremantle Dockers,Western Bulldogs,Optus Stadium,WA,VIC,1,7,7,13,5,83,11,2,68,15,1,1
M15426,2010,Round 9,9,2010-07-15,Sydney Swans,Hawthorn Hawks,SCG,NSW,VIC,1,6,7,14,6,90,14,0,84,6,1,1
M15427,2010,Round 9,9,2010-07-17,Port Adelaide Power,Collingwood Magpies,Adelaide Oval,SA,VIC,1,7,9,17,5,107,12,3,75,32,1,1
M15428,2010,Round 10,10,2010-08-01,West Coast Eagles,Gold Coast Suns,Optus Stadium,WA,QLD,1,7,7,16,5,101,13,9,87,14,1,1
M15429,2010,Round 10,10,2010-08-03,Carlton Blues,GWS Giants,Marvel Stadium,VIC,NSW,1,6,7,13,6,84,10,1,61,23,1,1
M15430,2010,Round 10,10,2010-08-05,Sydney Swans,St Kilda Saints,SCG,NSW,VIC,1,6,6,13,5,83,12,6,78,5,1,1
M15431,2010,Round 10,10,2010-08-07,Richmond Tigers,Adelaide Crows,MCG,VIC,SA,1,7,7,16,2,98,15,3,93,5,1,1
M15432,2010,Round 10,10,2010-08-09,Essendon Bombers,Port Adelaide Power,Marvel Stadium,VIC,SA,1,9,9,13,7,85,16,6,102,-17,0,0
M15433,2010,Round 10,10,2010-08-11,Geelong Cats,Melbourne Demons,GMHBA Stadium,VIC,VIC,0,9,7,14,4,88,14,2,86,2,1,1
M15434,2010,Round 10,10,2010-08-13,North Melbourne Kangaroos,Western Bulldogs,Marvel Stadium,VIC,VIC,0,9,9,14,5,89,17,5,107,-18,0,0
M15435,2010,Round 10,10,2010-08-15,Brisbane Lions,Hawthorn Hawks,Gabba,QLD,VIC,1,7,6,14,8,92,10,5,65,27,1,1
M15436,2010,Round 10,10,2010-08-17,Fremantle Dockers,Collingwood Magpies,Optus Stadium,WA,VIC,1,8,9,19,1,115,15,1,91,24,1,1
M15437,2010,Round 11,11,2010-09-01,Carlton Blues,Brisbane Lions,Marvel Stadium,VIC,QLD,1,8,7,16,2,98,13,4,82,16,1,1
M15438,2010,Round 11,11,2010-09-03,Hawthorn Hawks,Melbourne Demons,MCG,VIC,VIC,0,6,8,18,6,114,15,4,94,20,1,1
M15439,2010,Round 11,11,2010-09-05,Collingwood Magpies,Gold Coast Suns,MCG,VIC,QLD,1,6,7,15,6,96,16,3,99,-3,0,0
M15440,2010,Round 11,11,2010-09-07,Geelong Cats,North Melbourne Kangaroos,GMHBA Stadium,VIC,VIC,0,9,7,16,5,101,14,6,90,11,1,1
M15441,2010,Round 11,11,2010-09-09,West Coast Eagles,Port Adelaide Power,Optus Stadium,WA,SA,1,7,6,15,8,98,15,4,94,4,1,1
M15442,2010,Round 11,11,2010-09-11,Fremantle Dockers,St Kilda Saints,Optus Stadium,WA,VIC,1,7,7,12,5,77,13,3,81,-4,0,0
M15443,2010,Round 11,11,2010-09-13,Richmond Tigers,Adelaide Crows,MCG,VIC,SA,1,6,9,16,2,98,15,3,93,5,1,1
M15444,2010,Round 11,11,2010-09-15,Western Bulldogs,GWS Giants,Marvel Stadium,VIC,NSW,1,8,7,16,4,100,15,6,96,4,1,1
M15445,2010,Round 11,11,2010-09-17,Essendon Bombers,Sydney Swans,Marvel Stadium,VIC,NSW,1,7,7,16,9,105,13,3,81,24,1,1
M15446,2010,Round 12,12,2010-04-01,Western Bulldogs,North Melbourne Kangaroos,Marvel Stadium,VIC,VIC,0,7,8,14,1,85,15,6,96,-11,0,0
M15447,2010,Round 12,12,2010-04-03,Brisbane Lions,Gold Coast Suns,Gabba,QLD,QLD,0,8,6,16,4,100,14,4,88,12,1,1
M15448,2010,Round 12,12,2010-04-05,Collingwood Magpies,West Coast Eagles,MCG,VIC,WA,1,6,6,15,4,94,15,6,96,-2,0,0
M15449,2010,Round 12,12,2010-04-07,Adelaide Crows,Hawthorn Hawks,Adelaide Oval,SA,VIC,1,7,7,15,0,90,14,6,90,0,0,0
M15450,2010,Round 12,12,2010-04-09,Melbourne Demons,Geelong Cats,MCG,VIC,VIC,0,7,7,14,1,85,12,9,81,4,1,1
M15451,2010,Round 12,12,2010-04-11,Fremantle Dockers,Richmond Tigers,Optus Stadium,WA,VIC,1,8,7,16,8,104,13,2,80,24,1,1
M15452,2010,Round 12,12,2010-04-13,St Kilda Saints,Carlton Blues,Marvel Stadium,VIC,VIC,0,7,7,17,4,106,15,3,93,13,1,1
M15453,2010,Round 12,12,2010-04-15,Port Adelaide Power,GWS Giants,Adelaide Oval,SA,NSW,1,9,8,15,5,95,11,3,69,26,1,1
M15454,2010,Round 12,12,2010-04-17,Essendon Bombers,Sydney Swans,Marvel Stadium,VIC,NSW,1,8,7,16,4,100,13,4,82,18,1,1
M15455,2010,Round 13,13,2010-05-01,Richmond Tigers,Fremantle Dockers,MCG,VIC,WA,1,7,8,14,2,86,15,4,94,-8,0,0
M15456,2010,Round 13,13,2010-05-03,GWS Giants,St Kilda Saints,GIANTS Stadium,NSW,VIC,1,9,6,15,4,94,13,5,83,11,1,1
M15457,2010,Round 13,13,2010-05-05,Sydney Swans,Hawthorn Hawks,SCG,NSW,VIC,1,7,7,15,1,91,16,1,97,-6,0,0
M15458,2010,Round 13,13,2010-05-07,Melbourne Demons,North Melbourne Kangaroos,MCG,VIC,VIC,0,6,6,14,7,91,16,3,99,-8,0,0
M15459,2010,Round 13,13,2010-05-09,West Coast Eagles,Gold Coast Suns,Optus Stadium,WA,QLD,1,7,8,16,3,99,12,3,75,24,1,1
M15460,2010,Round 13,13,2010-05-11,Western Bulldogs,Collingwood Magpies,Marvel Stadium,VIC,VIC,0,8,6,18,5,113,13,8,86,27,1,1
M15461,2010,Round 13,13,2010-05-13,Geelong Cats,Essendon Bombers,GMHBA Stadium,VIC,VIC,0,7,7,15,3,93,14,7,91,2,1,1
M15462,2010,Round 13,13,2010-05-15,Port Adelaide Power,Adelaide Crows,Adelaide Oval,SA,SA,0,7,6,15,4,94,13,5,83,11,1,1
M15463,2010,Round 13,13,2010-05-17,Brisbane Lions,Carlton Blues,Gabba,QLD,VIC,1,9,8,17,5,107,16,5,101,6,1,1
M15464,2010,Round 14,14,2010-06-01,Brisbane Lions,Melbourne Demons,Gabba,QLD,VIC,1,8,7,15,7,97,12,4,76,21,1,1
M15465,2010,Round 14,14,2010-06-03,Richmond Tigers,Collingwood Magpies,MCG,VIC,VIC,0,7,7,16,4,100,15,9,99,1,1,1
M15466,2010,Round 14,14,2010-06-05,Geelong Cats,Gold Coast Suns,GMHBA Stadium,VIC,QLD,1,7,7,14,6,90,15,4,94,-4,0,0
M15467,2010,Round 14,14,2010-06-07,Sydney Swans,Port Adelaide Power,SCG,NSW,SA,1,9,6,15,6,96,15,3,93,3,1,1
M15468,2010,Round 14,14,2010-06-09,Western Bulldogs,Adelaide Crows,Marvel Stadium,VIC,SA,1,7,7,16,3,99,13,5,83,16,1,1
M15469,2010,Round 14,14,2010-06-11,Hawthorn Hawks,Essendon Bombers,MCG,VIC,VIC,0,8,9,17,7,109,13,8,86,23,1,1
M15470,2010,Round 14,14,2010-06-13,West Coast Eagles,Fremantle Dockers,Optus Stadium,WA,WA,0,6,6,13,6,84,17,8,110,-26,0,0
M15471,2010,Round 14,14,2010-06-15,St Kilda Saints,GWS Giants,Marvel Stadium,VIC,NSW,1,9,7,16,1,97,15,8,98,-1,0,0
M15472,2010,Round 14,14,2010-06-17,North Melbourne Kangaroos,Carlton Blues,Marvel Stadium,VIC,VIC,0,7,7,15,1,91,12,7,79,12,1,1
M15473,2010,Round 15,15,2010-07-01,West Coast Eagles,Collingwood Magpies,Optus Stadium,WA,VIC,1,7,7,17,3,105,12,2,74,31,1,1
M15474,2010,Round 15,15,2010-07-03,Adelaide Crows,Melbourne Demons,Adelaide Oval,SA,VIC,1,7,6,12,8,80,13,6,84,-4,0,0
M15475,2010,Round 15,15,2010-07-05,GWS Giants,Richmond Tigers,GIANTS Stadium,NSW,VIC,1,7,9,15,6,96,13,7,85,11,1,1
M15476,2010,Round 15,15,2010-07-07,Gold Coast Suns,Brisbane Lions,Heritage Bank Stadium,QLD,QLD,0,6,7,15,5,95,14,6,90,5,1,1
M15477,2010,Round 15,15,2010-07-09,Carlton Blues,Essendon Bombers,Marvel Stadium,VIC,VIC,0,6,6,16,4,100,13,4,82,18,1,1
M15478,2010,Round 15,15,2010-07-11,Sydney Swans,Hawthorn Hawks,SCG,NSW,VIC,1,7,7,15,9,99,13,3,81,18,1,1
M15479,2010,Round 15,15,2010-07-13,Geelong Cats,St Kilda Saints,GMHBA Stadium,VIC,VIC,0,6,7,18,4,112,13,3,81,31,1,1
M15480,2010,Round 15,15,2010-07-15,North Melbourne Kangaroos,Port Adelaide Power,Marvel Stadium,VIC,SA,1,9,9,13,9,87,12,2,74,13,1,1
M15481,2010,Round 15,15,2010-07-17,Western Bulldogs,Fremantle Dockers,Marvel Stadium,VIC,WA,1,9,6,15,7,97,13,7,85,12,1,1
M15482,2010,Round 16,16,2010-08-01,Essendon Bombers,Adelaide Crows,Marvel Stadium,VIC,SA,1,7,7,12,5,77,15,5,95,-18,0,0
M15483,2010,Round 16,16,2010-08-03,Melbourne Demons,Western Bulldogs,MCG,VIC,VIC,0,6,7,14,7,91,13,4,82,9,1,1
M15484,2010,Round 16,16,2010-08-05,Sydney Swans,West Coast Eagles,SCG,NSW,WA,1,6,9,16,2,98,13,1,79,19,1,1
M15485,2010,Round 16,16,2010-08-07,North Melbourne Kangaroos,GWS Giants,Marvel Stadium,VIC,NSW,1,7,6,15,9,99,15,3,93,6,1,1
M15486,2010,Round 16,16,2010-08-09,Geelong Cats,St Kilda Saints,GMHBA Stadium,VIC,VIC,0,7,8,16,3,99,14,4,88,11,1,1
M15487,2010,Round 16,16,2010-08-11,Gold Coast Suns,Brisbane Lions,Heritage Bank Stadium,QLD,QLD,0,7,6,15,8,98,13,6,84,14,1,1
M15488,2010,Round 16,16,2010-08-13,Hawthorn Hawks,Richmond Tigers,MCG,VIC,VIC,0,8,7,15,5,95,15,3,93,2,1,1
M15489,2010,Round 16,16,2010-08-15,Collingwood Magpies,Carlton Blues,MCG,VIC,VIC,0,7,9,12,8,80,12,4,76,4,1,1
M15490,2010,Round 16,16,2010-08-17,Port Adelaide Power,Fremantle Dockers,Adelaide Oval,SA,WA,1,7,7,17,6,108,13,5,83,25,1,1
M15491,2010,Round 17,17,2010-09-01,Essendon Bombers,GWS Giants,Marvel Stadium,VIC,NSW,1,9,7,15,1,91,13,4,82,9,1,1
M15492,2010,Round 17,17,2010-09-03,Fremantle Dockers,Hawthorn Hawks,Optus Stadium,WA,VIC,1,8,7,12,1,73,13,3,81,-8,0,0
M15493,2010,Round 17,17,2010-09-05,Adelaide Crows,Melbourne Demons,Adelaide Oval,SA,VIC,1,8,7,13,6,84,14,6,90,-6,0,0
M15494,2010,Round 17,17,2010-09-07,Brisbane Lions,North Melbourne Kangaroos,Gabba,QLD,VIC,1,7,7,15,4,94,14,3,87,7,1,1
M15495,2010,Round 17,17,2010-09-09,West Coast Eagles,Gold Coast Suns,Optus Stadium,WA,QLD,1,7,7,14,2,86,12,6,78,8,1,1
M15496,2010,Round 17,17,2010-09-11,Western Bulldogs,Geelong Cats,Marvel Stadium,VIC,VIC,0,9,9,17,0,102,12,5,77,25,1,1
M15497,2010,Round 17,17,2010-09-13,Collingwood Magpies,Sydney Swans,MCG,VIC,NSW,1,7,7,17,6,108,14,0,84,24,1,1
M15498,2010,Round 17,17,2010-09-15,Carlton Blues,Richmond Tigers,Marvel Stadium,VIC,VIC,0,7,7,15,8,98,13,6,84,14,1,1
M15499,2010,Round 17,17,2010-09-17,Port Adelaide Power,St Kilda Saints,Adelaide Oval,SA,VIC,1,7,7,15,3,93,13,7,85,8,1,1
M15500,2010,Round 18,18,2010-04-01,GWS Giants,Melbourne Demons,GIANTS Stadium,NSW,VIC,1,8,7,15,3,93,15,6,96,-3,0,0
M15501,2010,Round 18,18,2010-04-03,West Coast Eagles,St Kilda Saints,Optus Stadium,WA,VIC,1,6,8,16,2,98,10,6,66,32,1,1
M15502,2010,Round 18,18,2010-04-05,Gold Coast Suns,Richmond Tigers,Heritage Bank Stadium,QLD,VIC,1,7,7,17,4,106,14,3,87,19,1,1
M15503,2010,Round 18,18,2010-04-07,Carlton Blues,North Melbourne Kangaroos,Marvel Stadium,VIC,VIC,0,7,9,15,2,92,15,5,95,-3,0,0
M15504,2010,Round 18,18,2010-04-09,Geelong Cats,Western Bulldogs,GMHBA Stadium,VIC,VIC,0,7,6,17,2,104,15,4,94,10,1,1
M15505,2010,Round 18,18,2010-04-11,Port Adelaide Power,Essendon Bombers,Adelaide Oval,SA,VIC,1,7,7,16,1,97,15,4,94,3,1,1
M15506,2010,Round 18,18,2010-04-13,Hawthorn Hawks,Brisbane Lions,MCG,VIC,QLD,1,6,9,14,2,86,13,2,80,6,1,1
M15507,2010,Round 18,18,2010-04-15,Collingwood Magpies,Adelaide Crows,MCG,VIC,SA,1,7,8,16,4,100,17,1,103,-3,0,0
M15508,2010,Round 18,18,2010-04-17,Fremantle Dockers,Sydney Swans,Optus Stadium,WA,NSW,1,9,8,14,4,88,15,7,97,-9,0,0
M15509,2010,Round 19,19,2010-05-01,Gold Coast Suns,Brisbane Lions,Heritage Bank Stadium,QLD,QLD,0,7,8,16,8,104,16,2,98,6,1,1
M15510,2010,Round 19,19,2010-05-03,Carlton Blues,Collingwood Magpies,Marvel Stadium,VIC,VIC,0,6,7,16,7,103,12,3,75,28,1,1
M15511,2010,Round 19,19,2010-05-05,Sydney Swans,Fremantle Dockers,SCG,NSW,WA,1,9,9,13,5,83,15,5,95,-12,0,0
M15512,2010,Round 19,19,2010-05-07,Western Bulldogs,West Coast Eagles,Marvel Stadium,VIC,WA,1,6,8,17,4,106,15,6,96,10,1,1
M15513,2010,Round 19,19,2010-05-09,Richmond Tigers,GWS Giants,MCG,VIC,NSW,1,9,7,13,0,78,16,3,99,-21,0,0
M15514,2010,Round 19,19,2010-05-11,Adelaide Crows,Hawthorn Hawks,Adelaide Oval,SA,VIC,1,6,8,16,5,101,14,5,89,12,1,1
M15515,2010,Round 19,19,2010-05-13,Port Adelaide Power,Melbourne Demons,Adelaide Oval,SA,VIC,1,9,8,16,8,104,13,6,84,20,1,1
M15516,2010,Round 19,19,2010-05-15,North Melbourne Kangaroos,Geelong Cats,Marvel Stadium,VIC,VIC,0,7,7,17,5,107,14,1,85,22,1,1
M15517,2010,Round 19,19,2010-05-17,Essendon Bombers,St Kilda Saints,Marvel Stadium,VIC,VIC,0,8,8,17,5,107,16,1,97,10,1,1
M15518,2010,Round 20,20,2010-06-01,North Melbourne Kangaroos,Hawthorn Hawks,Marvel Stadium,VIC,VIC,0,8,7,17,4,106,13,4,82,24,1,1
M15519,2010,Round 20,20,2010-06-03,Melbourne Demons,West Coast Eagles,MCG,VIC,WA,1,7,7,13,4,82,15,2,92,-10,0,0
M15520,2010,Round 20,20,2010-06-05,Essendon Bombers,Brisbane Lions,Marvel Stadium,VIC,QLD,1,9,7,15,6,96,12,1,73,23,1,1
M15521,2010,Round 20,20,2010-06-07,St Kilda Saints,Port Adelaide Power,Marvel Stadium,VIC,SA,1,9,9,16,5,101,16,0,96,5,1,1
M15522,2010,Round 20,20,2010-06-09,Fremantle Dockers,Adelaide Crows,Optus Stadium,WA,SA,1,6,8,11,5,71,13,6,84,-13,0,0
M15523,2010,Round 20,20,2010-06-11,Geelong Cats,Gold Coast Suns,GMHBA Stadium,VIC,QLD,1,7,7,16,7,103,13,7,85,18,1,1
M15524,2010,Round 20,20,2010-06-13,Western Bulldogs,Richmond Tigers,Marvel Stadium,VIC,VIC,0,8,6,12,3,75,15,7,97,-22,0,0
M15525,2010,Round 20,20,2010-06-15,GWS Giants,Carlton Blues,GIANTS Stadium,NSW,VIC,1,6,7,16,2,98,12,6,78,20,1,1
M15526,2010,Round 20,20,2010-06-17,Collingwood Magpies,Sydney Swans,MCG,VIC,NSW,1,8,6,13,5,83,16,4,100,-17,0,0
M15527,2010,Round 21,21,2010-07-01,Hawthorn Hawks,Adelaide Crows,MCG,VIC,SA,1,7,9,14,5,89,15,2,92,-3,0,0
M15528,2010,Round 21,21,2010-07-03,Fremantle Dockers,Carlton Blues,Optus Stadium,WA,VIC,1,8,8,18,2,110,16,5,101,9,1,1
M15529,2010,Round 21,21,2010-07-05,North Melbourne Kangaroos,Richmond Tigers,Marvel Stadium,VIC,VIC,0,8,7,13,5,83,14,3,87,-4,0,0
M15530,2010,Round 21,21,2010-07-07,Western Bulldogs,Sydney Swans,Marvel Stadium,VIC,NSW,1,7,7,18,3,111,15,6,96,15,1,1
M15531,2010,Round 21,21,2010-07-09,Geelong Cats,GWS Giants,GMHBA Stadium,VIC,NSW,1,7,6,14,8,92,14,1,85,7,1,1
M15532,2010,Round 21,21,2010-07-11,Melbourne Demons,West Coast Eagles,MCG,VIC,WA,1,6,8,18,2,110,13,7,85,25,1,1
M15533,2010,Round 21,21,2010-07-13,Collingwood Magpies,St Kilda Saints,MCG,VIC,VIC,0,9,7,13,8,86,12,7,79,7,1,1
M15534,2010,Round 21,21,2010-07-15,Gold Coast Suns,Port Adelaide Power,Heritage Bank Stadium,QLD,SA,1,6,7,14,3,87,15,3,93,-6,0,0
M15535,2010,Round 21,21,2010-07-17,Brisbane Lions,Essendon Bombers,Gabba,QLD,VIC,1,6,7,14,4,88,12,4,76,12,1,1
M15536,2010,Round 22,22,2010-08-01,Sydney Swans,Melbourne Demons,SCG,NSW,VIC,1,7,6,17,3,105,12,6,78,27,1,1
M15537,2010,Round 22,22,2010-08-03,St Kilda Saints,Essendon Bombers,Marvel Stadium,VIC,VIC,0,7,7,15,5,95,16,4,100,-5,0,0
M15538,2010,Round 22,22,2010-08-05,Gold Coast Suns,Port Adelaide Power,Heritage Bank Stadium,QLD,SA,1,7,6,16,5,101,12,1,73,28,1,1
M15539,2010,Round 22,22,2010-08-07,West Coast Eagles,Fremantle Dockers,Optus Stadium,WA,WA,0,7,9,14,2,86,9,4,58,28,1,1
M15540,2010,Round 22,22,2010-08-09,North Melbourne Kangaroos,Hawthorn Hawks,Marvel Stadium,VIC,VIC,0,8,7,14,3,87,14,4,88,-1,0,0
M15541,2010,Round 22,22,2010-08-11,Collingwood Magpies,Western Bulldogs,MCG,VIC,VIC,0,9,7,15,2,92,14,1,85,7,1,1
M15542,2010,Round 22,22,2010-08-13,Richmond Tigers,Geelong Cats,MCG,VIC,VIC,0,7,8,15,3,93,16,5,101,-8,0,0
M15543,2010,Round 22,22,2010-08-15,Brisbane Lions,Adelaide Crows,Gabba,QLD,SA,1,7,7,16,4,100,14,7,91,9,1,1
M15544,2010,Round 22,22,2010-08-17,GWS Giants,Carlton Blues,GIANTS Stadium,NSW,VIC,1,6,7,15,6,96,14,2,86,10,1,1
M15545,2011,Round 1,1,2011-05-01,West Coast Eagles,Carlton Blues,Optus Stadium,WA,VIC,1,7,7,14,7,91,15,3,93,-2,0,0
M15546,2011,Round 1,1,2011-05-03,Melbourne Demons,North Melbourne Kangaroos,MCG,VIC,VIC,0,6,9,13,3,81,15,5,95,-14,0,0
M15547,2011,Round 1,1,2011-05-05,Collingwood Magpies,Richmond Tigers,MCG,VIC,VIC,0,7,7,16,6,102,12,4,76,26,1,1
M15548,2011,Round 1,1,2011-05-07,Essendon Bombers,St Kilda Saints,Marvel Stadium,VIC,VIC,0,9,9,15,3,93,12,6,78,15,1,1
M15549,2011,Round 1,1,2011-05-09,Sydney Swans,Fremantle Dockers,SCG,NSW,WA,1,8,9,18,4,112,13,6,84,28,1,1
M15550,2011,Round 1,1,2011-05-11,Hawthorn Hawks,Adelaide Crows,MCG,VIC,SA,1,7,7,17,6,108,14,4,88,20,1,1
M15551,2011,Round 1,1,2011-05-13,Port Adelaide Power,GWS Giants,Adelaide Oval,SA,NSW,1,8,7,16,4,100,12,8,80,20,1,1
M15552,2011,Round 1,1,2011-05-15,Western Bulldogs,Brisbane Lions,Marvel Stadium,VIC,QLD,1,9,7,15,1,91,16,2,98,-7,0,0
M15553,2011,Round 1,1,2011-05-17,Gold Coast Suns,Geelong Cats,Heritage Bank Stadium,QLD,VIC,1,9,6,14,6,90,13,3,81,9,1,1
M15554,2011,Round 2,2,2011-06-01,Geelong Cats,West Coast Eagles,GMHBA Stadium,VIC,WA,1,7,6,17,3,105,14,9,93,12,1,1
M15555,2011,Round 2,2,2011-06-03,Brisbane Lions,Richmond Tigers,Gabba,QLD,VIC,1,6,7,19,3,117,12,6,78,39,1,1
M15556,2011,Round 2,2,2011-06-05,Essendon Bombers,Carlton Blues,Marvel Stadium,VIC,VIC,0,6,8,16,6,102,12,4,76,26,1,1
M15557,2011,Round 2,2,2011-06-07,St Kilda Saints,North Melbourne Kangaroos,Marvel Stadium,VIC,VIC,0,8,9,12,8,80,14,9,93,-13,0,0
M15558,2011,Round 2,2,2011-06-09,Adelaide Crows,Gold Coast Suns,Adelaide Oval,SA,QLD,1,6,7,14,7,91,12,1,73,18,1,1
M15559,2011,Round 2,2,2011-06-11,Fremantle Dockers,Sydney Swans,Optus Stadium,WA,NSW,1,6,9,17,1,103,12,3,75,28,1,1
M15560,2011,Round 2,2,2011-06-13,Port Adelaide Power,Collingwood Magpies,Adelaide Oval,SA,VIC,1,9,7,16,7,103,12,9,81,22,1,1
M15561,2011,Round 2,2,2011-06-15,Western Bulldogs,Hawthorn Hawks,Marvel Stadium,VIC,VIC,0,7,9,17,9,111,11,5,71,40,1,1
M15562,2011,Round 2,2,2011-06-17,Melbourne Demons,GWS Giants,MCG,VIC,NSW,1,9,7,16,3,99,13,4,82,17,1,1
M15563,2011,Round 3,3,2011-07-01,Richmond Tigers,Port Adelaide Power,MCG,VIC,SA,1,7,6,16,6,102,13,4,82,20,1,1
M15564,2011,Round 3,3,2011-07-03,Sydney Swans,Fremantle Dockers,SCG,NSW,WA,1,7,6,15,5,95,13,1,79,16,1,1
M15565,2011,Round 3,3,2011-07-05,Western Bulldogs,Brisbane Lions,Marvel Stadium,VIC,QLD,1,7,9,17,2,104,13,2,80,24,1,1
M15566,2011,Round 3,3,2011-07-07,Gold Coast Suns,Melbourne Demons,Heritage Bank Stadium,QLD,VIC,1,7,9,14,5,89,15,3,93,-4,0,0
M15567,2011,Round 3,3,2011-07-09,Geelong Cats,Adelaide Crows,GMHBA Stadium,VIC,SA,1,9,7,14,8,92,13,2,80,12,1,1
M15568,2011,Round 3,3,2011-07-11,Hawthorn Hawks,Collingwood Magpies,MCG,VIC,VIC,0,9,9,16,5,101,14,4,88,13,1,1
M15569,2011,Round 3,3,2011-07-13,St Kilda Saints,GWS Giants,Marvel Stadium,VIC,NSW,1,7,9,13,6,84,13,5,83,1,1,1
M15570,2011,Round 3,3,2011-07-15,North Melbourne Kangaroos,Carlton Blues,Marvel Stadium,VIC,VIC,0,9,7,16,4,100,13,6,84,16,1,1
M15571,2011,Round 3,3,2011-07-17,West Coast Eagles,Essendon Bombers,Optus Stadium,WA,VIC,1,6,7,19,3,117,13,4,82,35,1,1
M15572,2011,Round 4,4,2011-08-01,St Kilda Saints,Fremantle Dockers,Marvel Stadium,VIC,WA,1,8,7,17,7,109,15,2,92,17,1,1
M15573,2011,Round 4,4,2011-08-03,Melbourne Demons,GWS Giants,MCG,VIC,NSW,1,8,9,15,7,97,11,6,72,25,1,1
M15574,2011,Round 4,4,2011-08-05,Collingwood Magpies,Adelaide Crows,MCG,VIC,SA,1,9,7,14,5,89,14,3,87,2,1,1
M15575,2011,Round 4,4,2011-08-07,Richmond Tigers,Sydney Swans,MCG,VIC,NSW,1,8,9,15,2,92,15,4,94,-2,0,0
M15576,2011,Round 4,4,2011-08-09,Hawthorn Hawks,Geelong Cats,MCG,VIC,VIC,0,6,6,17,0,102,14,5,89,13,1,1
M15577,2011,Round 4,4,2011-08-11,Port Adelaide Power,West Coast Eagles,Adelaide Oval,SA,WA,1,7,6,14,1,85,14,6,90,-5,0,0
M15578,2011,Round 4,4,2011-08-13,Carlton Blues,Brisbane Lions,Marvel Stadium,VIC,QLD,1,7,7,14,6,90,12,4,76,14,1,1
M15579,2011,Round 4,4,2011-08-15,Essendon Bombers,North Melbourne Kangaroos,Marvel Stadium,VIC,VIC,0,6,7,17,4,106,15,4,94,12,1,1
M15580,2011,Round 4,4,2011-08-17,Western Bulldogs,Gold Coast Suns,Marvel Stadium,VIC,QLD,1,8,7,17,3,105,13,3,81,24,1,1
M15581,2011,Round 5,5,2011-09-01,Carlton Blues,Geelong Cats,Marvel Stadium,VIC,VIC,0,8,7,17,3,105,12,8,80,25,1,1
M15582,2011,Round 5,5,2011-09-03,Adelaide Crows,Sydney Swans,Adelaide Oval,SA,NSW,1,7,7,16,6,102,14,8,92,10,1,1
M15583,2011,Round 5,5,2011-09-05,St Kilda Saints,Fremantle Dockers,Marvel Stadium,VIC,WA,1,8,7,14,7,91,15,8,98,-7,0,0
M15584,2011,Round 5,5,2011-09-07,Melbourne Demons,Richmond Tigers,MCG,VIC,VIC,0,7,7,14,3,87,13,6,84,3,1,1
M15585,2011,Round 5,5,2011-09-09,Collingwood Magpies,North Melbourne Kangaroos,MCG,VIC,VIC,0,7,7,15,4,94,11,7,73,21,1,1
M15586,2011,Round 5,5,2011-09-11,Hawthorn Hawks,Brisbane Lions,MCG,VIC,QLD,1,7,7,13,2,80,14,7,91,-11,0,0
M15587,2011,Round 5,5,2011-09-13,GWS Giants,Essendon Bombers,GIANTS Stadium,NSW,VIC,1,7,8,15,4,94,13,7,85,9,1,1
M15588,2011,Round 5,5,2011-09-15,West Coast Eagles,Port Adelaide Power,Optus Stadium,WA,SA,1,7,9,14,6,90,11,4,70,20,1,1
M15589,2011,Round 5,5,2011-09-17,Western Bulldogs,Gold Coast Suns,Marvel Stadium,VIC,QLD,1,7,8,17,4,106,12,3,75,31,1,1
M15590,2011,Round 6,6,2011-04-01,Western Bulldogs,Brisbane Lions,Marvel Stadium,VIC,QLD,1,7,7,13,1,79,13,9,87,-8,0,0
M15591,2011,Round 6,6,2011-04-03,Essendon Bombers,GWS Giants,Marvel Stadium,VIC,NSW,1,9,9,16,5,101,14,2,86,15,1,1
M15592,2011,Round 6,6,2011-04-05,Hawthorn Hawks,St Kilda Saints,MCG,VIC,VIC,0,9,7,16,4,100,12,9,81,19,1,1
M15593,2011,Round 6,6,2011-04-07,North Melbourne Kangaroos,Geelong Cats,Marvel Stadium,VIC,VIC,0,8,7,15,1,91,12,3,75,16,1,1
M15594,2011,Round 6,6,2011-04-09,Port Adelaide Power,Collingwood Magpies,Adelaide Oval,SA,VIC,1,8,7,13,4,82,13,6,84,-2,0,0
M15595,2011,Round 6,6,2011-04-11,Adelaide Crows,Gold Coast Suns,Adelaide Oval,SA,QLD,1,9,8,13,8,86,12,0,72,14,1,1
M15596,2011,Round 6,6,2011-04-13,Sydney Swans,Richmond Tigers,SCG,NSW,VIC,1,6,7,14,1,85,12,4,76,9,1,1
M15597,2011,Round 6,6,2011-04-15,Fremantle Dockers,Melbourne Demons,Optus Stadium,WA,VIC,1,7,7,16,5,101,14,6,90,11,1,1
M15598,2011,Round 6,6,2011-04-17,West Coast Eagles,Carlton Blues,Optus Stadium,WA,VIC,1,6,7,16,2,98,13,5,83,15,1,1
M15599,2011,Round 7,7,2011-05-01,Sydney Swans,Brisbane Lions,SCG,NSW,QLD,1,6,9,15,6,96,13,6,84,12,1,1
M15600,2011,Round 7,7,2011-05-03,West Coast Eagles,GWS Giants,Optus Stadium,WA,NSW,1,7,9,17,3,105,13,3,81,24,1,1
M15601,2011,Round 7,7,2011-05-05,Port Adelaide Power,Richmond Tigers,Adelaide Oval,SA,VIC,1,7,7,16,3,99,14,3,87,12,1,1
M15602,2011,Round 7,7,2011-05-07,Western Bulldogs,Hawthorn Hawks,Marvel Stadium,VIC,VIC,0,9,6,14,2,86,12,6,78,8,1,1
M15603,2011,Round 7,7,2011-05-09,Fremantle Dockers,Collingwood Magpies,Optus Stadium,WA,VIC,1,9,7,16,7,103,16,6,102,1,1,1
M15604,2011,Round 7,7,2011-05-11,Geelong Cats,Melbourne Demons,GMHBA Stadium,VIC,VIC,0,7,9,17,4,106,15,4,94,12,1,1
M15605,2011,Round 7,7,2011-05-13,Carlton Blues,Gold Coast Suns,Marvel Stadium,VIC,QLD,1,9,7,18,3,111,13,7,85,26,1,1
M15606,2011,Round 7,7,2011-05-15,Essendon Bombers,North Melbourne Kangaroos,Marvel Stadium,VIC,VIC,0,7,7,16,5,101,15,4,94,7,1,1
M15607,2011,Round 7,7,2011-05-17,St Kilda Saints,Adelaide Crows,Marvel Stadium,VIC,SA,1,7,8,16,4,100,16,5,101,-1,0,0
M15608,2011,Round 8,8,2011-06-01,Carlton Blues,Hawthorn Hawks,Marvel Stadium,VIC,VIC,0,7,9,15,8,98,15,7,97,1,1,1
M15609,2011,Round 8,8,2011-06-03,Melbourne Demons,Sydney Swans,MCG,VIC,NSW,1,7,7,16,1,97,12,4,76,21,1,1
M15610,2011,Round 8,8,2011-06-05,Gold Coast Suns,Richmond Tigers,Heritage Bank Stadium,QLD,VIC,1,7,9,16,6,102,12,3,75,27,1,1
M15611,2011,Round 8,8,2011-06-07,West Coast Eagles,GWS Giants,Optus Stadium,WA,NSW,1,7,8,17,6,108,14,7,91,17,1,1
M15612,2011,Round 8,8,2011-06-09,Adelaide Crows,North Melbourne Kangaroos,Adelaide Oval,SA,VIC,1,7,6,17,2,104,14,0,84,20,1,1
M15613,2011,Round 8,8,2011-06-11,Essendon Bombers,Collingwood Magpies,Marvel Stadium,VIC,VIC,0,8,6,17,9,111,13,2,80,31,1,1
M15614,2011,Round 8,8,2011-06-13,Geelong Cats,Port Adelaide Power,GMHBA Stadium,VIC,SA,1,8,7,14,5,89,13,3,81,8,1,1
M15615,2011,Round 8,8,2011-06-15,Brisbane Lions,Western Bulldogs,Gabba,QLD,VIC,1,7,8,16,1,97,13,9,87,10,1,1
M15616,2011,Round 8,8,2011-06-17,Fremantle Dockers,St Kilda Saints,Optus Stadium,WA,VIC,1,6,7,14,2,86,14,3,87,-1,0,0
M15617,2011,Round 9,9,2011-07-01,Essendon Bombers,Fremantle Dockers,Marvel Stadium,VIC,WA,1,6,7,16,3,99,14,6,90,9,1,1
M15618,2011,Round 9,9,2011-07-03,Brisbane Lions,Gold Coast Suns,Gabba,QLD,QLD,0,7,6,15,4,94,14,7,91,3,1,1
M15619,2011,Round 9,9,2011-07-05,Geelong Cats,Western Bulldogs,GMHBA Stadium,VIC,VIC,0,8,7,16,4,100,13,2,80,20,1,1
M15620,2011,Round 9,9,2011-07-07,St Kilda Saints,Richmond Tigers,Marvel Stadium,VIC,VIC,0,7,8,18,5,113,17,3,105,8,1,1
M15621,2011,Round 9,9,2011-07-09,Sydney Swans,Melbourne Demons,SCG,NSW,VIC,1,7,8,17,5,107,13,2,80,27,1,1
M15622,2011,Round 9,9,2011-07-11,GWS Giants,West Coast Eagles,GIANTS Stadium,NSW,WA,1,6,7,15,4,94,14,0,84,10,1,1
M15623,2011,Round 9,9,2011-07-13,Hawthorn Hawks,North Melbourne Kangaroos,MCG,VIC,VIC,0,7,7,17,3,105,14,8,92,13,1,1
M15624,2011,Round 9,9,2011-07-15,Collingwood Magpies,Adelaide Crows,MCG,VIC,SA,1,7,9,15,5,95,13,2,80,15,1,1
M15625,2011,Round 9,9,2011-07-17,Port Adelaide Power,Carlton Blues,Adelaide Oval,SA,VIC,1,9,6,17,7,109,17,6,108,1,1,1
M15626,2011,Round 10,10,2011-08-01,North Melbourne Kangaroos,Essendon Bombers,Marvel Stadium,VIC,VIC,0,7,6,16,5,101,13,4,82,19,1,1
M15627,2011,Round 10,10,2011-08-03,Collingwood Magpies,St Kilda Saints,MCG,VIC,VIC,0,7,6,14,1,85,12,8,80,5,1,1
M15628,2011,Round 10,10,2011-08-05,Carlton Blues,Richmond Tigers,Marvel Stadium,VIC,VIC,0,7,6,12,4,76,15,3,93,-17,0,0
M15629,2011,Round 10,10,2011-08-07,Hawthorn Hawks,Geelong Cats,MCG,VIC,VIC,0,7,7,13,5,83,14,3,87,-4,0,0
M15630,2011,Round 10,10,2011-08-09,Western Bulldogs,GWS Giants,Marvel Stadium,VIC,NSW,1,9,8,17,4,106,13,4,82,24,1,1
M15631,2011,Round 10,10,2011-08-11,Brisbane Lions,Adelaide Crows,Gabba,QLD,SA,1,7,9,15,4,94,13,2,80,14,1,1
M15632,2011,Round 10,10,2011-08-13,Sydney Swans,Gold Coast Suns,SCG,NSW,QLD,1,9,8,12,8,80,14,6,90,-10,0,0
M15633,2011,Round 10,10,2011-08-15,West Coast Eagles,Melbourne Demons,Optus Stadium,WA,VIC,1,6,7,16,0,96,14,7,91,5,1,1
M15634,2011,Round 10,10,2011-08-17,Port Adelaide Power,Fremantle Dockers,Adelaide Oval,SA,WA,1,6,8,14,3,87,13,8,86,1,1,1
M15635,2011,Round 11,11,2011-09-01,Carlton Blues,West Coast Eagles,Marvel Stadium,VIC,WA,1,7,6,13,3,81,13,5,83,-2,0,0
M15636,2011,Round 11,11,2011-09-03,Essendon Bombers,Richmond Tigers,Marvel Stadium,VIC,VIC,0,6,7,16,4,100,14,3,87,13,1,1
M15637,2011,Round 11,11,2011-09-05,Geelong Cats,Sydney Swans,GMHBA Stadium,VIC,NSW,1,7,8,16,4,100,13,6,84,16,1,1
M15638,2011,Round 11,11,2011-09-07,Adelaide Crows,Western Bulldogs,Adelaide Oval,SA,VIC,1,8,8,14,4,88,15,4,94,-6,0,0
M15639,2011,Round 11,11,2011-09-09,Collingwood Magpies,Port Adelaide Power,MCG,VIC,SA,1,7,8,16,6,102,11,7,73,29,1,1
M15640,2011,Round 11,11,2011-09-11,Brisbane Lions,Gold Coast Suns,Gabba,QLD,QLD,0,9,7,16,3,99,16,6,102,-3,0,0
M15641,2011,Round 11,11,2011-09-13,St Kilda Saints,Melbourne Demons,Marvel Stadium,VIC,VIC,0,7,7,17,4,106,11,8,74,32,1,1
M15642,2011,Round 11,11,2011-09-15,North Melbourne Kangaroos,GWS Giants,Marvel Stadium,VIC,NSW,1,6,7,14,6,90,13,6,84,6,1,1
M15643,2011,Round 11,11,2011-09-17,Hawthorn Hawks,Fremantle Dockers,MCG,VIC,WA,1,6,7,14,7,91,14,1,85,6,1,1
M15644,2011,Round 12,12,2011-04-01,West Coast Eagles,Hawthorn Hawks,Optus Stadium,WA,VIC,1,8,9,16,7,103,15,6,96,7,1,1
M15645,2011,Round 12,12,2011-04-03,GWS Giants,Geelong Cats,GIANTS Stadium,NSW,VIC,1,6,7,19,3,117,13,9,87,30,1,1
M15646,2011,Round 12,12,2011-04-05,Brisbane Lions,Collingwood Magpies,Gabba,QLD,VIC,1,8,7,19,2,116,15,5,95,21,1,1
M15647,2011,Round 12,12,2011-04-07,Port Adelaide Power,St Kilda Saints,Adelaide Oval,SA,VIC,1,7,6,14,4,88,16,6,102,-14,0,0
M15648,2011,Round 12,12,2011-04-09,Adelaide Crows,Sydney Swans,Adelaide Oval,SA,NSW,1,8,7,15,4,94,14,5,89,5,1,1
M15649,2011,Round 12,12,2011-04-11,Fremantle Dockers,Richmond Tigers,Optus Stadium,WA,VIC,1,7,7,15,5,95,14,9,93,2,1,1
M15650,2011,Round 12,12,2011-04-13,Western Bulldogs,Essendon Bombers,Marvel Stadium,VIC,VIC,0,6,8,16,3,99,14,9,93,6,1,1
M15651,2011,Round 12,12,2011-04-15,North Melbourne Kangaroos,Gold Coast Suns,Marvel Stadium,VIC,QLD,1,9,7,15,7,97,17,3,105,-8,0,0
M15652,2011,Round 12,12,2011-04-17,Melbourne Demons,Carlton Blues,MCG,VIC,VIC,0,7,9,15,7,97,15,6,96,1,1,1
M15653,2011,Round 13,13,2011-05-01,St Kilda Saints,Geelong Cats,Marvel Stadium,VIC,VIC,0,7,8,17,1,103,13,1,79,24,1,1
M15654,2011,Round 13,13,2011-05-03,Adelaide Crows,Brisbane Lions,Adelaide Oval,SA,QLD,1,7,7,15,5,95,13,9,87,8,1,1
M15655,2011,Round 13,13,2011-05-05,Essendon Bombers,GWS Giants,Marvel Stadium,VIC,NSW,1,9,7,13,0,78,14,3,87,-9,0,0
M15656,2011,Round 13,13,2011-05-07,Hawthorn Hawks,Collingwood Magpies,MCG,VIC,VIC,0,8,8,14,7,91,12,4,76,15,1,1
M15657,2011,Round 13,13,2011-05-09,Sydney Swans,West Coast Eagles,SCG,NSW,WA,1,9,7,14,8,92,14,2,86,6,1,1
M15658,2011,Round 13,13,2011-05-11,Carlton Blues,Richmond Tigers,Marvel Stadium,VIC,VIC,0,7,7,17,5,107,12,6,78,29,1,1
M15659,2011,Round 13,13,2011-05-13,Melbourne Demons,Western Bulldogs,MCG,VIC,VIC,0,7,6,16,3,99,13,0,78,21,1,1
M15660,2011,Round 13,13,2011-05-15,North Melbourne Kangaroos,Fremantle Dockers,Marvel Stadium,VIC,WA,1,9,8,14,8,92,15,9,99,-7,0,0
M15661,2011,Round 13,13,2011-05-17,Port Adelaide Power,Gold Coast Suns,Adelaide Oval,SA,QLD,1,8,8,16,4,100,12,2,74,26,1,1
M15662,2011,Round 14,14,2011-06-01,Brisbane Lions,Carlton Blues,Gabba,QLD,VIC,1,7,6,14,0,84,12,0,72,12,1,1
M15663,2011,Round 14,14,2011-06-03,Geelong Cats,Richmond Tigers,GMHBA Stadium,VIC,VIC,0,7,7,14,5,89,14,0,84,5,1,1
M15664,2011,Round 14,14,2011-06-05,Adelaide Crows,West Coast Eagles,Adelaide Oval,SA,WA,1,6,9,17,4,106,14,3,87,19,1,1
M15665,2011,Round 14,14,2011-06-07,Essendon Bombers,Collingwood Magpies,Marvel Stadium,VIC,VIC,0,6,6,13,5,83,16,5,101,-18,0,0
M15666,2011,Round 14,14,2011-06-09,North Melbourne Kangaroos,Hawthorn Hawks,Marvel Stadium,VIC,VIC,0,7,7,16,8,104,14,6,90,14,1,1
M15667,2011,Round 14,14,2011-06-11,Western Bulldogs,Gold Coast Suns,Marvel Stadium,VIC,QLD,1,7,6,19,7,121,14,5,89,32,1,1
M15668,2011,Round 14,14,2011-06-13,St Kilda Saints,Fremantle Dockers,Marvel Stadium,VIC,WA,1,9,9,15,4,94,17,3,105,-11,0,0
M15669,2011,Round 14,14,2011-06-15,Melbourne Demons,Port Adelaide Power,MCG,VIC,SA,1,7,7,17,2,104,14,7,91,13,1,1
M15670,2011,Round 14,14,2011-06-17,GWS Giants,Sydney Swans,GIANTS Stadium,NSW,NSW,0,7,7,16,4,100,15,5,95,5,1,1
M15671,2011,Round 15,15,2011-07-01,North Melbourne Kangaroos,Sydney Swans,Marvel Stadium,VIC,NSW,1,6,7,15,4,94,12,3,75,19,1,1
M15672,2011,Round 15,15,2011-07-03,West Coast Eagles,Carlton Blues,Optus Stadium,WA,VIC,1,7,8,16,7,103,13,4,82,21,1,1
M15673,2011,Round 15,15,2011-07-05,Gold Coast Suns,Melbourne Demons,Heritage Bank Stadium,QLD,VIC,1,7,7,14,7,91,13,6,84,7,1,1
M15674,2011,Round 15,15,2011-07-07,Western Bulldogs,Adelaide Crows,Marvel Stadium,VIC,SA,1,6,9,13,3,81,16,3,99,-18,0,0
M15675,2011,Round 15,15,2011-07-09,Collingwood Magpies,Fremantle Dockers,MCG,VIC,WA,1,7,8,14,6,90,13,4,82,8,1,1
M15676,2011,Round 15,15,2011-07-11,Essendon Bombers,Brisbane Lions,Marvel Stadium,VIC,QLD,1,6,6,17,3,105,14,4,88,17,1,1
M15677,2011,Round 15,15,2011-07-13,Richmond Tigers,Geelong Cats,MCG,VIC,VIC,0,7,8,13,6,84,13,4,82,2,1,1
M15678,2011,Round 15,15,2011-07-15,St Kilda Saints,Port Adelaide Power,Marvel Stadium,VIC,SA,1,7,8,15,6,96,15,1,91,5,1,1
M15679,2011,Round 15,15,2011-07-17,GWS Giants,Hawthorn Hawks,GIANTS Stadium,NSW,VIC,1,8,8,16,1,97,14,5,89,8,1,1
M15680,2011,Round 16,16,2011-08-01,Richmond Tigers,Geelong Cats,MCG,VIC,VIC,0,7,7,14,1,85,14,7,91,-6,0,0
M15681,2011,Round 16,16,2011-08-03,St Kilda Saints,Hawthorn Hawks,Marvel Stadium,VIC,VIC,0,9,7,15,7,97,11,6,72,25,1,1
M15682,2011,Round 16,16,2011-08-05,North Melbourne Kangaroos,Collingwood Magpies,Marvel Stadium,VIC,VIC,0,9,7,14,0,84,14,4,88,-4,0,0
M15683,2011,Round 16,16,2011-08-07,Melbourne Demons,GWS Giants,MCG,VIC,NSW,1,7,7,16,8,104,12,4,76,28,1,1
M15684,2011,Round 16,16,2011-08-09,Western Bulldogs,Adelaide Crows,Marvel Stadium,VIC,SA,1,6,9,17,4,106,13,1,79,27,1,1
M15685,2011,Round 16,16,2011-08-11,Brisbane Lions,Sydney Swans,Gabba,QLD,NSW,1,6,9,15,5,95,13,3,81,14,1,1
M15686,2011,Round 16,16,2011-08-13,Port Adelaide Power,West Coast Eagles,Adelaide Oval,SA,WA,1,7,8,16,3,99,12,7,79,20,1,1
M15687,2011,Round 16,16,2011-08-15,Gold Coast Suns,Essendon Bombers,Heritage Bank Stadium,QLD,VIC,1,8,7,16,5,101,14,8,92,9,1,1
M15688,2011,Round 16,16,2011-08-17,Carlton Blues,Fremantle Dockers,Marvel Stadium,VIC,WA,1,6,9,16,2,98,14,4,88,10,1,1
M15689,2011,Round 17,17,2011-09-01,North Melbourne Kangaroos,Port Adelaide Power,Marvel Stadium,VIC,SA,1,9,7,17,8,110,15,5,95,15,1,1
M15690,2011,Round 17,17,2011-09-03,Hawthorn Hawks,Fremantle Dockers,MCG,VIC,WA,1,9,9,14,6,90,13,4,82,8,1,1
M15691,2011,Round 17,17,2011-09-05,Essendon Bombers,Geelong Cats,Marvel Stadium,VIC,VIC,0,7,7,13,4,82,13,4,82,0,0,0
M15692,2011,Round 17,17,2011-09-07,Brisbane Lions,Adelaide Crows,Gabba,QLD,SA,1,8,8,14,2,86,14,5,89,-3,0,0
M15693,2011,Round 17,17,2011-09-09,West Coast Eagles,Collingwood Magpies,Optus Stadium,WA,VIC,1,7,6,15,2,92,15,3,93,-1,0,0
M15694,2011,Round 17,17,2011-09-11,Richmond Tigers,Sydney Swans,MCG,VIC,NSW,1,9,7,20,2,122,14,4,88,34,1,1
M15695,2011,Round 17,17,2011-09-13,Melbourne Demons,GWS Giants,MCG,VIC,NSW,1,9,6,15,2,92,13,5,83,9,1,1
M15696,2011,Round 17,17,2011-09-15,Gold Coast Suns,St Kilda Saints,Heritage Bank Stadium,QLD,VIC,1,8,8,16,2,98,13,2,80,18,1,1
M15697,2011,Round 17,17,2011-09-17,Western Bulldogs,Carlton Blues,Marvel Stadium,VIC,VIC,0,7,6,16,6,102,13,4,82,20,1,1
M15698,2011,Round 18,18,2011-04-01,Carlton Blues,Western Bulldogs,Marvel Stadium,VIC,VIC,0,9,7,19,2,116,12,2,74,42,1,1
M15699,2011,Round 18,18,2011-04-03,West Coast Eagles,Geelong Cats,Optus Stadium,WA,VIC,1,8,7,18,6,114,13,4,82,32,1,1
M15700,2011,Round 18,18,2011-04-05,Fremantle Dockers,Hawthorn Hawks,Optus Stadium,WA,VIC,1,7,9,15,7,97,17,9,111,-14,0,0
M15701,2011,Round 18,18,2011-04-07,Port Adelaide Power,North Melbourne Kangaroos,Adelaide Oval,SA,VIC,1,7,7,15,4,94,11,7,73,21,1,1
M15702,2011,Round 18,18,2011-04-09,Melbourne Demons,Sydney Swans,MCG,VIC,NSW,1,8,8,16,0,96,15,9,99,-3,0,0
M15703,2011,Round 18,18,2011-04-11,Collingwood Magpies,Gold Coast Suns,MCG,VIC,QLD,1,9,7,13,5,83,16,5,101,-18,0,0
M15704,2011,Round 18,18,2011-04-13,Adelaide Crows,Richmond Tigers,Adelaide Oval,SA,VIC,1,8,8,17,3,105,13,5,83,22,1,1
M15705,2011,Round 18,18,2011-04-15,Essendon Bombers,GWS Giants,Marvel Stadium,VIC,NSW,1,7,8,16,4,100,14,2,86,14,1,1
M15706,2011,Round 18,18,2011-04-17,St Kilda Saints,Brisbane Lions,Marvel Stadium,VIC,QLD,1,7,9,13,3,81,17,5,107,-26,0,0
M15707,2011,Round 19,19,2011-05-01,Carlton Blues,West Coast Eagles,Marvel Stadium,VIC,WA,1,7,8,14,2,86,11,4,70,16,1,1
M15708,2011,Round 19,19,2011-05-03,Western Bulldogs,Essendon Bombers,Marvel Stadium,VIC,VIC,0,8,7,14,4,88,12,6,78,10,1,1
M15709,2011,Round 19,19,2011-05-05,Melbourne Demons,Richmond Tigers,MCG,VIC,VIC,0,9,7,15,2,92,14,5,89,3,1,1
M15710,2011,Round 19,19,2011-05-07,Gold Coast Suns,Sydney Swans,Heritage Bank Stadium,QLD,NSW,1,9,8,16,5,101,16,9,105,-4,0,0
M15711,2011,Round 19,19,2011-05-09,Collingwood Magpies,Brisbane Lions,MCG,VIC,QLD,1,7,7,16,4,100,13,7,85,15,1,1
M15712,2011,Round 19,19,2011-05-11,GWS Giants,Fremantle Dockers,GIANTS Stadium,NSW,WA,1,9,7,16,3,99,14,3,87,12,1,1
M15713,2011,Round 19,19,2011-05-13,Adelaide Crows,Geelong Cats,Adelaide Oval,SA,VIC,1,8,8,16,7,103,15,3,93,10,1,1
M15714,2011,Round 19,19,2011-05-15,Port Adelaide Power,North Melbourne Kangaroos,Adelaide Oval,SA,VIC,1,9,7,15,8,98,13,4,82,16,1,1
M15715,2011,Round 19,19,2011-05-17,Hawthorn Hawks,St Kilda Saints,MCG,VIC,VIC,0,7,6,17,2,104,14,5,89,15,1,1
M15716,2011,Round 20,20,2011-06-01,Essendon Bombers,Port Adelaide Power,Marvel Stadium,VIC,SA,1,6,7,18,4,112,14,6,90,22,1,1
M15717,2011,Round 20,20,2011-06-03,Brisbane Lions,Western Bulldogs,Gabba,QLD,VIC,1,9,7,14,6,90,15,1,91,-1,0,0
M15718,2011,Round 20,20,2011-06-05,Adelaide Crows,St Kilda Saints,Adelaide Oval,SA,VIC,1,9,7,15,2,92,14,3,87,5,1,1
M15719,2011,Round 20,20,2011-06-07,GWS Giants,Gold Coast Suns,GIANTS Stadium,NSW,QLD,1,6,7,15,3,93,14,4,88,5,1,1
M15720,2011,Round 20,20,2011-06-09,Sydney Swans,Geelong Cats,SCG,NSW,VIC,1,8,9,16,4,100,14,6,90,10,1,1
M15721,2011,Round 20,20,2011-06-11,Carlton Blues,West Coast Eagles,Marvel Stadium,VIC,WA,1,8,6,14,4,88,15,5,95,-7,0,0
M15722,2011,Round 20,20,2011-06-13,Melbourne Demons,Fremantle Dockers,MCG,VIC,WA,1,6,7,14,7,91,12,4,76,15,1,1
M15723,2011,Round 20,20,2011-06-15,Collingwood Magpies,Richmond Tigers,MCG,VIC,VIC,0,9,7,16,6,102,13,2,80,22,1,1
M15724,2011,Round 20,20,2011-06-17,North Melbourne Kangaroos,Hawthorn Hawks,Marvel Stadium,VIC,VIC,0,6,7,15,0,90,15,2,92,-2,0,0
M15725,2011,Round 21,21,2011-07-01,Richmond Tigers,Essendon Bombers,MCG,VIC,VIC,0,7,8,14,7,91,13,4,82,9,1,1
M15726,2011,Round 21,21,2011-07-03,Hawthorn Hawks,Port Adelaide Power,MCG,VIC,SA,1,9,7,15,6,96,14,0,84,12,1,1
M15727,2011,Round 21,21,2011-07-05,Carlton Blues,Gold Coast Suns,Marvel Stadium,VIC,QLD,1,9,7,15,6,96,14,2,86,10,1,1
M15728,2011,Round 21,21,2011-07-07,St Kilda Saints,Adelaide Crows,Marvel Stadium,VIC,SA,1,7,6,15,1,91,14,0,84,7,1,1
M15729,2011,Round 21,21,2011-07-09,West Coast Eagles,Melbourne Demons,Optus Stadium,WA,VIC,1,8,8,17,2,104,14,3,87,17,1,1
M15730,2011,Round 21,21,2011-07-11,Sydney Swans,Western Bulldogs,SCG,NSW,VIC,1,7,7,13,5,83,12,8,80,3,1,1
M15731,2011,Round 21,21,2011-07-13,Geelong Cats,Brisbane Lions,GMHBA Stadium,VIC,QLD,1,7,7,15,2,92,17,2,104,-12,0,0
M15732,2011,Round 21,21,2011-07-15,North Melbourne Kangaroos,GWS Giants,Marvel Stadium,VIC,NSW,1,8,7,16,7,103,14,7,91,12,1,1
M15733,2011,Round 21,21,2011-07-17,Fremantle Dockers,Collingwood Magpies,Optus Stadium,WA,VIC,1,7,9,16,8,104,14,3,87,17,1,1
M15734,2011,Round 22,22,2011-08-01,Port Adelaide Power,Adelaide Crows,Adelaide Oval,SA,SA,0,7,7,14,5,89,14,5,89,0,0,0
M15735,2011,Round 22,22,2011-08-03,Geelong Cats,Western Bulldogs,GMHBA Stadium,VIC,VIC,0,9,6,17,0,102,17,2,104,-2,0,0
M15736,2011,Round 22,22,2011-08-05,St Kilda Saints,Fremantle Dockers,Marvel Stadium,VIC,WA,1,6,8,16,8,104,14,6,90,14,1,1
M15737,2011,Round 22,22,2011-08-07,Melbourne Demons,Sydney Swans,MCG,VIC,NSW,1,7,7,12,4,76,12,4,76,0,0,0
M15738,2011,Round 22,22,2011-08-09,GWS Giants,Hawthorn Hawks,GIANTS Stadium,NSW,VIC,1,9,9,14,7,91,13,9,87,4,1,1
M15739,2011,Round 22,22,2011-08-11,Richmond Tigers,North Melbourne Kangaroos,MCG,VIC,VIC,0,7,7,17,7,109,14,9,93,16,1,1
M15740,2011,Round 22,22,2011-08-13,Carlton Blues,Gold Coast Suns,Marvel Stadium,VIC,QLD,1,7,7,16,2,98,14,4,88,10,1,1
M15741,2011,Round 22,22,2011-08-15,West Coast Eagles,Essendon Bombers,Optus Stadium,WA,VIC,1,6,7,15,6,96,14,5,89,7,1,1
M15742,2011,Round 22,22,2011-08-17,Collingwood Magpies,Brisbane Lions,MCG,VIC,QLD,1,7,6,13,4,82,15,8,98,-16,0,0
M15743,2012,Round 1,1,2012-05-01,Sydney Swans,Richmond Tigers,SCG,NSW,VIC,1,7,6,18,4,112,15,5,95,17,1,1
M15744,2012,Round 1,1,2012-05-03,St Kilda Saints,Melbourne Demons,Marvel Stadium,VIC,VIC,0,7,7,13,2,80,14,4,88,-8,0,0
M15745,2012,Round 1,1,2012-05-05,Gold Coast Suns,Fremantle Dockers,Heritage Bank Stadium,QLD,WA,1,7,8,16,2,98,15,3,93,5,1,1
M15746,2012,Round 1,1,2012-05-07,Adelaide Crows,Brisbane Lions,Adelaide Oval,SA,QLD,1,9,7,14,2,86,16,2,98,-12,0,0
M15747,2012,Round 1,1,2012-05-09,North Melbourne Kangaroos,Essendon Bombers,Marvel Stadium,VIC,VIC,0,9,8,16,4,100,11,7,73,27,1,1
M15748,2012,Round 1,1,2012-05-11,Geelong Cats,West Coast Eagles,GMHBA Stadium,VIC,WA,1,7,7,14,1,85,18,3,111,-26,0,0
M15749,2012,Round 1,1,2012-05-13,Port Adelaide Power,GWS Giants,Adelaide Oval,SA,NSW,1,7,7,15,7,97,17,5,107,-10,0,0
M15750,2012,Round 1,1,2012-05-15,Hawthorn Hawks,Carlton Blues,MCG,VIC,VIC,0,8,6,13,2,80,15,3,93,-13,0,0
M15751,2012,Round 1,1,2012-05-17,Collingwood Magpies,Western Bulldogs,MCG,VIC,VIC,0,9,6,18,3,111,14,7,91,20,1,1
M15752,2012,Round 2,2,2012-06-01,North Melbourne Kangaroos,Adelaide Crows,Marvel Stadium,VIC,SA,1,9,8,15,3,93,14,4,88,5,1,1
M15753,2012,Round 2,2,2012-06-03,Brisbane Lions,Fremantle Dockers,Gabba,QLD,WA,1,7,9,16,3,99,14,4,88,11,1,1
M15754,2012,Round 2,2,2012-06-05,West Coast Eagles,St Kilda Saints,Optus Stadium,WA,VIC,1,8,6,13,4,82,13,2,80,2,1,1
M15755,2012,Round 2,2,2012-06-07,Sydney Swans,Gold Coast Suns,SCG,NSW,QLD,1,9,7,17,2,104,13,9,87,17,1,1
M15756,2012,Round 2,2,2012-06-09,Carlton Blues,Essendon Bombers,Marvel Stadium,VIC,VIC,0,9,7,16,6,102,14,8,92,10,1,1
M15757,2012,Round 2,2,2012-06-11,Geelong Cats,Western Bulldogs,GMHBA Stadium,VIC,VIC,0,6,9,17,7,109,18,2,110,-1,0,0
M15758,2012,Round 2,2,2012-06-13,Collingwood Magpies,Melbourne Demons,MCG,VIC,VIC,0,7,7,17,1,103,12,7,79,24,1,1
M15759,2012,Round 2,2,2012-06-15,Port Adelaide Power,Richmond Tigers,Adelaide Oval,SA,VIC,1,8,9,15,1,91,10,9,69,22,1,1
M15760,2012,Round 2,2,2012-06-17,Hawthorn Hawks,GWS Giants,MCG,VIC,NSW,1,9,6,17,3,105,13,4,82,23,1,1
M15761,2012,Round 3,3,2012-07-01,Sydney Swans,Hawthorn Hawks,SCG,NSW,VIC,1,6,7,13,7,85,14,2,86,-1,0,0
M15762,2012,Round 3,3,2012-07-03,Geelong Cats,St Kilda Saints,GMHBA Stadium,VIC,VIC,0,6,8,16,4,100,14,3,87,13,1,1
M15763,2012,Round 3,3,2012-07-05,West Coast Eagles,Western Bulldogs,Optus Stadium,WA,VIC,1,8,7,14,3,87,15,5,95,-8,0,0
M15764,2012,Round 3,3,2012-07-07,Fremantle Dockers,Carlton Blues,Optus Stadium,WA,VIC,1,7,7,14,5,89,14,7,91,-2,0,0
M15765,2012,Round 3,3,2012-07-09,GWS Giants,Gold Coast Suns,GIANTS Stadium,NSW,QLD,1,7,7,15,2,92,15,6,96,-4,0,0
M15766,2012,Round 3,3,2012-07-11,Richmond Tigers,Essendon Bombers,MCG,VIC,VIC,0,7,6,16,4,100,14,7,91,9,1,1
M15767,2012,Round 3,3,2012-07-13,Collingwood Magpies,Adelaide Crows,MCG,VIC,SA,1,7,7,16,3,99,13,4,82,17,1,1
M15768,2012,Round 3,3,2012-07-15,Melbourne Demons,Port Adelaide Power,MCG,VIC,SA,1,7,7,16,9,105,12,7,79,26,1,1
M15769,2012,Round 3,3,2012-07-17,Brisbane Lions,North Melbourne Kangaroos,Gabba,QLD,VIC,1,7,6,16,1,97,14,2,86,11,1,1
M15770,2012,Round 4,4,2012-08-01,West Coast Eagles,Geelong Cats,Optus Stadium,WA,VIC,1,9,7,13,4,82,13,4,82,0,0,0
M15771,2012,Round 4,4,2012-08-03,GWS Giants,North Melbourne Kangaroos,GIANTS Stadium,NSW,VIC,1,6,7,15,4,94,14,6,90,4,1,1
M15772,2012,Round 4,4,2012-08-05,Richmond Tigers,Gold Coast Suns,MCG,VIC,QLD,1,8,7,15,5,95,13,5,83,12,1,1
M15773,2012,Round 4,4,2012-08-07,Carlton Blues,Fremantle Dockers,Marvel Stadium,VIC,WA,1,6,9,15,7,97,15,3,93,4,1,1
M15774,2012,Round 4,4,2012-08-09,Western Bulldogs,Essendon Bombers,Marvel Stadium,VIC,VIC,0,9,7,16,2,98,13,2,80,18,1,1
M15775,2012,Round 4,4,2012-08-11,Hawthorn Hawks,Melbourne Demons,MCG,VIC,VIC,0,7,7,15,6,96,13,4,82,14,1,1
M15776,2012,Round 4,4,2012-08-13,Adelaide Crows,Sydney Swans,Adelaide Oval,SA,NSW,1,9,7,15,7,97,15,2,92,5,1,1
M15777,2012,Round 4,4,2012-08-15,Collingwood Magpies,St Kilda Saints,MCG,VIC,VIC,0,7,6,14,3,87,14,7,91,-4,0,0
M15778,2012,Round 4,4,2012-08-17,Brisbane Lions,Port Adelaide Power,Gabba,QLD,SA,1,7,8,15,5,95,13,5,83,12,1,1
M15779,2012,Round 5,5,2012-09-01,Adelaide Crows,Carlton Blues,Adelaide Oval,SA,VIC,1,9,7,16,4,100,15,6,96,4,1,1
M15780,2012,Round 5,5,2012-09-03,North Melbourne Kangaroos,West Coast Eagles,Marvel Stadium,VIC,WA,1,6,7,18,2,110,12,4,76,34,1,1
M15781,2012,Round 5,5,2012-09-05,Sydney Swans,Port Adelaide Power,SCG,NSW,SA,1,9,7,15,3,93,11,2,68,25,1,1
M15782,2012,Round 5,5,2012-09-07,Hawthorn Hawks,Gold Coast Suns,MCG,VIC,QLD,1,7,7,16,4,100,16,5,101,-1,0,0
M15783,2012,Round 5,5,2012-09-09,Geelong Cats,Richmond Tigers,GMHBA Stadium,VIC,VIC,0,7,8,16,2,98,13,7,85,13,1,1
M15784,2012,Round 5,5,2012-09-11,Western Bulldogs,Brisbane Lions,Marvel Stadium,VIC,QLD,1,9,7,14,3,87,14,2,86,1,1,1
M15785,2012,Round 5,5,2012-09-13,GWS Giants,Fremantle Dockers,GIANTS Stadium,NSW,WA,1,7,7,16,8,104,13,4,82,22,1,1
M15786,2012,Round 5,5,2012-09-15,Melbourne Demons,St Kilda Saints,MCG,VIC,VIC,0,7,9,13,5,83,12,5,77,6,1,1
M15787,2012,Round 5,5,2012-09-17,Collingwood Magpies,Essendon Bombers,MCG,VIC,VIC,0,9,8,17,6,108,11,4,70,38,1,1
M15788,2012,Round 6,6,2012-04-01,Carlton Blues,Richmond Tigers,Marvel Stadium,VIC,VIC,0,7,7,15,8,98,14,3,87,11,1,1
M15789,2012,Round 6,6,2012-04-03,Essendon Bombers,Geelong Cats,Marvel Stadium,VIC,VIC,0,9,9,14,7,91,15,5,95,-4,0,0
M15790,2012,Round 6,6,2012-04-05,North Melbourne Kangaroos,Fremantle Dockers,Marvel Stadium,VIC,WA,1,7,7,16,0,96,10,2,62,34,1,1
M15791,2012,Round 6,6,2012-04-07,Gold Coast Suns,Collingwood Magpies,Heritage Bank Stadium,QLD,VIC,1,8,7,19,5,119,14,3,87,32,1,1
M15792,2012,Round 6,6,2012-04-09,Brisbane Lions,St Kilda Saints,Gabba,QLD,VIC,1,9,9,19,3,117,15,7,97,20,1,1
M15793,2012,Round 6,6,2012-04-11,GWS Giants,Port Adelaide Power,GIANTS Stadium,NSW,SA,1,9,9,16,8,104,13,6,84,20,1,1
M15794,2012,Round 6,6,2012-04-13,Sydney Swans,Adelaide Crows,SCG,NSW,SA,1,8,7,15,3,93,13,6,84,9,1,1
M15795,2012,Round 6,6,2012-04-15,Hawthorn Hawks,Melbourne Demons,MCG,VIC,VIC,0,7,7,14,4,88,14,2,86,2,1,1
M15796,2012,Round 6,6,2012-04-17,Western Bulldogs,West Coast Eagles,Marvel Stadium,VIC,WA,1,9,7,18,7,115,11,7,73,42,1,1
M15797,2012,Round 7,7,2012-05-01,Western Bulldogs,Adelaide Crows,Marvel Stadium,VIC,SA,1,8,8,16,6,102,13,5,83,19,1,1
M15798,2012,Round 7,7,2012-05-03,Geelong Cats,West Coast Eagles,GMHBA Stadium,VIC,WA,1,6,8,15,6,96,15,1,91,5,1,1
M15799,2012,Round 7,7,2012-05-05,Fremantle Dockers,Hawthorn Hawks,Optus Stadium,WA,VIC,1,7,6,13,4,82,16,6,102,-20,0,0
M15800,2012,Round 7,7,2012-05-07,North Melbourne Kangaroos,GWS Giants,Marvel Stadium,VIC,NSW,1,9,7,15,5,95,16,4,100,-5,0,0
M15801,2012,Round 7,7,2012-05-09,Sydney Swans,Carlton Blues,SCG,NSW,VIC,1,8,9,16,5,101,15,0,90,11,1,1
M15802,2012,Round 7,7,2012-05-11,Essendon Bombers,St Kilda Saints,Marvel Stadium,VIC,VIC,0,8,8,16,1,97,15,8,98,-1,0,0
M15803,2012,Round 7,7,2012-05-13,Melbourne Demons,Port Adelaide Power,MCG,VIC,SA,1,7,6,13,4,82,17,2,104,-22,0,0
M15804,2012,Round 7,7,2012-05-15,Gold Coast Suns,Richmond Tigers,Heritage Bank Stadium,QLD,VIC,1,7,7,14,1,85,13,8,86,-1,0,0
M15805,2012,Round 7,7,2012-05-17,Collingwood Magpies,Brisbane Lions,MCG,VIC,QLD,1,7,9,15,4,94,14,5,89,5,1,1
M15806,2012,Round 8,8,2012-06-01,Western Bulldogs,West Coast Eagles,Marvel Stadium,VIC,WA,1,8,7,18,4,112,14,2,86,26,1,1
M15807,2012,Round 8,8,2012-06-03,Gold Coast Suns,Carlton Blues,Heritage Bank Stadium,QLD,VIC,1,7,7,17,6,108,12,4,76,32,1,1
M15808,2012,Round 8,8,2012-06-05,Adelaide Crows,Fremantle Dockers,Adelaide Oval,SA,WA,1,7,6,16,6,102,16,1,97,5,1,1
M15809,2012,Round 8,8,2012-06-07,Collingwood Magpies,Richmond Tigers,MCG,VIC,VIC,0,8,9,15,4,94,13,6,84,10,1,1
M15810,2012,Round 8,8,2012-06-09,Sydney Swans,Melbourne Demons,SCG,NSW,VIC,1,7,9,17,5,107,14,4,88,19,1,1
M15811,2012,Round 8,8,2012-06-11,Essendon Bombers,Geelong Cats,Marvel Stadium,VIC,VIC,0,6,8,13,4,82,16,6,102,-20,0,0
M15812,2012,Round 8,8,2012-06-13,North Melbourne Kangaroos,Port Adelaide Power,Marvel Stadium,VIC,SA,1,6,9,15,4,94,12,3,75,19,1,1
M15813,2012,Round 8,8,2012-06-15,Brisbane Lions,GWS Giants,Gabba,QLD,NSW,1,7,7,15,4,94,13,8,86,8,1,1
M15814,2012,Round 8,8,2012-06-17,St Kilda Saints,Hawthorn Hawks,Marvel Stadium,VIC,VIC,0,7,7,15,8,98,13,4,82,16,1,1
M15815,2012,Round 9,9,2012-07-01,Adelaide Crows,Richmond Tigers,Adelaide Oval,SA,VIC,1,7,9,16,3,99,11,5,71,28,1,1
M15816,2012,Round 9,9,2012-07-03,Gold Coast Suns,Geelong Cats,Heritage Bank Stadium,QLD,VIC,1,7,7,12,7,79,15,4,94,-15,0,0
M15817,2012,Round 9,9,2012-07-05,Essendon Bombers,Collingwood Magpies,Marvel Stadium,VIC,VIC,0,6,7,15,5,95,12,5,77,18,1,1
M15818,2012,Round 9,9,2012-07-07,St Kilda Saints,Hawthorn Hawks,Marvel Stadium,VIC,VIC,0,9,7,14,7,91,14,4,88,3,1,1
M15819,2012,Round 9,9,2012-07-09,GWS Giants,Fremantle Dockers,GIANTS Stadium,NSW,WA,1,8,7,18,1,109,14,9,93,16,1,1
M15820,2012,Round 9,9,2012-07-11,Melbourne Demons,Carlton Blues,MCG,VIC,VIC,0,6,8,15,5,95,12,6,78,17,1,1
M15821,2012,Round 9,9,2012-07-13,Brisbane Lions,West Coast Eagles,Gabba,QLD,WA,1,6,7,14,5,89,11,4,70,19,1,1
M15822,2012,Round 9,9,2012-07-15,North Melbourne Kangaroos,Sydney Swans,Marvel Stadium,VIC,NSW,1,9,7,16,2,98,12,8,80,18,1,1
M15823,2012,Round 9,9,2012-07-17,Western Bulldogs,Port Adelaide Power,Marvel Stadium,VIC,SA,1,6,7,17,6,108,11,5,71,37,1,1
M15824,2012,Round 10,10,2012-08-01,Collingwood Magpies,Carlton Blues,MCG,VIC,VIC,0,9,7,14,4,88,13,5,83,5,1,1
M15825,2012,Round 10,10,2012-08-03,Essendon Bombers,Hawthorn Hawks,Marvel Stadium,VIC,VIC,0,6,7,15,0,90,12,3,75,15,1,1
M15826,2012,Round 10,10,2012-08-05,GWS Giants,Port Adelaide Power,GIANTS Stadium,NSW,SA,1,7,7,14,8,92,13,0,78,14,1,1
M15827,2012,Round 10,10,2012-08-07,Gold Coast Suns,St Kilda Saints,Heritage Bank Stadium,QLD,VIC,1,9,7,15,3,93,12,8,80,13,1,1
M15828,2012,Round 10,10,2012-08-09,Brisbane Lions,Melbourne Demons,Gabba,QLD,VIC,1,6,7,17,7,109,11,8,74,35,1,1
M15829,2012,Round 10,10,2012-08-11,Adelaide Crows,Richmond Tigers,Adelaide Oval,SA,VIC,1,8,7,16,2,98,15,1,91,7,1,1
M15830,2012,Round 10,10,2012-08-13,West Coast Eagles,Fremantle Dockers,Optus Stadium,WA,WA,0,7,7,18,5,113,13,4,82,31,1,1
M15831,2012,Round 10,10,2012-08-15,Western Bulldogs,Geelong Cats,Marvel Stadium,VIC,VIC,0,7,7,14,2,86,13,6,84,2,1,1
M15832,2012,Round 10,10,2012-08-17,North Melbourne Kangaroos,Sydney Swans,Marvel Stadium,VIC,NSW,1,6,6,15,4,94,12,3,75,19,1,1
M15833,2012,Round 11,11,2012-09-01,Brisbane Lions,St Kilda Saints,Gabba,QLD,VIC,1,6,8,15,1,91,16,7,103,-12,0,0
M15834,2012,Round 11,11,2012-09-03,Port Adelaide Power,Melbourne Demons,Adelaide Oval,SA,VIC,1,7,8,17,4,106,18,6,114,-8,0,0
M15835,2012,Round 11,11,2012-09-05,West Coast Eagles,Adelaide Crows,Optus Stadium,WA,SA,1,7,6,16,7,103,13,3,81,22,1,1
M15836,2012,Round 11,11,2012-09-07,North Melbourne Kangaroos,Geelong Cats,Marvel Stadium,VIC,VIC,0,8,8,15,4,94,9,5,59,35,1,1
M15837,2012,Round 11,11,2012-09-09,Carlton Blues,Essendon Bombers,Marvel Stadium,VIC,VIC,0,7,9,13,6,84,12,0,72,12,1,1
M15838,2012,Round 11,11,2012-09-11,Collingwood Magpies,Richmond Tigers,MCG,VIC,VIC,0,6,8,13,5,83,14,5,89,-6,0,0
M15839,2012,Round 11,11,2012-09-13,Western Bulldogs,GWS Giants,Marvel Stadium,VIC,NSW,1,9,6,15,6,96,12,3,75,21,1,1
M15840,2012,Round 11,11,2012-09-15,Gold Coast Suns,Hawthorn Hawks,Heritage Bank Stadium,QLD,VIC,1,7,8,15,5,95,13,1,79,16,1,1
M15841,2012,Round 11,11,2012-09-17,Fremantle Dockers,Sydney Swans,Optus Stadium,WA,NSW,1,8,7,12,5,77,12,9,81,-4,0,0
M15842,2012,Round 12,12,2012-04-01,North Melbourne Kangaroos,Adelaide Crows,Marvel Stadium,VIC,SA,1,7,7,14,4,88,11,5,71,17,1,1
M15843,2012,Round 12,12,2012-04-03,Port Adelaide Power,Essendon Bombers,Adelaide Oval,SA,VIC,1,9,7,16,7,103,13,3,81,22,1,1
M15844,2012,Round 12,12,2012-04-05,West Coast Eagles,Western Bulldogs,Optus Stadium,WA,VIC,1,8,7,15,3,93,15,1,91,2,1,1
M15845,2012,Round 12,12,2012-04-07,Melbourne Demons,Fremantle Dockers,MCG,VIC,WA,1,7,8,19,5,119,17,4,106,13,1,1
M15846,2012,Round 12,12,2012-04-09,Geelong Cats,St Kilda Saints,GMHBA Stadium,VIC,VIC,0,9,7,15,2,92,15,6,96,-4,0,0
M15847,2012,Round 12,12,2012-04-11,Collingwood Magpies,Gold Coast Suns,MCG,VIC,QLD,1,6,7,14,7,91,13,8,86,5,1,1
M15848,2012,Round 12,12,2012-04-13,Sydney Swans,Brisbane Lions,SCG,NSW,QLD,1,7,7,15,6,96,13,7,85,11,1,1
M15849,2012,Round 12,12,2012-04-15,Richmond Tigers,Hawthorn Hawks,MCG,VIC,VIC,0,8,9,15,8,98,14,2,86,12,1,1
M15850,2012,Round 12,12,2012-04-17,GWS Giants,Carlton Blues,GIANTS Stadium,NSW,VIC,1,6,7,17,2,104,15,6,96,8,1,1
M15851,2012,Round 13,13,2012-05-01,North Melbourne Kangaroos,Melbourne Demons,Marvel Stadium,VIC,VIC,0,6,7,16,8,104,14,5,89,15,1,1
M15852,2012,Round 13,13,2012-05-03,Richmond Tigers,Hawthorn Hawks,MCG,VIC,VIC,0,7,7,17,6,108,11,3,69,39,1,1
M15853,2012,Round 13,13,2012-05-05,Fremantle Dockers,Adelaide Crows,Optus Stadium,WA,SA,1,6,7,13,5,83,13,5,83,0,0,0
M15854,2012,Round 13,13,2012-05-07,Brisbane Lions,Gold Coast Suns,Gabba,QLD,QLD,0,7,7,15,5,95,15,5,95,0,0,0
M15855,2012,Round 13,13,2012-05-09,Essendon Bombers,GWS Giants,Marvel Stadium,VIC,NSW,1,7,7,15,5,95,13,1,79,16,1,1
M15856,2012,Round 13,13,2012-05-11,Western Bulldogs,Sydney Swans,Marvel Stadium,VIC,NSW,1,7,7,15,5,95,15,5,95,0,0,0
M15857,2012,Round 13,13,2012-05-13,Geelong Cats,St Kilda Saints,GMHBA Stadium,VIC,VIC,0,7,6,15,7,97,13,6,84,13,1,1
M15858,2012,Round 13,13,2012-05-15,Collingwood Magpies,Port Adelaide Power,MCG,VIC,SA,1,6,7,14,4,88,15,4,94,-6,0,0
M15859,2012,Round 13,13,2012-05-17,Carlton Blues,West Coast Eagles,Marvel Stadium,VIC,WA,1,7,8,16,2,98,16,8,104,-6,0,0
M15860,2012,Round 14,14,2012-06-01,Brisbane Lions,St Kilda Saints,Gabba,QLD,VIC,1,7,6,16,1,97,13,5,83,14,1,1
M15861,2012,Round 14,14,2012-06-03,Melbourne Demons,Western Bulldogs,MCG,VIC,VIC,0,9,6,14,6,90,13,2,80,10,1,1
M15862,2012,Round 14,14,2012-06-05,Fremantle Dockers,GWS Giants,Optus Stadium,WA,NSW,1,6,7,14,1,85,15,2,92,-7,0,0
M15863,2012,Round 14,14,2012-06-07,West Coast Eagles,Port Adelaide Power,Optus Stadium,WA,SA,1,7,9,14,6,90,15,4,94,-4,0,0
M15864,2012,Round 14,14,2012-06-09,Adelaide Crows,Collingwood Magpies,Adelaide Oval,SA,VIC,1,8,7,16,6,102,14,4,88,14,1,1
M15865,2012,Round 14,14,2012-06-11,Essendon Bombers,Gold Coast Suns,Marvel Stadium,VIC,QLD,1,7,9,13,6,84,16,2,98,-14,0,0
M15866,2012,Round 14,14,2012-06-13,Carlton Blues,Sydney Swans,Marvel Stadium,VIC,NSW,1,7,6,16,5,101,15,4,94,7,1,1
M15867,2012,Round 14,14,2012-06-15,North Melbourne Kangaroos,Geelong Cats,Marvel Stadium,VIC,VIC,0,7,7,16,6,102,14,5,89,13,1,1
M15868,2012,Round 14,14,2012-06-17,Hawthorn Hawks,Richmond Tigers,MCG,VIC,VIC,0,8,6,15,4,94,13,4,82,12,1,1
M15869,2012,Round 15,15,2012-07-01,Essendon Bombers,North Melbourne Kangaroos,Marvel Stadium,VIC,VIC,0,7,7,13,4,82,14,0,84,-2,0,0
M15870,2012,Round 15,15,2012-07-03,Geelong Cats,Collingwood Magpies,GMHBA Stadium,VIC,VIC,0,8,6,16,7,103,14,5,89,14,1,1
M15871,2012,Round 15,15,2012-07-05,Hawthorn Hawks,Fremantle Dockers,MCG,VIC,WA,1,7,6,14,1,85,14,5,89,-4,0,0
M15872,2012,Round 15,15,2012-07-07,Port Adelaide Power,GWS Giants,Adelaide Oval,SA,NSW,1,8,6,16,5,101,13,5,83,18,1,1
M15873,2012,Round 15,15,2012-07-09,Sydney Swans,Gold Coast Suns,SCG,NSW,QLD,1,7,7,13,7,85,16,8,104,-19,0,0
M15874,2012,Round 15,15,2012-07-11,Melbourne Demons,Carlton Blues,MCG,VIC,VIC,0,7,9,17,2,104,13,4,82,22,1,1
M15875,2012,Round 15,15,2012-07-13,Brisbane Lions,Western Bulldogs,Gabba,QLD,VIC,1,7,7,14,6,90,11,5,71,19,1,1
M15876,2012,Round 15,15,2012-07-15,St Kilda Saints,Adelaide Crows,Marvel Stadium,VIC,SA,1,6,8,16,4,100,14,3,87,13,1,1
M15877,2012,Round 15,15,2012-07-17,West Coast Eagles,Richmond Tigers,Optus Stadium,WA,VIC,1,8,6,18,2,110,14,1,85,25,1,1
M15878,2012,Round 16,16,2012-08-01,Western Bulldogs,North Melbourne Kangaroos,Marvel Stadium,VIC,VIC,0,6,7,12,5,77,12,6,78,-1,0,0
M15879,2012,Round 16,16,2012-08-03,Hawthorn Hawks,Fremantle Dockers,MCG,VIC,WA,1,6,7,18,4,112,14,3,87,25,1,1
M15880,2012,Round 16,16,2012-08-05,Carlton Blues,Adelaide Crows,Marvel Stadium,VIC,SA,1,9,7,17,3,105,13,1,79,26,1,1
M15881,2012,Round 16,16,2012-08-07,Sydney Swans,Brisbane Lions,SCG,NSW,QLD,1,7,7,14,0,84,16,2,98,-14,0,0
M15882,2012,Round 16,16,2012-08-09,Port Adelaide Power,Gold Coast Suns,Adelaide Oval,SA,QLD,1,9,6,16,4,100,11,5,71,29,1,1
M15883,2012,Round 16,16,2012-08-11,Collingwood Magpies,St Kilda Saints,MCG,VIC,VIC,0,6,8,16,5,101,11,6,72,29,1,1
M15884,2012,Round 16,16,2012-08-13,Richmond Tigers,West Coast Eagles,MCG,VIC,WA,1,6,7,13,6,84,14,6,90,-6,0,0
M15885,2012,Round 16,16,2012-08-15,Melbourne Demons,Essendon Bombers,MCG,VIC,VIC,0,7,7,15,2,92,16,1,97,-5,0,0
M15886,2012,Round 16,16,2012-08-17,Geelong Cats,GWS Giants,GMHBA Stadium,VIC,NSW,1,9,7,16,4,100,13,8,86,14,1,1
M15887,2012,Round 17,17,2012-09-01,Hawthorn Hawks,Essendon Bombers,MCG,VIC,VIC,0,9,6,15,1,91,14,5,89,2,1,1
M15888,2012,Round 17,17,2012-09-03,Brisbane Lions,Carlton Blues,Gabba,QLD,VIC,1,7,7,16,9,105,15,1,91,14,1,1
M15889,2012,Round 17,17,2012-09-05,GWS Giants,Geelong Cats,GIANTS Stadium,NSW,VIC,1,7,8,18,4,112,12,6,78,34,1,1
M15890,2012,Round 17,17,2012-09-07,Western Bulldogs,Sydney Swans,Marvel Stadium,VIC,NSW,1,6,8,18,4,112,14,1,85,27,1,1
M15891,2012,Round 17,17,2012-09-09,Richmond Tigers,Gold Coast Suns,MCG,VIC,QLD,1,9,7,15,6,96,15,7,97,-1,0,0
M15892,2012,Round 17,17,2012-09-11,Melbourne Demons,West Coast Eagles,MCG,VIC,WA,1,7,9,14,9,93,12,4,76,17,1,1
M15893,2012,Round 17,17,2012-09-13,St Kilda Saints,Fremantle Dockers,Marvel Stadium,VIC,WA,1,9,7,14,7,91,14,2,86,5,1,1
M15894,2012,Round 17,17,2012-09-15,Adelaide Crows,North Melbourne Kangaroos,Adelaide Oval,SA,VIC,1,8,7,14,0,84,14,5,89,-5,0,0
M15895,2012,Round 17,17,2012-09-17,Port Adelaide Power,Collingwood Magpies,Adelaide Oval,SA,VIC,1,6,9,15,0,90,16,5,101,-11,0,0
M15896,2012,Round 18,18,2012-04-01,GWS Giants,Hawthorn Hawks,GIANTS Stadium,NSW,VIC,1,8,7,15,5,95,15,8,98,-3,0,0
M15897,2012,Round 18,18,2012-04-03,Port Adelaide Power,St Kilda Saints,Adelaide Oval,SA,VIC,1,7,6,16,1,97,16,5,101,-4,0,0
M15898,2012,Round 18,18,2012-04-05,Brisbane Lions,Sydney Swans,Gabba,QLD,NSW,1,7,9,12,2,74,13,4,82,-8,0,0
M15899,2012,Round 18,18,2012-04-07,Richmond Tigers,Adelaide Crows,MCG,VIC,SA,1,7,7,14,6,90,13,4,82,8,1,1
M15900,2012,Round 18,18,2012-04-09,Essendon Bombers,Western Bulldogs,Marvel Stadium,VIC,VIC,0,7,7,16,1,97,15,3,93,4,1,1
M15901,2012,Round 18,18,2012-04-11,Geelong Cats,North Melbourne Kangaroos,GMHBA Stadium,VIC,VIC,0,7,8,16,1,97,17,5,107,-10,0,0
M15902,2012,Round 18,18,2012-04-13,Carlton Blues,Gold Coast Suns,Marvel Stadium,VIC,QLD,1,7,6,16,8,104,14,5,89,15,1,1
M15903,2012,Round 18,18,2012-04-15,West Coast Eagles,Fremantle Dockers,Optus Stadium,WA,WA,0,8,7,15,1,91,13,6,84,7,1,1
M15904,2012,Round 18,18,2012-04-17,Melbourne Demons,Collingwood Magpies,MCG,VIC,VIC,0,8,7,16,7,103,15,6,96,7,1,1
M15905,2012,Round 19,19,2012-05-01,Richmond Tigers,Adelaide Crows,MCG,VIC,SA,1,7,7,14,6,90,14,2,86,4,1,1
M15906,2012,Round 19,19,2012-05-03,Western Bulldogs,Carlton Blues,Marvel Stadium,VIC,VIC,0,9,6,16,3,99,15,7,97,2,1,1
M15907,2012,Round 19,19,2012-05-05,Melbourne Demons,Geelong Cats,MCG,VIC,VIC,0,9,7,15,7,97,15,4,94,3,1,1
M15908,2012,Round 19,19,2012-05-07,Sydney Swans,North Melbourne Kangaroos,SCG,NSW,VIC,1,7,7,13,4,82,14,3,87,-5,0,0
M15909,2012,Round 19,19,2012-05-09,Fremantle Dockers,St Kilda Saints,Optus Stadium,WA,VIC,1,9,9,16,2,98,12,4,76,22,1,1
M15910,2012,Round 19,19,2012-05-11,Port Adelaide Power,Hawthorn Hawks,Adelaide Oval,SA,VIC,1,6,7,14,8,92,15,2,92,0,0,0
M15911,2012,Round 19,19,2012-05-13,Collingwood Magpies,Brisbane Lions,MCG,VIC,QLD,1,7,7,16,6,102,13,3,81,21,1,1
M15912,2012,Round 19,19,2012-05-15,GWS Giants,West Coast Eagles,GIANTS Stadium,NSW,WA,1,8,7,16,1,97,11,7,73,24,1,1
M15913,2012,Round 19,19,2012-05-17,Essendon Bombers,Gold Coast Suns,Marvel Stadium,VIC,QLD,1,9,8,12,9,81,12,5,77,4,1,1
M15914,2012,Round 20,20,2012-06-01,Gold Coast Suns,Carlton Blues,Heritage Bank Stadium,QLD,VIC,1,7,7,17,8,110,13,4,82,28,1,1
M15915,2012,Round 20,20,2012-06-03,Geelong Cats,North Melbourne Kangaroos,GMHBA Stadium,VIC,VIC,0,9,7,15,5,95,15,5,95,0,0,0
M15916,2012,Round 20,20,2012-06-05,St Kilda Saints,Brisbane Lions,Marvel Stadium,VIC,QLD,1,9,9,16,1,97,15,6,96,1,1,1
M15917,2012,Round 20,20,2012-06-07,Adelaide Crows,Western Bulldogs,Adelaide Oval,SA,VIC,1,7,8,15,6,96,14,7,91,5,1,1
M15918,2012,Round 20,20,2012-06-09,Collingwood Magpies,Hawthorn Hawks,MCG,VIC,VIC,0,8,8,15,6,96,14,2,86,10,1,1
M15919,2012,Round 20,20,2012-06-11,Sydney Swans,West Coast Eagles,SCG,NSW,WA,1,9,6,16,4,100,13,2,80,20,1,1
M15920,2012,Round 20,20,2012-06-13,GWS Giants,Richmond Tigers,GIANTS Stadium,NSW,VIC,1,6,7,16,5,101,14,3,87,14,1,1
M15921,2012,Round 20,20,2012-06-15,Essendon Bombers,Fremantle Dockers,Marvel Stadium,VIC,WA,1,8,8,16,2,98,12,0,72,26,1,1
M15922,2012,Round 20,20,2012-06-17,Melbourne Demons,Port Adelaide Power,MCG,VIC,SA,1,6,6,16,2,98,13,4,82,16,1,1
M15923,2012,Round 21,21,2012-07-01,Richmond Tigers,Adelaide Crows,MCG,VIC,SA,1,7,7,16,3,99,13,4,82,17,1,1
M15924,2012,Round 21,21,2012-07-03,North Melbourne Kangaroos,Western Bulldogs,Marvel Stadium,VIC,VIC,0,7,8,18,3,111,12,3,75,36,1,1
M15925,2012,Round 21,21,2012-07-05,Hawthorn Hawks,Gold Coast Suns,MCG,VIC,QLD,1,8,8,15,3,93,13,4,82,11,1,1
M15926,2012,Round 21,21,2012-07-07,Geelong Cats,Carlton Blues,GMHBA Stadium,VIC,VIC,0,9,6,12,6,78,15,4,94,-16,0,0
M15927,2012,Round 21,21,2012-07-09,Melbourne Demons,Fremantle Dockers,MCG,VIC,WA,1,8,9,17,1,103,15,9,99,4,1,1
M15928,2012,Round 21,21,2012-07-11,Brisbane Lions,St Kilda Saints,Gabba,QLD,VIC,1,8,6,14,8,92,12,4,76,16,1,1
M15929,2012,Round 21,21,2012-07-13,GWS Giants,West Coast Eagles,GIANTS Stadium,NSW,WA,1,6,6,11,6,72,13,5,83,-11,0,0
M15930,2012,Round 21,21,2012-07-15,Essendon Bombers,Collingwood Magpies,Marvel Stadium,VIC,VIC,0,6,6,16,4,100,15,4,94,6,1,1
M15931,2012,Round 21,21,2012-07-17,Sydney Swans,Port Adelaide Power,SCG,NSW,SA,1,6,7,15,1,91,13,8,86,5,1,1
M15932,2012,Round 22,22,2012-08-01,Geelong Cats,Hawthorn Hawks,GMHBA Stadium,VIC,VIC,0,8,7,15,4,94,15,3,93,1,1,1
M15933,2012,Round 22,22,2012-08-03,Gold Coast Suns,Brisbane Lions,Heritage Bank Stadium,QLD,QLD,0,9,8,17,6,108,12,6,78,30,1,1
M15934,2012,Round 22,22,2012-08-05,Port Adelaide Power,Collingwood Magpies,Adelaide Oval,SA,VIC,1,7,8,17,7,109,12,0,72,37,1,1
M15935,2012,Round 22,22,2012-08-07,Essendon Bombers,Melbourne Demons,Marvel Stadium,VIC,VIC,0,7,6,16,3,99,12,8,80,19,1,1
M15936,2012,Round 22,22,2012-08-09,GWS Giants,North Melbourne Kangaroos,GIANTS Stadium,NSW,VIC,1,7,8,15,5,95,13,7,85,10,1,1
M15937,2012,Round 22,22,2012-08-11,West Coast Eagles,Western Bulldogs,Optus Stadium,WA,VIC,1,8,9,18,6,114,12,6,78,36,1,1
M15938,2012,Round 22,22,2012-08-13,Carlton Blues,Fremantle Dockers,Marvel Stadium,VIC,WA,1,8,7,16,2,98,12,6,78,20,1,1
M15939,2012,Round 22,22,2012-08-15,Adelaide Crows,Sydney Swans,Adelaide Oval,SA,NSW,1,7,6,16,5,101,13,4,82,19,1,1
M15940,2012,Round 22,22,2012-08-17,Richmond Tigers,St Kilda Saints,MCG,VIC,VIC,0,7,9,16,8,104,13,7,85,19,1,1
M15941,2013,Round 1,1,2013-05-01,Western Bulldogs,GWS Giants,Marvel Stadium,VIC,NSW,1,9,9,16,7,103,16,6,102,1,1,1
M15942,2013,Round 1,1,2013-05-03,North Melbourne Kangaroos,Collingwood Magpies,Marvel Stadium,VIC,VIC,0,6,7,16,4,100,12,3,75,25,1,1
M15943,2013,Round 1,1,2013-05-05,Geelong Cats,St Kilda Saints,GMHBA Stadium,VIC,VIC,0,7,7,16,6,102,16,3,99,3,1,1
M15944,2013,Round 1,1,2013-05-07,Carlton Blues,West Coast Eagles,Marvel Stadium,VIC,WA,1,7,8,16,3,99,16,3,99,0,0,0
M15945,2013,Round 1,1,2013-05-09,Brisbane Lions,Gold Coast Suns,Gabba,QLD,QLD,0,9,7,15,8,98,15,5,95,3,1,1
M15946,2013,Round 1,1,2013-05-11,Hawthorn Hawks,Sydney Swans,MCG,VIC,NSW,1,7,6,15,4,94,14,1,85,9,1,1
M15947,2013,Round 1,1,2013-05-13,Port Adelaide Power,Essendon Bombers,Adelaide Oval,SA,VIC,1,8,9,14,7,91,13,5,83,8,1,1
M15948,2013,Round 1,1,2013-05-15,Melbourne Demons,Richmond Tigers,MCG,VIC,VIC,0,8,8,14,5,89,14,0,84,5,1,1
M15949,2013,Round 1,1,2013-05-17,Adelaide Crows,Fremantle Dockers,Adelaide Oval,SA,WA,1,7,6,15,4,94,14,3,87,7,1,1
M15950,2013,Round 2,2,2013-06-01,Richmond Tigers,North Melbourne Kangaroos,MCG,VIC,VIC,0,9,8,15,4,94,14,4,88,6,1,1
M15951,2013,Round 2,2,2013-06-03,Hawthorn Hawks,Brisbane Lions,MCG,VIC,QLD,1,7,7,15,4,94,14,6,90,4,1,1
M15952,2013,Round 2,2,2013-06-05,Sydney Swans,Adelaide Crows,SCG,NSW,SA,1,7,6,17,1,103,13,3,81,22,1,1
M15953,2013,Round 2,2,2013-06-07,Melbourne Demons,GWS Giants,MCG,VIC,NSW,1,9,8,17,5,107,14,5,89,18,1,1
M15954,2013,Round 2,2,2013-06-09,Geelong Cats,St Kilda Saints,GMHBA Stadium,VIC,VIC,0,6,7,16,3,99,14,6,90,9,1,1
M15955,2013,Round 2,2,2013-06-11,Port Adelaide Power,Essendon Bombers,Adelaide Oval,SA,VIC,1,8,7,15,1,91,15,7,97,-6,0,0
M15956,2013,Round 2,2,2013-06-13,Western Bulldogs,West Coast Eagles,Marvel Stadium,VIC,WA,1,6,8,16,5,101,16,2,98,3,1,1
M15957,2013,Round 2,2,2013-06-15,Carlton Blues,Collingwood Magpies,Marvel Stadium,VIC,VIC,0,7,7,14,9,93,11,7,73,20,1,1
M15958,2013,Round 2,2,2013-06-17,Gold Coast Suns,Fremantle Dockers,Heritage Bank Stadium,QLD,WA,1,8,8,17,2,104,12,6,78,26,1,1
M15959,2013,Round 3,3,2013-07-01,Carlton Blues,North Melbourne Kangaroos,Marvel Stadium,VIC,VIC,0,9,7,15,3,93,13,6,84,9,1,1
M15960,2013,Round 3,3,2013-07-03,Brisbane Lions,Essendon Bombers,Gabba,QLD,VIC,1,7,7,14,4,88,15,4,94,-6,0,0
M15961,2013,Round 3,3,2013-07-05,GWS Giants,Fremantle Dockers,GIANTS Stadium,NSW,WA,1,7,6,18,7,115,14,9,93,22,1,1
M15962,2013,Round 3,3,2013-07-07,Adelaide Crows,St Kilda Saints,Adelaide Oval,SA,VIC,1,7,9,15,6,96,10,4,64,32,1,1
M15963,2013,Round 3,3,2013-07-09,Port Adelaide Power,Gold Coast Suns,Adelaide Oval,SA,QLD,1,7,6,15,3,93,12,7,79,14,1,1
M15964,2013,Round 3,3,2013-07-11,Western Bulldogs,Hawthorn Hawks,Marvel Stadium,VIC,VIC,0,8,7,15,4,94,12,4,76,18,1,1
M15965,2013,Round 3,3,2013-07-13,Geelong Cats,Collingwood Magpies,GMHBA Stadium,VIC,VIC,0,7,7,15,5,95,15,5,95,0,0,0
M15966,2013,Round 3,3,2013-07-15,Richmond Tigers,Melbourne Demons,MCG,VIC,VIC,0,8,7,16,3,99,15,1,91,8,1,1
M15967,2013,Round 3,3,2013-07-17,Sydney Swans,West Coast Eagles,SCG,NSW,WA,1,6,6,17,2,104,14,4,88,16,1,1
M15968,2013,Round 4,4,2013-08-01,Fremantle Dockers,Melbourne Demons,Optus Stadium,WA,VIC,1,7,9,15,5,95,13,5,83,12,1,1
M15969,2013,Round 4,4,2013-08-03,Sydney Swans,GWS Giants,SCG,NSW,NSW,0,7,8,13,1,79,13,5,83,-4,0,0
M15970,2013,Round 4,4,2013-08-05,Brisbane Lions,Collingwood Magpies,Gabba,QLD,VIC,1,7,9,15,6,96,19,5,119,-23,0,0
M15971,2013,Round 4,4,2013-08-07,Port Adelaide Power,St Kilda Saints,Adelaide Oval,SA,VIC,1,7,8,18,0,108,13,5,83,25,1,1
M15972,2013,Round 4,4,2013-08-09,Carlton Blues,Geelong Cats,Marvel Stadium,VIC,VIC,0,8,6,17,2,104,14,4,88,16,1,1
M15973,2013,Round 4,4,2013-08-11,Richmond Tigers,Essendon Bombers,MCG,VIC,VIC,0,7,7,13,8,86,14,4,88,-2,0,0
M15974,2013,Round 4,4,2013-08-13,Western Bulldogs,Gold Coast Suns,Marvel Stadium,VIC,QLD,1,7,9,16,4,100,15,8,98,2,1,1
M15975,2013,Round 4,4,2013-08-15,North Melbourne Kangaroos,Hawthorn Hawks,Marvel Stadium,VIC,VIC,0,7,7,15,7,97,14,7,91,6,1,1
M15976,2013,Round 4,4,2013-08-17,Adelaide Crows,West Coast Eagles,Adelaide Oval,SA,WA,1,7,7,12,7,79,15,5,95,-16,0,0
M15977,2013,Round 5,5,2013-09-01,Hawthorn Hawks,Port Adelaide Power,MCG,VIC,SA,1,9,7,13,8,86,13,5,83,3,1,1
M15978,2013,Round 5,5,2013-09-03,Geelong Cats,West Coast Eagles,GMHBA Stadium,VIC,WA,1,9,9,13,9,87,15,2,92,-5,0,0
M15979,2013,Round 5,5,2013-09-05,Sydney Swans,Brisbane Lions,SCG,NSW,QLD,1,7,7,14,6,90,14,5,89,1,1,1
M15980,2013,Round 5,5,2013-09-07,Carlton Blues,Fremantle Dockers,Marvel Stadium,VIC,WA,1,7,9,17,5,107,17,5,107,0,0,0
M15981,2013,Round 5,5,2013-09-09,Gold Coast Suns,Western Bulldogs,Heritage Bank Stadium,QLD,VIC,1,6,8,18,0,108,13,2,80,28,1,1
M15982,2013,Round 5,5,2013-09-11,Collingwood Magpies,GWS Giants,MCG,VIC,NSW,1,7,8,14,4,88,16,3,99,-11,0,0
M15983,2013,Round 5,5,2013-09-13,Adelaide Crows,North Melbourne Kangaroos,Adelaide Oval,SA,VIC,1,7,6,15,4,94,18,8,116,-22,0,0
M15984,2013,Round 5,5,2013-09-15,Melbourne Demons,Essendon Bombers,MCG,VIC,VIC,0,7,7,15,3,93,13,7,85,8,1,1
M15985,2013,Round 5,5,2013-09-17,Richmond Tigers,St Kilda Saints,MCG,VIC,VIC,0,8,8,16,3,99,13,7,85,14,1,1
M15986,2013,Round 6,6,2013-04-01,West Coast Eagles,Western Bulldogs,Optus Stadium,WA,VIC,1,7,7,16,5,101,15,3,93,8,1,1
M15987,2013,Round 6,6,2013-04-03,North Melbourne Kangaroos,Hawthorn Hawks,Marvel Stadium,VIC,VIC,0,7,7,17,7,109,12,5,77,32,1,1
M15988,2013,Round 6,6,2013-04-05,Carlton Blues,Brisbane Lions,Marvel Stadium,VIC,QLD,1,7,7,15,3,93,12,3,75,18,1,1
M15989,2013,Round 6,6,2013-04-07,Gold Coast Suns,Port Adelaide Power,Heritage Bank Stadium,QLD,SA,1,7,8,12,4,76,14,2,86,-10,0,0
M15990,2013,Round 6,6,2013-04-09,GWS Giants,Sydney Swans,GIANTS Stadium,NSW,NSW,0,7,7,15,5,95,13,5,83,12,1,1
M15991,2013,Round 6,6,2013-04-11,Geelong Cats,Melbourne Demons,GMHBA Stadium,VIC,VIC,0,8,7,18,2,110,14,4,88,22,1,1
M15992,2013,Round 6,6,2013-04-13,Essendon Bombers,St Kilda Saints,Marvel Stadium,VIC,VIC,0,9,9,16,1,97,13,7,85,12,1,1
M15993,2013,Round 6,6,2013-04-15,Fremantle Dockers,Richmond Tigers,Optus Stadium,WA,VIC,1,7,9,17,7,109,14,8,92,17,1,1
M15994,2013,Round 6,6,2013-04-17,Adelaide Crows,Collingwood Magpies,Adelaide Oval,SA,VIC,1,7,9,13,7,85,16,5,101,-16,0,0
M15995,2013,Round 7,7,2013-05-01,Brisbane Lions,Richmond Tigers,Gabba,QLD,VIC,1,7,9,16,2,98,12,8,80,18,1,1
M15996,2013,Round 7,7,2013-05-03,Carlton Blues,Geelong Cats,Marvel Stadium,VIC,VIC,0,6,6,15,1,91,12,7,79,12,1,1
M15997,2013,Round 7,7,2013-05-05,Essendon Bombers,Adelaide Crows,Marvel Stadium,VIC,SA,1,9,9,16,6,102,12,5,77,25,1,1
M15998,2013,Round 7,7,2013-05-07,Fremantle Dockers,Western Bulldogs,Optus Stadium,WA,VIC,1,7,7,15,3,93,13,4,82,11,1,1
M15999,2013,Round 7,7,2013-05-09,West Coast Eagles,St Kilda Saints,Optus Stadium,WA,VIC,1,7,7,15,0,90,12,5,77,13,1,1
M16000,2013,Round 7,7,2013-05-11,Sydney Swans,Port Adelaide Power,SCG,NSW,SA,1,7,7,15,0,90,16,0,96,-6,0,0
M16001,2013,Round 7,7,2013-05-13,Hawthorn Hawks,North Melbourne Kangaroos,MCG,VIC,VIC,0,6,7,16,9,105,12,6,78,27,1,1
M16002,2013,Round 7,7,2013-05-15,Collingwood Magpies,GWS Giants,MCG,VIC,NSW,1,7,7,19,5,119,16,5,101,18,1,1
M16003,2013,Round 7,7,2013-05-17,Gold Coast Suns,Melbourne Demons,Heritage Bank Stadium,QLD,VIC,1,7,6,14,9,93,14,3,87,6,1,1
M16004,2013,Round 8,8,2013-06-01,Geelong Cats,Carlton Blues,GMHBA Stadium,VIC,VIC,0,9,7,16,5,101,10,8,68,33,1,1
M16005,2013,Round 8,8,2013-06-03,North Melbourne Kangaroos,Adelaide Crows,Marvel Stadium,VIC,SA,1,7,7,15,5,95,11,3,69,26,1,1
M16006,2013,Round 8,8,2013-06-05,Gold Coast Suns,Melbourne Demons,Heritage Bank Stadium,QLD,VIC,1,6,7,14,3,87,17,3,105,-18,0,0
M16007,2013,Round 8,8,2013-06-07,Richmond Tigers,Hawthorn Hawks,MCG,VIC,VIC,0,9,6,13,6,84,13,5,83,1,1,1
M16008,2013,Round 8,8,2013-06-09,Sydney Swans,Brisbane Lions,SCG,NSW,QLD,1,7,7,14,2,86,15,2,92,-6,0,0
M16009,2013,Round 8,8,2013-06-11,Collingwood Magpies,Essendon Bombers,MCG,VIC,VIC,0,6,8,13,5,83,14,5,89,-6,0,0
M16010,2013,Round 8,8,2013-06-13,Port Adelaide Power,St Kilda Saints,Adelaide Oval,SA,VIC,1,7,6,17,3,105,15,4,94,11,1,1
M16011,2013,Round 8,8,2013-06-15,West Coast Eagles,Western Bulldogs,Optus Stadium,WA,VIC,1,7,6,17,3,105,15,2,92,13,1,1
M16012,2013,Round 8,8,2013-06-17,Fremantle Dockers,GWS Giants,Optus Stadium,WA,NSW,1,9,6,15,5,95,15,2,92,3,1,1
M16013,2013,Round 9,9,2013-07-01,Sydney Swans,Geelong Cats,SCG,NSW,VIC,1,9,6,15,3,93,12,5,77,16,1,1
M16014,2013,Round 9,9,2013-07-03,Fremantle Dockers,Western Bulldogs,Optus Stadium,WA,VIC,1,8,6,17,6,108,13,6,84,24,1,1
M16015,2013,Round 9,9,2013-07-05,Gold Coast Suns,GWS Giants,Heritage Bank Stadium,QLD,NSW,1,8,6,17,0,102,12,6,78,24,1,1
M16016,2013,Round 9,9,2013-07-07,Port Adelaide Power,Adelaide Crows,Adelaide Oval,SA,SA,0,7,7,15,6,96,15,3,93,3,1,1
M16017,2013,Round 9,9,2013-07-09,Richmond Tigers,North Melbourne Kangaroos,MCG,VIC,VIC,0,6,8,15,3,93,12,0,72,21,1,1
M16018,2013,Round 9,9,2013-07-11,Melbourne Demons,West Coast Eagles,MCG,VIC,WA,1,6,6,14,0,84,14,2,86,-2,0,0
M16019,2013,Round 9,9,2013-07-13,Collingwood Magpies,Carlton Blues,MCG,VIC,VIC,0,7,7,15,5,95,15,3,93,2,1,1
M16020,2013,Round 9,9,2013-07-15,Hawthorn Hawks,Essendon Bombers,MCG,VIC,VIC,0,7,7,15,6,96,14,2,86,10,1,1
M16021,2013,Round 9,9,2013-07-17,St Kilda Saints,Brisbane Lions,Marvel Stadium,VIC,QLD,1,7,7,14,2,86,16,2,98,-12,0,0
M16022,2013,Round 10,10,2013-08-01,Geelong Cats,Sydney Swans,GMHBA Stadium,VIC,NSW,1,7,7,13,2,80,11,5,71,9,1,1
M16023,2013,Round 10,10,2013-08-03,Brisbane Lions,Richmond Tigers,Gabba,QLD,VIC,1,8,7,15,1,91,15,7,97,-6,0,0
M16024,2013,Round 10,10,2013-08-05,Fremantle Dockers,Essendon Bombers,Optus Stadium,WA,VIC,1,7,9,12,7,79,13,8,86,-7,0,0
M16025,2013,Round 10,10,2013-08-07,Collingwood Magpies,Gold Coast Suns,MCG,VIC,QLD,1,7,7,17,3,105,12,9,81,24,1,1
M16026,2013,Round 10,10,2013-08-09,Port Adelaide Power,Melbourne Demons,Adelaide Oval,SA,VIC,1,6,9,17,2,104,13,3,81,23,1,1
M16027,2013,Round 10,10,2013-08-11,Adelaide Crows,Hawthorn Hawks,Adelaide Oval,SA,VIC,1,7,7,16,2,98,14,6,90,8,1,1
M16028,2013,Round 10,10,2013-08-13,North Melbourne Kangaroos,West Coast Eagles,Marvel Stadium,VIC,WA,1,8,9,16,2,98,15,5,95,3,1,1
M16029,2013,Round 10,10,2013-08-15,St Kilda Saints,Carlton Blues,Marvel Stadium,VIC,VIC,0,6,7,15,7,97,14,3,87,10,1,1
M16030,2013,Round 10,10,2013-08-17,GWS Giants,Western Bulldogs,GIANTS Stadium,NSW,VIC,1,8,9,17,3,105,16,3,99,6,1,1
M16031,2013,Round 11,11,2013-09-01,Carlton Blues,West Coast Eagles,Marvel Stadium,VIC,WA,1,7,7,14,3,87,13,4,82,5,1,1
M16032,2013,Round 11,11,2013-09-03,Collingwood Magpies,North Melbourne Kangaroos,MCG,VIC,VIC,0,7,8,16,6,102,12,4,76,26,1,1
M16033,2013,Round 11,11,2013-09-05,Adelaide Crows,GWS Giants,Adelaide Oval,SA,NSW,1,7,9,15,8,98,13,6,84,14,1,1
M16034,2013,Round 11,11,2013-09-07,Western Bulldogs,Gold Coast Suns,Marvel Stadium,VIC,QLD,1,7,7,17,7,109,13,4,82,27,1,1
M16035,2013,Round 11,11,2013-09-09,St Kilda Saints,Sydney Swans,Marvel Stadium,VIC,NSW,1,7,8,15,5,95,13,0,78,17,1,1
M16036,2013,Round 11,11,2013-09-11,Essendon Bombers,Brisbane Lions,Marvel Stadium,VIC,QLD,1,7,6,14,7,91,12,3,75,16,1,1
M16037,2013,Round 11,11,2013-09-13,Richmond Tigers,Geelong Cats,MCG,VIC,VIC,0,7,7,16,1,97,12,5,77,20,1,1
M16038,2013,Round 11,11,2013-09-15,Fremantle Dockers,Melbourne Demons,Optus Stadium,WA,VIC,1,7,8,15,8,98,12,7,79,19,1,1
M16039,2013,Round 11,11,2013-09-17,Port Adelaide Power,Hawthorn Hawks,Adelaide Oval,SA,VIC,1,8,7,16,3,99,15,0,90,9,1,1
M16040,2013,Round 12,12,2013-04-01,Brisbane Lions,Western Bulldogs,Gabba,QLD,VIC,1,6,7,16,7,103,12,2,74,29,1,1
M16041,2013,Round 12,12,2013-04-03,Collingwood Magpies,Carlton Blues,MCG,VIC,VIC,0,9,9,14,6,90,14,4,88,2,1,1
M16042,2013,Round 12,12,2013-04-05,Essendon Bombers,Fremantle Dockers,Marvel Stadium,VIC,WA,1,7,7,15,3,93,14,6,90,3,1,1
M16043,2013,Round 12,12,2013-04-07,GWS Giants,Gold Coast Suns,GIANTS Stadium,NSW,QLD,1,7,8,15,6,96,14,4,88,8,1,1
M16044,2013,Round 12,12,2013-04-09,North Melbourne Kangaroos,Melbourne Demons,Marvel Stadium,VIC,VIC,0,7,9,15,3,93,15,7,97,-4,0,0
M16045,2013,Round 12,12,2013-04-11,St Kilda Saints,Geelong Cats,Marvel Stadium,VIC,VIC,0,9,7,17,5,107,15,4,94,13,1,1
M16046,2013,Round 12,12,2013-04-13,Adelaide Crows,Sydney Swans,Adelaide Oval,SA,NSW,1,6,7,15,4,94,15,1,91,3,1,1
M16047,2013,Round 12,12,2013-04-15,West Coast Eagles,Port Adelaide Power,Optus Stadium,WA,SA,1,7,7,16,2,98,13,9,87,11,1,1
M16048,2013,Round 12,12,2013-04-17,Hawthorn Hawks,Richmond Tigers,MCG,VIC,VIC,0,6,9,17,3,105,15,5,95,10,1,1
M16049,2013,Round 13,13,2013-05-01,Brisbane Lions,GWS Giants,Gabba,QLD,NSW,1,9,7,14,4,88,14,7,91,-3,0,0
M16050,2013,Round 13,13,2013-05-03,West Coast Eagles,Richmond Tigers,Optus Stadium,WA,VIC,1,7,9,15,7,97,14,4,88,9,1,1
M16051,2013,Round 13,13,2013-05-05,Western Bulldogs,Sydney Swans,Marvel Stadium,VIC,NSW,1,9,9,15,3,93,13,8,86,7,1,1
M16052,2013,Round 13,13,2013-05-07,North Melbourne Kangaroos,Port Adelaide Power,Marvel Stadium,VIC,SA,1,7,7,15,3,93,12,4,76,17,1,1
M16053,2013,Round 13,13,2013-05-09,Hawthorn Hawks,Geelong Cats,MCG,VIC,VIC,0,9,7,15,2,92,12,5,77,15,1,1
M16054,2013,Round 13,13,2013-05-11,Fremantle Dockers,Melbourne Demons,Optus Stadium,WA,VIC,1,8,7,15,9,99,13,3,81,18,1,1
M16055,2013,Round 13,13,2013-05-13,Gold Coast Suns,Essendon Bombers,Heritage Bank Stadium,QLD,VIC,1,7,6,14,4,88,13,4,82,6,1,1
M16056,2013,Round 13,13,2013-05-15,Collingwood Magpies,Adelaide Crows,MCG,VIC,SA,1,6,7,15,4,94,15,5,95,-1,0,0
M16057,2013,Round 13,13,2013-05-17,Carlton Blues,St Kilda Saints,Marvel Stadium,VIC,VIC,0,7,8,15,6,96,13,4,82,14,1,1
M16058,2013,Round 14,14,2013-06-01,Melbourne Demons,Hawthorn Hawks,MCG,VIC,VIC,0,7,9,13,8,86,15,5,95,-9,0,0
M16059,2013,Round 14,14,2013-06-03,Gold Coast Suns,Adelaide Crows,Heritage Bank Stadium,QLD,SA,1,7,8,15,6,96,11,4,70,26,1,1
M16060,2013,Round 14,14,2013-06-05,Collingwood Magpies,Essendon Bombers,MCG,VIC,VIC,0,6,7,16,4,100,13,6,84,16,1,1
M16061,2013,Round 14,14,2013-06-07,Sydney Swans,Western Bulldogs,SCG,NSW,VIC,1,6,6,17,3,105,11,9,75,30,1,1
M16062,2013,Round 14,14,2013-06-09,Geelong Cats,Carlton Blues,GMHBA Stadium,VIC,VIC,0,7,7,16,5,101,12,4,76,25,1,1
M16063,2013,Round 14,14,2013-06-11,St Kilda Saints,Brisbane Lions,Marvel Stadium,VIC,QLD,1,6,9,14,1,85,14,6,90,-5,0,0
M16064,2013,Round 14,14,2013-06-13,GWS Giants,Richmond Tigers,GIANTS Stadium,NSW,VIC,1,8,9,16,3,99,12,8,80,19,1,1
M16065,2013,Round 14,14,2013-06-15,Fremantle Dockers,West Coast Eagles,Optus Stadium,WA,WA,0,6,7,12,8,80,14,5,89,-9,0,0
M16066,2013,Round 14,14,2013-06-17,Port Adelaide Power,North Melbourne Kangaroos,Adelaide Oval,SA,VIC,1,7,9,15,7,97,17,5,107,-10,0,0
M16067,2013,Round 15,15,2013-07-01,Port Adelaide Power,Gold Coast Suns,Adelaide Oval,SA,QLD,1,8,9,17,7,109,15,0,90,19,1,1
M16068,2013,Round 15,15,2013-07-03,GWS Giants,Carlton Blues,GIANTS Stadium,NSW,VIC,1,7,8,14,7,91,14,6,90,1,1,1
M16069,2013,Round 15,15,2013-07-05,West Coast Eagles,Western Bulldogs,Optus Stadium,WA,VIC,1,9,9,18,7,115,13,2,80,35,1,1
M16070,2013,Round 15,15,2013-07-07,Richmond Tigers,Geelong Cats,MCG,VIC,VIC,0,8,7,17,0,102,12,2,74,28,1,1
M16071,2013,Round 15,15,2013-07-09,Brisbane Lions,Hawthorn Hawks,Gabba,QLD,VIC,1,9,7,17,2,104,16,4,100,4,1,1
M16072,2013,Round 15,15,2013-07-11,Collingwood Magpies,St Kilda Saints,MCG,VIC,VIC,0,8,7,15,2,92,13,4,82,10,1,1
M16073,2013,Round 15,15,2013-07-13,Melbourne Demons,North Melbourne Kangaroos,MCG,VIC,VIC,0,8,7,15,5,95,14,8,92,3,1,1
M16074,2013,Round 15,15,2013-07-15,Adelaide Crows,Sydney Swans,Adelaide Oval,SA,NSW,1,7,7,15,9,99,13,3,81,18,1,1
M16075,2013,Round 15,15,2013-07-17,Essendon Bombers,Fremantle Dockers,Marvel Stadium,VIC,WA,1,8,7,13,7,85,13,4,82,3,1,1
M16076,2013,Round 16,16,2013-08-01,Gold Coast Suns,Collingwood Magpies,Heritage Bank Stadium,QLD,VIC,1,7,7,15,7,97,13,5,83,14,1,1
M16077,2013,Round 16,16,2013-08-03,Geelong Cats,Adelaide Crows,GMHBA Stadium,VIC,SA,1,6,8,15,4,94,15,6,96,-2,0,0
M16078,2013,Round 16,16,2013-08-05,Essendon Bombers,Sydney Swans,Marvel Stadium,VIC,NSW,1,7,6,14,4,88,17,6,108,-20,0,0
M16079,2013,Round 16,16,2013-08-07,Fremantle Dockers,Port Adelaide Power,Optus Stadium,WA,SA,1,9,8,14,8,92,14,0,84,8,1,1
M16080,2013,Round 16,16,2013-08-09,Western Bulldogs,GWS Giants,Marvel Stadium,VIC,NSW,1,9,7,17,1,103,12,3,75,28,1,1
M16081,2013,Round 16,16,2013-08-11,Melbourne Demons,North Melbourne Kangaroos,MCG,VIC,VIC,0,7,7,16,1,97,14,4,88,9,1,1
M16082,2013,Round 16,16,2013-08-13,West Coast Eagles,Richmond Tigers,Optus Stadium,WA,VIC,1,7,7,17,5,107,12,6,78,29,1,1
M16083,2013,Round 16,16,2013-08-15,Hawthorn Hawks,Carlton Blues,MCG,VIC,VIC,0,7,6,19,3,117,15,1,91,26,1,1
M16084,2013,Round 16,16,2013-08-17,Brisbane Lions,St Kilda Saints,Gabba,QLD,VIC,1,7,6,16,6,102,14,5,89,13,1,1
M16085,2013,Round 17,17,2013-09-01,Fremantle Dockers,Essendon Bombers,Optus Stadium,WA,VIC,1,7,7,17,1,103,12,4,76,27,1,1
M16086,2013,Round 17,17,2013-09-03,Geelong Cats,North Melbourne Kangaroos,GMHBA Stadium,VIC,VIC,0,9,7,15,4,94,11,8,74,20,1,1
M16087,2013,Round 17,17,2013-09-05,Richmond Tigers,Western Bulldogs,MCG,VIC,VIC,0,7,9,17,2,104,14,4,88,16,1,1
M16088,2013,Round 17,17,2013-09-07,Collingwood Magpies,West Coast Eagles,MCG,VIC,WA,1,7,7,16,7,103,14,1,85,18,1,1
M16089,2013,Round 17,17,2013-09-09,Brisbane Lions,Hawthorn Hawks,Gabba,QLD,VIC,1,7,6,15,7,97,15,0,90,7,1,1
M16090,2013,Round 17,17,2013-09-11,Port Adelaide Power,Gold Coast Suns,Adelaide Oval,SA,QLD,1,7,9,15,6,96,16,5,101,-5,0,0
M16091,2013,Round 17,17,2013-09-13,St Kilda Saints,Adelaide Crows,Marvel Stadium,VIC,SA,1,7,7,13,7,85,14,9,93,-8,0,0
M16092,2013,Round 17,17,2013-09-15,Carlton Blues,Melbourne Demons,Marvel Stadium,VIC,VIC,0,7,8,16,4,100,13,9,87,13,1,1
M16093,2013,Round 17,17,2013-09-17,Sydney Swans,GWS Giants,SCG,NSW,NSW,0,7,7,15,6,96,11,4,70,26,1,1
M16094,2013,Round 18,18,2013-04-01,Collingwood Magpies,West Coast Eagles,MCG,VIC,WA,1,7,7,16,5,101,12,6,78,23,1,1
M16095,2013,Round 18,18,2013-04-03,St Kilda Saints,GWS Giants,Marvel Stadium,VIC,NSW,1,7,7,15,4,94,11,8,74,20,1,1
M16096,2013,Round 18,18,2013-04-05,Gold Coast Suns,Western Bulldogs,Heritage Bank Stadium,QLD,VIC,1,7,9,14,5,89,14,5,89,0,0,0
M16097,2013,Round 18,18,2013-04-07,Geelong Cats,Melbourne Demons,GMHBA Stadium,VIC,VIC,0,7,6,15,2,92,13,2,80,12,1,1
M16098,2013,Round 18,18,2013-04-09,North Melbourne Kangaroos,Brisbane Lions,Marvel Stadium,VIC,QLD,1,7,7,15,7,97,14,3,87,10,1,1
M16099,2013,Round 18,18,2013-04-11,Port Adelaide Power,Adelaide Crows,Adelaide Oval,SA,SA,0,8,9,15,6,96,12,3,75,21,1,1
M16100,2013,Round 18,18,2013-04-13,Richmond Tigers,Sydney Swans,MCG,VIC,NSW,1,6,8,15,5,95,15,2,92,3,1,1
M16101,2013,Round 18,18,2013-04-15,Carlton Blues,Essendon Bombers,Marvel Stadium,VIC,VIC,0,7,8,18,5,113,12,5,77,36,1,1
M16102,2013,Round 18,18,2013-04-17,Fremantle Dockers,Hawthorn Hawks,Optus Stadium,WA,VIC,1,7,7,17,3,105,13,8,86,19,1,1
M16103,2013,Round 19,19,2013-05-01,GWS Giants,Collingwood Magpies,GIANTS Stadium,NSW,VIC,1,7,8,13,7,85,13,8,86,-1,0,0
M16104,2013,Round 19,19,2013-05-03,Hawthorn Hawks,Geelong Cats,MCG,VIC,VIC,0,8,7,13,6,84,12,4,76,8,1,1
M16105,2013,Round 19,19,2013-05-05,Brisbane Lions,Port Adelaide Power,Gabba,QLD,SA,1,7,7,19,7,121,15,9,99,22,1,1
M16106,2013,Round 19,19,2013-05-07,Essendon Bombers,Fremantle Dockers,Marvel Stadium,VIC,WA,1,7,8,15,8,98,16,7,103,-5,0,0
M16107,2013,Round 19,19,2013-05-09,Melbourne Demons,Western Bulldogs,MCG,VIC,VIC,0,7,9,16,0,96,13,3,81,15,1,1
M16108,2013,Round 19,19,2013-05-11,Adelaide Crows,West Coast Eagles,Adelaide Oval,SA,WA,1,7,8,19,3,117,13,7,85,32,1,1
M16109,2013,Round 19,19,2013-05-13,Sydney Swans,St Kilda Saints,SCG,NSW,VIC,1,7,8,15,2,92,13,3,81,11,1,1
M16110,2013,Round 19,19,2013-05-15,Gold Coast Suns,Richmond Tigers,Heritage Bank Stadium,QLD,VIC,1,9,7,15,8,98,14,5,89,9,1,1
M16111,2013,Round 19,19,2013-05-17,Carlton Blues,North Melbourne Kangaroos,Marvel Stadium,VIC,VIC,0,8,7,15,8,98,17,6,108,-10,0,0
M16112,2013,Round 20,20,2013-06-01,Hawthorn Hawks,Brisbane Lions,MCG,VIC,QLD,1,7,6,15,4,94,11,3,69,25,1,1
M16113,2013,Round 20,20,2013-06-03,Richmond Tigers,Geelong Cats,MCG,VIC,VIC,0,7,7,16,2,98,14,3,87,11,1,1
M16114,2013,Round 20,20,2013-06-05,Melbourne Demons,North Melbourne Kangaroos,MCG,VIC,VIC,0,6,6,16,5,101,17,1,103,-2,0,0
M16115,2013,Round 20,20,2013-06-07,Gold Coast Suns,Collingwood Magpies,Heritage Bank Stadium,QLD,VIC,1,8,6,11,8,74,13,3,81,-7,0,0
M16116,2013,Round 20,20,2013-06-09,West Coast Eagles,Fremantle Dockers,Optus Stadium,WA,WA,0,8,7,14,1,85,15,6,96,-11,0,0
M16117,2013,Round 20,20,2013-06-11,Sydney Swans,Port Adelaide Power,SCG,NSW,SA,1,9,7,15,3,93,15,6,96,-3,0,0
M16118,2013,Round 20,20,2013-06-13,Essendon Bombers,GWS Giants,Marvel Stadium,VIC,NSW,1,7,8,13,3,81,15,5,95,-14,0,0
M16119,2013,Round 20,20,2013-06-15,Western Bulldogs,Adelaide Crows,Marvel Stadium,VIC,SA,1,9,7,17,7,109,14,2,86,23,1,1
M16120,2013,Round 20,20,2013-06-17,St Kilda Saints,Carlton Blues,Marvel Stadium,VIC,VIC,0,7,7,14,8,92,13,5,83,9,1,1
M16121,2013,Round 21,21,2013-07-01,Hawthorn Hawks,GWS Giants,MCG,VIC,NSW,1,7,7,15,4,94,15,7,97,-3,0,0
M16122,2013,Round 21,21,2013-07-03,Brisbane Lions,Port Adelaide Power,Gabba,QLD,SA,1,9,8,15,2,92,13,5,83,9,1,1
M16123,2013,Round 21,21,2013-07-05,Essendon Bombers,Melbourne Demons,Marvel Stadium,VIC,VIC,0,6,7,16,2,98,14,2,86,12,1,1
M16124,2013,Round 21,21,2013-07-07,Adelaide Crows,North Melbourne Kangaroos,Adelaide Oval,SA,VIC,1,9,8,13,1,79,14,2,86,-7,0,0
M16125,2013,Round 21,21,2013-07-09,Richmond Tigers,St Kilda Saints,MCG,VIC,VIC,0,9,6,16,5,101,13,5,83,18,1,1
M16126,2013,Round 21,21,2013-07-11,Sydney Swans,Collingwood Magpies,SCG,NSW,VIC,1,7,7,15,5,95,15,6,96,-1,0,0
M16127,2013,Round 21,21,2013-07-13,Carlton Blues,West Coast Eagles,Marvel Stadium,VIC,WA,1,7,7,17,2,104,14,2,86,18,1,1
M16128,2013,Round 21,21,2013-07-15,Western Bulldogs,Geelong Cats,Marvel Stadium,VIC,VIC,0,7,7,12,4,76,12,7,79,-3,0,0
M16129,2013,Round 21,21,2013-07-17,Fremantle Dockers,Gold Coast Suns,Optus Stadium,WA,QLD,1,7,8,15,7,97,12,5,77,20,1,1
M16130,2013,Round 22,22,2013-08-01,North Melbourne Kangaroos,Port Adelaide Power,Marvel Stadium,VIC,SA,1,7,8,15,4,94,12,7,79,15,1,1
M16131,2013,Round 22,22,2013-08-03,Sydney Swans,Western Bulldogs,SCG,NSW,VIC,1,7,7,13,5,83,12,1,73,10,1,1
M16132,2013,Round 22,22,2013-08-05,Collingwood Magpies,Gold Coast Suns,MCG,VIC,QLD,1,7,6,15,4,94,13,7,85,9,1,1
M16133,2013,Round 22,22,2013-08-07,Essendon Bombers,West Coast Eagles,Marvel Stadium,VIC,WA,1,7,7,12,6,78,15,6,96,-18,0,0
M16134,2013,Round 22,22,2013-08-09,Fremantle Dockers,Adelaide Crows,Optus Stadium,WA,SA,1,7,6,19,7,121,12,7,79,42,1,1
M16135,2013,Round 22,22,2013-08-11,St Kilda Saints,Brisbane Lions,Marvel Stadium,VIC,QLD,1,6,9,15,3,93,12,6,78,15,1,1
M16136,2013,Round 22,22,2013-08-13,Melbourne Demons,Carlton Blues,MCG,VIC,VIC,0,6,6,15,4,94,13,5,83,11,1,1
M16137,2013,Round 22,22,2013-08-15,Richmond Tigers,GWS Giants,MCG,VIC,NSW,1,6,7,14,0,84,13,8,86,-2,0,0
M16138,2013,Round 22,22,2013-08-17,Hawthorn Hawks,Geelong Cats,MCG,VIC,VIC,0,6,7,15,5,95,13,6,84,11,1,1
M16139,2014,Round 1,1,2014-05-01,St Kilda Saints,Sydney Swans,Marvel Stadium,VIC,NSW,1,7,7,16,6,102,12,6,78,24,1,1
M16140,2014,Round 1,1,2014-05-03,West Coast Eagles,Collingwood Magpies,Optus Stadium,WA,VIC,1,7,6,14,4,88,13,6,84,4,1,1
M16141,2014,Round 1,1,2014-05-05,Port Adelaide Power,Hawthorn Hawks,Adelaide Oval,SA,VIC,1,7,7,16,6,102,14,5,89,13,1,1
M16142,2014,Round 1,1,2014-05-07,Essendon Bombers,Geelong Cats,Marvel Stadium,VIC,VIC,0,8,9,16,9,105,13,1,79,26,1,1
M16143,2014,Round 1,1,2014-05-09,Gold Coast Suns,Melbourne Demons,Heritage Bank Stadium,QLD,VIC,1,7,8,16,3,99,14,6,90,9,1,1
M16144,2014,Round 1,1,2014-05-11,Western Bulldogs,Richmond Tigers,Marvel Stadium,VIC,VIC,0,7,7,16,6,102,13,6,84,18,1,1
M16145,2014,Round 1,1,2014-05-13,Adelaide Crows,Carlton Blues,Adelaide Oval,SA,VIC,1,7,6,17,5,107,14,3,87,20,1,1
M16146,2014,Round 1,1,2014-05-15,North Melbourne Kangaroos,Brisbane Lions,Marvel Stadium,VIC,QLD,1,7,6,14,6,90,16,2,98,-8,0,0
M16147,2014,Round 1,1,2014-05-17,GWS Giants,Fremantle Dockers,GIANTS Stadium,NSW,WA,1,9,9,15,4,94,11,4,70,24,1,1
M16148,2014,Round 2,2,2014-06-01,West Coast Eagles,North Melbourne Kangaroos,Optus Stadium,WA,VIC,1,7,8,14,8,92,12,2,74,18,1,1
M16149,2014,Round 2,2,2014-06-03,Melbourne Demons,Essendon Bombers,MCG,VIC,VIC,0,7,7,12,3,75,12,7,79,-4,0,0
M16150,2014,Round 2,2,2014-06-05,Geelong Cats,Brisbane Lions,GMHBA Stadium,VIC,QLD,1,8,7,16,6,102,14,6,90,12,1,1
M16151,2014,Round 2,2,2014-06-07,Sydney Swans,Port Adelaide Power,SCG,NSW,SA,1,7,7,17,4,106,14,6,90,16,1,1
M16152,2014,Round 2,2,2014-06-09,Hawthorn Hawks,GWS Giants,MCG,VIC,NSW,1,6,7,15,3,93,12,3,75,18,1,1
M16153,2014,Round 2,2,2014-06-11,Fremantle Dockers,Gold Coast Suns,Optus Stadium,WA,QLD,1,9,9,14,4,88,15,5,95,-7,0,0
M16154,2014,Round 2,2,2014-06-13,Collingwood Magpies,Western Bulldogs,MCG,VIC,VIC,0,6,7,13,5,83,13,1,79,4,1,1
M16155,2014,Round 2,2,2014-06-15,St Kilda Saints,Carlton Blues,Marvel Stadium,VIC,VIC,0,7,7,15,3,93,14,8,92,1,1,1
M16156,2014,Round 2,2,2014-06-17,Richmond Tigers,Adelaide Crows,MCG,VIC,SA,1,9,7,18,2,110,12,8,80,30,1,1
M16157,2014,Round 3,3,2014-07-01,Carlton Blues,Port Adelaide Power,Marvel Stadium,VIC,SA,1,7,7,19,3,117,12,5,77,40,1,1
M16158,2014,Round 3,3,2014-07-03,West Coast Eagles,Richmond Tigers,Optus Stadium,WA,VIC,1,6,9,13,5,83,14,5,89,-6,0,0
M16159,2014,Round 3,3,2014-07-05,Brisbane Lions,Fremantle Dockers,Gabba,QLD,WA,1,7,7,16,2,98,14,5,89,9,1,1
M16160,2014,Round 3,3,2014-07-07,Sydney Swans,Geelong Cats,SCG,NSW,VIC,1,9,6,16,3,99,14,1,85,14,1,1
M16161,2014,Round 3,3,2014-07-09,North Melbourne Kangaroos,Adelaide Crows,Marvel Stadium,VIC,SA,1,7,8,13,2,80,11,7,73,7,1,1
M16162,2014,Round 3,3,2014-07-11,GWS Giants,Gold Coast Suns,GIANTS Stadium,NSW,QLD,1,7,6,17,6,108,12,2,74,34,1,1
M16163,2014,Round 3,3,2014-07-13,Hawthorn Hawks,Collingwood Magpies,MCG,VIC,VIC,0,7,7,20,2,122,13,6,84,38,1,1
M16164,2014,Round 3,3,2014-07-15,Melbourne Demons,Essendon Bombers,MCG,VIC,VIC,0,6,9,14,3,87,10,4,64,23,1,1
M16165,2014,Round 3,3,2014-07-17,St Kilda Saints,Western Bulldogs,Marvel Stadium,VIC,VIC,0,9,9,18,6,114,13,2,80,34,1,1
M16166,2014,Round 4,4,2014-08-01,Geelong Cats,Carlton Blues,GMHBA Stadium,VIC,VIC,0,7,8,15,5,95,14,5,89,6,1,1
M16167,2014,Round 4,4,2014-08-03,Port Adelaide Power,Sydney Swans,Adelaide Oval,SA,NSW,1,6,6,16,8,104,13,6,84,20,1,1
M16168,2014,Round 4,4,2014-08-05,Richmond Tigers,Brisbane Lions,MCG,VIC,QLD,1,7,7,15,3,93,13,6,84,9,1,1
M16169,2014,Round 4,4,2014-08-07,Fremantle Dockers,Gold Coast Suns,Optus Stadium,WA,QLD,1,7,7,18,5,113,12,4,76,37,1,1
M16170,2014,Round 4,4,2014-08-09,GWS Giants,Hawthorn Hawks,GIANTS Stadium,NSW,VIC,1,6,8,17,0,102,12,9,81,21,1,1
M16171,2014,Round 4,4,2014-08-11,Melbourne Demons,West Coast Eagles,MCG,VIC,WA,1,7,8,16,5,101,12,8,80,21,1,1
M16172,2014,Round 4,4,2014-08-13,Western Bulldogs,Essendon Bombers,Marvel Stadium,VIC,VIC,0,8,8,15,1,91,13,6,84,7,1,1
M16173,2014,Round 4,4,2014-08-15,Adelaide Crows,St Kilda Saints,Adelaide Oval,SA,VIC,1,7,8,12,8,80,15,3,93,-13,0,0
M16174,2014,Round 4,4,2014-08-17,North Melbourne Kangaroos,Collingwood Magpies,Marvel Stadium,VIC,VIC,0,7,7,16,3,99,15,8,98,1,1,1
M16175,2014,Round 5,5,2014-09-01,North Melbourne Kangaroos,GWS Giants,Marvel Stadium,VIC,NSW,1,8,6,16,4,100,13,6,84,16,1,1
M16176,2014,Round 5,5,2014-09-03,Collingwood Magpies,Hawthorn Hawks,MCG,VIC,VIC,0,7,7,16,7,103,14,1,85,18,1,1
M16177,2014,Round 5,5,2014-09-05,Melbourne Demons,St Kilda Saints,MCG,VIC,VIC,0,7,8,18,4,112,17,3,105,7,1,1
M16178,2014,Round 5,5,2014-09-07,Western Bulldogs,Adelaide Crows,Marvel Stadium,VIC,SA,1,8,9,17,4,106,11,4,70,36,1,1
M16179,2014,Round 5,5,2014-09-09,West Coast Eagles,Port Adelaide Power,Optus Stadium,WA,SA,1,9,7,12,8,80,12,6,78,2,1,1
M16180,2014,Round 5,5,2014-09-11,Carlton Blues,Sydney Swans,Marvel Stadium,VIC,NSW,1,9,8,13,9,87,14,9,93,-6,0,0
M16181,2014,Round 5,5,2014-09-13,Fremantle Dockers,Geelong Cats,Optus Stadium,WA,VIC,1,9,8,16,6,102,16,5,101,1,1,1
M16182,2014,Round 5,5,2014-09-15,Brisbane Lions,Essendon Bombers,Gabba,QLD,VIC,1,6,6,16,4,100,14,9,93,7,1,1
M16183,2014,Round 5,5,2014-09-17,Gold Coast Suns,Richmond Tigers,Heritage Bank Stadium,QLD,VIC,1,7,7,16,1,97,15,4,94,3,1,1
M16184,2014,Round 6,6,2014-04-01,Sydney Swans,GWS Giants,SCG,NSW,NSW,0,7,6,14,5,89,13,3,81,8,1,1
M16185,2014,Round 6,6,2014-04-03,Richmond Tigers,Adelaide Crows,MCG,VIC,SA,1,7,7,15,8,98,14,6,90,8,1,1
M16186,2014,Round 6,6,2014-04-05,Fremantle Dockers,Melbourne Demons,Optus Stadium,WA,VIC,1,6,7,14,1,85,15,4,94,-9,0,0
M16187,2014,Round 6,6,2014-04-07,Gold Coast Suns,Brisbane Lions,Heritage Bank Stadium,QLD,QLD,0,7,7,16,2,98,15,5,95,3,1,1
M16188,2014,Round 6,6,2014-04-09,Port Adelaide Power,North Melbourne Kangaroos,Adelaide Oval,SA,VIC,1,7,8,15,5,95,12,7,79,16,1,1
M16189,2014,Round 6,6,2014-04-11,St Kilda Saints,Essendon Bombers,Marvel Stadium,VIC,VIC,0,7,7,19,2,116,14,4,88,28,1,1
M16190,2014,Round 6,6,2014-04-13,West Coast Eagles,Western Bulldogs,Optus Stadium,WA,VIC,1,7,6,15,6,96,14,4,88,8,1,1
M16191,2014,Round 6,6,2014-04-15,Collingwood Magpies,Hawthorn Hawks,MCG,VIC,VIC,0,9,8,16,8,104,13,3,81,23,1,1
M16192,2014,Round 6,6,2014-04-17,Carlton Blues,Geelong Cats,Marvel Stadium,VIC,VIC,0,7,7,15,1,91,14,6,90,1,1,1
M16193,2014,Round 7,7,2014-05-01,Fremantle Dockers,Melbourne Demons,Optus Stadium,WA,VIC,1,7,7,16,4,100,15,7,97,3,1,1
M16194,2014,Round 7,7,2014-05-03,Hawthorn Hawks,GWS Giants,MCG,VIC,NSW,1,7,7,15,6,96,11,1,67,29,1,1
M16195,2014,Round 7,7,2014-05-05,Brisbane Lions,Geelong Cats,Gabba,QLD,VIC,1,8,9,14,4,88,13,3,81,7,1,1
M16196,2014,Round 7,7,2014-05-07,Essendon Bombers,Gold Coast Suns,Marvel Stadium,VIC,QLD,1,8,8,14,2,86,18,6,114,-28,0,0
M16197,2014,Round 7,7,2014-05-09,West Coast Eagles,Carlton Blues,Optus Stadium,WA,VIC,1,6,6,16,3,99,12,4,76,23,1,1
M16198,2014,Round 7,7,2014-05-11,Sydney Swans,Port Adelaide Power,SCG,NSW,SA,1,6,6,17,4,106,13,7,85,21,1,1
M16199,2014,Round 7,7,2014-05-13,Adelaide Crows,North Melbourne Kangaroos,Adelaide Oval,SA,VIC,1,7,6,13,6,84,12,4,76,8,1,1
M16200,2014,Round 7,7,2014-05-15,St Kilda Saints,Collingwood Magpies,Marvel Stadium,VIC,VIC,0,7,6,16,1,97,11,6,72,25,1,1
M16201,2014,Round 7,7,2014-05-17,Richmond Tigers,Western Bulldogs,MCG,VIC,VIC,0,7,7,16,5,101,17,2,104,-3,0,0
M16202,2014,Round 8,8,2014-06-01,Collingwood Magpies,Adelaide Crows,MCG,VIC,SA,1,7,7,14,6,90,13,1,79,11,1,1
M16203,2014,Round 8,8,2014-06-03,Hawthorn Hawks,Essendon Bombers,MCG,VIC,VIC,0,7,8,17,2,104,14,3,87,17,1,1
M16204,2014,Round 8,8,2014-06-05,Brisbane Lions,Richmond Tigers,Gabba,QLD,VIC,1,6,7,16,7,103,14,5,89,14,1,1
M16205,2014,Round 8,8,2014-06-07,St Kilda Saints,Port Adelaide Power,Marvel Stadium,VIC,SA,1,7,7,15,9,99,13,6,84,15,1,1
M16206,2014,Round 8,8,2014-06-09,Geelong Cats,West Coast Eagles,GMHBA Stadium,VIC,WA,1,8,6,16,2,98,14,7,91,7,1,1
M16207,2014,Round 8,8,2014-06-11,North Melbourne Kangaroos,Western Bulldogs,Marvel Stadium,VIC,VIC,0,7,7,18,7,115,13,7,85,30,1,1
M16208,2014,Round 8,8,2014-06-13,Sydney Swans,Fremantle Dockers,SCG,NSW,WA,1,7,7,16,6,102,13,9,87,15,1,1
M16209,2014,Round 8,8,2014-06-15,GWS Giants,Melbourne Demons,GIANTS Stadium,NSW,VIC,1,8,8,16,2,98,14,7,91,7,1,1
M16210,2014,Round 8,8,2014-06-17,Carlton Blues,Gold Coast Suns,Marvel Stadium,VIC,QLD,1,9,7,15,6,96,13,9,87,9,1,1
M16211,2014,Round 9,9,2014-07-01,Adelaide Crows,Hawthorn Hawks,Adelaide Oval,SA,VIC,1,6,7,17,4,106,12,7,79,27,1,1
M16212,2014,Round 9,9,2014-07-03,St Kilda Saints,Melbourne Demons,Marvel Stadium,VIC,VIC,0,8,7,13,9,87,18,0,108,-21,0,0
M16213,2014,Round 9,9,2014-07-05,North Melbourne Kangaroos,GWS Giants,Marvel Stadium,VIC,NSW,1,7,9,15,3,93,14,6,90,3,1,1
M16214,2014,Round 9,9,2014-07-07,Carlton Blues,Western Bulldogs,Marvel Stadium,VIC,VIC,0,7,7,15,3,93,13,8,86,7,1,1
M16215,2014,Round 9,9,2014-07-09,Brisbane Lions,West Coast Eagles,Gabba,QLD,WA,1,8,7,18,3,111,14,6,90,21,1,1
M16216,2014,Round 9,9,2014-07-11,Essendon Bombers,Richmond Tigers,Marvel Stadium,VIC,VIC,0,8,6,15,3,93,14,6,90,3,1,1
M16217,2014,Round 9,9,2014-07-13,Collingwood Magpies,Gold Coast Suns,MCG,VIC,QLD,1,8,9,16,2,98,14,7,91,7,1,1
M16218,2014,Round 9,9,2014-07-15,Sydney Swans,Geelong Cats,SCG,NSW,VIC,1,7,8,15,6,96,12,3,75,21,1,1
M16219,2014,Round 9,9,2014-07-17,Port Adelaide Power,Fremantle Dockers,Adelaide Oval,SA,WA,1,8,8,16,2,98,14,3,87,11,1,1
M16220,2014,Round 10,10,2014-08-01,Essendon Bombers,Collingwood Magpies,Marvel Stadium,VIC,VIC,0,7,6,17,7,109,14,4,88,21,1,1
M16221,2014,Round 10,10,2014-08-03,Gold Coast Suns,Brisbane Lions,Heritage Bank Stadium,QLD,QLD,0,9,6,18,3,111,16,3,99,12,1,1
M16222,2014,Round 10,10,2014-08-05,Carlton Blues,Western Bulldogs,Marvel Stadium,VIC,VIC,0,7,9,13,5,83,14,3,87,-4,0,0
M16223,2014,Round 10,10,2014-08-07,Fremantle Dockers,North Melbourne Kangaroos,Optus Stadium,WA,VIC,1,6,7,15,7,97,15,6,96,1,1,1
M16224,2014,Round 10,10,2014-08-09,Port Adelaide Power,Melbourne Demons,Adelaide Oval,SA,VIC,1,9,6,14,4,88,14,7,91,-3,0,0
M16225,2014,Round 10,10,2014-08-11,Richmond Tigers,St Kilda Saints,MCG,VIC,VIC,0,7,9,14,2,86,13,6,84,2,1,1
M16226,2014,Round 10,10,2014-08-13,Adelaide Crows,Hawthorn Hawks,Adelaide Oval,SA,VIC,1,9,7,17,7,109,15,0,90,19,1,1
M16227,2014,Round 10,10,2014-08-15,West Coast Eagles,Sydney Swans,Optus Stadium,WA,NSW,1,7,7,15,1,91,14,2,86,5,1,1
M16228,2014,Round 10,10,2014-08-17,Geelong Cats,GWS Giants,GMHBA Stadium,VIC,NSW,1,7,9,14,4,88,13,2,80,8,1,1
M16229,2014,Round 11,11,2014-09-01,Adelaide Crows,Collingwood Magpies,Adelaide Oval,SA,VIC,1,7,7,14,6,90,11,2,68,22,1,1
M16230,2014,Round 11,11,2014-09-03,Gold Coast Suns,Brisbane Lions,Heritage Bank Stadium,QLD,QLD,0,7,7,19,1,115,15,1,91,24,1,1
M16231,2014,Round 11,11,2014-09-05,Essendon Bombers,Sydney Swans,Marvel Stadium,VIC,NSW,1,7,8,14,4,88,15,8,98,-10,0,0
M16232,2014,Round 11,11,2014-09-07,Fremantle Dockers,Hawthorn Hawks,Optus Stadium,WA,VIC,1,7,7,16,2,98,14,5,89,9,1,1
M16233,2014,Round 11,11,2014-09-09,Geelong Cats,GWS Giants,GMHBA Stadium,VIC,NSW,1,9,7,16,5,101,14,4,88,13,1,1
M16234,2014,Round 11,11,2014-09-11,North Melbourne Kangaroos,St Kilda Saints,Marvel Stadium,VIC,VIC,0,7,7,17,7,109,10,8,68,41,1,1
M16235,2014,Round 11,11,2014-09-13,Western Bulldogs,West Coast Eagles,Marvel Stadium,VIC,WA,1,8,9,15,5,95,15,2,92,3,1,1
M16236,2014,Round 11,11,2014-09-15,Melbourne Demons,Carlton Blues,MCG,VIC,VIC,0,7,7,15,9,99,13,9,87,12,1,1
M16237,2014,Round 11,11,2014-09-17,Richmond Tigers,Port Adelaide Power,MCG,VIC,SA,1,6,7,15,2,92,14,8,92,0,0,0
M16238,2014,Round 12,12,2014-04-01,Essendon Bombers,GWS Giants,Marvel Stadium,VIC,NSW,1,7,7,14,3,87,16,4,100,-13,0,0
M16239,2014,Round 12,12,2014-04-03,Collingwood Magpies,Port Adelaide Power,MCG,VIC,SA,1,7,6,16,5,101,11,8,74,27,1,1
M16240,2014,Round 12,12,2014-04-05,Richmond Tigers,Geelong Cats,MCG,VIC,VIC,0,7,9,15,6,96,14,5,89,7,1,1
M16241,2014,Round 12,12,2014-04-07,Carlton Blues,Sydney Swans,Marvel Stadium,VIC,NSW,1,7,9,14,3,87,11,5,71,16,1,1
M16242,2014,Round 12,12,2014-04-09,Brisbane Lions,Hawthorn Hawks,Gabba,QLD,VIC,1,7,7,16,4,100,16,4,100,0,0,0
M16243,2014,Round 12,12,2014-04-11,St Kilda Saints,Fremantle Dockers,Marvel Stadium,VIC,WA,1,9,7,17,4,106,12,7,79,27,1,1
M16244,2014,Round 12,12,2014-04-13,West Coast Eagles,Melbourne Demons,Optus Stadium,WA,VIC,1,6,7,18,1,109,13,6,84,25,1,1
M16245,2014,Round 12,12,2014-04-15,Western Bulldogs,North Melbourne Kangaroos,Marvel Stadium,VIC,VIC,0,7,8,13,5,83,13,3,81,2,1,1
M16246,2014,Round 12,12,2014-04-17,Gold Coast Suns,Adelaide Crows,Heritage Bank Stadium,QLD,SA,1,7,7,14,6,90,15,9,99,-9,0,0
M16247,2014,Round 13,13,2014-05-01,Geelong Cats,Port Adelaide Power,GMHBA Stadium,VIC,SA,1,7,7,16,5,101,12,3,75,26,1,1
M16248,2014,Round 13,13,2014-05-03,GWS Giants,Brisbane Lions,GIANTS Stadium,NSW,QLD,1,7,7,14,9,93,14,0,84,9,1,1
M16249,2014,Round 13,13,2014-05-05,Fremantle Dockers,Gold Coast Suns,Optus Stadium,WA,QLD,1,7,8,14,6,90,17,4,106,-16,0,0
M16250,2014,Round 13,13,2014-05-07,Carlton Blues,Adelaide Crows,Marvel Stadium,VIC,SA,1,7,7,14,8,92,15,5,95,-3,0,0
M16251,2014,Round 13,13,2014-05-09,Melbourne Demons,Richmond Tigers,MCG,VIC,VIC,0,8,7,17,6,108,14,3,87,21,1,1
M16252,2014,Round 13,13,2014-05-11,Sydney Swans,Essendon Bombers,SCG,NSW,VIC,1,7,7,15,4,94,15,5,95,-1,0,0
M16253,2014,Round 13,13,2014-05-13,Hawthorn Hawks,West Coast Eagles,MCG,VIC,WA,1,7,7,15,6,96,14,7,91,5,1,1
M16254,2014,Round 13,13,2014-05-15,Collingwood Magpies,St Kilda Saints,MCG,VIC,VIC,0,7,7,15,2,92,13,5,83,9,1,1
M16255,2014,Round 13,13,2014-05-17,Western Bulldogs,North Melbourne Kangaroos,Marvel Stadium,VIC,VIC,0,9,7,18,4,112,14,4,88,24,1,1
M16256,2014,Round 14,14,2014-06-01,Richmond Tigers,Western Bulldogs,MCG,VIC,VIC,0,8,7,14,2,86,10,5,65,21,1,1
M16257,2014,Round 14,14,2014-06-03,Gold Coast Suns,Geelong Cats,Heritage Bank Stadium,QLD,VIC,1,7,8,15,7,97,15,4,94,3,1,1
M16258,2014,Round 14,14,2014-06-05,St Kilda Saints,Sydney Swans,Marvel Stadium,VIC,NSW,1,9,7,18,4,112,11,9,75,37,1,1
M16259,2014,Round 14,14,2014-06-07,Melbourne Demons,North Melbourne Kangaroos,MCG,VIC,VIC,0,7,7,18,3,111,13,9,87,24,1,1
M16260,2014,Round 14,14,2014-06-09,Fremantle Dockers,Adelaide Crows,Optus Stadium,WA,SA,1,7,7,16,1,97,16,1,97,0,0,0
M16261,2014,Round 14,14,2014-06-11,Essendon Bombers,Brisbane Lions,Marvel Stadium,VIC,QLD,1,9,7,16,2,98,12,9,81,17,1,1
M16262,2014,Round 14,14,2014-06-13,Carlton Blues,West Coast Eagles,Marvel Stadium,VIC,WA,1,6,9,15,1,91,14,5,89,2,1,1
M16263,2014,Round 14,14,2014-06-15,Collingwood Magpies,Port Adelaide Power,MCG,VIC,SA,1,6,6,15,6,96,11,6,72,24,1,1
M16264,2014,Round 14,14,2014-06-17,Hawthorn Hawks,GWS Giants,MCG,VIC,NSW,1,6,7,15,5,95,13,2,80,15,1,1
M16265,2014,Round 15,15,2014-07-01,Western Bulldogs,Port Adelaide Power,Marvel Stadium,VIC,SA,1,7,7,14,6,90,13,3,81,9,1,1
M16266,2014,Round 15,15,2014-07-03,Adelaide Crows,Gold Coast Suns,Adelaide Oval,SA,QLD,1,7,9,14,5,89,17,4,106,-17,0,0
M16267,2014,Round 15,15,2014-07-05,Collingwood Magpies,Hawthorn Hawks,MCG,VIC,VIC,0,6,6,15,1,91,11,3,69,22,1,1
M16268,2014,Round 15,15,2014-07-07,West Coast Eagles,Geelong Cats,Optus Stadium,WA,VIC,1,9,7,17,5,107,13,5,83,24,1,1
M16269,2014,Round 15,15,2014-07-09,Fremantle Dockers,Richmond Tigers,Optus Stadium,WA,VIC,1,7,8,16,3,99,11,9,75,24,1,1
M16270,2014,Round 15,15,2014-07-11,GWS Giants,North Melbourne Kangaroos,GIANTS Stadium,NSW,VIC,1,7,7,14,5,89,15,8,98,-9,0,0
M16271,2014,Round 15,15,2014-07-13,Essendon Bombers,St Kilda Saints,Marvel Stadium,VIC,VIC,0,6,7,18,6,114,12,5,77,37,1,1
M16272,2014,Round 15,15,2014-07-15,Carlton Blues,Brisbane Lions,Marvel Stadium,VIC,QLD,1,7,7,14,9,93,13,4,82,11,1,1
M16273,2014,Round 15,15,2014-07-17,Melbourne Demons,Sydney Swans,MCG,VIC,NSW,1,8,7,14,5,89,15,1,91,-2,0,0
M16274,2014,Round 16,16,2014-08-01,West Coast Eagles,Gold Coast Suns,Optus Stadium,WA,QLD,1,8,7,14,3,87,15,3,93,-6,0,0
M16275,2014,Round 16,16,2014-08-03,Melbourne Demons,Carlton Blues,MCG,VIC,VIC,0,8,9,14,1,85,13,2,80,5,1,1
M16276,2014,Round 16,16,2014-08-05,GWS Giants,Brisbane Lions,GIANTS Stadium,NSW,QLD,1,8,9,17,6,108,13,5,83,25,1,1
M16277,2014,Round 16,16,2014-08-07,Adelaide Crows,Port Adelaide Power,Adelaide Oval,SA,SA,0,7,7,14,5,89,13,5,83,6,1,1
M16278,2014,Round 16,16,2014-08-09,Richmond Tigers,Hawthorn Hawks,MCG,VIC,VIC,0,7,7,17,2,104,11,4,70,34,1,1
M16279,2014,Round 16,16,2014-08-11,Western Bulldogs,Geelong Cats,Marvel Stadium,VIC,VIC,0,7,7,13,1,79,14,2,86,-7,0,0
M16280,2014,Round 16,16,2014-08-13,North Melbourne Kangaroos,Essendon Bombers,Marvel Stadium,VIC,VIC,0,9,8,16,6,102,17,2,104,-2,0,0
M16281,2014,Round 16,16,2014-08-15,Fremantle Dockers,Sydney Swans,Optus Stadium,WA,NSW,1,7,7,15,7,97,13,1,79,18,1,1
M16282,2014,Round 16,16,2014-08-17,Collingwood Magpies,St Kilda Saints,MCG,VIC,VIC,0,6,9,14,6,90,15,5,95,-5,0,0
M16283,2014,Round 17,17,2014-09-01,Richmond Tigers,Fremantle Dockers,MCG,VIC,WA,1,7,9,17,4,106,12,5,77,29,1,1
M16284,2014,Round 17,17,2014-09-03,Essendon Bombers,Port Adelaide Power,Marvel Stadium,VIC,SA,1,7,7,14,7,91,13,4,82,9,1,1
M16285,2014,Round 17,17,2014-09-05,GWS Giants,Hawthorn Hawks,GIANTS Stadium,NSW,VIC,1,7,6,17,4,106,14,2,86,20,1,1
M16286,2014,Round 17,17,2014-09-07,Collingwood Magpies,Carlton Blues,MCG,VIC,VIC,0,7,7,15,6,96,15,8,98,-2,0,0
M16287,2014,Round 17,17,2014-09-09,Adelaide Crows,West Coast Eagles,Adelaide Oval,SA,WA,1,6,6,17,4,106,13,5,83,23,1,1
M16288,2014,Round 17,17,2014-09-11,Melbourne Demons,Brisbane Lions,MCG,VIC,QLD,1,7,9,15,2,92,15,5,95,-3,0,0
M16289,2014,Round 17,17,2014-09-13,North Melbourne Kangaroos,Gold Coast Suns,Marvel Stadium,VIC,QLD,1,7,7,16,2,98,10,6,66,32,1,1
M16290,2014,Round 17,17,2014-09-15,St Kilda Saints,Sydney Swans,Marvel Stadium,VIC,NSW,1,6,7,16,1,97,14,4,88,9,1,1
M16291,2014,Round 17,17,2014-09-17,Geelong Cats,Western Bulldogs,GMHBA Stadium,VIC,VIC,0,7,8,16,6,102,13,5,83,19,1,1
M16292,2014,Round 18,18,2014-04-01,GWS Giants,Richmond Tigers,GIANTS Stadium,NSW,VIC,1,8,7,16,7,103,13,8,86,17,1,1
M16293,2014,Round 18,18,2014-04-03,Port Adelaide Power,Sydney Swans,Adelaide Oval,SA,NSW,1,8,6,16,1,97,15,7,97,0,0,0
M16294,2014,Round 18,18,2014-04-05,Melbourne Demons,Carlton Blues,MCG,VIC,VIC,0,6,7,16,4,100,13,5,83,17,1,1
M16295,2014,Round 18,18,2014-04-07,Hawthorn Hawks,St Kilda Saints,MCG,VIC,VIC,0,8,6,16,2,98,14,8,92,6,1,1
M16296,2014,Round 18,18,2014-04-09,Essendon Bombers,Geelong Cats,Marvel Stadium,VIC,VIC,0,9,9,17,2,104,16,8,104,0,0,0
M16297,2014,Round 18,18,2014-04-11,Gold Coast Suns,Adelaide Crows,Heritage Bank Stadium,QLD,SA,1,6,7,16,9,105,10,8,68,37,1,1
M16298,2014,Round 18,18,2014-04-13,North Melbourne Kangaroos,West Coast Eagles,Marvel Stadium,VIC,WA,1,7,6,15,8,98,14,4,88,10,1,1
M16299,2014,Round 18,18,2014-04-15,Collingwood Magpies,Western Bulldogs,MCG,VIC,VIC,0,6,9,17,3,105,13,8,86,19,1,1
M16300,2014,Round 18,18,2014-04-17,Brisbane Lions,Fremantle Dockers,Gabba,QLD,WA,1,7,7,15,4,94,12,2,74,20,1,1
M16301,2014,Round 19,19,2014-05-01,Sydney Swans,GWS Giants,SCG,NSW,NSW,0,7,6,18,6,114,13,3,81,33,1,1
M16302,2014,Round 19,19,2014-05-03,Gold Coast Suns,Port Adelaide Power,Heritage Bank Stadium,QLD,SA,1,8,9,14,3,87,13,3,81,6,1,1
M16303,2014,Round 19,19,2014-05-05,St Kilda Saints,Essendon Bombers,Marvel Stadium,VIC,VIC,0,8,9,17,5,107,13,5,83,24,1,1
M16304,2014,Round 19,19,2014-05-07,Adelaide Crows,Melbourne Demons,Adelaide Oval,SA,VIC,1,7,7,13,5,83,14,8,92,-9,0,0
M16305,2014,Round 19,19,2014-05-09,Richmond Tigers,Geelong Cats,MCG,VIC,VIC,0,7,9,17,3,105,14,4,88,17,1,1
M16306,2014,Round 19,19,2014-05-11,Western Bulldogs,Collingwood Magpies,Marvel Stadium,VIC,VIC,0,6,7,14,2,86,15,7,97,-11,0,0
M16307,2014,Round 19,19,2014-05-13,North Melbourne Kangaroos,Carlton Blues,Marvel Stadium,VIC,VIC,0,7,7,14,4,88,18,3,111,-23,0,0
M16308,2014,Round 19,19,2014-05-15,Fremantle Dockers,West Coast Eagles,Optus Stadium,WA,WA,0,9,7,15,3,93,14,2,86,7,1,1
M16309,2014,Round 19,19,2014-05-17,Hawthorn Hawks,Brisbane Lions,MCG,VIC,QLD,1,8,6,15,5,95,17,2,104,-9,0,0
M16310,2014,Round 20,20,2014-06-01,GWS Giants,Fremantle Dockers,GIANTS Stadium,NSW,WA,1,6,6,17,6,108,14,2,86,22,1,1
M16311,2014,Round 20,20,2014-06-03,Geelong Cats,St Kilda Saints,GMHBA Stadium,VIC,VIC,0,9,8,14,1,85,16,2,98,-13,0,0
M16312,2014,Round 20,20,2014-06-05,Western Bulldogs,Brisbane Lions,Marvel Stadium,VIC,QLD,1,7,6,17,4,106,16,5,101,5,1,1
M16313,2014,Round 20,20,2014-06-07,Richmond Tigers,Sydney Swans,MCG,VIC,NSW,1,6,7,16,4,100,13,5,83,17,1,1
M16314,2014,Round 20,20,2014-06-09,Port Adelaide Power,Collingwood Magpies,Adelaide Oval,SA,VIC,1,7,7,14,4,88,14,6,90,-2,0,0
M16315,2014,Round 20,20,2014-06-11,Hawthorn Hawks,Carlton Blues,MCG,VIC,VIC,0,6,7,17,1,103,13,6,84,19,1,1
M16316,2014,Round 20,20,2014-06-13,Essendon Bombers,North Melbourne Kangaroos,Marvel Stadium,VIC,VIC,0,6,7,15,6,96,15,3,93,3,1,1
M16317,2014,Round 20,20,2014-06-15,Adelaide Crows,Gold Coast Suns,Adelaide Oval,SA,QLD,1,8,7,18,3,111,11,5,71,40,1,1
M16318,2014,Round 20,20,2014-06-17,West Coast Eagles,Melbourne Demons,Optus Stadium,WA,VIC,1,6,8,15,5,95,13,5,83,12,1,1
M16319,2014,Round 21,21,2014-07-01,Essendon Bombers,Carlton Blues,Marvel Stadium,VIC,VIC,0,9,6,17,3,105,12,4,76,29,1,1
M16320,2014,Round 21,21,2014-07-03,Port Adelaide Power,Western Bulldogs,Adelaide Oval,SA,VIC,1,9,8,16,0,96,12,5,77,19,1,1
M16321,2014,Round 21,21,2014-07-05,Geelong Cats,Collingwood Magpies,GMHBA Stadium,VIC,VIC,0,8,6,14,3,87,15,6,96,-9,0,0
M16322,2014,Round 21,21,2014-07-07,North Melbourne Kangaroos,St Kilda Saints,Marvel Stadium,VIC,VIC,0,8,8,18,9,117,11,6,72,45,1,1
M16323,2014,Round 21,21,2014-07-09,West Coast Eagles,Sydney Swans,Optus Stadium,WA,NSW,1,7,7,15,5,95,11,4,70,25,1,1
M16324,2014,Round 21,21,2014-07-11,Fremantle Dockers,Adelaide Crows,Optus Stadium,WA,SA,1,7,7,17,1,103,15,0,90,13,1,1
M16325,2014,Round 21,21,2014-07-13,GWS Giants,Brisbane Lions,GIANTS Stadium,NSW,QLD,1,7,6,14,5,89,14,4,88,1,1,1
M16326,2014,Round 21,21,2014-07-15,Richmond Tigers,Gold Coast Suns,MCG,VIC,QLD,1,7,8,14,6,90,13,7,85,5,1,1
M16327,2014,Round 21,21,2014-07-17,Melbourne Demons,Hawthorn Hawks,MCG,VIC,VIC,0,6,7,12,5,77,11,5,71,6,1,1
M16328,2014,Round 22,22,2014-08-01,Port Adelaide Power,Essendon Bombers,Adelaide Oval,SA,VIC,1,7,8,19,6,120,16,3,99,21,1,1
M16329,2014,Round 22,22,2014-08-03,West Coast Eagles,Richmond Tigers,Optus Stadium,WA,VIC,1,7,8,14,5,89,12,6,78,11,1,1
M16330,2014,Round 22,22,2014-08-05,Western Bulldogs,St Kilda Saints,Marvel Stadium,VIC,VIC,0,6,8,16,6,102,12,8,80,22,1,1
M16331,2014,Round 22,22,2014-08-07,Adelaide Crows,Carlton Blues,Adelaide Oval,SA,VIC,1,6,8,16,5,101,12,7,79,22,1,1
M16332,2014,Round 22,22,2014-08-09,Gold Coast Suns,Sydney Swans,Heritage Bank Stadium,QLD,NSW,1,7,6,13,7,85,13,6,84,1,1,1
M16333,2014,Round 22,22,2014-08-11,Collingwood Magpies,GWS Giants,MCG,VIC,NSW,1,8,9,15,1,91,13,7,85,6,1,1
M16334,2014,Round 22,22,2014-08-13,Hawthorn Hawks,Brisbane Lions,MCG,VIC,QLD,1,8,7,14,5,89,15,7,97,-8,0,0
M16335,2014,Round 22,22,2014-08-15,North Melbourne Kangaroos,Fremantle Dockers,Marvel Stadium,VIC,WA,1,9,6,18,4,112,12,8,80,32,1,1
M16336,2014,Round 22,22,2014-08-17,Geelong Cats,Melbourne Demons,GMHBA Stadium,VIC,VIC,0,6,7,14,7,91,13,6,84,7,1,1
M16337,2015,Round 1,1,2015-05-01,Brisbane Lions,GWS Giants,Gabba,QLD,NSW,1,7,7,15,2,92,15,8,98,-6,0,0
M16338,2015,Round 1,1,2015-05-03,Western Bulldogs,Sydney Swans,Marvel Stadium,VIC,NSW,1,7,9,15,6,96,15,8,98,-2,0,0
M16339,2015,Round 1,1,2015-05-05,North Melbourne Kangaroos,Gold Coast Suns,Marvel Stadium,VIC,QLD,1,6,6,13,7,85,13,6,84,1,1,1
M16340,2015,Round 1,1,2015-05-07,Hawthorn Hawks,Richmond Tigers,MCG,VIC,VIC,0,7,9,16,5,101,13,5,83,18,1,1
M16341,2015,Round 1,1,2015-05-09,Adelaide Crows,Collingwood Magpies,Adelaide Oval,SA,VIC,1,9,6,14,5,89,15,3,93,-4,0,0
M16342,2015,Round 1,1,2015-05-11,West Coast Eagles,Port Adelaide Power,Optus Stadium,WA,SA,1,8,8,14,9,93,16,8,104,-11,0,0
M16343,2015,Round 1,1,2015-05-13,Essendon Bombers,Geelong Cats,Marvel Stadium,VIC,VIC,0,7,8,16,1,97,16,6,102,-5,0,0
M16344,2015,Round 1,1,2015-05-15,Melbourne Demons,Carlton Blues,MCG,VIC,VIC,0,7,7,14,4,88,13,2,80,8,1,1
M16345,2015,Round 1,1,2015-05-17,St Kilda Saints,Fremantle Dockers,Marvel Stadium,VIC,WA,1,7,7,15,6,96,17,6,108,-12,0,0
M16346,2015,Round 2,2,2015-06-01,North Melbourne Kangaroos,Adelaide Crows,Marvel Stadium,VIC,SA,1,7,7,17,2,104,13,2,80,24,1,1
M16347,2015,Round 2,2,2015-06-03,Fremantle Dockers,Richmond Tigers,Optus Stadium,WA,VIC,1,7,7,16,3,99,14,3,87,12,1,1
M16348,2015,Round 2,2,2015-06-05,Essendon Bombers,Geelong Cats,Marvel Stadium,VIC,VIC,0,8,6,16,4,100,14,4,88,12,1,1
M16349,2015,Round 2,2,2015-06-07,St Kilda Saints,Melbourne Demons,Marvel Stadium,VIC,VIC,0,9,6,15,5,95,11,4,70,25,1,1
M16350,2015,Round 2,2,2015-06-09,Brisbane Lions,Carlton Blues,Gabba,QLD,VIC,1,7,8,16,2,98,14,2,86,12,1,1
M16351,2015,Round 2,2,2015-06-11,Western Bulldogs,Collingwood Magpies,Marvel Stadium,VIC,VIC,0,7,7,16,3,99,13,7,85,14,1,1
M16352,2015,Round 2,2,2015-06-13,West Coast Eagles,Gold Coast Suns,Optus Stadium,WA,QLD,1,9,7,16,6,102,14,6,90,12,1,1
M16353,2015,Round 2,2,2015-06-15,Sydney Swans,GWS Giants,SCG,NSW,NSW,0,9,8,17,2,104,14,1,85,19,1,1
M16354,2015,Round 2,2,2015-06-17,Port Adelaide Power,Hawthorn Hawks,Adelaide Oval,SA,VIC,1,6,7,14,5,89,13,5,83,6,1,1
M16355,2015,Round 3,3,2015-07-01,Essendon Bombers,West Coast Eagles,Marvel Stadium,VIC,WA,1,7,7,17,3,105,11,6,72,33,1,1
M16356,2015,Round 3,3,2015-07-03,St Kilda Saints,Adelaide Crows,Marvel Stadium,VIC,SA,1,8,6,15,6,96,13,6,84,12,1,1
M16357,2015,Round 3,3,2015-07-05,Western Bulldogs,Gold Coast Suns,Marvel Stadium,VIC,QLD,1,6,9,16,5,101,13,7,85,16,1,1
M16358,2015,Round 3,3,2015-07-07,Collingwood Magpies,GWS Giants,MCG,VIC,NSW,1,7,9,15,2,92,13,3,81,11,1,1
M16359,2015,Round 3,3,2015-07-09,Carlton Blues,Melbourne Demons,Marvel Stadium,VIC,VIC,0,8,8,13,5,83,13,2,80,3,1,1
M16360,2015,Round 3,3,2015-07-11,Brisbane Lions,Sydney Swans,Gabba,QLD,NSW,1,9,7,16,3,99,13,9,87,12,1,1
M16361,2015,Round 3,3,2015-07-13,Fremantle Dockers,Richmond Tigers,Optus Stadium,WA,VIC,1,7,8,16,4,100,15,4,94,6,1,1
M16362,2015,Round 3,3,2015-07-15,Port Adelaide Power,North Melbourne Kangaroos,Adelaide Oval,SA,VIC,1,7,7,14,2,86,10,5,65,21,1,1
M16363,2015,Round 3,3,2015-07-17,Hawthorn Hawks,Geelong Cats,MCG,VIC,VIC,0,7,9,16,7,103,14,6,90,13,1,1
M16364,2015,Round 4,4,2015-08-01,North Melbourne Kangaroos,St Kilda Saints,Marvel Stadium,VIC,VIC,0,7,7,15,4,94,13,3,81,13,1,1
M16365,2015,Round 4,4,2015-08-03,West Coast Eagles,Geelong Cats,Optus Stadium,WA,VIC,1,6,7,16,5,101,13,3,81,20,1,1
M16366,2015,Round 4,4,2015-08-05,Western Bulldogs,Carlton Blues,Marvel Stadium,VIC,VIC,0,7,6,15,6,96,14,2,86,10,1,1
M16367,2015,Round 4,4,2015-08-07,GWS Giants,Gold Coast Suns,GIANTS Stadium,NSW,QLD,1,7,7,14,5,89,14,6,90,-1,0,0
M16368,2015,Round 4,4,2015-08-09,Essendon Bombers,Melbourne Demons,Marvel Stadium,VIC,VIC,0,9,6,18,2,110,16,3,99,11,1,1
M16369,2015,Round 4,4,2015-08-11,Richmond Tigers,Fremantle Dockers,MCG,VIC,WA,1,9,7,16,4,100,15,1,91,9,1,1
M16370,2015,Round 4,4,2015-08-13,Adelaide Crows,Collingwood Magpies,Adelaide Oval,SA,VIC,1,7,7,14,1,85,12,7,79,6,1,1
M16371,2015,Round 4,4,2015-08-15,Port Adelaide Power,Brisbane Lions,Adelaide Oval,SA,QLD,1,7,7,15,4,94,12,6,78,16,1,1
M16372,2015,Round 4,4,2015-08-17,Hawthorn Hawks,Sydney Swans,MCG,VIC,NSW,1,7,7,16,9,105,13,8,86,19,1,1
M16373,2015,Round 5,5,2015-09-01,Richmond Tigers,Collingwood Magpies,MCG,VIC,VIC,0,7,9,13,3,81,12,7,79,2,1,1
M16374,2015,Round 5,5,2015-09-03,Hawthorn Hawks,Geelong Cats,MCG,VIC,VIC,0,7,7,15,3,93,13,2,80,13,1,1
M16375,2015,Round 5,5,2015-09-05,Brisbane Lions,GWS Giants,Gabba,QLD,NSW,1,6,7,14,6,90,11,6,72,18,1,1
M16376,2015,Round 5,5,2015-09-07,West Coast Eagles,Carlton Blues,Optus Stadium,WA,VIC,1,7,7,15,8,98,11,4,70,28,1,1
M16377,2015,Round 5,5,2015-09-09,Essendon Bombers,Adelaide Crows,Marvel Stadium,VIC,SA,1,6,8,15,7,97,15,4,94,3,1,1
M16378,2015,Round 5,5,2015-09-11,St Kilda Saints,Gold Coast Suns,Marvel Stadium,VIC,QLD,1,7,6,14,4,88,13,7,85,3,1,1
M16379,2015,Round 5,5,2015-09-13,North Melbourne Kangaroos,Western Bulldogs,Marvel Stadium,VIC,VIC,0,8,7,13,7,85,12,0,72,13,1,1
M16380,2015,Round 5,5,2015-09-15,Sydney Swans,Fremantle Dockers,SCG,NSW,WA,1,7,7,16,7,103,14,5,89,14,1,1
M16381,2015,Round 5,5,2015-09-17,Port Adelaide Power,Melbourne Demons,Adelaide Oval,SA,VIC,1,7,7,18,4,112,13,4,82,30,1,1
M16382,2015,Round 6,6,2015-04-01,West Coast Eagles,Collingwood Magpies,Optus Stadium,WA,VIC,1,7,8,15,2,92,15,8,98,-6,0,0
M16383,2015,Round 6,6,2015-04-03,Fremantle Dockers,Western Bulldogs,Optus Stadium,WA,VIC,1,7,8,19,1,115,12,2,74,41,1,1
M16384,2015,Round 6,6,2015-04-05,North Melbourne Kangaroos,Richmond Tigers,Marvel Stadium,VIC,VIC,0,7,7,15,1,91,13,3,81,10,1,1
M16385,2015,Round 6,6,2015-04-07,Adelaide Crows,St Kilda Saints,Adelaide Oval,SA,VIC,1,7,6,16,5,101,12,4,76,25,1,1
M16386,2015,Round 6,6,2015-04-09,Melbourne Demons,Gold Coast Suns,MCG,VIC,QLD,1,7,7,16,5,101,13,0,78,23,1,1
M16387,2015,Round 6,6,2015-04-11,Brisbane Lions,Carlton Blues,Gabba,QLD,VIC,1,7,7,13,5,83,15,1,91,-8,0,0
M16388,2015,Round 6,6,2015-04-13,Essendon Bombers,Hawthorn Hawks,Marvel Stadium,VIC,VIC,0,6,7,16,8,104,15,4,94,10,1,1
M16389,2015,Round 6,6,2015-04-15,Port Adelaide Power,Sydney Swans,Adelaide Oval,SA,NSW,1,7,7,14,4,88,16,1,97,-9,0,0
M16390,2015,Round 6,6,2015-04-17,Geelong Cats,GWS Giants,GMHBA Stadium,VIC,NSW,1,8,8,19,4,118,12,7,79,39,1,1
M16391,2015,Round 7,7,2015-05-01,Richmond Tigers,Brisbane Lions,MCG,VIC,QLD,1,7,7,13,5,83,14,1,85,-2,0,0
M16392,2015,Round 7,7,2015-05-03,Gold Coast Suns,Hawthorn Hawks,Heritage Bank Stadium,QLD,VIC,1,7,9,17,5,107,13,0,78,29,1,1
M16393,2015,Round 7,7,2015-05-05,Melbourne Demons,GWS Giants,MCG,VIC,NSW,1,9,8,14,8,92,13,7,85,7,1,1
M16394,2015,Round 7,7,2015-05-07,Port Adelaide Power,Essendon Bombers,Adelaide Oval,SA,VIC,1,9,7,17,4,106,10,8,68,38,1,1
M16395,2015,Round 7,7,2015-05-09,Fremantle Dockers,North Melbourne Kangaroos,Optus Stadium,WA,VIC,1,7,6,13,5,83,14,6,90,-7,0,0
M16396,2015,Round 7,7,2015-05-11,Sydney Swans,Collingwood Magpies,SCG,NSW,VIC,1,8,6,18,6,114,13,6,84,30,1,1
M16397,2015,Round 7,7,2015-05-13,St Kilda Saints,Geelong Cats,Marvel Stadium,VIC,VIC,0,7,7,16,1,97,15,2,92,5,1,1
M16398,2015,Round 7,7,2015-05-15,Western Bulldogs,Carlton Blues,Marvel Stadium,VIC,VIC,0,6,6,15,8,98,15,3,93,5,1,1
M16399,2015,Round 7,7,2015-05-17,Adelaide Crows,West Coast Eagles,Adelaide Oval,SA,WA,1,8,6,16,5,101,14,2,86,15,1,1
M16400,2015,Round 8,8,2015-06-01,Brisbane Lions,Western Bulldogs,Gabba,QLD,VIC,1,7,7,17,1,103,14,3,87,16,1,1
M16401,2015,Round 8,8,2015-06-03,Melbourne Demons,Adelaide Crows,MCG,VIC,SA,1,6,9,16,3,99,13,6,84,15,1,1
M16402,2015,Round 8,8,2015-06-05,West Coast Eagles,Essendon Bombers,Optus Stadium,WA,VIC,1,7,8,16,1,97,12,5,77,20,1,1
M16403,2015,Round 8,8,2015-06-07,St Kilda Saints,Gold Coast Suns,Marvel Stadium,VIC,QLD,1,9,9,17,5,107,14,3,87,20,1,1
M16404,2015,Round 8,8,2015-06-09,Carlton Blues,Geelong Cats,Marvel Stadium,VIC,VIC,0,7,6,16,6,102,14,2,86,16,1,1
M16405,2015,Round 8,8,2015-06-11,Port Adelaide Power,North Melbourne Kangaroos,Adelaide Oval,SA,VIC,1,6,9,16,3,99,16,6,102,-3,0,0
M16406,2015,Round 8,8,2015-06-13,Fremantle Dockers,Collingwood Magpies,Optus Stadium,WA,VIC,1,7,9,15,5,95,12,3,75,20,1,1
M16407,2015,Round 8,8,2015-06-15,Richmond Tigers,Sydney Swans,MCG,VIC,NSW,1,9,7,15,5,95,15,7,97,-2,0,0
M16408,2015,Round 8,8,2015-06-17,Hawthorn Hawks,GWS Giants,MCG,VIC,NSW,1,7,7,18,3,111,14,5,89,22,1,1
M16409,2015,Round 9,9,2015-07-01,Brisbane Lions,Port Adelaide Power,Gabba,QLD,SA,1,6,7,15,7,97,13,4,82,15,1,1
M16410,2015,Round 9,9,2015-07-03,Geelong Cats,Gold Coast Suns,GMHBA Stadium,VIC,QLD,1,7,9,14,5,89,15,6,96,-7,0,0
M16411,2015,Round 9,9,2015-07-05,North Melbourne Kangaroos,Hawthorn Hawks,Marvel Stadium,VIC,VIC,0,7,7,14,6,90,13,7,85,5,1,1
M16412,2015,Round 9,9,2015-07-07,Sydney Swans,Essendon Bombers,SCG,NSW,VIC,1,6,6,15,6,96,12,7,79,17,1,1
M16413,2015,Round 9,9,2015-07-09,Melbourne Demons,Carlton Blues,MCG,VIC,VIC,0,6,6,14,1,85,11,4,70,15,1,1
M16414,2015,Round 9,9,2015-07-11,Collingwood Magpies,GWS Giants,MCG,VIC,NSW,1,8,7,15,3,93,13,3,81,12,1,1
M16415,2015,Round 9,9,2015-07-13,Fremantle Dockers,Adelaide Crows,Optus Stadium,WA,SA,1,8,6,15,6,96,13,4,82,14,1,1
M16416,2015,Round 9,9,2015-07-15,Richmond Tigers,West Coast Eagles,MCG,VIC,WA,1,8,7,16,5,101,13,3,81,20,1,1
M16417,2015,Round 9,9,2015-07-17,Western Bulldogs,St Kilda Saints,Marvel Stadium,VIC,VIC,0,7,9,15,0,90,15,1,91,-1,0,0
M16418,2015,Round 10,10,2015-08-01,Carlton Blues,Sydney Swans,Marvel Stadium,VIC,NSW,1,9,7,15,5,95,16,3,99,-4,0,0
M16419,2015,Round 10,10,2015-08-03,Melbourne Demons,Adelaide Crows,MCG,VIC,SA,1,7,7,16,6,102,12,8,80,22,1,1
M16420,2015,Round 10,10,2015-08-05,West Coast Eagles,GWS Giants,Optus Stadium,WA,NSW,1,9,7,14,2,86,15,5,95,-9,0,0
M16421,2015,Round 10,10,2015-08-07,Geelong Cats,Richmond Tigers,GMHBA Stadium,VIC,VIC,0,7,8,13,6,84,16,4,100,-16,0,0
M16422,2015,Round 10,10,2015-08-09,Gold Coast Suns,Fremantle Dockers,Heritage Bank Stadium,QLD,WA,1,9,6,15,7,97,14,7,91,6,1,1
M16423,2015,Round 10,10,2015-08-11,Hawthorn Hawks,Port Adelaide Power,MCG,VIC,SA,1,7,7,15,3,93,13,5,83,10,1,1
M16424,2015,Round 10,10,2015-08-13,Collingwood Magpies,St Kilda Saints,MCG,VIC,VIC,0,7,9,15,3,93,11,1,67,26,1,1
M16425,2015,Round 10,10,2015-08-15,Brisbane Lions,Western Bulldogs,Gabba,QLD,VIC,1,7,6,14,7,91,15,5,95,-4,0,0
M16426,2015,Round 10,10,2015-08-17,North Melbourne Kangaroos,Essendon Bombers,Marvel Stadium,VIC,VIC,0,7,8,13,8,86,13,3,81,5,1,1
M16427,2015,Round 11,11,2015-09-01,Gold Coast Suns,West Coast Eagles,Heritage Bank Stadium,QLD,WA,1,7,7,14,5,89,12,4,76,13,1,1
M16428,2015,Round 11,11,2015-09-03,Collingwood Magpies,Richmond Tigers,MCG,VIC,VIC,0,8,8,15,4,94,13,4,82,12,1,1
M16429,2015,Round 11,11,2015-09-05,Essendon Bombers,Hawthorn Hawks,Marvel Stadium,VIC,VIC,0,8,6,17,6,108,13,6,84,24,1,1
M16430,2015,Round 11,11,2015-09-07,Port Adelaide Power,Geelong Cats,Adelaide Oval,SA,VIC,1,7,7,14,2,86,14,8,92,-6,0,0
M16431,2015,Round 11,11,2015-09-09,Sydney Swans,Adelaide Crows,SCG,NSW,SA,1,7,6,13,4,82,11,3,69,13,1,1
M16432,2015,Round 11,11,2015-09-11,North Melbourne Kangaroos,Western Bulldogs,Marvel Stadium,VIC,VIC,0,7,7,15,4,94,13,5,83,11,1,1
M16433,2015,Round 11,11,2015-09-13,GWS Giants,St Kilda Saints,GIANTS Stadium,NSW,VIC,1,7,7,20,4,124,14,6,90,34,1,1
M16434,2015,Round 11,11,2015-09-15,Melbourne Demons,Fremantle Dockers,MCG,VIC,WA,1,9,9,15,3,93,16,0,96,-3,0,0
M16435,2015,Round 11,11,2015-09-17,Brisbane Lions,Carlton Blues,Gabba,QLD,VIC,1,7,8,17,5,107,14,6,90,17,1,1
M16436,2015,Round 12,12,2015-04-01,Brisbane Lions,West Coast Eagles,Gabba,QLD,WA,1,7,8,15,6,96,14,1,85,11,1,1
M16437,2015,Round 12,12,2015-04-03,Essendon Bombers,Gold Coast Suns,Marvel Stadium,VIC,QLD,1,8,7,17,4,106,13,3,81,25,1,1
M16438,2015,Round 12,12,2015-04-05,Fremantle Dockers,St Kilda Saints,Optus Stadium,WA,VIC,1,7,6,16,8,104,12,5,77,27,1,1
M16439,2015,Round 12,12,2015-04-07,Collingwood Magpies,Melbourne Demons,MCG,VIC,VIC,0,7,7,14,6,90,12,6,78,12,1,1
M16440,2015,Round 12,12,2015-04-09,Richmond Tigers,Adelaide Crows,MCG,VIC,SA,1,6,8,14,4,88,14,4,88,0,0,0
M16441,2015,Round 12,12,2015-04-11,GWS Giants,North Melbourne Kangaroos,GIANTS Stadium,NSW,VIC,1,7,8,15,7,97,15,5,95,2,1,1
M16442,2015,Round 12,12,2015-04-13,Sydney Swans,Carlton Blues,SCG,NSW,VIC,1,9,9,16,5,101,13,8,86,15,1,1
M16443,2015,Round 12,12,2015-04-15,Port Adelaide Power,Geelong Cats,Adelaide Oval,SA,VIC,1,7,7,15,1,91,9,3,57,34,1,1
M16444,2015,Round 12,12,2015-04-17,Western Bulldogs,Hawthorn Hawks,Marvel Stadium,VIC,VIC,0,7,9,16,8,104,15,5,95,9,1,1
M16445,2015,Round 13,13,2015-05-01,Melbourne Demons,Essendon Bombers,MCG,VIC,VIC,0,9,7,15,4,94,13,8,86,8,1,1
M16446,2015,Round 13,13,2015-05-03,Sydney Swans,Hawthorn Hawks,SCG,NSW,VIC,1,9,8,14,0,84,14,3,87,-3,0,0
M16447,2015,Round 13,13,2015-05-05,Brisbane Lions,North Melbourne Kangaroos,Gabba,QLD,VIC,1,6,9,16,0,96,15,3,93,3,1,1
M16448,2015,Round 13,13,2015-05-07,Fremantle Dockers,Geelong Cats,Optus Stadium,WA,VIC,1,7,8,15,9,99,12,3,75,24,1,1
M16449,2015,Round 13,13,2015-05-09,Western Bulldogs,GWS Giants,Marvel Stadium,VIC,NSW,1,9,7,14,6,90,15,9,99,-9,0,0
M16450,2015,Round 13,13,2015-05-11,Port Adelaide Power,West Coast Eagles,Adelaide Oval,SA,WA,1,7,9,13,8,86,14,4,88,-2,0,0
M16451,2015,Round 13,13,2015-05-13,St Kilda Saints,Adelaide Crows,Marvel Stadium,VIC,SA,1,7,7,15,7,97,14,7,91,6,1,1
M16452,2015,Round 13,13,2015-05-15,Carlton Blues,Richmond Tigers,Marvel Stadium,VIC,VIC,0,7,6,15,2,92,16,9,105,-13,0,0
M16453,2015,Round 13,13,2015-05-17,Collingwood Magpies,Gold Coast Suns,MCG,VIC,QLD,1,6,7,16,8,104,18,7,115,-11,0,0
M16454,2015,Round 14,14,2015-06-01,Collingwood Magpies,Carlton Blues,MCG,VIC,VIC,0,6,6,19,3,117,14,0,84,33,1,1
M16455,2015,Round 14,14,2015-06-03,Sydney Swans,Adelaide Crows,SCG,NSW,SA,1,8,7,15,8,98,14,4,88,10,1,1
M16456,2015,Round 14,14,2015-06-05,Fremantle Dockers,Port Adelaide Power,Optus Stadium,WA,SA,1,6,7,17,5,107,16,4,100,7,1,1
M16457,2015,Round 14,14,2015-06-07,GWS Giants,Brisbane Lions,GIANTS Stadium,NSW,QLD,1,8,8,16,4,100,14,1,85,15,1,1
M16458,2015,Round 14,14,2015-06-09,St Kilda Saints,Richmond Tigers,Marvel Stadium,VIC,VIC,0,7,7,17,2,104,15,5,95,9,1,1
M16459,2015,Round 14,14,2015-06-11,Gold Coast Suns,North Melbourne Kangaroos,Heritage Bank Stadium,QLD,VIC,1,9,7,18,1,109,14,3,87,22,1,1
M16460,2015,Round 14,14,2015-06-13,Western Bulldogs,Melbourne Demons,Marvel Stadium,VIC,VIC,0,7,6,16,3,99,15,8,98,1,1,1
M16461,2015,Round 14,14,2015-06-15,Geelong Cats,West Coast Eagles,GMHBA Stadium,VIC,WA,1,8,6,14,0,84,15,5,95,-11,0,0
M16462,2015,Round 14,14,2015-06-17,Essendon Bombers,Hawthorn Hawks,Marvel Stadium,VIC,VIC,0,7,8,15,9,99,14,4,88,11,1,1
M16463,2015,Round 15,15,2015-07-01,Carlton Blues,North Melbourne Kangaroos,Marvel Stadium,VIC,VIC,0,7,8,16,3,99,15,7,97,2,1,1
M16464,2015,Round 15,15,2015-07-03,Western Bulldogs,Collingwood Magpies,Marvel Stadium,VIC,VIC,0,6,8,14,6,90,15,5,95,-5,0,0
M16465,2015,Round 15,15,2015-07-05,West Coast Eagles,Brisbane Lions,Optus Stadium,WA,QLD,1,7,6,17,7,109,13,2,80,29,1,1
M16466,2015,Round 15,15,2015-07-07,Richmond Tigers,Essendon Bombers,MCG,VIC,VIC,0,7,9,15,5,95,13,0,78,17,1,1
M16467,2015,Round 15,15,2015-07-09,Melbourne Demons,St Kilda Saints,MCG,VIC,VIC,0,8,7,16,2,98,15,3,93,5,1,1
M16468,2015,Round 15,15,2015-07-11,Port Adelaide Power,Geelong Cats,Adelaide Oval,SA,VIC,1,8,6,15,5,95,17,0,102,-7,0,0
M16469,2015,Round 15,15,2015-07-13,Adelaide Crows,GWS Giants,Adelaide Oval,SA,NSW,1,6,7,16,3,99,13,6,84,15,1,1
M16470,2015,Round 15,15,2015-07-15,Gold Coast Suns,Fremantle Dockers,Heritage Bank Stadium,QLD,WA,1,6,6,13,4,82,15,2,92,-10,0,0
M16471,2015,Round 15,15,2015-07-17,Sydney Swans,Hawthorn Hawks,SCG,NSW,VIC,1,7,7,15,7,97,11,8,74,23,1,1
M16472,2015,Round 16,16,2015-08-01,Richmond Tigers,Fremantle Dockers,MCG,VIC,WA,1,6,9,14,4,88,15,2,92,-4,0,0
M16473,2015,Round 16,16,2015-08-03,Adelaide Crows,Brisbane Lions,Adelaide Oval,SA,QLD,1,6,7,17,1,103,14,7,91,12,1,1
M16474,2015,Round 16,16,2015-08-05,Gold Coast Suns,Port Adelaide Power,Heritage Bank Stadium,QLD,SA,1,7,9,14,6,90,13,9,87,3,1,1
M16475,2015,Round 16,16,2015-08-07,North Melbourne Kangaroos,Sydney Swans,Marvel Stadium,VIC,NSW,1,8,8,16,9,105,15,2,92,13,1,1
M16476,2015,Round 16,16,2015-08-09,Melbourne Demons,Hawthorn Hawks,MCG,VIC,VIC,0,7,7,16,8,104,15,4,94,10,1,1
M16477,2015,Round 16,16,2015-08-11,West Coast Eagles,Collingwood Magpies,Optus Stadium,WA,VIC,1,7,9,14,5,89,11,4,70,19,1,1
M16478,2015,Round 16,16,2015-08-13,Western Bulldogs,Carlton Blues,Marvel Stadium,VIC,VIC,0,8,7,18,5,113,17,2,104,9,1,1
M16479,2015,Round 16,16,2015-08-15,St Kilda Saints,Geelong Cats,Marvel Stadium,VIC,VIC,0,7,6,12,2,74,15,5,95,-21,0,0
M16480,2015,Round 16,16,2015-08-17,Essendon Bombers,GWS Giants,Marvel Stadium,VIC,NSW,1,8,7,14,3,87,16,4,100,-13,0,0
M16481,2015,Round 17,17,2015-09-01,Collingwood Magpies,St Kilda Saints,MCG,VIC,VIC,0,8,9,19,5,119,14,4,88,31,1,1
M16482,2015,Round 17,17,2015-09-03,Port Adelaide Power,GWS Giants,Adelaide Oval,SA,NSW,1,7,8,15,7,97,12,8,80,17,1,1
M16483,2015,Round 17,17,2015-09-05,Melbourne Demons,West Coast Eagles,MCG,VIC,WA,1,7,7,13,4,82,12,5,77,5,1,1
M16484,2015,Round 17,17,2015-09-07,Geelong Cats,Essendon Bombers,GMHBA Stadium,VIC,VIC,0,7,8,15,5,95,13,6,84,11,1,1
M16485,2015,Round 17,17,2015-09-09,Hawthorn Hawks,Gold Coast Suns,MCG,VIC,QLD,1,7,7,15,2,92,12,1,73,19,1,1
M16486,2015,Round 17,17,2015-09-11,Carlton Blues,North Melbourne Kangaroos,Marvel Stadium,VIC,VIC,0,6,8,16,2,98,14,6,90,8,1,1
M16487,2015,Round 17,17,2015-09-13,Adelaide Crows,Richmond Tigers,Adelaide Oval,SA,VIC,1,8,8,17,8,110,16,3,99,11,1,1
M16488,2015,Round 17,17,2015-09-15,Fremantle Dockers,Sydney Swans,Optus Stadium,WA,NSW,1,9,7,15,6,96,14,3,87,9,1,1
M16489,2015,Round 17,17,2015-09-17,Western Bulldogs,Brisbane Lions,Marvel Stadium,VIC,QLD,1,6,8,15,7,97,15,0,90,7,1,1
M16490,2015,Round 18,18,2015-04-01,Melbourne Demons,St Kilda Saints,MCG,VIC,VIC,0,7,6,15,5,95,14,6,90,5,1,1
M16491,2015,Round 18,18,2015-04-03,Brisbane Lions,Carlton Blues,Gabba,QLD,VIC,1,9,9,15,7,97,11,8,74,23,1,1
M16492,2015,Round 18,18,2015-04-05,Collingwood Magpies,GWS Giants,MCG,VIC,NSW,1,7,7,18,3,111,12,4,76,35,1,1
M16493,2015,Round 18,18,2015-04-07,Port Adelaide Power,Adelaide Crows,Adelaide Oval,SA,SA,0,6,8,14,4,88,14,4,88,0,0,0
M16494,2015,Round 18,18,2015-04-09,Geelong Cats,Fremantle Dockers,GMHBA Stadium,VIC,WA,1,7,8,13,6,84,15,5,95,-11,0,0
M16495,2015,Round 18,18,2015-04-11,Sydney Swans,Richmond Tigers,SCG,NSW,VIC,1,7,9,17,5,107,14,4,88,19,1,1
M16496,2015,Round 18,18,2015-04-13,Gold Coast Suns,Western Bulldogs,Heritage Bank Stadium,QLD,VIC,1,8,7,13,6,84,13,3,81,3,1,1
M16497,2015,Round 18,18,2015-04-15,North Melbourne Kangaroos,Essendon Bombers,Marvel Stadium,VIC,VIC,0,6,6,18,3,111,13,4,82,29,1,1
M16498,2015,Round 18,18,2015-04-17,Hawthorn Hawks,West Coast Eagles,MCG,VIC,WA,1,7,7,14,1,85,16,4,100,-15,0,0
M16499,2015,Round 19,19,2015-05-01,Hawthorn Hawks,Geelong Cats,MCG,VIC,VIC,0,7,6,13,2,80,15,3,93,-13,0,0
M16500,2015,Round 19,19,2015-05-03,Gold Coast Suns,Port Adelaide Power,Heritage Bank Stadium,QLD,SA,1,9,7,15,5,95,14,3,87,8,1,1
M16501,2015,Round 19,19,2015-05-05,North Melbourne Kangaroos,Essendon Bombers,Marvel Stadium,VIC,VIC,0,8,7,14,0,84,13,3,81,3,1,1
M16502,2015,Round 19,19,2015-05-07,Collingwood Magpies,Western Bulldogs,MCG,VIC,VIC,0,9,6,16,6,102,15,5,95,7,1,1
M16503,2015,Round 19,19,2015-05-09,Sydney Swans,Adelaide Crows,SCG,NSW,SA,1,7,7,16,5,101,13,7,85,16,1,1
M16504,2015,Round 19,19,2015-05-11,Carlton Blues,Melbourne Demons,Marvel Stadium,VIC,VIC,0,6,9,16,4,100,17,8,110,-10,0,0
M16505,2015,Round 19,19,2015-05-13,St Kilda Saints,West Coast Eagles,Marvel Stadium,VIC,WA,1,6,6,14,4,88,12,6,78,10,1,1
M16506,2015,Round 19,19,2015-05-15,Richmond Tigers,Brisbane Lions,MCG,VIC,QLD,1,6,9,15,5,95,12,4,76,19,1,1
M16507,2015,Round 19,19,2015-05-17,GWS Giants,Fremantle Dockers,GIANTS Stadium,NSW,WA,1,6,7,14,5,89,14,6,90,-1,0,0
M16508,2015,Round 20,20,2015-06-01,Hawthorn Hawks,Gold Coast Suns,MCG,VIC,QLD,1,6,6,16,4,100,10,3,63,37,1,1
M16509,2015,Round 20,20,2015-06-03,Collingwood Magpies,Carlton Blues,MCG,VIC,VIC,0,7,7,16,5,101,14,4,88,13,1,1
M16510,2015,Round 20,20,2015-06-05,Fremantle Dockers,Essendon Bombers,Optus Stadium,WA,VIC,1,6,7,13,4,82,12,8,80,2,1,1
M16511,2015,Round 20,20,2015-06-07,St Kilda Saints,Richmond Tigers,Marvel Stadium,VIC,VIC,0,7,7,14,2,86,14,6,90,-4,0,0
M16512,2015,Round 20,20,2015-06-09,West Coast Eagles,Brisbane Lions,Optus Stadium,WA,QLD,1,8,7,16,8,104,10,9,69,35,1,1
M16513,2015,Round 20,20,2015-06-11,Western Bulldogs,Melbourne Demons,Marvel Stadium,VIC,VIC,0,8,6,15,8,98,12,4,76,22,1,1
M16514,2015,Round 20,20,2015-06-13,Geelong Cats,Sydney Swans,GMHBA Stadium,VIC,NSW,1,7,7,17,4,106,14,3,87,19,1,1
M16515,2015,Round 20,20,2015-06-15,GWS Giants,Port Adelaide Power,GIANTS Stadium,NSW,SA,1,6,8,14,4,88,14,1,85,3,1,1
M16516,2015,Round 20,20,2015-06-17,Adelaide Crows,North Melbourne Kangaroos,Adelaide Oval,SA,VIC,1,9,7,17,4,106,11,8,74,32,1,1
M16517,2015,Round 21,21,2015-07-01,Hawthorn Hawks,Adelaide Crows,MCG,VIC,SA,1,7,7,15,0,90,13,3,81,9,1,1
M16518,2015,Round 21,21,2015-07-03,Carlton Blues,West Coast Eagles,Marvel Stadium,VIC,WA,1,8,9,14,7,91,13,1,79,12,1,1
M16519,2015,Round 21,21,2015-07-05,Port Adelaide Power,Western Bulldogs,Adelaide Oval,SA,VIC,1,7,7,14,9,93,13,5,83,10,1,1
M16520,2015,Round 21,21,2015-07-07,Fremantle Dockers,GWS Giants,Optus Stadium,WA,NSW,1,7,7,15,3,93,15,5,95,-2,0,0
M16521,2015,Round 21,21,2015-07-09,Richmond Tigers,Essendon Bombers,MCG,VIC,VIC,0,7,7,16,1,97,13,3,81,16,1,1
M16522,2015,Round 21,21,2015-07-11,St Kilda Saints,Collingwood Magpies,Marvel Stadium,VIC,VIC,0,9,7,15,5,95,13,1,79,16,1,1
M16523,2015,Round 21,21,2015-07-13,Sydney Swans,Brisbane Lions,SCG,NSW,QLD,1,6,9,13,4,82,16,5,101,-19,0,0
M16524,2015,Round 21,21,2015-07-15,Gold Coast Suns,North Melbourne Kangaroos,Heritage Bank Stadium,QLD,VIC,1,7,7,12,5,77,14,3,87,-10,0,0
M16525,2015,Round 21,21,2015-07-17,Melbourne Demons,Geelong Cats,MCG,VIC,VIC,0,7,7,12,7,79,14,4,88,-9,0,0
M16526,2015,Round 22,22,2015-08-01,St Kilda Saints,Collingwood Magpies,Marvel Stadium,VIC,VIC,0,6,6,14,5,89,13,4,82,7,1,1
M16527,2015,Round 22,22,2015-08-03,Geelong Cats,Port Adelaide Power,GMHBA Stadium,VIC,SA,1,8,9,15,4,94,18,5,113,-19,0,0
M16528,2015,Round 22,22,2015-08-05,Western Bulldogs,Adelaide Crows,Marvel Stadium,VIC,SA,1,7,7,19,4,118,13,4,82,36,1,1
M16529,2015,Round 22,22,2015-08-07,GWS Giants,Sydney Swans,GIANTS Stadium,NSW,NSW,0,9,7,15,3,93,14,3,87,6,1,1
M16530,2015,Round 22,22,2015-08-09,Melbourne Demons,Essendon Bombers,MCG,VIC,VIC,0,7,7,16,1,97,11,3,69,28,1,1
M16531,2015,Round 22,22,2015-08-11,Fremantle Dockers,Hawthorn Hawks,Optus Stadium,WA,VIC,1,7,8,14,7,91,13,6,84,7,1,1
M16532,2015,Round 22,22,2015-08-13,Gold Coast Suns,Brisbane Lions,Heritage Bank Stadium,QLD,QLD,0,7,7,13,5,83,11,3,69,14,1,1
M16533,2015,Round 22,22,2015-08-15,West Coast Eagles,North Melbourne Kangaroos,Optus Stadium,WA,VIC,1,6,7,14,0,84,13,6,84,0,0,0
M16534,2015,Round 22,22,2015-08-17,Richmond Tigers,Carlton Blues,MCG,VIC,VIC,0,7,9,16,0,96,14,2,86,10,1,1
M16535,2016,Round 1,1,2016-05-01,Essendon Bombers,Hawthorn Hawks,Marvel Stadium,VIC,VIC,0,8,9,18,4,112,13,7,85,27,1,1
M16536,2016,Round 1,1,2016-05-03,North Melbourne Kangaroos,Geelong Cats,Marvel Stadium,VIC,VIC,0,9,7,18,2,110,15,3,93,17,1,1
M16537,2016,Round 1,1,2016-05-05,Adelaide Crows,Brisbane Lions,Adelaide Oval,SA,QLD,1,7,7,15,0,90,16,0,96,-6,0,0
M16538,2016,Round 1,1,2016-05-07,Western Bulldogs,Collingwood Magpies,Marvel Stadium,VIC,VIC,0,7,7,13,5,83,13,6,84,-1,0,0
M16539,2016,Round 1,1,2016-05-09,Fremantle Dockers,GWS Giants,Optus Stadium,WA,NSW,1,9,9,17,4,106,13,2,80,26,1,1
M16540,2016,Round 1,1,2016-05-11,Sydney Swans,Melbourne Demons,SCG,NSW,VIC,1,7,8,13,5,83,13,6,84,-1,0,0
M16541,2016,Round 1,1,2016-05-13,Richmond Tigers,Port Adelaide Power,MCG,VIC,SA,1,8,8,14,7,91,14,4,88,3,1,1
M16542,2016,Round 1,1,2016-05-15,Gold Coast Suns,St Kilda Saints,Heritage Bank Stadium,QLD,VIC,1,9,8,13,5,83,16,2,98,-15,0,0
M16543,2016,Round 1,1,2016-05-17,West Coast Eagles,Carlton Blues,Optus Stadium,WA,VIC,1,7,8,16,2,98,12,3,75,23,1,1
M16544,2016,Round 2,2,2016-06-01,Collingwood Magpies,Fremantle Dockers,MCG,VIC,WA,1,8,8,17,4,106,14,4,88,18,1,1
M16545,2016,Round 2,2,2016-06-03,Brisbane Lions,Geelong Cats,Gabba,QLD,VIC,1,9,7,16,1,97,12,2,74,23,1,1
M16546,2016,Round 2,2,2016-06-05,Western Bulldogs,Port Adelaide Power,Marvel Stadium,VIC,SA,1,6,7,15,9,99,13,9,87,12,1,1
M16547,2016,Round 2,2,2016-06-07,GWS Giants,Hawthorn Hawks,GIANTS Stadium,NSW,VIC,1,8,7,13,2,80,16,5,101,-21,0,0
M16548,2016,Round 2,2,2016-06-09,Richmond Tigers,St Kilda Saints,MCG,VIC,VIC,0,7,9,17,3,105,14,4,88,17,1,1
M16549,2016,Round 2,2,2016-06-11,North Melbourne Kangaroos,Sydney Swans,Marvel Stadium,VIC,NSW,1,7,8,14,1,85,17,6,108,-23,0,0
M16550,2016,Round 2,2,2016-06-13,Essendon Bombers,West Coast Eagles,Marvel Stadium,VIC,WA,1,7,8,18,4,112,16,4,100,12,1,1
M16551,2016,Round 2,2,2016-06-15,Melbourne Demons,Adelaide Crows,MCG,VIC,SA,1,7,7,12,4,76,12,6,78,-2,0,0
M16552,2016,Round 2,2,2016-06-17,Carlton Blues,Gold Coast Suns,Marvel Stadium,VIC,QLD,1,7,7,16,6,102,14,6,90,12,1,1
M16553,2016,Round 3,3,2016-07-01,Richmond Tigers,Adelaide Crows,MCG,VIC,SA,1,7,7,15,8,98,16,0,96,2,1,1
M16554,2016,Round 3,3,2016-07-03,Gold Coast Suns,St Kilda Saints,Heritage Bank Stadium,QLD,VIC,1,6,7,13,7,85,12,5,77,8,1,1
M16555,2016,Round 3,3,2016-07-05,GWS Giants,West Coast Eagles,GIANTS Stadium,NSW,WA,1,8,7,16,3,99,16,0,96,3,1,1
M16556,2016,Round 3,3,2016-07-07,Western Bulldogs,Collingwood Magpies,Marvel Stadium,VIC,VIC,0,7,7,15,6,96,13,2,80,16,1,1
M16557,2016,Round 3,3,2016-07-09,Hawthorn Hawks,Sydney Swans,MCG,VIC,NSW,1,8,7,13,1,79,15,4,94,-15,0,0
M16558,2016,Round 3,3,2016-07-11,Fremantle Dockers,Port Adelaide Power,Optus Stadium,WA,SA,1,8,7,15,4,94,16,3,99,-5,0,0
M16559,2016,Round 3,3,2016-07-13,Geelong Cats,Essendon Bombers,GMHBA Stadium,VIC,VIC,0,6,9,14,4,88,12,9,81,7,1,1
M16560,2016,Round 3,3,2016-07-15,Melbourne Demons,Carlton Blues,MCG,VIC,VIC,0,7,8,14,2,86,15,5,95,-9,0,0
M16561,2016,Round 3,3,2016-07-17,Brisbane Lions,North Melbourne Kangaroos,Gabba,QLD,VIC,1,6,7,12,4,76,10,4,64,12,1,1
M16562,2016,Round 4,4,2016-08-01,Adelaide Crows,Sydney Swans,Adelaide Oval,SA,NSW,1,7,6,17,9,111,12,2,74,37,1,1
M16563,2016,Round 4,4,2016-08-03,Western Bulldogs,Carlton Blues,Marvel Stadium,VIC,VIC,0,7,8,16,6,102,12,8,80,22,1,1
M16564,2016,Round 4,4,2016-08-05,Brisbane Lions,Port Adelaide Power,Gabba,QLD,SA,1,6,7,16,5,101,15,6,96,5,1,1
M16565,2016,Round 4,4,2016-08-07,Gold Coast Suns,Essendon Bombers,Heritage Bank Stadium,QLD,VIC,1,7,6,16,7,103,14,7,91,12,1,1
M16566,2016,Round 4,4,2016-08-09,Fremantle Dockers,Collingwood Magpies,Optus Stadium,WA,VIC,1,7,7,16,5,101,16,4,100,1,1,1
M16567,2016,Round 4,4,2016-08-11,St Kilda Saints,GWS Giants,Marvel Stadium,VIC,NSW,1,9,7,13,7,85,16,4,100,-15,0,0
M16568,2016,Round 4,4,2016-08-13,Geelong Cats,Hawthorn Hawks,GMHBA Stadium,VIC,VIC,0,9,7,15,8,98,11,4,70,28,1,1
M16569,2016,Round 4,4,2016-08-15,North Melbourne Kangaroos,Melbourne Demons,Marvel Stadium,VIC,VIC,0,6,9,15,3,93,15,1,91,2,1,1
M16570,2016,Round 4,4,2016-08-17,Richmond Tigers,West Coast Eagles,MCG,VIC,WA,1,7,7,16,2,98,11,4,70,28,1,1
M16571,2016,Round 5,5,2016-09-01,Brisbane Lions,West Coast Eagles,Gabba,QLD,WA,1,7,9,13,8,86,14,9,93,-7,0,0
M16572,2016,Round 5,5,2016-09-03,Fremantle Dockers,Melbourne Demons,Optus Stadium,WA,VIC,1,6,7,14,1,85,13,3,81,4,1,1
M16573,2016,Round 5,5,2016-09-05,Western Bulldogs,Gold Coast Suns,Marvel Stadium,VIC,QLD,1,9,7,13,4,82,16,2,98,-16,0,0
M16574,2016,Round 5,5,2016-09-07,Adelaide Crows,Essendon Bombers,Adelaide Oval,SA,VIC,1,8,9,14,7,91,10,4,64,27,1,1
M16575,2016,Round 5,5,2016-09-09,Geelong Cats,GWS Giants,GMHBA Stadium,VIC,NSW,1,7,7,14,4,88,14,6,90,-2,0,0
M16576,2016,Round 5,5,2016-09-11,Richmond Tigers,North Melbourne Kangaroos,MCG,VIC,VIC,0,8,6,15,9,99,12,6,78,21,1,1
M16577,2016,Round 5,5,2016-09-13,St Kilda Saints,Collingwood Magpies,Marvel Stadium,VIC,VIC,0,8,6,13,4,82,15,1,91,-9,0,0
M16578,2016,Round 5,5,2016-09-15,Carlton Blues,Port Adelaide Power,Marvel Stadium,VIC,SA,1,9,7,17,3,105,14,7,91,14,1,1
M16579,2016,Round 5,5,2016-09-17,Hawthorn Hawks,Sydney Swans,MCG,VIC,NSW,1,6,7,16,4,100,17,4,106,-6,0,0
M16580,2016,Round 6,6,2016-04-01,Western Bulldogs,Fremantle Dockers,Marvel Stadium,VIC,WA,1,6,6,15,4,94,13,7,85,9,1,1
M16581,2016,Round 6,6,2016-04-03,Richmond Tigers,Adelaide Crows,MCG,VIC,SA,1,6,9,17,4,106,14,5,89,17,1,1
M16582,2016,Round 6,6,2016-04-05,GWS Giants,Collingwood Magpies,GIANTS Stadium,NSW,VIC,1,6,8,16,2,98,14,8,92,6,1,1
M16583,2016,Round 6,6,2016-04-07,St Kilda Saints,Brisbane Lions,Marvel Stadium,VIC,QLD,1,7,8,15,5,95,15,8,98,-3,0,0
M16584,2016,Round 6,6,2016-04-09,West Coast Eagles,Melbourne Demons,Optus Stadium,WA,VIC,1,6,7,16,7,103,10,9,69,34,1,1
M16585,2016,Round 6,6,2016-04-11,Hawthorn Hawks,Sydney Swans,MCG,VIC,NSW,1,8,6,18,2,110,12,5,77,33,1,1
M16586,2016,Round 6,6,2016-04-13,Gold Coast Suns,Port Adelaide Power,Heritage Bank Stadium,QLD,SA,1,6,7,15,6,96,17,5,107,-11,0,0
M16587,2016,Round 6,6,2016-04-15,North Melbourne Kangaroos,Carlton Blues,Marvel Stadium,VIC,VIC,0,8,6,17,1,103,13,3,81,22,1,1
M16588,2016,Round 6,6,2016-04-17,Essendon Bombers,Geelong Cats,Marvel Stadium,VIC,VIC,0,8,9,15,3,93,13,6,84,9,1,1
M16589,2016,Round 7,7,2016-05-01,Geelong Cats,West Coast Eagles,GMHBA Stadium,VIC,WA,1,7,8,12,7,79,13,0,78,1,1,1
M16590,2016,Round 7,7,2016-05-03,Richmond Tigers,Fremantle Dockers,MCG,VIC,WA,1,6,6,18,2,110,14,4,88,22,1,1
M16591,2016,Round 7,7,2016-05-05,Gold Coast Suns,Western Bulldogs,Heritage Bank Stadium,QLD,VIC,1,6,6,15,6,96,16,2,98,-2,0,0
M16592,2016,Round 7,7,2016-05-07,GWS Giants,Essendon Bombers,GIANTS Stadium,NSW,VIC,1,7,7,13,7,85,17,2,104,-19,0,0
M16593,2016,Round 7,7,2016-05-09,North Melbourne Kangaroos,Melbourne Demons,Marvel Stadium,VIC,VIC,0,8,7,17,4,106,16,7,103,3,1,1
M16594,2016,Round 7,7,2016-05-11,Adelaide Crows,Hawthorn Hawks,Adelaide Oval,SA,VIC,1,8,6,15,2,92,12,5,77,15,1,1
M16595,2016,Round 7,7,2016-05-13,Collingwood Magpies,Sydney Swans,MCG,VIC,NSW,1,7,8,15,8,98,13,2,80,18,1,1
M16596,2016,Round 7,7,2016-05-15,St Kilda Saints,Port Adelaide Power,Marvel Stadium,VIC,SA,1,7,8,17,1,103,14,4,88,15,1,1
M16597,2016,Round 7,7,2016-05-17,Brisbane Lions,Carlton Blues,Gabba,QLD,VIC,1,6,6,15,3,93,14,2,86,7,1,1
M16598,2016,Round 8,8,2016-06-01,West Coast Eagles,Carlton Blues,Optus Stadium,WA,VIC,1,7,7,12,5,77,13,6,84,-7,0,0
M16599,2016,Round 8,8,2016-06-03,Adelaide Crows,Western Bulldogs,Adelaide Oval,SA,VIC,1,7,7,16,2,98,10,7,67,31,1,1
M16600,2016,Round 8,8,2016-06-05,St Kilda Saints,Geelong Cats,Marvel Stadium,VIC,VIC,0,8,7,16,4,100,14,1,85,15,1,1
M16601,2016,Round 8,8,2016-06-07,Port Adelaide Power,Sydney Swans,Adelaide Oval,SA,NSW,1,7,6,17,3,105,14,1,85,20,1,1
M16602,2016,Round 8,8,2016-06-09,Hawthorn Hawks,Richmond Tigers,MCG,VIC,VIC,0,7,7,14,7,91,15,2,92,-1,0,0
M16603,2016,Round 8,8,2016-06-11,North Melbourne Kangaroos,Brisbane Lions,Marvel Stadium,VIC,QLD,1,8,7,14,4,88,15,0,90,-2,0,0
M16604,2016,Round 8,8,2016-06-13,GWS Giants,Collingwood Magpies,GIANTS Stadium,NSW,VIC,1,7,8,14,5,89,16,4,100,-11,0,0
M16605,2016,Round 8,8,2016-06-15,Gold Coast Suns,Melbourne Demons,Heritage Bank Stadium,QLD,VIC,1,9,7,16,3,99,12,3,75,24,1,1
M16606,2016,Round 8,8,2016-06-17,Essendon Bombers,Fremantle Dockers,Marvel Stadium,VIC,WA,1,9,6,17,5,107,14,2,86,21,1,1
M16607,2016,Round 9,9,2016-07-01,GWS Giants,Brisbane Lions,GIANTS Stadium,NSW,QLD,1,7,6,17,2,104,14,7,91,13,1,1
M16608,2016,Round 9,9,2016-07-03,Carlton Blues,North Melbourne Kangaroos,Marvel Stadium,VIC,VIC,0,7,7,16,2,98,11,2,68,30,1,1
M16609,2016,Round 9,9,2016-07-05,Melbourne Demons,Fremantle Dockers,MCG,VIC,WA,1,9,7,11,1,67,14,5,89,-22,0,0
M16610,2016,Round 9,9,2016-07-07,Hawthorn Hawks,West Coast Eagles,MCG,VIC,WA,1,7,6,18,1,109,12,5,77,32,1,1
M16611,2016,Round 9,9,2016-07-09,Essendon Bombers,Sydney Swans,Marvel Stadium,VIC,NSW,1,7,7,15,5,95,14,4,88,7,1,1
M16612,2016,Round 9,9,2016-07-11,Geelong Cats,Richmond Tigers,GMHBA Stadium,VIC,VIC,0,9,7,13,7,85,16,3,99,-14,0,0
M16613,2016,Round 9,9,2016-07-13,Collingwood Magpies,Adelaide Crows,MCG,VIC,SA,1,7,7,18,3,111,13,6,84,27,1,1
M16614,2016,Round 9,9,2016-07-15,Western Bulldogs,St Kilda Saints,Marvel Stadium,VIC,VIC,0,8,9,15,2,92,13,6,84,8,1,1
M16615,2016,Round 9,9,2016-07-17,Gold Coast Suns,Port Adelaide Power,Heritage Bank Stadium,QLD,SA,1,7,7,15,9,99,15,6,96,3,1,1
M16616,2016,Round 10,10,2016-08-01,Collingwood Magpies,Essendon Bombers,MCG,VIC,VIC,0,6,7,15,4,94,12,5,77,17,1,1
M16617,2016,Round 10,10,2016-08-03,Geelong Cats,Hawthorn Hawks,GMHBA Stadium,VIC,VIC,0,9,7,16,3,99,14,0,84,15,1,1
M16618,2016,Round 10,10,2016-08-05,Fremantle Dockers,St Kilda Saints,Optus Stadium,WA,VIC,1,8,6,16,2,98,14,6,90,8,1,1
M16619,2016,Round 10,10,2016-08-07,Brisbane Lions,West Coast Eagles,Gabba,QLD,WA,1,6,9,15,5,95,10,7,67,28,1,1
M16620,2016,Round 10,10,2016-08-09,Sydney Swans,Melbourne Demons,SCG,NSW,VIC,1,7,7,17,8,110,10,4,64,46,1,1
M16621,2016,Round 10,10,2016-08-11,North Melbourne Kangaroos,Carlton Blues,Marvel Stadium,VIC,VIC,0,6,8,16,2,98,14,6,90,8,1,1
M16622,2016,Round 10,10,2016-08-13,Port Adelaide Power,Western Bulldogs,Adelaide Oval,SA,VIC,1,9,9,12,4,76,13,9,87,-11,0,0
M16623,2016,Round 10,10,2016-08-15,Richmond Tigers,Adelaide Crows,MCG,VIC,SA,1,8,8,15,4,94,14,1,85,9,1,1
M16624,2016,Round 10,10,2016-08-17,Gold Coast Suns,GWS Giants,Heritage Bank Stadium,QLD,NSW,1,7,7,17,5,107,14,0,84,23,1,1
M16625,2016,Round 11,11,2016-09-01,Geelong Cats,Collingwood Magpies,GMHBA Stadium,VIC,VIC,0,7,7,15,0,90,15,7,97,-7,0,0
M16626,2016,Round 11,11,2016-09-03,Sydney Swans,Adelaide Crows,SCG,NSW,SA,1,6,6,13,3,81,14,3,87,-6,0,0
M16627,2016,Round 11,11,2016-09-05,Hawthorn Hawks,Port Adelaide Power,MCG,VIC,SA,1,6,7,13,3,81,16,9,105,-24,0,0
M16628,2016,Round 11,11,2016-09-07,Richmond Tigers,Western Bulldogs,MCG,VIC,VIC,0,9,7,17,4,106,14,4,88,18,1,1
M16629,2016,Round 11,11,2016-09-09,North Melbourne Kangaroos,Fremantle Dockers,Marvel Stadium,VIC,WA,1,6,7,15,5,95,12,8,80,15,1,1
M16630,2016,Round 11,11,2016-09-11,Carlton Blues,GWS Giants,Marvel Stadium,VIC,NSW,1,8,7,15,6,96,12,2,74,22,1,1
M16631,2016,Round 11,11,2016-09-13,St Kilda Saints,Melbourne Demons,Marvel Stadium,VIC,VIC,0,9,6,14,6,90,13,5,83,7,1,1
M16632,2016,Round 11,11,2016-09-15,Essendon Bombers,Gold Coast Suns,Marvel Stadium,VIC,QLD,1,7,9,17,1,103,15,5,95,8,1,1
M16633,2016,Round 11,11,2016-09-17,Brisbane Lions,West Coast Eagles,Gabba,QLD,WA,1,7,7,17,7,109,10,5,65,44,1,1
M16634,2016,Round 12,12,2016-04-01,Adelaide Crows,Sydney Swans,Adelaide Oval,SA,NSW,1,7,9,17,3,105,15,6,96,9,1,1
M16635,2016,Round 12,12,2016-04-03,Brisbane Lions,Western Bulldogs,Gabba,QLD,VIC,1,7,9,14,8,92,12,9,81,11,1,1
M16636,2016,Round 12,12,2016-04-05,Carlton Blues,Richmond Tigers,Marvel Stadium,VIC,VIC,0,7,7,15,2,92,14,7,91,1,1,1
M16637,2016,Round 12,12,2016-04-07,Port Adelaide Power,GWS Giants,Adelaide Oval,SA,NSW,1,7,8,14,5,89,17,5,107,-18,0,0
M16638,2016,Round 12,12,2016-04-09,St Kilda Saints,Hawthorn Hawks,Marvel Stadium,VIC,VIC,0,7,7,13,4,82,13,2,80,2,1,1
M16639,2016,Round 12,12,2016-04-11,West Coast Eagles,Essendon Bombers,Optus Stadium,WA,VIC,1,6,7,15,1,91,16,2,98,-7,0,0
M16640,2016,Round 12,12,2016-04-13,Gold Coast Suns,Melbourne Demons,Heritage Bank Stadium,QLD,VIC,1,7,7,16,3,99,13,5,83,16,1,1
M16641,2016,Round 12,12,2016-04-15,Fremantle Dockers,Geelong Cats,Optus Stadium,WA,VIC,1,7,7,13,6,84,14,5,89,-5,0,0
M16642,2016,Round 12,12,2016-04-17,North Melbourne Kangaroos,Collingwood Magpies,Marvel Stadium,VIC,VIC,0,6,7,16,6,102,14,5,89,13,1,1
M16643,2016,Round 13,13,2016-05-01,Carlton Blues,Hawthorn Hawks,Marvel Stadium,VIC,VIC,0,9,8,12,4,76,14,4,88,-12,0,0
M16644,2016,Round 13,13,2016-05-03,GWS Giants,Melbourne Demons,GIANTS Stadium,NSW,VIC,1,7,9,15,3,93,13,3,81,12,1,1
M16645,2016,Round 13,13,2016-05-05,Sydney Swans,Collingwood Magpies,SCG,NSW,VIC,1,8,6,16,6,102,13,8,86,16,1,1
M16646,2016,Round 13,13,2016-05-07,Essendon Bombers,West Coast Eagles,Marvel Stadium,VIC,WA,1,7,7,14,5,89,15,4,94,-5,0,0
M16647,2016,Round 13,13,2016-05-09,St Kilda Saints,Richmond Tigers,Marvel Stadium,VIC,VIC,0,7,6,15,9,99,16,2,98,1,1,1
M16648,2016,Round 13,13,2016-05-11,Western Bulldogs,Adelaide Crows,Marvel Stadium,VIC,SA,1,7,7,15,8,98,13,9,87,11,1,1
M16649,2016,Round 13,13,2016-05-13,Port Adelaide Power,North Melbourne Kangaroos,Adelaide Oval,SA,VIC,1,8,6,16,7,103,11,8,74,29,1,1
M16650,2016,Round 13,13,2016-05-15,Gold Coast Suns,Geelong Cats,Heritage Bank Stadium,QLD,VIC,1,6,6,15,4,94,16,2,98,-4,0,0
M16651,2016,Round 13,13,2016-05-17,Brisbane Lions,Fremantle Dockers,Gabba,QLD,WA,1,7,8,16,4,100,13,7,85,15,1,1
M16652,2016,Round 14,14,2016-06-01,Collingwood Magpies,Brisbane Lions,MCG,VIC,QLD,1,6,8,17,5,107,13,5,83,24,1,1
M16653,2016,Round 14,14,2016-06-03,West Coast Eagles,Hawthorn Hawks,Optus Stadium,WA,VIC,1,7,7,15,1,91,13,2,80,11,1,1
M16654,2016,Round 14,14,2016-06-05,Essendon Bombers,St Kilda Saints,Marvel Stadium,VIC,VIC,0,7,8,16,8,104,14,4,88,16,1,1
M16655,2016,Round 14,14,2016-06-07,Geelong Cats,Richmond Tigers,GMHBA Stadium,VIC,VIC,0,6,9,15,7,97,12,2,74,23,1,1
M16656,2016,Round 14,14,2016-06-09,Port Adelaide Power,Carlton Blues,Adelaide Oval,SA,VIC,1,7,7,15,1,91,15,1,91,0,0,0
M16657,2016,Round 14,14,2016-06-11,GWS Giants,Sydney Swans,GIANTS Stadium,NSW,NSW,0,7,9,14,4,88,11,2,68,20,1,1
M16658,2016,Round 14,14,2016-06-13,North Melbourne Kangaroos,Melbourne Demons,Marvel Stadium,VIC,VIC,0,7,7,15,5,95,14,6,90,5,1,1
M16659,2016,Round 14,14,2016-06-15,Western Bulldogs,Fremantle Dockers,Marvel Stadium,VIC,WA,1,7,8,14,8,92,16,4,100,-8,0,0
M16660,2016,Round 14,14,2016-06-17,Gold Coast Suns,Adelaide Crows,Heritage Bank Stadium,QLD,SA,1,7,9,12,7,79,14,3,87,-8,0,0
M16661,2016,Round 15,15,2016-07-01,Melbourne Demons,West Coast Eagles,MCG,VIC,WA,1,7,7,14,1,85,11,5,71,14,1,1
M16662,2016,Round 15,15,2016-07-03,Carlton Blues,Gold Coast Suns,Marvel Stadium,VIC,QLD,1,6,6,16,4,100,13,2,80,20,1,1
M16663,2016,Round 15,15,2016-07-05,Richmond Tigers,Essendon Bombers,MCG,VIC,VIC,0,7,7,14,0,84,12,6,78,6,1,1
M16664,2016,Round 15,15,2016-07-07,Collingwood Magpies,North Melbourne Kangaroos,MCG,VIC,VIC,0,7,8,17,3,105,15,4,94,11,1,1
M16665,2016,Round 15,15,2016-07-09,Adelaide Crows,Sydney Swans,Adelaide Oval,SA,NSW,1,9,7,17,0,102,15,3,93,9,1,1
M16666,2016,Round 15,15,2016-07-11,Western Bulldogs,Brisbane Lions,Marvel Stadium,VIC,QLD,1,6,6,15,2,92,13,1,79,13,1,1
M16667,2016,Round 15,15,2016-07-13,Port Adelaide Power,Fremantle Dockers,Adelaide Oval,SA,WA,1,7,8,13,6,84,13,7,85,-1,0,0
M16668,2016,Round 15,15,2016-07-15,GWS Giants,Geelong Cats,GIANTS Stadium,NSW,VIC,1,8,8,17,6,108,13,4,82,26,1,1
M16669,2016,Round 15,15,2016-07-17,Hawthorn Hawks,St Kilda Saints,MCG,VIC,VIC,0,7,7,17,8,110,14,4,88,22,1,1
M16670,2016,Round 16,16,2016-08-01,GWS Giants,Carlton Blues,GIANTS Stadium,NSW,VIC,1,9,7,19,1,115,14,1,85,30,1,1
M16671,2016,Round 16,16,2016-08-03,St Kilda Saints,Geelong Cats,Marvel Stadium,VIC,VIC,0,9,6,14,6,90,15,5,95,-5,0,0
M16672,2016,Round 16,16,2016-08-05,Melbourne Demons,Collingwood Magpies,MCG,VIC,VIC,0,7,9,15,2,92,15,7,97,-5,0,0
M16673,2016,Round 16,16,2016-08-07,Fremantle Dockers,Hawthorn Hawks,Optus Stadium,WA,VIC,1,6,9,14,6,90,14,3,87,3,1,1
M16674,2016,Round 16,16,2016-08-09,West Coast Eagles,North Melbourne Kangaroos,Optus Stadium,WA,VIC,1,7,8,17,7,109,12,6,78,31,1,1
M16675,2016,Round 16,16,2016-08-11,Brisbane Lions,Adelaide Crows,Gabba,QLD,SA,1,7,6,16,4,100,13,6,84,16,1,1
M16676,2016,Round 16,16,2016-08-13,Essendon Bombers,Western Bulldogs,Marvel Stadium,VIC,VIC,0,7,9,15,6,96,12,4,76,20,1,1
M16677,2016,Round 16,16,2016-08-15,Richmond Tigers,Sydney Swans,MCG,VIC,NSW,1,6,7,14,3,87,12,7,79,8,1,1
M16678,2016,Round 16,16,2016-08-17,Gold Coast Suns,Port Adelaide Power,Heritage Bank Stadium,QLD,SA,1,6,8,16,6,102,14,3,87,15,1,1
M16679,2016,Round 17,17,2016-09-01,Carlton Blues,Geelong Cats,Marvel Stadium,VIC,VIC,0,7,6,15,6,96,14,8,92,4,1,1
M16680,2016,Round 17,17,2016-09-03,Richmond Tigers,Fremantle Dockers,MCG,VIC,WA,1,6,6,14,8,92,14,4,88,4,1,1
M16681,2016,Round 17,17,2016-09-05,Sydney Swans,Western Bulldogs,SCG,NSW,VIC,1,6,7,16,4,100,15,3,93,7,1,1
M16682,2016,Round 17,17,2016-09-07,West Coast Eagles,Hawthorn Hawks,Optus Stadium,WA,VIC,1,7,7,17,3,105,16,9,105,0,0,0
M16683,2016,Round 17,17,2016-09-09,Brisbane Lions,Melbourne Demons,Gabba,QLD,VIC,1,6,7,16,5,101,14,2,86,15,1,1
M16684,2016,Round 17,17,2016-09-11,Port Adelaide Power,North Melbourne Kangaroos,Adelaide Oval,SA,VIC,1,6,8,14,5,89,15,2,92,-3,0,0
M16685,2016,Round 17,17,2016-09-13,Gold Coast Suns,St Kilda Saints,Heritage Bank Stadium,QLD,VIC,1,8,8,17,3,105,14,5,89,16,1,1
M16686,2016,Round 17,17,2016-09-15,GWS Giants,Essendon Bombers,GIANTS Stadium,NSW,VIC,1,9,9,15,4,94,14,1,85,9,1,1
M16687,2016,Round 17,17,2016-09-17,Adelaide Crows,Collingwood Magpies,Adelaide Oval,SA,VIC,1,7,7,17,3,105,15,2,92,13,1,1
M16688,2016,Round 18,18,2016-04-01,Richmond Tigers,Geelong Cats,MCG,VIC,VIC,0,8,9,15,3,93,12,4,76,17,1,1
M16689,2016,Round 18,18,2016-04-03,North Melbourne Kangaroos,Western Bulldogs,Marvel Stadium,VIC,VIC,0,7,9,13,7,85,14,0,84,1,1,1
M16690,2016,Round 18,18,2016-04-05,Melbourne Demons,Gold Coast Suns,MCG,VIC,QLD,1,6,7,14,7,91,13,0,78,13,1,1
M16691,2016,Round 18,18,2016-04-07,St Kilda Saints,GWS Giants,Marvel Stadium,VIC,NSW,1,7,9,18,8,116,14,5,89,27,1,1
M16692,2016,Round 18,18,2016-04-09,Essendon Bombers,Adelaide Crows,Marvel Stadium,VIC,SA,1,7,8,15,3,93,14,8,92,1,1,1
M16693,2016,Round 18,18,2016-04-11,Port Adelaide Power,Hawthorn Hawks,Adelaide Oval,SA,VIC,1,7,9,17,5,107,14,6,90,17,1,1
M16694,2016,Round 18,18,2016-04-13,Brisbane Lions,Fremantle Dockers,Gabba,QLD,WA,1,9,7,16,8,104,13,6,84,20,1,1
M16695,2016,Round 18,18,2016-04-15,Carlton Blues,Sydney Swans,Marvel Stadium,VIC,NSW,1,8,8,13,6,84,13,7,85,-1,0,0
M16696,2016,Round 18,18,2016-04-17,West Coast Eagles,Collingwood Magpies,Optus Stadium,WA,VIC,1,9,7,14,7,91,14,0,84,7,1,1
M16697,2016,Round 19,19,2016-05-01,Richmond Tigers,St Kilda Saints,MCG,VIC,VIC,0,8,9,15,6,96,15,4,94,2,1,1
M16698,2016,Round 19,19,2016-05-03,Collingwood Magpies,GWS Giants,MCG,VIC,NSW,1,7,9,17,5,107,13,4,82,25,1,1
M16699,2016,Round 19,19,2016-05-05,Fremantle Dockers,Melbourne Demons,Optus Stadium,WA,VIC,1,7,7,19,5,119,11,7,73,46,1,1
M16700,2016,Round 19,19,2016-05-07,Western Bulldogs,Adelaide Crows,Marvel Stadium,VIC,SA,1,8,6,17,7,109,14,4,88,21,1,1
M16701,2016,Round 19,19,2016-05-09,Essendon Bombers,Hawthorn Hawks,Marvel Stadium,VIC,VIC,0,7,7,15,5,95,13,4,82,13,1,1
M16702,2016,Round 19,19,2016-05-11,North Melbourne Kangaroos,West Coast Eagles,Marvel Stadium,VIC,WA,1,9,8,14,7,91,13,2,80,11,1,1
M16703,2016,Round 19,19,2016-05-13,Sydney Swans,Port Adelaide Power,SCG,NSW,SA,1,7,6,16,8,104,14,6,90,14,1,1
M16704,2016,Round 19,19,2016-05-15,Brisbane Lions,Gold Coast Suns,Gabba,QLD,QLD,0,7,7,16,5,101,11,1,67,34,1,1
M16705,2016,Round 19,19,2016-05-17,Carlton Blues,Geelong Cats,Marvel Stadium,VIC,VIC,0,6,7,15,7,97,11,8,74,23,1,1
M16706,2016,Round 20,20,2016-06-01,Essendon Bombers,Carlton Blues,Marvel Stadium,VIC,VIC,0,7,7,17,0,102,12,6,78,24,1,1
M16707,2016,Round 20,20,2016-06-03,Hawthorn Hawks,Sydney Swans,MCG,VIC,NSW,1,7,6,13,2,80,14,5,89,-9,0,0
M16708,2016,Round 20,20,2016-06-05,Collingwood Magpies,St Kilda Saints,MCG,VIC,VIC,0,8,7,16,8,104,14,4,88,16,1,1
M16709,2016,Round 20,20,2016-06-07,Richmond Tigers,Fremantle Dockers,MCG,VIC,WA,1,7,7,16,1,97,15,2,92,5,1,1
M16710,2016,Round 20,20,2016-06-09,Brisbane Lions,Adelaide Crows,Gabba,QLD,SA,1,7,6,12,5,77,17,4,106,-29,0,0
M16711,2016,Round 20,20,2016-06-11,Melbourne Demons,Geelong Cats,MCG,VIC,VIC,0,8,9,15,8,98,16,5,101,-3,0,0
M16712,2016,Round 20,20,2016-06-13,Gold Coast Suns,West Coast Eagles,Heritage Bank Stadium,QLD,WA,1,7,7,14,7,91,14,5,89,2,1,1
M16713,2016,Round 20,20,2016-06-15,Port Adelaide Power,Western Bulldogs,Adelaide Oval,SA,VIC,1,7,7,14,2,86,13,1,79,7,1,1
M16714,2016,Round 20,20,2016-06-17,North Melbourne Kangaroos,GWS Giants,Marvel Stadium,VIC,NSW,1,7,7,16,5,101,17,4,106,-5,0,0
M16715,2016,Round 21,21,2016-07-01,GWS Giants,Port Adelaide Power,GIANTS Stadium,NSW,SA,1,6,7,14,3,87,12,9,81,6,1,1
M16716,2016,Round 21,21,2016-07-03,Adelaide Crows,Geelong Cats,Adelaide Oval,SA,VIC,1,9,7,15,5,95,15,2,92,3,1,1
M16717,2016,Round 21,21,2016-07-05,Collingwood Magpies,Essendon Bombers,MCG,VIC,VIC,0,8,7,14,4,88,15,2,92,-4,0,0
M16718,2016,Round 21,21,2016-07-07,Fremantle Dockers,Carlton Blues,Optus Stadium,WA,VIC,1,9,8,15,4,94,15,3,93,1,1,1
M16719,2016,Round 21,21,2016-07-09,Sydney Swans,Melbourne Demons,SCG,NSW,VIC,1,7,8,18,4,112,12,9,81,31,1,1
M16720,2016,Round 21,21,2016-07-11,Brisbane Lions,Hawthorn Hawks,Gabba,QLD,VIC,1,8,6,14,6,90,15,3,93,-3,0,0
M16721,2016,Round 21,21,2016-07-13,Richmond Tigers,Western Bulldogs,MCG,VIC,VIC,0,7,7,17,5,107,15,6,96,11,1,1
M16722,2016,Round 21,21,2016-07-15,West Coast Eagles,Gold Coast Suns,Optus Stadium,WA,QLD,1,8,8,15,7,97,12,2,74,23,1,1
M16723,2016,Round 21,21,2016-07-17,North Melbourne Kangaroos,St Kilda Saints,Marvel Stadium,VIC,VIC,0,7,7,17,2,104,13,6,84,20,1,1
M16724,2016,Round 22,22,2016-08-01,Hawthorn Hawks,Collingwood Magpies,MCG,VIC,VIC,0,6,8,17,6,108,11,3,69,39,1,1
M16725,2016,Round 22,22,2016-08-03,Geelong Cats,Carlton Blues,GMHBA Stadium,VIC,VIC,0,9,7,15,7,97,13,6,84,13,1,1
M16726,2016,Round 22,22,2016-08-05,Fremantle Dockers,Sydney Swans,Optus Stadium,WA,NSW,1,7,7,15,9,99,16,4,100,-1,0,0
M16727,2016,Round 22,22,2016-08-07,Port Adelaide Power,Essendon Bombers,Adelaide Oval,SA,VIC,1,6,8,18,4,112,13,6,84,28,1,1
M16728,2016,Round 22,22,2016-08-09,Adelaide Crows,Richmond Tigers,Adelaide Oval,SA,VIC,1,9,6,15,8,98,14,3,87,11,1,1
M16729,2016,Round 22,22,2016-08-11,Gold Coast Suns,St Kilda Saints,Heritage Bank Stadium,QLD,VIC,1,7,7,15,4,94,14,7,91,3,1,1
M16730,2016,Round 22,22,2016-08-13,West Coast Eagles,Melbourne Demons,Optus Stadium,WA,VIC,1,7,7,15,1,91,15,1,91,0,0,0
M16731,2016,Round 22,22,2016-08-15,North Melbourne Kangaroos,GWS Giants,Marvel Stadium,VIC,NSW,1,9,7,15,4,94,14,8,92,2,1,1
M16732,2016,Round 22,22,2016-08-17,Western Bulldogs,Brisbane Lions,Marvel Stadium,VIC,QLD,1,9,6,14,6,90,13,4,82,8,1,1
M16733,2017,Round 1,1,2017-05-01,Port Adelaide Power,Adelaide Crows,Adelaide Oval,SA,SA,0,7,6,15,4,94,13,2,80,14,1,1
M16734,2017,Round 1,1,2017-05-03,Western Bulldogs,St Kilda Saints,Marvel Stadium,VIC,VIC,0,9,7,16,7,103,14,4,88,15,1,1
M16735,2017,Round 1,1,2017-05-05,West Coast Eagles,Geelong Cats,Optus Stadium,WA,VIC,1,9,7,15,2,92,12,7,79,13,1,1
M16736,2017,Round 1,1,2017-05-07,Richmond Tigers,Essendon Bombers,MCG,VIC,VIC,0,8,7,15,1,91,12,5,77,14,1,1
M16737,2017,Round 1,1,2017-05-09,Collingwood Magpies,North Melbourne Kangaroos,MCG,VIC,VIC,0,6,8,14,4,88,17,2,104,-16,0,0
M16738,2017,Round 1,1,2017-05-11,Carlton Blues,Fremantle Dockers,Marvel Stadium,VIC,WA,1,9,7,14,2,86,12,8,80,6,1,1
M16739,2017,Round 1,1,2017-05-13,Melbourne Demons,GWS Giants,MCG,VIC,NSW,1,9,9,14,6,90,14,2,86,4,1,1
M16740,2017,Round 1,1,2017-05-15,Sydney Swans,Brisbane Lions,SCG,NSW,QLD,1,7,8,17,6,108,16,4,100,8,1,1
M16741,2017,Round 1,1,2017-05-17,Hawthorn Hawks,Gold Coast Suns,MCG,VIC,QLD,1,6,9,17,5,107,13,2,80,27,1,1
M16742,2017,Round 2,2,2017-06-01,Collingwood Magpies,Sydney Swans,MCG,VIC,NSW,1,7,7,14,5,89,15,1,91,-2,0,0
M16743,2017,Round 2,2,2017-06-03,Carlton Blues,Port Adelaide Power,Marvel Stadium,VIC,SA,1,7,7,14,0,84,15,4,94,-10,0,0
M16744,2017,Round 2,2,2017-06-05,GWS Giants,Brisbane Lions,GIANTS Stadium,NSW,QLD,1,6,9,19,4,118,13,2,80,38,1,1
M16745,2017,Round 2,2,2017-06-07,North Melbourne Kangaroos,Western Bulldogs,Marvel Stadium,VIC,VIC,0,6,7,16,3,99,11,7,73,26,1,1
M16746,2017,Round 2,2,2017-06-09,St Kilda Saints,Gold Coast Suns,Marvel Stadium,VIC,QLD,1,7,6,13,4,82,13,6,84,-2,0,0
M16747,2017,Round 2,2,2017-06-11,Melbourne Demons,West Coast Eagles,MCG,VIC,WA,1,9,6,13,6,84,12,2,74,10,1,1
M16748,2017,Round 2,2,2017-06-13,Fremantle Dockers,Hawthorn Hawks,Optus Stadium,WA,VIC,1,7,8,13,3,81,12,4,76,5,1,1
M16749,2017,Round 2,2,2017-06-15,Richmond Tigers,Geelong Cats,MCG,VIC,VIC,0,7,7,14,3,87,12,8,80,7,1,1
M16750,2017,Round 2,2,2017-06-17,Essendon Bombers,Adelaide Crows,Marvel Stadium,VIC,SA,1,7,7,12,3,75,14,2,86,-11,0,0
M16751,2017,Round 3,3,2017-07-01,Richmond Tigers,Melbourne Demons,MCG,VIC,VIC,0,9,7,15,4,94,12,3,75,19,1,1
M16752,2017,Round 3,3,2017-07-03,Western Bulldogs,Sydney Swans,Marvel Stadium,VIC,NSW,1,7,8,15,5,95,13,4,82,13,1,1
M16753,2017,Round 3,3,2017-07-05,Geelong Cats,North Melbourne Kangaroos,GMHBA Stadium,VIC,VIC,0,7,8,16,3,99,15,4,94,5,1,1
M16754,2017,Round 3,3,2017-07-07,West Coast Eagles,Gold Coast Suns,Optus Stadium,WA,QLD,1,9,7,19,8,122,13,7,85,37,1,1
M16755,2017,Round 3,3,2017-07-09,Port Adelaide Power,Carlton Blues,Adelaide Oval,SA,VIC,1,7,7,16,1,97,15,0,90,7,1,1
M16756,2017,Round 3,3,2017-07-11,Adelaide Crows,St Kilda Saints,Adelaide Oval,SA,VIC,1,9,7,15,7,97,11,2,68,29,1,1
M16757,2017,Round 3,3,2017-07-13,GWS Giants,Hawthorn Hawks,GIANTS Stadium,NSW,VIC,1,7,8,15,6,96,13,6,84,12,1,1
M16758,2017,Round 3,3,2017-07-15,Essendon Bombers,Brisbane Lions,Marvel Stadium,VIC,QLD,1,7,8,15,8,98,13,3,81,17,1,1
M16759,2017,Round 3,3,2017-07-17,Collingwood Magpies,Fremantle Dockers,MCG,VIC,WA,1,7,6,15,2,92,12,3,75,17,1,1
M16760,2017,Round 4,4,2017-08-01,Brisbane Lions,Western Bulldogs,Gabba,QLD,VIC,1,7,6,15,4,94,13,9,87,7,1,1
M16761,2017,Round 4,4,2017-08-03,Geelong Cats,Gold Coast Suns,GMHBA Stadium,VIC,QLD,1,7,6,14,2,86,14,5,89,-3,0,0
M16762,2017,Round 4,4,2017-08-05,Port Adelaide Power,Richmond Tigers,Adelaide Oval,SA,VIC,1,8,7,16,3,99,13,8,86,13,1,1
M16763,2017,Round 4,4,2017-08-07,Essendon Bombers,Adelaide Crows,Marvel Stadium,VIC,SA,1,9,7,15,7,97,13,2,80,17,1,1
M16764,2017,Round 4,4,2017-08-09,Collingwood Magpies,Fremantle Dockers,MCG,VIC,WA,1,9,6,11,7,73,15,6,96,-23,0,0
M16765,2017,Round 4,4,2017-08-11,Carlton Blues,Sydney Swans,Marvel Stadium,VIC,NSW,1,8,7,14,8,92,16,1,97,-5,0,0
M16766,2017,Round 4,4,2017-08-13,GWS Giants,St Kilda Saints,GIANTS Stadium,NSW,VIC,1,7,7,18,9,117,13,6,84,33,1,1
M16767,2017,Round 4,4,2017-08-15,North Melbourne Kangaroos,Melbourne Demons,Marvel Stadium,VIC,VIC,0,9,7,18,7,115,13,5,83,32,1,1
M16768,2017,Round 4,4,2017-08-17,Hawthorn Hawks,West Coast Eagles,MCG,VIC,WA,1,9,9,14,4,88,15,8,98,-10,0,0
M16769,2017,Round 5,5,2017-09-01,Carlton Blues,St Kilda Saints,Marvel Stadium,VIC,VIC,0,7,7,13,6,84,14,2,86,-2,0,0
M16770,2017,Round 5,5,2017-09-03,Gold Coast Suns,Brisbane Lions,Heritage Bank Stadium,QLD,QLD,0,7,7,15,1,91,11,8,74,17,1,1
M16771,2017,Round 5,5,2017-09-05,Western Bulldogs,Adelaide Crows,Marvel Stadium,VIC,SA,1,7,7,15,6,96,12,6,78,18,1,1
M16772,2017,Round 5,5,2017-09-07,Hawthorn Hawks,Richmond Tigers,MCG,VIC,VIC,0,7,7,16,6,102,14,4,88,14,1,1
M16773,2017,Round 5,5,2017-09-09,Collingwood Magpies,North Melbourne Kangaroos,MCG,VIC,VIC,0,7,9,17,4,106,12,5,77,29,1,1
M16774,2017,Round 5,5,2017-09-11,Geelong Cats,Essendon Bombers,GMHBA Stadium,VIC,VIC,0,7,9,15,2,92,13,4,82,10,1,1
M16775,2017,Round 5,5,2017-09-13,West Coast Eagles,Sydney Swans,Optus Stadium,WA,NSW,1,9,8,15,1,91,12,5,77,14,1,1
M16776,2017,Round 5,5,2017-09-15,Melbourne Demons,Fremantle Dockers,MCG,VIC,WA,1,7,9,15,3,93,14,3,87,6,1,1
M16777,2017,Round 5,5,2017-09-17,GWS Giants,Port Adelaide Power,GIANTS Stadium,NSW,SA,1,7,8,18,5,113,15,5,95,18,1,1
M16778,2017,Round 6,6,2017-04-01,Essendon Bombers,Collingwood Magpies,Marvel Stadium,VIC,VIC,0,8,9,11,5,71,15,2,92,-21,0,0
M16779,2017,Round 6,6,2017-04-03,Hawthorn Hawks,Geelong Cats,MCG,VIC,VIC,0,6,7,14,5,89,13,9,87,2,1,1
M16780,2017,Round 6,6,2017-04-05,West Coast Eagles,Carlton Blues,Optus Stadium,WA,VIC,1,7,7,14,8,92,14,0,84,8,1,1
M16781,2017,Round 6,6,2017-04-07,Port Adelaide Power,Fremantle Dockers,Adelaide Oval,SA,WA,1,7,7,17,4,106,15,6,96,10,1,1
M16782,2017,Round 6,6,2017-04-09,Richmond Tigers,Western Bulldogs,MCG,VIC,VIC,0,6,7,14,8,92,12,6,78,14,1,1
M16783,2017,Round 6,6,2017-04-11,Brisbane Lions,Melbourne Demons,Gabba,QLD,VIC,1,7,7,17,8,110,13,2,80,30,1,1
M16784,2017,Round 6,6,2017-04-13,Sydney Swans,GWS Giants,SCG,NSW,NSW,0,6,7,17,5,107,16,6,102,5,1,1
M16785,2017,Round 6,6,2017-04-15,Adelaide Crows,Gold Coast Suns,Adelaide Oval,SA,QLD,1,6,7,17,6,108,12,5,77,31,1,1
M16786,2017,Round 6,6,2017-04-17,St Kilda Saints,North Melbourne Kangaroos,Marvel Stadium,VIC,VIC,0,7,9,11,6,72,12,5,77,-5,0,0
M16787,2017,Round 7,7,2017-05-01,Brisbane Lions,St Kilda Saints,Gabba,QLD,VIC,1,7,8,17,6,108,16,5,101,7,1,1
M16788,2017,Round 7,7,2017-05-03,Hawthorn Hawks,Gold Coast Suns,MCG,VIC,QLD,1,7,8,14,2,86,14,5,89,-3,0,0
M16789,2017,Round 7,7,2017-05-05,Collingwood Magpies,Geelong Cats,MCG,VIC,VIC,0,7,7,19,5,119,14,9,93,26,1,1
M16790,2017,Round 7,7,2017-05-07,Western Bulldogs,Essendon Bombers,Marvel Stadium,VIC,VIC,0,8,7,16,6,102,14,6,90,12,1,1
M16791,2017,Round 7,7,2017-05-09,Richmond Tigers,West Coast Eagles,MCG,VIC,WA,1,8,7,17,4,106,12,6,78,28,1,1
M16792,2017,Round 7,7,2017-05-11,Port Adelaide Power,North Melbourne Kangaroos,Adelaide Oval,SA,VIC,1,7,7,14,5,89,16,1,97,-8,0,0
M16793,2017,Round 7,7,2017-05-13,Sydney Swans,Adelaide Crows,SCG,NSW,SA,1,7,8,16,3,99,14,3,87,12,1,1
M16794,2017,Round 7,7,2017-05-15,Carlton Blues,GWS Giants,Marvel Stadium,VIC,NSW,1,7,6,15,7,97,14,5,89,8,1,1
M16795,2017,Round 7,7,2017-05-17,Melbourne Demons,Fremantle Dockers,MCG,VIC,WA,1,6,6,14,5,89,12,7,79,10,1,1
M16796,2017,Round 8,8,2017-06-01,Geelong Cats,Essendon Bombers,GMHBA Stadium,VIC,VIC,0,7,7,15,8,98,14,8,92,6,1,1
M16797,2017,Round 8,8,2017-06-03,Port Adelaide Power,West Coast Eagles,Adelaide Oval,SA,WA,1,9,7,14,1,85,12,5,77,8,1,1
M16798,2017,Round 8,8,2017-06-05,Sydney Swans,Melbourne Demons,SCG,NSW,VIC,1,7,8,18,5,113,14,5,89,24,1,1
M16799,2017,Round 8,8,2017-06-07,Hawthorn Hawks,Adelaide Crows,MCG,VIC,SA,1,7,6,15,5,95,14,4,88,7,1,1
M16800,2017,Round 8,8,2017-06-09,Collingwood Magpies,GWS Giants,MCG,VIC,NSW,1,6,8,16,1,97,14,6,90,7,1,1
M16801,2017,Round 8,8,2017-06-11,Gold Coast Suns,Brisbane Lions,Heritage Bank Stadium,QLD,QLD,0,8,7,16,1,97,15,9,99,-2,0,0
M16802,2017,Round 8,8,2017-06-13,Fremantle Dockers,North Melbourne Kangaroos,Optus Stadium,WA,VIC,1,7,9,16,4,100,12,2,74,26,1,1
M16803,2017,Round 8,8,2017-06-15,Richmond Tigers,St Kilda Saints,MCG,VIC,VIC,0,9,7,18,4,112,12,7,79,33,1,1
M16804,2017,Round 8,8,2017-06-17,Carlton Blues,Western Bulldogs,Marvel Stadium,VIC,VIC,0,6,9,14,3,87,12,2,74,13,1,1
M16805,2017,Round 9,9,2017-07-01,Richmond Tigers,West Coast Eagles,MCG,VIC,WA,1,8,6,17,4,106,13,8,86,20,1,1
M16806,2017,Round 9,9,2017-07-03,Carlton Blues,North Melbourne Kangaroos,Marvel Stadium,VIC,VIC,0,7,8,14,6,90,12,7,79,11,1,1
M16807,2017,Round 9,9,2017-07-05,Gold Coast Suns,Port Adelaide Power,Heritage Bank Stadium,QLD,SA,1,7,6,12,3,75,14,4,88,-13,0,0
M16808,2017,Round 9,9,2017-07-07,Brisbane Lions,Melbourne Demons,Gabba,QLD,VIC,1,7,9,15,1,91,13,1,79,12,1,1
M16809,2017,Round 9,9,2017-07-09,Adelaide Crows,St Kilda Saints,Adelaide Oval,SA,VIC,1,9,8,15,2,92,15,1,91,1,1,1
M16810,2017,Round 9,9,2017-07-11,Essendon Bombers,Western Bulldogs,Marvel Stadium,VIC,VIC,0,8,7,17,6,108,16,6,102,6,1,1
M16811,2017,Round 9,9,2017-07-13,Fremantle Dockers,Collingwood Magpies,Optus Stadium,WA,VIC,1,7,7,15,6,96,14,9,93,3,1,1
M16812,2017,Round 9,9,2017-07-15,Geelong Cats,Sydney Swans,GMHBA Stadium,VIC,NSW,1,9,7,13,7,85,12,5,77,8,1,1
M16813,2017,Round 9,9,2017-07-17,GWS Giants,Hawthorn Hawks,GIANTS Stadium,NSW,VIC,1,7,9,15,6,96,12,2,74,22,1,1
M16814,2017,Round 10,10,2017-08-01,Western Bulldogs,St Kilda Saints,Marvel Stadium,VIC,VIC,0,8,6,17,7,109,13,1,79,30,1,1
M16815,2017,Round 10,10,2017-08-03,Brisbane Lions,Melbourne Demons,Gabba,QLD,VIC,1,7,6,17,3,105,13,6,84,21,1,1
M16816,2017,Round 10,10,2017-08-05,Geelong Cats,GWS Giants,GMHBA Stadium,VIC,NSW,1,8,8,18,2,110,14,1,85,25,1,1
M16817,2017,Round 10,10,2017-08-07,North Melbourne Kangaroos,Carlton Blues,Marvel Stadium,VIC,VIC,0,7,7,15,8,98,15,3,93,5,1,1
M16818,2017,Round 10,10,2017-08-09,Port Adelaide Power,Adelaide Crows,Adelaide Oval,SA,SA,0,7,8,14,2,86,14,3,87,-1,0,0
M16819,2017,Round 10,10,2017-08-11,Essendon Bombers,Collingwood Magpies,Marvel Stadium,VIC,VIC,0,8,7,15,6,96,15,0,90,6,1,1
M16820,2017,Round 10,10,2017-08-13,Hawthorn Hawks,West Coast Eagles,MCG,VIC,WA,1,7,9,16,7,103,14,6,90,13,1,1
M16821,2017,Round 10,10,2017-08-15,Richmond Tigers,Fremantle Dockers,MCG,VIC,WA,1,7,9,16,3,99,15,9,99,0,0,0
M16822,2017,Round 10,10,2017-08-17,Gold Coast Suns,Sydney Swans,Heritage Bank Stadium,QLD,NSW,1,6,7,15,4,94,15,6,96,-2,0,0
M16823,2017,Round 11,11,2017-09-01,West Coast Eagles,Western Bulldogs,Optus Stadium,WA,VIC,1,6,7,16,2,98,15,2,92,6,1,1
M16824,2017,Round 11,11,2017-09-03,Richmond Tigers,Geelong Cats,MCG,VIC,VIC,0,7,7,18,5,113,14,4,88,25,1,1
M16825,2017,Round 11,11,2017-09-05,Collingwood Magpies,St Kilda Saints,MCG,VIC,VIC,0,9,9,13,6,84,12,6,78,6,1,1
M16826,2017,Round 11,11,2017-09-07,North Melbourne Kangaroos,Gold Coast Suns,Marvel Stadium,VIC,QLD,1,7,8,13,6,84,12,0,72,12,1,1
M16827,2017,Round 11,11,2017-09-09,Fremantle Dockers,Brisbane Lions,Optus Stadium,WA,QLD,1,7,6,14,4,88,15,4,94,-6,0,0
M16828,2017,Round 11,11,2017-09-11,Melbourne Demons,GWS Giants,MCG,VIC,NSW,1,9,8,15,4,94,15,6,96,-2,0,0
M16829,2017,Round 11,11,2017-09-13,Sydney Swans,Adelaide Crows,SCG,NSW,SA,1,7,7,14,5,89,14,3,87,2,1,1
M16830,2017,Round 11,11,2017-09-15,Port Adelaide Power,Carlton Blues,Adelaide Oval,SA,VIC,1,6,9,17,2,104,13,9,87,17,1,1
M16831,2017,Round 11,11,2017-09-17,Essendon Bombers,Hawthorn Hawks,Marvel Stadium,VIC,VIC,0,7,7,16,3,99,15,0,90,9,1,1
M16832,2017,Round 12,12,2017-04-01,West Coast Eagles,Adelaide Crows,Optus Stadium,WA,SA,1,9,9,15,8,98,13,4,82,16,1,1
M16833,2017,Round 12,12,2017-04-03,Western Bulldogs,Geelong Cats,Marvel Stadium,VIC,VIC,0,9,7,16,6,102,12,4,76,26,1,1
M16834,2017,Round 12,12,2017-04-05,St Kilda Saints,North Melbourne Kangaroos,Marvel Stadium,VIC,VIC,0,6,7,14,5,89,14,2,86,3,1,1
M16835,2017,Round 12,12,2017-04-07,Gold Coast Suns,Collingwood Magpies,Heritage Bank Stadium,QLD,VIC,1,8,9,16,8,104,13,4,82,22,1,1
M16836,2017,Round 12,12,2017-04-09,Carlton Blues,Brisbane Lions,Marvel Stadium,VIC,QLD,1,9,6,13,2,80,14,8,92,-12,0,0
M16837,2017,Round 12,12,2017-04-11,Hawthorn Hawks,Richmond Tigers,MCG,VIC,VIC,0,9,9,20,3,123,16,2,98,25,1,1
M16838,2017,Round 12,12,2017-04-13,Essendon Bombers,Sydney Swans,Marvel Stadium,VIC,NSW,1,8,7,15,0,90,16,2,98,-8,0,0
M16839,2017,Round 12,12,2017-04-15,Melbourne Demons,Port Adelaide Power,MCG,VIC,SA,1,6,7,16,7,103,13,4,82,21,1,1
M16840,2017,Round 12,12,2017-04-17,Fremantle Dockers,GWS Giants,Optus Stadium,WA,NSW,1,6,7,13,6,84,13,4,82,2,1,1
M16841,2017,Round 13,13,2017-05-01,Essendon Bombers,West Coast Eagles,Marvel Stadium,VIC,WA,1,7,8,14,2,86,13,8,86,0,0,0
M16842,2017,Round 13,13,2017-05-03,Western Bulldogs,Hawthorn Hawks,Marvel Stadium,VIC,VIC,0,9,7,19,7,121,11,6,72,49,1,1
M16843,2017,Round 13,13,2017-05-05,GWS Giants,Adelaide Crows,GIANTS Stadium,NSW,SA,1,7,6,18,8,116,11,2,68,48,1,1
M16844,2017,Round 13,13,2017-05-07,Collingwood Magpies,Gold Coast Suns,MCG,VIC,QLD,1,8,7,16,4,100,15,6,96,4,1,1
M16845,2017,Round 13,13,2017-05-09,St Kilda Saints,Port Adelaide Power,Marvel Stadium,VIC,SA,1,7,9,17,6,108,16,3,99,9,1,1
M16846,2017,Round 13,13,2017-05-11,North Melbourne Kangaroos,Geelong Cats,Marvel Stadium,VIC,VIC,0,7,7,13,1,79,14,0,84,-5,0,0
M16847,2017,Round 13,13,2017-05-13,Sydney Swans,Fremantle Dockers,SCG,NSW,WA,1,9,7,15,5,95,14,5,89,6,1,1
M16848,2017,Round 13,13,2017-05-15,Richmond Tigers,Melbourne Demons,MCG,VIC,VIC,0,9,6,15,4,94,14,6,90,4,1,1
M16849,2017,Round 13,13,2017-05-17,Carlton Blues,Brisbane Lions,Marvel Stadium,VIC,QLD,1,6,9,13,5,83,12,4,76,7,1,1
M16850,2017,Round 14,14,2017-06-01,Carlton Blues,St Kilda Saints,Marvel Stadium,VIC,VIC,0,9,6,14,4,88,14,6,90,-2,0,0
M16851,2017,Round 14,14,2017-06-03,Geelong Cats,West Coast Eagles,GMHBA Stadium,VIC,WA,1,6,7,17,2,104,14,7,91,13,1,1
M16852,2017,Round 14,14,2017-06-05,Essendon Bombers,Melbourne Demons,Marvel Stadium,VIC,VIC,0,6,8,15,7,97,12,2,74,23,1,1
M16853,2017,Round 14,14,2017-06-07,North Melbourne Kangaroos,GWS Giants,Marvel Stadium,VIC,NSW,1,8,7,14,1,85,12,4,76,9,1,1
M16854,2017,Round 14,14,2017-06-09,Gold Coast Suns,Sydney Swans,Heritage Bank Stadium,QLD,NSW,1,7,6,13,6,84,14,3,87,-3,0,0
M16855,2017,Round 14,14,2017-06-11,Richmond Tigers,Port Adelaide Power,MCG,VIC,SA,1,7,8,16,5,101,13,2,80,21,1,1
M16856,2017,Round 14,14,2017-06-13,Brisbane Lions,Adelaide Crows,Gabba,QLD,SA,1,7,6,12,5,77,15,6,96,-19,0,0
M16857,2017,Round 14,14,2017-06-15,Collingwood Magpies,Hawthorn Hawks,MCG,VIC,VIC,0,7,7,15,0,90,13,4,82,8,1,1
M16858,2017,Round 14,14,2017-06-17,Fremantle Dockers,Western Bulldogs,Optus Stadium,WA,VIC,1,6,7,15,2,92,13,4,82,10,1,1
M16859,2017,Round 15,15,2017-07-01,St Kilda Saints,Adelaide Crows,Marvel Stadium,VIC,SA,1,6,9,17,2,104,13,6,84,20,1,1
M16860,2017,Round 15,15,2017-07-03,Hawthorn Hawks,Collingwood Magpies,MCG,VIC,VIC,0,7,8,12,3,75,13,4,82,-7,0,0
M16861,2017,Round 15,15,2017-07-05,West Coast Eagles,Geelong Cats,Optus Stadium,WA,VIC,1,6,6,13,3,81,14,5,89,-8,0,0
M16862,2017,Round 15,15,2017-07-07,Essendon Bombers,Carlton Blues,Marvel Stadium,VIC,VIC,0,9,7,15,5,95,14,6,90,5,1,1
M16863,2017,Round 15,15,2017-07-09,Port Adelaide Power,Gold Coast Suns,Adelaide Oval,SA,QLD,1,8,7,15,4,94,14,0,84,10,1,1
M16864,2017,Round 15,15,2017-07-11,GWS Giants,Richmond Tigers,GIANTS Stadium,NSW,VIC,1,7,7,12,3,75,14,4,88,-13,0,0
M16865,2017,Round 15,15,2017-07-13,Brisbane Lions,Melbourne Demons,Gabba,QLD,VIC,1,8,7,16,5,101,15,7,97,4,1,1
M16866,2017,Round 15,15,2017-07-15,Fremantle Dockers,Western Bulldogs,Optus Stadium,WA,VIC,1,9,8,14,2,86,16,5,101,-15,0,0
M16867,2017,Round 15,15,2017-07-17,North Melbourne Kangaroos,Sydney Swans,Marvel Stadium,VIC,NSW,1,8,7,16,2,98,14,7,91,7,1,1
M16868,2017,Round 16,16,2017-08-01,North Melbourne Kangaroos,West Coast Eagles,Marvel Stadium,VIC,WA,1,6,6,14,3,87,14,7,91,-4,0,0
M16869,2017,Round 16,16,2017-08-03,Port Adelaide Power,St Kilda Saints,Adelaide Oval,SA,VIC,1,7,7,16,6,102,14,7,91,11,1,1
M16870,2017,Round 16,16,2017-08-05,Richmond Tigers,Collingwood Magpies,MCG,VIC,VIC,0,8,9,14,7,91,14,6,90,1,1,1
M16871,2017,Round 16,16,2017-08-07,Geelong Cats,Sydney Swans,GMHBA Stadium,VIC,NSW,1,7,6,17,6,108,13,6,84,24,1,1
M16872,2017,Round 16,16,2017-08-09,Hawthorn Hawks,Brisbane Lions,MCG,VIC,QLD,1,7,7,16,4,100,16,6,102,-2,0,0
M16873,2017,Round 16,16,2017-08-11,Adelaide Crows,GWS Giants,Adelaide Oval,SA,NSW,1,7,9,16,6,102,15,0,90,12,1,1
M16874,2017,Round 16,16,2017-08-13,Western Bulldogs,Gold Coast Suns,Marvel Stadium,VIC,QLD,1,9,8,14,6,90,11,4,70,20,1,1
M16875,2017,Round 16,16,2017-08-15,Fremantle Dockers,Melbourne Demons,Optus Stadium,WA,VIC,1,8,9,17,7,109,13,6,84,25,1,1
M16876,2017,Round 16,16,2017-08-17,Carlton Blues,Essendon Bombers,Marvel Stadium,VIC,VIC,0,7,7,16,8,104,13,6,84,20,1,1
M16877,2017,Round 17,17,2017-09-01,North Melbourne Kangaroos,Essendon Bombers,Marvel Stadium,VIC,VIC,0,7,7,15,1,91,15,6,96,-5,0,0
M16878,2017,Round 17,17,2017-09-03,Geelong Cats,Carlton Blues,GMHBA Stadium,VIC,VIC,0,7,7,16,7,103,12,4,76,27,1,1
M16879,2017,Round 17,17,2017-09-05,Melbourne Demons,West Coast Eagles,MCG,VIC,WA,1,6,6,13,7,85,15,5,95,-10,0,0
M16880,2017,Round 17,17,2017-09-07,Hawthorn Hawks,Gold Coast Suns,MCG,VIC,QLD,1,8,7,14,4,88,11,7,73,15,1,1
M16881,2017,Round 17,17,2017-09-09,Port Adelaide Power,St Kilda Saints,Adelaide Oval,SA,VIC,1,7,7,13,3,81,11,6,72,9,1,1
M16882,2017,Round 17,17,2017-09-11,Adelaide Crows,Sydney Swans,Adelaide Oval,SA,NSW,1,6,7,14,7,91,13,8,86,5,1,1
M16883,2017,Round 17,17,2017-09-13,Fremantle Dockers,Collingwood Magpies,Optus Stadium,WA,VIC,1,7,7,13,3,81,15,5,95,-14,0,0
M16884,2017,Round 17,17,2017-09-15,Richmond Tigers,Western Bulldogs,MCG,VIC,VIC,0,9,7,17,8,110,13,8,86,24,1,1
M16885,2017,Round 17,17,2017-09-17,GWS Giants,Brisbane Lions,GIANTS Stadium,NSW,QLD,1,7,9,15,5,95,16,5,101,-6,0,0
M16886,2017,Round 18,18,2017-04-01,Brisbane Lions,Carlton Blues,Gabba,QLD,VIC,1,7,7,16,3,99,14,3,87,12,1,1
M16887,2017,Round 18,18,2017-04-03,Essendon Bombers,Hawthorn Hawks,Marvel Stadium,VIC,VIC,0,8,8,17,6,108,13,6,84,24,1,1
M16888,2017,Round 18,18,2017-04-05,Port Adelaide Power,Melbourne Demons,Adelaide Oval,SA,VIC,1,6,6,13,2,80,15,1,91,-11,0,0
M16889,2017,Round 18,18,2017-04-07,Adelaide Crows,Western Bulldogs,Adelaide Oval,SA,VIC,1,7,9,16,5,101,15,1,91,10,1,1
M16890,2017,Round 18,18,2017-04-09,St Kilda Saints,Sydney Swans,Marvel Stadium,VIC,NSW,1,6,9,15,7,97,13,3,81,16,1,1
M16891,2017,Round 18,18,2017-04-11,Geelong Cats,Gold Coast Suns,GMHBA Stadium,VIC,QLD,1,7,8,15,6,96,16,6,102,-6,0,0
M16892,2017,Round 18,18,2017-04-13,Richmond Tigers,West Coast Eagles,MCG,VIC,WA,1,7,8,15,6,96,15,4,94,2,1,1
M16893,2017,Round 18,18,2017-04-15,Fremantle Dockers,GWS Giants,Optus Stadium,WA,NSW,1,7,6,16,9,105,12,2,74,31,1,1
M16894,2017,Round 18,18,2017-04-17,North Melbourne Kangaroos,Collingwood Magpies,Marvel Stadium,VIC,VIC,0,8,7,17,5,107,12,4,76,31,1,1
M16895,2017,Round 19,19,2017-05-01,Gold Coast Suns,North Melbourne Kangaroos,Heritage Bank Stadium,QLD,VIC,1,7,7,14,2,86,15,9,99,-13,0,0
M16896,2017,Round 19,19,2017-05-03,Western Bulldogs,Sydney Swans,Marvel Stadium,VIC,NSW,1,9,6,16,8,104,11,4,70,34,1,1
M16897,2017,Round 19,19,2017-05-05,Carlton Blues,Hawthorn Hawks,Marvel Stadium,VIC,VIC,0,6,9,15,5,95,13,5,83,12,1,1
M16898,2017,Round 19,19,2017-05-07,Richmond Tigers,Adelaide Crows,MCG,VIC,SA,1,9,7,15,5,95,15,1,91,4,1,1
M16899,2017,Round 19,19,2017-05-09,West Coast Eagles,GWS Giants,Optus Stadium,WA,NSW,1,7,7,15,6,96,13,2,80,16,1,1
M16900,2017,Round 19,19,2017-05-11,Port Adelaide Power,Essendon Bombers,Adelaide Oval,SA,VIC,1,6,6,16,5,101,13,6,84,17,1,1
M16901,2017,Round 19,19,2017-05-13,St Kilda Saints,Fremantle Dockers,Marvel Stadium,VIC,WA,1,9,7,14,6,90,9,4,58,32,1,1
M16902,2017,Round 19,19,2017-05-15,Brisbane Lions,Melbourne Demons,Gabba,QLD,VIC,1,7,7,13,2,80,16,6,102,-22,0,0
M16903,2017,Round 19,19,2017-05-17,Geelong Cats,Collingwood Magpies,GMHBA Stadium,VIC,VIC,0,7,8,14,5,89,13,6,84,5,1,1
M16904,2017,Round 20,20,2017-06-01,Essendon Bombers,Fremantle Dockers,Marvel Stadium,VIC,WA,1,9,9,17,3,105,12,3,75,30,1,1
M16905,2017,Round 20,20,2017-06-03,Carlton Blues,Sydney Swans,Marvel Stadium,VIC,NSW,1,8,7,18,5,113,13,7,85,28,1,1
M16906,2017,Round 20,20,2017-06-05,St Kilda Saints,Brisbane Lions,Marvel Stadium,VIC,QLD,1,8,9,13,5,83,12,1,73,10,1,1
M16907,2017,Round 20,20,2017-06-07,Western Bulldogs,North Melbourne Kangaroos,Marvel Stadium,VIC,VIC,0,8,6,16,4,100,14,1,85,15,1,1
M16908,2017,Round 20,20,2017-06-09,Richmond Tigers,GWS Giants,MCG,VIC,NSW,1,7,7,14,5,89,15,5,95,-6,0,0
M16909,2017,Round 20,20,2017-06-11,West Coast Eagles,Geelong Cats,Optus Stadium,WA,VIC,1,7,9,13,7,85,17,1,103,-18,0,0
M16910,2017,Round 20,20,2017-06-13,Gold Coast Suns,Melbourne Demons,Heritage Bank Stadium,QLD,VIC,1,7,6,17,3,105,13,2,80,25,1,1
M16911,2017,Round 20,20,2017-06-15,Collingwood Magpies,Hawthorn Hawks,MCG,VIC,VIC,0,8,7,14,2,86,11,4,70,16,1,1
M16912,2017,Round 20,20,2017-06-17,Port Adelaide Power,Adelaide Crows,Adelaide Oval,SA,SA,0,6,6,14,2,86,11,6,72,14,1,1
M16913,2017,Round 21,21,2017-07-01,GWS Giants,Essendon Bombers,GIANTS Stadium,NSW,VIC,1,7,7,16,5,101,13,6,84,17,1,1
M16914,2017,Round 21,21,2017-07-03,Carlton Blues,Gold Coast Suns,Marvel Stadium,VIC,QLD,1,7,7,14,4,88,15,1,91,-3,0,0
M16915,2017,Round 21,21,2017-07-05,Fremantle Dockers,Melbourne Demons,Optus Stadium,WA,VIC,1,8,7,16,7,103,13,6,84,19,1,1
M16916,2017,Round 21,21,2017-07-07,North Melbourne Kangaroos,Richmond Tigers,Marvel Stadium,VIC,VIC,0,7,9,16,4,100,15,2,92,8,1,1
M16917,2017,Round 21,21,2017-07-09,Collingwood Magpies,Western Bulldogs,MCG,VIC,VIC,0,7,7,15,6,96,13,5,83,13,1,1
M16918,2017,Round 21,21,2017-07-11,Geelong Cats,Brisbane Lions,GMHBA Stadium,VIC,QLD,1,8,8,16,1,97,14,4,88,9,1,1
M16919,2017,Round 21,21,2017-07-13,Hawthorn Hawks,Sydney Swans,MCG,VIC,NSW,1,7,7,17,3,105,15,8,98,7,1,1
M16920,2017,Round 21,21,2017-07-15,Port Adelaide Power,St Kilda Saints,Adelaide Oval,SA,VIC,1,7,9,13,6,84,17,1,103,-19,0,0
M16921,2017,Round 21,21,2017-07-17,Adelaide Crows,West Coast Eagles,Adelaide Oval,SA,WA,1,8,7,20,6,126,15,5,95,31,1,1
M16922,2017,Round 22,22,2017-08-01,Essendon Bombers,Hawthorn Hawks,Marvel Stadium,VIC,VIC,0,7,7,18,6,114,13,8,86,28,1,1
M16923,2017,Round 22,22,2017-08-03,Fremantle Dockers,Melbourne Demons,Optus Stadium,WA,VIC,1,7,6,11,6,72,11,4,70,2,1,1
M16924,2017,Round 22,22,2017-08-05,Carlton Blues,Richmond Tigers,Marvel Stadium,VIC,VIC,0,7,6,12,5,77,14,5,89,-12,0,0
M16925,2017,Round 22,22,2017-08-07,St Kilda Saints,Gold Coast Suns,Marvel Stadium,VIC,QLD,1,9,8,13,5,83,14,3,87,-4,0,0
M16926,2017,Round 22,22,2017-08-09,Port Adelaide Power,Sydney Swans,Adelaide Oval,SA,NSW,1,8,9,18,5,113,12,5,77,36,1,1
M16927,2017,Round 22,22,2017-08-11,Collingwood Magpies,GWS Giants,MCG,VIC,NSW,1,7,7,14,9,93,11,8,74,19,1,1
M16928,2017,Round 22,22,2017-08-13,Adelaide Crows,North Melbourne Kangaroos,Adelaide Oval,SA,VIC,1,9,7,13,1,79,12,5,77,2,1,1
M16929,2017,Round 22,22,2017-08-15,Brisbane Lions,Western Bulldogs,Gabba,QLD,VIC,1,8,8,16,6,102,13,4,82,20,1,1
M16930,2017,Round 22,22,2017-08-17,West Coast Eagles,Geelong Cats,Optus Stadium,WA,VIC,1,7,9,15,5,95,12,5,77,18,1,1
M16931,2018,Round 1,1,2018-05-01,GWS Giants,Port Adelaide Power,GIANTS Stadium,NSW,SA,1,7,8,15,4,94,13,8,86,8,1,1
M16932,2018,Round 1,1,2018-05-03,Carlton Blues,Gold Coast Suns,Marvel Stadium,VIC,QLD,1,7,7,14,7,91,12,3,75,16,1,1
M16933,2018,Round 1,1,2018-05-05,West Coast Eagles,Collingwood Magpies,Optus Stadium,WA,VIC,1,9,7,15,6,96,13,6,84,12,1,1
M16934,2018,Round 1,1,2018-05-07,Sydney Swans,Melbourne Demons,SCG,NSW,VIC,1,6,7,14,5,89,11,6,72,17,1,1
M16935,2018,Round 1,1,2018-05-09,Richmond Tigers,Fremantle Dockers,MCG,VIC,WA,1,6,7,14,4,88,12,1,73,15,1,1
M16936,2018,Round 1,1,2018-05-11,North Melbourne Kangaroos,Geelong Cats,Marvel Stadium,VIC,VIC,0,7,9,14,5,89,14,5,89,0,0,0
M16937,2018,Round 1,1,2018-05-13,Hawthorn Hawks,Essendon Bombers,MCG,VIC,VIC,0,8,9,16,5,101,10,3,63,38,1,1
M16938,2018,Round 1,1,2018-05-15,Adelaide Crows,Brisbane Lions,Adelaide Oval,SA,QLD,1,7,9,16,7,103,10,5,65,38,1,1
M16939,2018,Round 1,1,2018-05-17,St Kilda Saints,Western Bulldogs,Marvel Stadium,VIC,VIC,0,9,8,16,2,98,12,8,80,18,1,1
M16940,2018,Round 2,2,2018-06-01,Port Adelaide Power,Carlton Blues,Adelaide Oval,SA,VIC,1,8,7,16,3,99,15,8,98,1,1,1
M16941,2018,Round 2,2,2018-06-03,Sydney Swans,Essendon Bombers,SCG,NSW,VIC,1,8,7,14,0,84,13,8,86,-2,0,0
M16942,2018,Round 2,2,2018-06-05,North Melbourne Kangaroos,Western Bulldogs,Marvel Stadium,VIC,VIC,0,9,6,16,4,100,13,8,86,14,1,1
M16943,2018,Round 2,2,2018-06-07,GWS Giants,Hawthorn Hawks,GIANTS Stadium,NSW,VIC,1,8,7,17,4,106,15,3,93,13,1,1
M16944,2018,Round 2,2,2018-06-09,Melbourne Demons,West Coast Eagles,MCG,VIC,WA,1,7,8,14,4,88,14,8,92,-4,0,0
M16945,2018,Round 2,2,2018-06-11,Adelaide Crows,Fremantle Dockers,Adelaide Oval,SA,WA,1,8,7,14,5,89,15,5,95,-6,0,0
M16946,2018,Round 2,2,2018-06-13,Gold Coast Suns,St Kilda Saints,Heritage Bank Stadium,QLD,VIC,1,9,7,14,4,88,13,3,81,7,1,1
M16947,2018,Round 2,2,2018-06-15,Brisbane Lions,Richmond Tigers,Gabba,QLD,VIC,1,7,7,15,2,92,16,4,100,-8,0,0
M16948,2018,Round 2,2,2018-06-17,Collingwood Magpies,Geelong Cats,MCG,VIC,VIC,0,7,8,17,2,104,10,7,67,37,1,1
M16949,2018,Round 3,3,2018-07-01,Port Adelaide Power,Collingwood Magpies,Adelaide Oval,SA,VIC,1,7,6,17,3,105,13,4,82,23,1,1
M16950,2018,Round 3,3,2018-07-03,Hawthorn Hawks,St Kilda Saints,MCG,VIC,VIC,0,9,9,15,4,94,13,4,82,12,1,1
M16951,2018,Round 3,3,2018-07-05,Gold Coast Suns,GWS Giants,Heritage Bank Stadium,QLD,NSW,1,9,7,15,1,91,13,6,84,7,1,1
M16952,2018,Round 3,3,2018-07-07,Essendon Bombers,North Melbourne Kangaroos,Marvel Stadium,VIC,VIC,0,8,7,15,7,97,14,7,91,6,1,1
M16953,2018,Round 3,3,2018-07-09,Fremantle Dockers,Western Bulldogs,Optus Stadium,WA,VIC,1,9,7,16,2,98,14,7,91,7,1,1
M16954,2018,Round 3,3,2018-07-11,West Coast Eagles,Melbourne Demons,Optus Stadium,WA,VIC,1,9,9,16,8,104,15,8,98,6,1,1
M16955,2018,Round 3,3,2018-07-13,Carlton Blues,Richmond Tigers,Marvel Stadium,VIC,VIC,0,6,7,15,5,95,13,4,82,13,1,1
M16956,2018,Round 3,3,2018-07-15,Adelaide Crows,Brisbane Lions,Adelaide Oval,SA,QLD,1,7,7,16,9,105,13,4,82,23,1,1
M16957,2018,Round 3,3,2018-07-17,Sydney Swans,Geelong Cats,SCG,NSW,VIC,1,7,6,15,3,93,13,2,80,13,1,1
M16958,2018,Round 4,4,2018-08-01,North Melbourne Kangaroos,Geelong Cats,Marvel Stadium,VIC,VIC,0,7,8,16,3,99,16,4,100,-1,0,0
M16959,2018,Round 4,4,2018-08-03,Adelaide Crows,Brisbane Lions,Adelaide Oval,SA,QLD,1,7,7,15,6,96,15,2,92,4,1,1
M16960,2018,Round 4,4,2018-08-05,Port Adelaide Power,St Kilda Saints,Adelaide Oval,SA,VIC,1,6,6,14,6,90,14,6,90,0,0,0
M16961,2018,Round 4,4,2018-08-07,Melbourne Demons,Hawthorn Hawks,MCG,VIC,VIC,0,6,9,16,3,99,14,2,86,13,1,1
M16962,2018,Round 4,4,2018-08-09,Sydney Swans,Essendon Bombers,SCG,NSW,VIC,1,9,6,13,7,85,14,2,86,-1,0,0
M16963,2018,Round 4,4,2018-08-11,West Coast Eagles,GWS Giants,Optus Stadium,WA,NSW,1,7,6,16,7,103,15,8,98,5,1,1
M16964,2018,Round 4,4,2018-08-13,Carlton Blues,Gold Coast Suns,Marvel Stadium,VIC,QLD,1,9,8,14,4,88,13,0,78,10,1,1
M16965,2018,Round 4,4,2018-08-15,Fremantle Dockers,Richmond Tigers,Optus Stadium,WA,VIC,1,7,6,16,3,99,15,4,94,5,1,1
M16966,2018,Round 4,4,2018-08-17,Collingwood Magpies,Western Bulldogs,MCG,VIC,VIC,0,7,8,15,5,95,13,8,86,9,1,1
M16967,2018,Round 5,5,2018-09-01,Collingwood Magpies,Fremantle Dockers,MCG,VIC,WA,1,7,9,16,5,101,12,5,77,24,1,1
M16968,2018,Round 5,5,2018-09-03,Gold Coast Suns,Port Adelaide Power,Heritage Bank Stadium,QLD,SA,1,7,7,13,7,85,13,4,82,3,1,1
M16969,2018,Round 5,5,2018-09-05,Essendon Bombers,Sydney Swans,Marvel Stadium,VIC,NSW,1,7,9,14,3,87,13,6,84,3,1,1
M16970,2018,Round 5,5,2018-09-07,Western Bulldogs,West Coast Eagles,Marvel Stadium,VIC,WA,1,8,7,14,5,89,13,7,85,4,1,1
M16971,2018,Round 5,5,2018-09-09,Adelaide Crows,Richmond Tigers,Adelaide Oval,SA,VIC,1,6,6,17,4,106,16,5,101,5,1,1
M16972,2018,Round 5,5,2018-09-11,Carlton Blues,GWS Giants,Marvel Stadium,VIC,NSW,1,8,7,16,1,97,12,9,81,16,1,1
M16973,2018,Round 5,5,2018-09-13,Geelong Cats,Brisbane Lions,GMHBA Stadium,VIC,QLD,1,9,6,15,4,94,13,8,86,8,1,1
M16974,2018,Round 5,5,2018-09-15,St Kilda Saints,Melbourne Demons,Marvel Stadium,VIC,VIC,0,8,7,17,2,104,13,4,82,22,1,1
M16975,2018,Round 5,5,2018-09-17,North Melbourne Kangaroos,Hawthorn Hawks,Marvel Stadium,VIC,VIC,0,6,7,15,3,93,15,6,96,-3,0,0
M16976,2018,Round 6,6,2018-04-01,Hawthorn Hawks,West Coast Eagles,MCG,VIC,WA,1,6,7,16,7,103,15,1,91,12,1,1
M16977,2018,Round 6,6,2018-04-03,GWS Giants,Fremantle Dockers,GIANTS Stadium,NSW,WA,1,7,7,16,8,104,13,4,82,22,1,1
M16978,2018,Round 6,6,2018-04-05,Adelaide Crows,Geelong Cats,Adelaide Oval,SA,VIC,1,7,6,15,8,98,13,8,86,12,1,1
M16979,2018,Round 6,6,2018-04-07,St Kilda Saints,Melbourne Demons,Marvel Stadium,VIC,VIC,0,9,6,15,3,93,11,6,72,21,1,1
M16980,2018,Round 6,6,2018-04-09,Carlton Blues,Gold Coast Suns,Marvel Stadium,VIC,QLD,1,7,7,14,7,91,13,3,81,10,1,1
M16981,2018,Round 6,6,2018-04-11,North Melbourne Kangaroos,Brisbane Lions,Marvel Stadium,VIC,QLD,1,9,7,15,4,94,12,6,78,16,1,1
M16982,2018,Round 6,6,2018-04-13,Collingwood Magpies,Port Adelaide Power,MCG,VIC,SA,1,7,7,14,4,88,16,3,99,-11,0,0
M16983,2018,Round 6,6,2018-04-15,Essendon Bombers,Sydney Swans,Marvel Stadium,VIC,NSW,1,6,7,16,7,103,13,4,82,21,1,1
M16984,2018,Round 6,6,2018-04-17,Richmond Tigers,Western Bulldogs,MCG,VIC,VIC,0,9,6,14,4,88,15,5,95,-7,0,0
M16985,2018,Round 7,7,2018-05-01,Geelong Cats,Port Adelaide Power,GMHBA Stadium,VIC,SA,1,7,7,12,9,81,12,5,77,4,1,1
M16986,2018,Round 7,7,2018-05-03,Essendon Bombers,Brisbane Lions,Marvel Stadium,VIC,QLD,1,7,7,15,7,97,14,8,92,5,1,1
M16987,2018,Round 7,7,2018-05-05,Richmond Tigers,St Kilda Saints,MCG,VIC,VIC,0,7,7,14,4,88,14,3,87,1,1,1
M16988,2018,Round 7,7,2018-05-07,Western Bulldogs,Hawthorn Hawks,Marvel Stadium,VIC,VIC,0,7,7,12,5,77,15,3,93,-16,0,0
M16989,2018,Round 7,7,2018-05-09,GWS Giants,Gold Coast Suns,GIANTS Stadium,NSW,QLD,1,7,7,15,2,92,16,7,103,-11,0,0
M16990,2018,Round 7,7,2018-05-11,Collingwood Magpies,North Melbourne Kangaroos,MCG,VIC,VIC,0,7,8,16,2,98,13,6,84,14,1,1
M16991,2018,Round 7,7,2018-05-13,Fremantle Dockers,Melbourne Demons,Optus Stadium,WA,VIC,1,7,6,13,7,85,14,7,91,-6,0,0
M16992,2018,Round 7,7,2018-05-15,Adelaide Crows,Carlton Blues,Adelaide Oval,SA,VIC,1,7,6,13,8,86,15,4,94,-8,0,0
M16993,2018,Round 7,7,2018-05-17,Sydney Swans,West Coast Eagles,SCG,NSW,WA,1,8,7,15,1,91,12,6,78,13,1,1
M16994,2018,Round 8,8,2018-06-01,North Melbourne Kangaroos,Port Adelaide Power,Marvel Stadium,VIC,SA,1,8,8,14,7,91,10,5,65,26,1,1
M16995,2018,Round 8,8,2018-06-03,Fremantle Dockers,Essendon Bombers,Optus Stadium,WA,VIC,1,7,7,16,5,101,13,5,83,18,1,1
M16996,2018,Round 8,8,2018-06-05,St Kilda Saints,Hawthorn Hawks,Marvel Stadium,VIC,VIC,0,6,7,17,7,109,14,1,85,24,1,1
M16997,2018,Round 8,8,2018-06-07,Western Bulldogs,Sydney Swans,Marvel Stadium,VIC,NSW,1,7,9,15,7,97,14,7,91,6,1,1
M16998,2018,Round 8,8,2018-06-09,Gold Coast Suns,Adelaide Crows,Heritage Bank Stadium,QLD,SA,1,9,7,15,2,92,15,3,93,-1,0,0
M16999,2018,Round 8,8,2018-06-11,Collingwood Magpies,Geelong Cats,MCG,VIC,VIC,0,6,8,15,7,97,13,2,80,17,1,1
M17000,2018,Round 8,8,2018-06-13,Richmond Tigers,GWS Giants,MCG,VIC,NSW,1,7,7,17,3,105,15,5,95,10,1,1
M17001,2018,Round 8,8,2018-06-15,Brisbane Lions,Melbourne Demons,Gabba,QLD,VIC,1,9,7,16,5,101,14,1,85,16,1,1
M17002,2018,Round 8,8,2018-06-17,Carlton Blues,West Coast Eagles,Marvel Stadium,VIC,WA,1,7,7,14,9,93,12,1,73,20,1,1
M17003,2018,Round 9,9,2018-07-01,St Kilda Saints,Essendon Bombers,Marvel Stadium,VIC,VIC,0,7,9,14,7,91,15,5,95,-4,0,0
M17004,2018,Round 9,9,2018-07-03,Adelaide Crows,Carlton Blues,Adelaide Oval,SA,VIC,1,7,6,17,8,110,18,6,114,-4,0,0
M17005,2018,Round 9,9,2018-07-05,Sydney Swans,Collingwood Magpies,SCG,NSW,VIC,1,8,6,15,4,94,14,6,90,4,1,1
M17006,2018,Round 9,9,2018-07-07,Port Adelaide Power,Geelong Cats,Adelaide Oval,SA,VIC,1,9,8,16,5,101,16,2,98,3,1,1
M17007,2018,Round 9,9,2018-07-09,Melbourne Demons,GWS Giants,MCG,VIC,NSW,1,8,6,17,0,102,11,8,74,28,1,1
M17008,2018,Round 9,9,2018-07-11,Hawthorn Hawks,Gold Coast Suns,MCG,VIC,QLD,1,7,7,13,2,80,11,7,73,7,1,1
M17009,2018,Round 9,9,2018-07-13,Richmond Tigers,Western Bulldogs,MCG,VIC,VIC,0,6,9,18,3,111,15,3,93,18,1,1
M17010,2018,Round 9,9,2018-07-15,Fremantle Dockers,Brisbane Lions,Optus Stadium,WA,QLD,1,9,8,16,6,102,17,3,105,-3,0,0
M17011,2018,Round 9,9,2018-07-17,West Coast Eagles,North Melbourne Kangaroos,Optus Stadium,WA,VIC,1,9,7,15,4,94,11,8,74,20,1,1
M17012,2018,Round 10,10,2018-08-01,Adelaide Crows,Sydney Swans,Adelaide Oval,SA,NSW,1,6,9,14,5,89,17,8,110,-21,0,0
M17013,2018,Round 10,10,2018-08-03,Western Bulldogs,Essendon Bombers,Marvel Stadium,VIC,VIC,0,7,7,15,9,99,13,6,84,15,1,1
M17014,2018,Round 10,10,2018-08-05,GWS Giants,Gold Coast Suns,GIANTS Stadium,NSW,QLD,1,8,8,15,1,91,15,2,92,-1,0,0
M17015,2018,Round 10,10,2018-08-07,Richmond Tigers,Hawthorn Hawks,MCG,VIC,VIC,0,9,9,17,6,108,14,9,93,15,1,1
M17016,2018,Round 10,10,2018-08-09,West Coast Eagles,Collingwood Magpies,Optus Stadium,WA,VIC,1,7,8,17,2,104,18,5,113,-9,0,0
M17017,2018,Round 10,10,2018-08-11,Port Adelaide Power,Carlton Blues,Adelaide Oval,SA,VIC,1,8,9,15,2,92,13,6,84,8,1,1
M17018,2018,Round 10,10,2018-08-13,St Kilda Saints,Brisbane Lions,Marvel Stadium,VIC,QLD,1,7,9,14,6,90,12,3,75,15,1,1
M17019,2018,Round 10,10,2018-08-15,Fremantle Dockers,Geelong Cats,Optus Stadium,WA,VIC,1,7,7,17,1,103,17,9,111,-8,0,0
M17020,2018,Round 10,10,2018-08-17,Melbourne Demons,North Melbourne Kangaroos,MCG,VIC,VIC,0,8,9,12,8,80,15,2,92,-12,0,0
M17021,2018,Round 11,11,2018-09-01,Carlton Blues,Collingwood Magpies,Marvel Stadium,VIC,VIC,0,8,8,15,2,92,15,5,95,-3,0,0
M17022,2018,Round 11,11,2018-09-03,Melbourne Demons,Richmond Tigers,MCG,VIC,VIC,0,9,9,13,7,85,14,8,92,-7,0,0
M17023,2018,Round 11,11,2018-09-05,Brisbane Lions,GWS Giants,Gabba,QLD,NSW,1,9,6,15,1,91,16,3,99,-8,0,0
M17024,2018,Round 11,11,2018-09-07,Fremantle Dockers,St Kilda Saints,Optus Stadium,WA,VIC,1,7,7,16,4,100,13,7,85,15,1,1
M17025,2018,Round 11,11,2018-09-09,Hawthorn Hawks,Western Bulldogs,MCG,VIC,VIC,0,9,7,17,5,107,14,5,89,18,1,1
M17026,2018,Round 11,11,2018-09-11,West Coast Eagles,Essendon Bombers,Optus Stadium,WA,VIC,1,6,7,14,5,89,14,5,89,0,0,0
M17027,2018,Round 11,11,2018-09-13,Adelaide Crows,Gold Coast Suns,Adelaide Oval,SA,QLD,1,7,8,13,2,80,14,4,88,-8,0,0
M17028,2018,Round 11,11,2018-09-15,North Melbourne Kangaroos,Sydney Swans,Marvel Stadium,VIC,NSW,1,7,7,13,4,82,12,6,78,4,1,1
M17029,2018,Round 11,11,2018-09-17,Port Adelaide Power,Geelong Cats,Adelaide Oval,SA,VIC,1,7,7,16,4,100,13,5,83,17,1,1
M17030,2018,Round 12,12,2018-04-01,St Kilda Saints,Gold Coast Suns,Marvel Stadium,VIC,QLD,1,7,7,18,4,112,13,1,79,33,1,1
M17031,2018,Round 12,12,2018-04-03,Essendon Bombers,Adelaide Crows,Marvel Stadium,VIC,SA,1,9,7,19,5,119,14,4,88,31,1,1
M17032,2018,Round 12,12,2018-04-05,GWS Giants,Port Adelaide Power,GIANTS Stadium,NSW,SA,1,6,9,15,1,91,13,0,78,13,1,1
M17033,2018,Round 12,12,2018-04-07,Western Bulldogs,West Coast Eagles,Marvel Stadium,VIC,WA,1,7,7,15,5,95,17,4,106,-11,0,0
M17034,2018,Round 12,12,2018-04-09,Fremantle Dockers,Geelong Cats,Optus Stadium,WA,VIC,1,7,7,14,5,89,12,4,76,13,1,1
M17035,2018,Round 12,12,2018-04-11,Collingwood Magpies,Brisbane Lions,MCG,VIC,QLD,1,9,9,16,5,101,14,3,87,14,1,1
M17036,2018,Round 12,12,2018-04-13,Melbourne Demons,Hawthorn Hawks,MCG,VIC,VIC,0,9,7,17,8,110,12,4,76,34,1,1
M17037,2018,Round 12,12,2018-04-15,Sydney Swans,Carlton Blues,SCG,NSW,VIC,1,6,9,14,2,86,15,1,91,-5,0,0
M17038,2018,Round 12,12,2018-04-17,Richmond Tigers,North Melbourne Kangaroos,MCG,VIC,VIC,0,7,7,15,8,98,15,7,97,1,1,1
M17039,2018,Round 13,13,2018-05-01,Western Bulldogs,Adelaide Crows,Marvel Stadium,VIC,SA,1,9,8,15,6,96,13,1,79,17,1,1
M17040,2018,Round 13,13,2018-05-03,West Coast Eagles,Essendon Bombers,Optus Stadium,WA,VIC,1,8,8,14,5,89,13,4,82,7,1,1
M17041,2018,Round 13,13,2018-05-05,Port Adelaide Power,North Melbourne Kangaroos,Adelaide Oval,SA,VIC,1,9,6,15,4,94,13,5,83,11,1,1
M17042,2018,Round 13,13,2018-05-07,Fremantle Dockers,Gold Coast Suns,Optus Stadium,WA,QLD,1,6,8,15,4,94,13,4,82,12,1,1
M17043,2018,Round 13,13,2018-05-09,Carlton Blues,Brisbane Lions,Marvel Stadium,VIC,QLD,1,6,8,14,3,87,14,6,90,-3,0,0
M17044,2018,Round 13,13,2018-05-11,Geelong Cats,Richmond Tigers,GMHBA Stadium,VIC,VIC,0,7,7,14,1,85,14,2,86,-1,0,0
M17045,2018,Round 13,13,2018-05-13,Collingwood Magpies,Melbourne Demons,MCG,VIC,VIC,0,7,8,15,3,93,12,4,76,17,1,1
M17046,2018,Round 13,13,2018-05-15,Hawthorn Hawks,GWS Giants,MCG,VIC,NSW,1,6,7,16,4,100,16,2,98,2,1,1
M17047,2018,Round 13,13,2018-05-17,Sydney Swans,St Kilda Saints,SCG,NSW,VIC,1,9,7,15,6,96,15,4,94,2,1,1
M17048,2018,Round 14,14,2018-06-01,Fremantle Dockers,North Melbourne Kangaroos,Optus Stadium,WA,VIC,1,7,9,16,4,100,12,9,81,19,1,1
M17049,2018,Round 14,14,2018-06-03,Collingwood Magpies,Port Adelaide Power,MCG,VIC,SA,1,7,7,14,1,85,14,7,91,-6,0,0
M17050,2018,Round 14,14,2018-06-05,Melbourne Demons,Western Bulldogs,MCG,VIC,VIC,0,7,7,18,5,113,14,4,88,25,1,1
M17051,2018,Round 14,14,2018-06-07,Brisbane Lions,Richmond Tigers,Gabba,QLD,VIC,1,8,7,16,6,102,14,8,92,10,1,1
M17052,2018,Round 14,14,2018-06-09,St Kilda Saints,Sydney Swans,Marvel Stadium,VIC,NSW,1,7,8,14,8,92,12,0,72,20,1,1
M17053,2018,Round 14,14,2018-06-11,Carlton Blues,Hawthorn Hawks,Marvel Stadium,VIC,VIC,0,9,9,18,7,115,13,9,87,28,1,1
M17054,2018,Round 14,14,2018-06-13,Gold Coast Suns,Essendon Bombers,Heritage Bank Stadium,QLD,VIC,1,8,7,17,4,106,11,5,71,35,1,1
M17055,2018,Round 14,14,2018-06-15,Geelong Cats,GWS Giants,GMHBA Stadium,VIC,NSW,1,7,7,17,4,106,16,9,105,1,1,1
M17056,2018,Round 14,14,2018-06-17,West Coast Eagles,Adelaide Crows,Optus Stadium,WA,SA,1,8,8,17,5,107,10,7,67,40,1,1
M17057,2018,Round 15,15,2018-07-01,Sydney Swans,Adelaide Crows,SCG,NSW,SA,1,8,7,16,9,105,12,7,79,26,1,1
M17058,2018,Round 15,15,2018-07-03,St Kilda Saints,Melbourne Demons,Marvel Stadium,VIC,VIC,0,8,6,18,9,117,15,6,96,21,1,1
M17059,2018,Round 15,15,2018-07-05,Gold Coast Suns,Collingwood Magpies,Heritage Bank Stadium,QLD,VIC,1,7,7,16,5,101,15,0,90,11,1,1
M17060,2018,Round 15,15,2018-07-07,West Coast Eagles,Geelong Cats,Optus Stadium,WA,VIC,1,7,9,15,5,95,13,2,80,15,1,1
M17061,2018,Round 15,15,2018-07-09,Fremantle Dockers,Port Adelaide Power,Optus Stadium,WA,SA,1,9,7,16,5,101,15,1,91,10,1,1
M17062,2018,Round 15,15,2018-07-11,North Melbourne Kangaroos,Western Bulldogs,Marvel Stadium,VIC,VIC,0,7,9,17,6,108,11,3,69,39,1,1
M17063,2018,Round 15,15,2018-07-13,Carlton Blues,Hawthorn Hawks,Marvel Stadium,VIC,VIC,0,7,7,16,3,99,13,4,82,17,1,1
M17064,2018,Round 15,15,2018-07-15,Brisbane Lions,Richmond Tigers,Gabba,QLD,VIC,1,9,9,17,4,106,11,5,71,35,1,1
M17065,2018,Round 15,15,2018-07-17,GWS Giants,Essendon Bombers,GIANTS Stadium,NSW,VIC,1,8,7,15,5,95,15,7,97,-2,0,0
M17066,2018,Round 16,16,2018-08-01,West Coast Eagles,Fremantle Dockers,Optus Stadium,WA,WA,0,6,6,13,2,80,13,4,82,-2,0,0
M17067,2018,Round 16,16,2018-08-03,Brisbane Lions,Geelong Cats,Gabba,QLD,VIC,1,8,7,16,1,97,13,6,84,13,1,1
M17068,2018,Round 16,16,2018-08-05,Adelaide Crows,Hawthorn Hawks,Adelaide Oval,SA,VIC,1,7,9,12,7,79,14,6,90,-11,0,0
M17069,2018,Round 16,16,2018-08-07,Carlton Blues,Collingwood Magpies,Marvel Stadium,VIC,VIC,0,7,7,14,2,86,14,6,90,-4,0,0
M17070,2018,Round 16,16,2018-08-09,GWS Giants,Western Bulldogs,GIANTS Stadium,NSW,VIC,1,9,8,14,4,88,13,7,85,3,1,1
M17071,2018,Round 16,16,2018-08-11,Port Adelaide Power,North Melbourne Kangaroos,Adelaide Oval,SA,VIC,1,7,7,17,8,110,14,5,89,21,1,1
M17072,2018,Round 16,16,2018-08-13,St Kilda Saints,Richmond Tigers,Marvel Stadium,VIC,VIC,0,6,8,14,4,88,15,5,95,-7,0,0
M17073,2018,Round 16,16,2018-08-15,Essendon Bombers,Sydney Swans,Marvel Stadium,VIC,NSW,1,7,6,18,2,110,15,5,95,15,1,1
M17074,2018,Round 16,16,2018-08-17,Gold Coast Suns,Melbourne Demons,Heritage Bank Stadium,QLD,VIC,1,8,7,17,7,109,12,2,74,35,1,1
M17075,2018,Round 17,17,2018-09-01,Sydney Swans,Western Bulldogs,SCG,NSW,VIC,1,6,8,14,0,84,14,7,91,-7,0,0
M17076,2018,Round 17,17,2018-09-03,GWS Giants,Carlton Blues,GIANTS Stadium,NSW,VIC,1,7,6,16,7,103,15,5,95,8,1,1
M17077,2018,Round 17,17,2018-09-05,North Melbourne Kangaroos,Gold Coast Suns,Marvel Stadium,VIC,QLD,1,7,7,16,2,98,11,3,69,29,1,1
M17078,2018,Round 17,17,2018-09-07,West Coast Eagles,Geelong Cats,Optus Stadium,WA,VIC,1,7,6,14,7,91,16,7,103,-12,0,0
M17079,2018,Round 17,17,2018-09-09,St Kilda Saints,Essendon Bombers,Marvel Stadium,VIC,VIC,0,7,9,16,2,98,13,2,80,18,1,1
M17080,2018,Round 17,17,2018-09-11,Melbourne Demons,Adelaide Crows,MCG,VIC,SA,1,7,9,16,2,98,12,6,78,20,1,1
M17081,2018,Round 17,17,2018-09-13,Brisbane Lions,Richmond Tigers,Gabba,QLD,VIC,1,7,7,12,3,75,15,3,93,-18,0,0
M17082,2018,Round 17,17,2018-09-15,Hawthorn Hawks,Collingwood Magpies,MCG,VIC,VIC,0,7,7,15,1,91,13,4,82,9,1,1
M17083,2018,Round 17,17,2018-09-17,Port Adelaide Power,Fremantle Dockers,Adelaide Oval,SA,WA,1,9,6,16,1,97,12,3,75,22,1,1
M17084,2018,Round 18,18,2018-04-01,Port Adelaide Power,Carlton Blues,Adelaide Oval,SA,VIC,1,8,9,13,6,84,12,3,75,9,1,1
M17085,2018,Round 18,18,2018-04-03,Geelong Cats,Hawthorn Hawks,GMHBA Stadium,VIC,VIC,0,7,6,14,1,85,13,1,79,6,1,1
M17086,2018,Round 18,18,2018-04-05,Gold Coast Suns,Melbourne Demons,Heritage Bank Stadium,QLD,VIC,1,7,7,18,4,112,14,4,88,24,1,1
M17087,2018,Round 18,18,2018-04-07,GWS Giants,Richmond Tigers,GIANTS Stadium,NSW,VIC,1,9,8,18,6,114,17,3,105,9,1,1
M17088,2018,Round 18,18,2018-04-09,West Coast Eagles,North Melbourne Kangaroos,Optus Stadium,WA,VIC,1,7,7,17,3,105,13,6,84,21,1,1
M17089,2018,Round 18,18,2018-04-11,Western Bulldogs,Essendon Bombers,Marvel Stadium,VIC,VIC,0,7,8,15,3,93,13,8,86,7,1,1
M17090,2018,Round 18,18,2018-04-13,Adelaide Crows,Collingwood Magpies,Adelaide Oval,SA,VIC,1,9,7,13,9,87,14,4,88,-1,0,0
M17091,2018,Round 18,18,2018-04-15,St Kilda Saints,Brisbane Lions,Marvel Stadium,VIC,QLD,1,7,7,16,4,100,12,7,79,21,1,1
M17092,2018,Round 18,18,2018-04-17,Sydney Swans,Fremantle Dockers,SCG,NSW,WA,1,7,7,15,4,94,16,7,103,-9,0,0
M17093,2018,Round 19,19,2018-05-01,Melbourne Demons,Sydney Swans,MCG,VIC,NSW,1,8,7,15,7,97,11,7,73,24,1,1
M17094,2018,Round 19,19,2018-05-03,Carlton Blues,Western Bulldogs,Marvel Stadium,VIC,VIC,0,6,7,16,4,100,15,6,96,4,1,1
M17095,2018,Round 19,19,2018-05-05,Hawthorn Hawks,Collingwood Magpies,MCG,VIC,VIC,0,7,8,15,5,95,16,3,99,-4,0,0
M17096,2018,Round 19,19,2018-05-07,Adelaide Crows,Fremantle Dockers,Adelaide Oval,SA,WA,1,8,7,14,2,86,16,4,100,-14,0,0
M17097,2018,Round 19,19,2018-05-09,Geelong Cats,Brisbane Lions,GMHBA Stadium,VIC,QLD,1,7,9,15,8,98,12,6,78,20,1,1
M17098,2018,Round 19,19,2018-05-11,GWS Giants,Essendon Bombers,GIANTS Stadium,NSW,VIC,1,9,7,19,4,118,12,5,77,41,1,1
M17099,2018,Round 19,19,2018-05-13,Gold Coast Suns,Port Adelaide Power,Heritage Bank Stadium,QLD,SA,1,7,7,15,2,92,15,1,91,1,1,1
M17100,2018,Round 19,19,2018-05-15,West Coast Eagles,Richmond Tigers,Optus Stadium,WA,VIC,1,7,8,17,6,108,11,7,73,35,1,1
M17101,2018,Round 19,19,2018-05-17,St Kilda Saints,North Melbourne Kangaroos,Marvel Stadium,VIC,VIC,0,9,9,19,4,118,12,5,77,41,1,1
M17102,2018,Round 20,20,2018-06-01,Richmond Tigers,Western Bulldogs,MCG,VIC,VIC,0,7,7,13,3,81,17,4,106,-25,0,0
M17103,2018,Round 20,20,2018-06-03,West Coast Eagles,St Kilda Saints,Optus Stadium,WA,VIC,1,8,7,14,8,92,14,4,88,4,1,1
M17104,2018,Round 20,20,2018-06-05,Collingwood Magpies,Sydney Swans,MCG,VIC,NSW,1,7,9,14,3,87,11,7,73,14,1,1
M17105,2018,Round 20,20,2018-06-07,Geelong Cats,Hawthorn Hawks,GMHBA Stadium,VIC,VIC,0,7,8,15,5,95,12,8,80,15,1,1
M17106,2018,Round 20,20,2018-06-09,Melbourne Demons,Gold Coast Suns,MCG,VIC,QLD,1,7,7,17,6,108,10,0,60,48,1,1
M17107,2018,Round 20,20,2018-06-11,Carlton Blues,Fremantle Dockers,Marvel Stadium,VIC,WA,1,7,8,18,4,112,15,3,93,19,1,1
M17108,2018,Round 20,20,2018-06-13,GWS Giants,Port Adelaide Power,GIANTS Stadium,NSW,SA,1,9,7,15,5,95,15,2,92,3,1,1
M17109,2018,Round 20,20,2018-06-15,Brisbane Lions,Adelaide Crows,Gabba,QLD,SA,1,8,6,16,0,96,16,5,101,-5,0,0
M17110,2018,Round 20,20,2018-06-17,North Melbourne Kangaroos,Essendon Bombers,Marvel Stadium,VIC,VIC,0,7,6,13,7,85,12,3,75,10,1,1
M17111,2018,Round 21,21,2018-07-01,Richmond Tigers,Collingwood Magpies,MCG,VIC,VIC,0,8,8,15,7,97,14,1,85,12,1,1
M17112,2018,Round 21,21,2018-07-03,Sydney Swans,Fremantle Dockers,SCG,NSW,WA,1,7,6,16,1,97,18,4,112,-15,0,0
M17113,2018,Round 21,21,2018-07-05,Port Adelaide Power,West Coast Eagles,Adelaide Oval,SA,WA,1,8,7,15,4,94,14,4,88,6,1,1
M17114,2018,Round 21,21,2018-07-07,St Kilda Saints,Geelong Cats,Marvel Stadium,VIC,VIC,0,7,9,15,3,93,14,6,90,3,1,1
M17115,2018,Round 21,21,2018-07-09,Melbourne Demons,Carlton Blues,MCG,VIC,VIC,0,7,7,12,4,76,13,5,83,-7,0,0
M17116,2018,Round 21,21,2018-07-11,North Melbourne Kangaroos,GWS Giants,Marvel Stadium,VIC,NSW,1,9,6,17,2,104,14,6,90,14,1,1
M17117,2018,Round 21,21,2018-07-13,Hawthorn Hawks,Western Bulldogs,MCG,VIC,VIC,0,6,8,17,6,108,13,8,86,22,1,1
M17118,2018,Round 21,21,2018-07-15,Adelaide Crows,Brisbane Lions,Adelaide Oval,SA,QLD,1,7,7,16,9,105,11,4,70,35,1,1
M17119,2018,Round 21,21,2018-07-17,Essendon Bombers,Gold Coast Suns,Marvel Stadium,VIC,QLD,1,7,7,19,4,118,14,2,86,32,1,1
M17120,2018,Round 22,22,2018-08-01,Western Bulldogs,Essendon Bombers,Marvel Stadium,VIC,VIC,0,6,6,16,5,101,14,5,89,12,1,1
M17121,2018,Round 22,22,2018-08-03,Melbourne Demons,Collingwood Magpies,MCG,VIC,VIC,0,7,8,15,7,97,13,8,86,11,1,1
M17122,2018,Round 22,22,2018-08-05,Richmond Tigers,North Melbourne Kangaroos,MCG,VIC,VIC,0,8,9,15,6,96,14,8,92,4,1,1
M17123,2018,Round 22,22,2018-08-07,Sydney Swans,St Kilda Saints,SCG,NSW,VIC,1,7,7,16,8,104,11,3,69,35,1,1
M17124,2018,Round 22,22,2018-08-09,Brisbane Lions,Carlton Blues,Gabba,QLD,VIC,1,6,7,13,6,84,14,6,90,-6,0,0
M17125,2018,Round 22,22,2018-08-11,Gold Coast Suns,West Coast Eagles,Heritage Bank Stadium,QLD,WA,1,7,7,14,5,89,14,2,86,3,1,1
M17126,2018,Round 22,22,2018-08-13,Hawthorn Hawks,GWS Giants,MCG,VIC,NSW,1,7,8,17,4,106,13,9,87,19,1,1
M17127,2018,Round 22,22,2018-08-15,Fremantle Dockers,Port Adelaide Power,Optus Stadium,WA,SA,1,7,7,17,4,106,13,5,83,23,1,1
M17128,2018,Round 22,22,2018-08-17,Geelong Cats,Adelaide Crows,GMHBA Stadium,VIC,SA,1,8,7,15,5,95,14,6,90,5,1,1
M17129,2019,Round 1,1,2019-05-01,Fremantle Dockers,Collingwood Magpies,Optus Stadium,WA,VIC,1,8,9,14,7,91,13,3,81,10,1,1
M17130,2019,Round 1,1,2019-05-03,Essendon Bombers,Richmond Tigers,Marvel Stadium,VIC,VIC,0,7,9,15,7,97,13,6,84,13,1,1
M17131,2019,Round 1,1,2019-05-05,Gold Coast Suns,GWS Giants,Heritage Bank Stadium,QLD,NSW,1,7,7,15,6,96,14,4,88,8,1,1
M17132,2019,Round 1,1,2019-05-07,North Melbourne Kangaroos,Port Adelaide Power,Marvel Stadium,VIC,SA,1,9,7,14,5,89,12,8,80,9,1,1
M17133,2019,Round 1,1,2019-05-09,Adelaide Crows,Melbourne Demons,Adelaide Oval,SA,VIC,1,7,6,16,5,101,13,3,81,20,1,1
M17134,2019,Round 1,1,2019-05-11,Carlton Blues,West Coast Eagles,Marvel Stadium,VIC,WA,1,8,7,17,2,104,16,1,97,7,1,1
M17135,2019,Round 1,1,2019-05-13,Western Bulldogs,Hawthorn Hawks,Marvel Stadium,VIC,VIC,0,6,9,16,5,101,15,2,92,9,1,1
M17136,2019,Round 1,1,2019-05-15,Sydney Swans,Geelong Cats,SCG,NSW,VIC,1,6,7,12,7,79,13,2,80,-1,0,0
M17137,2019,Round 1,1,2019-05-17,Brisbane Lions,St Kilda Saints,Gabba,QLD,VIC,1,9,7,15,4,94,16,8,104,-10,0,0
M17138,2019,Round 2,2,2019-06-01,North Melbourne Kangaroos,Western Bulldogs,Marvel Stadium,VIC,VIC,0,7,7,15,4,94,15,7,97,-3,0,0
M17139,2019,Round 2,2,2019-06-03,Geelong Cats,Fremantle Dockers,GMHBA Stadium,VIC,WA,1,8,7,12,5,77,11,4,70,7,1,1
M17140,2019,Round 2,2,2019-06-05,Hawthorn Hawks,Adelaide Crows,MCG,VIC,SA,1,9,7,15,1,91,11,4,70,21,1,1
M17141,2019,Round 2,2,2019-06-07,Carlton Blues,Gold Coast Suns,Marvel Stadium,VIC,QLD,1,7,7,16,6,102,14,3,87,15,1,1
M17142,2019,Round 2,2,2019-06-09,St Kilda Saints,Essendon Bombers,Marvel Stadium,VIC,VIC,0,7,7,17,0,102,14,2,86,16,1,1
M17143,2019,Round 2,2,2019-06-11,Collingwood Magpies,Richmond Tigers,MCG,VIC,VIC,0,8,8,17,8,110,15,2,92,18,1,1
M17144,2019,Round 2,2,2019-06-13,Port Adelaide Power,Brisbane Lions,Adelaide Oval,SA,QLD,1,7,8,16,3,99,13,9,87,12,1,1
M17145,2019,Round 2,2,2019-06-15,Sydney Swans,Melbourne Demons,SCG,NSW,VIC,1,6,7,15,5,95,12,1,73,22,1,1
M17146,2019,Round 2,2,2019-06-17,GWS Giants,West Coast Eagles,GIANTS Stadium,NSW,WA,1,7,7,15,8,98,13,6,84,14,1,1
M17147,2019,Round 3,3,2019-07-01,North Melbourne Kangaroos,Geelong Cats,Marvel Stadium,VIC,VIC,0,7,6,12,5,77,15,2,92,-15,0,0
M17148,2019,Round 3,3,2019-07-03,Gold Coast Suns,Sydney Swans,Heritage Bank Stadium,QLD,NSW,1,7,7,16,6,102,12,0,72,30,1,1
M17149,2019,Round 3,3,2019-07-05,Brisbane Lions,GWS Giants,Gabba,QLD,NSW,1,7,9,14,1,85,11,3,69,16,1,1
M17150,2019,Round 3,3,2019-07-07,Adelaide Crows,Carlton Blues,Adelaide Oval,SA,VIC,1,6,9,14,2,86,14,2,86,0,0,0
M17151,2019,Round 3,3,2019-07-09,Collingwood Magpies,St Kilda Saints,MCG,VIC,VIC,0,8,6,17,7,109,17,2,104,5,1,1
M17152,2019,Round 3,3,2019-07-11,Richmond Tigers,Port Adelaide Power,MCG,VIC,SA,1,7,6,16,3,99,15,5,95,4,1,1
M17153,2019,Round 3,3,2019-07-13,Essendon Bombers,Hawthorn Hawks,Marvel Stadium,VIC,VIC,0,7,6,11,6,72,16,2,98,-26,0,0
M17154,2019,Round 3,3,2019-07-15,Melbourne Demons,Fremantle Dockers,MCG,VIC,WA,1,7,7,15,7,97,13,9,87,10,1,1
M17155,2019,Round 3,3,2019-07-17,Western Bulldogs,West Coast Eagles,Marvel Stadium,VIC,WA,1,7,7,14,4,88,11,7,73,15,1,1
M17156,2019,Round 4,4,2019-08-01,West Coast Eagles,Melbourne Demons,Optus Stadium,WA,VIC,1,7,7,14,6,90,14,7,91,-1,0,0
M17157,2019,Round 4,4,2019-08-03,Western Bulldogs,Geelong Cats,Marvel Stadium,VIC,VIC,0,8,7,15,5,95,12,8,80,15,1,1
M17158,2019,Round 4,4,2019-08-05,Richmond Tigers,GWS Giants,MCG,VIC,NSW,1,7,7,13,6,84,14,0,84,0,0,0
M17159,2019,Round 4,4,2019-08-07,Collingwood Magpies,Hawthorn Hawks,MCG,VIC,VIC,0,8,9,15,3,93,12,4,76,17,1,1
M17160,2019,Round 4,4,2019-08-09,Sydney Swans,North Melbourne Kangaroos,SCG,NSW,VIC,1,7,9,14,6,90,14,2,86,4,1,1
M17161,2019,Round 4,4,2019-08-11,Brisbane Lions,Carlton Blues,Gabba,QLD,VIC,1,9,7,15,9,99,14,5,89,10,1,1
M17162,2019,Round 4,4,2019-08-13,Port Adelaide Power,Gold Coast Suns,Adelaide Oval,SA,QLD,1,6,7,15,1,91,13,6,84,7,1,1
M17163,2019,Round 4,4,2019-08-15,Essendon Bombers,Fremantle Dockers,Marvel Stadium,VIC,WA,1,7,7,17,1,103,13,6,84,19,1,1
M17164,2019,Round 4,4,2019-08-17,St Kilda Saints,Adelaide Crows,Marvel Stadium,VIC,SA,1,8,7,16,5,101,16,3,99,2,1,1
M17165,2019,Round 5,5,2019-09-01,GWS Giants,Hawthorn Hawks,GIANTS Stadium,NSW,VIC,1,8,7,15,1,91,12,4,76,15,1,1
M17166,2019,Round 5,5,2019-09-03,St Kilda Saints,Brisbane Lions,Marvel Stadium,VIC,QLD,1,7,9,15,7,97,12,1,73,24,1,1
M17167,2019,Round 5,5,2019-09-05,Collingwood Magpies,Fremantle Dockers,MCG,VIC,WA,1,7,7,19,1,115,13,0,78,37,1,1
M17168,2019,Round 5,5,2019-09-07,Adelaide Crows,Essendon Bombers,Adelaide Oval,SA,VIC,1,8,7,15,6,96,12,5,77,19,1,1
M17169,2019,Round 5,5,2019-09-09,Western Bulldogs,Port Adelaide Power,Marvel Stadium,VIC,SA,1,8,8,17,5,107,13,3,81,26,1,1
M17170,2019,Round 5,5,2019-09-11,Melbourne Demons,Richmond Tigers,MCG,VIC,VIC,0,8,7,17,3,105,14,4,88,17,1,1
M17171,2019,Round 5,5,2019-09-13,North Melbourne Kangaroos,Gold Coast Suns,Marvel Stadium,VIC,QLD,1,6,8,17,3,105,12,4,76,29,1,1
M17172,2019,Round 5,5,2019-09-15,Carlton Blues,Geelong Cats,Marvel Stadium,VIC,VIC,0,9,6,12,1,73,12,8,80,-7,0,0
M17173,2019,Round 5,5,2019-09-17,West Coast Eagles,Sydney Swans,Optus Stadium,WA,NSW,1,8,8,16,6,102,14,2,86,16,1,1
M17174,2019,Round 6,6,2019-04-01,St Kilda Saints,Essendon Bombers,Marvel Stadium,VIC,VIC,0,7,7,15,4,94,15,6,96,-2,0,0
M17175,2019,Round 6,6,2019-04-03,Melbourne Demons,Fremantle Dockers,MCG,VIC,WA,1,8,6,12,2,74,17,9,111,-37,0,0
M17176,2019,Round 6,6,2019-04-05,Gold Coast Suns,Western Bulldogs,Heritage Bank Stadium,QLD,VIC,1,7,7,16,6,102,15,6,96,6,1,1
M17177,2019,Round 6,6,2019-04-07,North Melbourne Kangaroos,Sydney Swans,Marvel Stadium,VIC,NSW,1,7,7,14,8,92,14,9,93,-1,0,0
M17178,2019,Round 6,6,2019-04-09,Carlton Blues,Collingwood Magpies,Marvel Stadium,VIC,VIC,0,8,7,17,4,106,12,1,73,33,1,1
M17179,2019,Round 6,6,2019-04-11,West Coast Eagles,Adelaide Crows,Optus Stadium,WA,SA,1,8,9,14,8,92,14,5,89,3,1,1
M17180,2019,Round 6,6,2019-04-13,Brisbane Lions,Richmond Tigers,Gabba,QLD,VIC,1,7,7,17,5,107,12,6,78,29,1,1
M17181,2019,Round 6,6,2019-04-15,Hawthorn Hawks,Port Adelaide Power,MCG,VIC,SA,1,9,6,15,5,95,13,9,87,8,1,1
M17182,2019,Round 6,6,2019-04-17,GWS Giants,Geelong Cats,GIANTS Stadium,NSW,VIC,1,6,7,14,2,86,11,6,72,14,1,1
M17183,2019,Round 7,7,2019-05-01,North Melbourne Kangaroos,Geelong Cats,Marvel Stadium,VIC,VIC,0,7,6,14,5,89,16,6,102,-13,0,0
M17184,2019,Round 7,7,2019-05-03,Essendon Bombers,Fremantle Dockers,Marvel Stadium,VIC,WA,1,8,7,17,6,108,14,4,88,20,1,1
M17185,2019,Round 7,7,2019-05-05,Richmond Tigers,Port Adelaide Power,MCG,VIC,SA,1,7,7,12,4,76,14,4,88,-12,0,0
M17186,2019,Round 7,7,2019-05-07,St Kilda Saints,Brisbane Lions,Marvel Stadium,VIC,QLD,1,7,6,16,8,104,12,6,78,26,1,1
M17187,2019,Round 7,7,2019-05-09,GWS Giants,Sydney Swans,GIANTS Stadium,NSW,NSW,0,6,9,17,2,104,14,7,91,13,1,1
M17188,2019,Round 7,7,2019-05-11,Adelaide Crows,Hawthorn Hawks,Adelaide Oval,SA,VIC,1,8,7,13,4,82,13,3,81,1,1,1
M17189,2019,Round 7,7,2019-05-13,West Coast Eagles,Collingwood Magpies,Optus Stadium,WA,VIC,1,8,8,15,5,95,16,0,96,-1,0,0
M17190,2019,Round 7,7,2019-05-15,Melbourne Demons,Western Bulldogs,MCG,VIC,VIC,0,7,8,15,2,92,13,4,82,10,1,1
M17191,2019,Round 7,7,2019-05-17,Carlton Blues,Gold Coast Suns,Marvel Stadium,VIC,QLD,1,8,7,14,3,87,13,5,83,4,1,1
M17192,2019,Round 8,8,2019-06-01,Essendon Bombers,Geelong Cats,Marvel Stadium,VIC,VIC,0,8,6,13,3,81,15,5,95,-14,0,0
M17193,2019,Round 8,8,2019-06-03,Gold Coast Suns,GWS Giants,Heritage Bank Stadium,QLD,NSW,1,7,7,16,2,98,13,3,81,17,1,1
M17194,2019,Round 8,8,2019-06-05,Brisbane Lions,Melbourne Demons,Gabba,QLD,VIC,1,7,7,15,5,95,13,4,82,13,1,1
M17195,2019,Round 8,8,2019-06-07,Hawthorn Hawks,Port Adelaide Power,MCG,VIC,SA,1,9,8,16,2,98,14,6,90,8,1,1
M17196,2019,Round 8,8,2019-06-09,Sydney Swans,Collingwood Magpies,SCG,NSW,VIC,1,7,7,16,7,103,13,8,86,17,1,1
M17197,2019,Round 8,8,2019-06-11,Western Bulldogs,Carlton Blues,Marvel Stadium,VIC,VIC,0,7,7,14,3,87,13,3,81,6,1,1
M17198,2019,Round 8,8,2019-06-13,Adelaide Crows,North Melbourne Kangaroos,Adelaide Oval,SA,VIC,1,7,6,15,7,97,14,3,87,10,1,1
M17199,2019,Round 8,8,2019-06-15,West Coast Eagles,Fremantle Dockers,Optus Stadium,WA,WA,0,6,9,16,1,97,14,9,93,4,1,1
M17200,2019,Round 8,8,2019-06-17,Richmond Tigers,St Kilda Saints,MCG,VIC,VIC,0,8,7,18,0,108,15,4,94,14,1,1
M17201,2019,Round 9,9,2019-07-01,North Melbourne Kangaroos,West Coast Eagles,Marvel Stadium,VIC,WA,1,7,9,17,3,105,12,4,76,29,1,1
M17202,2019,Round 9,9,2019-07-03,Geelong Cats,Essendon Bombers,GMHBA Stadium,VIC,VIC,0,8,7,17,4,106,14,5,89,17,1,1
M17203,2019,Round 9,9,2019-07-05,Sydney Swans,Fremantle Dockers,SCG,NSW,WA,1,7,6,19,7,121,14,2,86,35,1,1
M17204,2019,Round 9,9,2019-07-07,Collingwood Magpies,St Kilda Saints,MCG,VIC,VIC,0,8,7,15,3,93,13,1,79,14,1,1
M17205,2019,Round 9,9,2019-07-09,Hawthorn Hawks,Adelaide Crows,MCG,VIC,SA,1,8,7,15,5,95,13,2,80,15,1,1
M17206,2019,Round 9,9,2019-07-11,Melbourne Demons,Carlton Blues,MCG,VIC,VIC,0,7,9,14,4,88,13,4,82,6,1,1
M17207,2019,Round 9,9,2019-07-13,Western Bulldogs,Port Adelaide Power,Marvel Stadium,VIC,SA,1,6,7,17,5,107,11,5,71,36,1,1
M17208,2019,Round 9,9,2019-07-15,Richmond Tigers,Brisbane Lions,MCG,VIC,QLD,1,6,7,13,5,83,13,5,83,0,0,0
M17209,2019,Round 9,9,2019-07-17,Gold Coast Suns,GWS Giants,Heritage Bank Stadium,QLD,NSW,1,8,7,15,1,91,11,4,70,21,1,1
M17210,2019,Round 10,10,2019-08-01,Western Bulldogs,Gold Coast Suns,Marvel Stadium,VIC,QLD,1,7,7,15,4,94,15,1,91,3,1,1
M17211,2019,Round 10,10,2019-08-03,Adelaide Crows,Brisbane Lions,Adelaide Oval,SA,QLD,1,7,6,15,5,95,16,2,98,-3,0,0
M17212,2019,Round 10,10,2019-08-05,Melbourne Demons,Carlton Blues,MCG,VIC,VIC,0,6,8,16,0,96,14,3,87,9,1,1
M17213,2019,Round 10,10,2019-08-07,West Coast Eagles,North Melbourne Kangaroos,Optus Stadium,WA,VIC,1,6,7,17,6,108,14,3,87,21,1,1
M17214,2019,Round 10,10,2019-08-09,Sydney Swans,GWS Giants,SCG,NSW,NSW,0,7,7,15,4,94,12,4,76,18,1,1
M17215,2019,Round 10,10,2019-08-11,Richmond Tigers,Collingwood Magpies,MCG,VIC,VIC,0,6,9,14,6,90,12,7,79,11,1,1
M17216,2019,Round 10,10,2019-08-13,Fremantle Dockers,Hawthorn Hawks,Optus Stadium,WA,VIC,1,8,7,13,5,83,13,2,80,3,1,1
M17217,2019,Round 10,10,2019-08-15,Port Adelaide Power,Geelong Cats,Adelaide Oval,SA,VIC,1,6,9,19,4,118,14,5,89,29,1,1
M17218,2019,Round 10,10,2019-08-17,St Kilda Saints,Essendon Bombers,Marvel Stadium,VIC,VIC,0,7,7,13,5,83,16,3,99,-16,0,0
M17219,2019,Round 11,11,2019-09-01,Carlton Blues,Essendon Bombers,Marvel Stadium,VIC,VIC,0,7,7,14,6,90,13,2,80,10,1,1
M17220,2019,Round 11,11,2019-09-03,Collingwood Magpies,Richmond Tigers,MCG,VIC,VIC,0,7,6,14,4,88,12,4,76,12,1,1
M17221,2019,Round 11,11,2019-09-05,Fremantle Dockers,Western Bulldogs,Optus Stadium,WA,VIC,1,8,7,19,2,116,15,5,95,21,1,1
M17222,2019,Round 11,11,2019-09-07,West Coast Eagles,Sydney Swans,Optus Stadium,WA,NSW,1,9,8,14,9,93,13,7,85,8,1,1
M17223,2019,Round 11,11,2019-09-09,GWS Giants,Brisbane Lions,GIANTS Stadium,NSW,QLD,1,8,7,13,1,79,12,4,76,3,1,1
M17224,2019,Round 11,11,2019-09-11,Melbourne Demons,Hawthorn Hawks,MCG,VIC,VIC,0,7,8,16,2,98,13,3,81,17,1,1
M17225,2019,Round 11,11,2019-09-13,Geelong Cats,Port Adelaide Power,GMHBA Stadium,VIC,SA,1,7,8,16,6,102,15,5,95,7,1,1
M17226,2019,Round 11,11,2019-09-15,North Melbourne Kangaroos,St Kilda Saints,Marvel Stadium,VIC,VIC,0,9,6,16,1,97,16,0,96,1,1,1
M17227,2019,Round 11,11,2019-09-17,Adelaide Crows,Gold Coast Suns,Adelaide Oval,SA,QLD,1,9,6,17,5,107,15,3,93,14,1,1
M17228,2019,Round 12,12,2019-04-01,GWS Giants,Gold Coast Suns,GIANTS Stadium,NSW,QLD,1,7,8,16,2,98,12,8,80,18,1,1
M17229,2019,Round 12,12,2019-04-03,North Melbourne Kangaroos,Essendon Bombers,Marvel Stadium,VIC,VIC,0,7,6,17,5,107,13,7,85,22,1,1
M17230,2019,Round 12,12,2019-04-05,Hawthorn Hawks,Western Bulldogs,MCG,VIC,VIC,0,8,7,14,1,85,15,1,91,-6,0,0
M17231,2019,Round 12,12,2019-04-07,Brisbane Lions,Richmond Tigers,Gabba,QLD,VIC,1,7,7,15,5,95,13,6,84,11,1,1
M17232,2019,Round 12,12,2019-04-09,Adelaide Crows,West Coast Eagles,Adelaide Oval,SA,WA,1,7,9,12,5,77,14,4,88,-11,0,0
M17233,2019,Round 12,12,2019-04-11,Carlton Blues,Fremantle Dockers,Marvel Stadium,VIC,WA,1,7,7,17,1,103,13,4,82,21,1,1
M17234,2019,Round 12,12,2019-04-13,Melbourne Demons,St Kilda Saints,MCG,VIC,VIC,0,7,9,16,6,102,12,3,75,27,1,1
M17235,2019,Round 12,12,2019-04-15,Collingwood Magpies,Geelong Cats,MCG,VIC,VIC,0,7,7,13,6,84,14,3,87,-3,0,0
M17236,2019,Round 12,12,2019-04-17,Sydney Swans,Port Adelaide Power,SCG,NSW,SA,1,7,6,14,3,87,15,0,90,-3,0,0
M17237,2019,Round 13,13,2019-05-01,Essendon Bombers,Geelong Cats,Marvel Stadium,VIC,VIC,0,6,6,14,5,89,14,2,86,3,1,1
M17238,2019,Round 13,13,2019-05-03,Brisbane Lions,Collingwood Magpies,Gabba,QLD,VIC,1,7,9,14,8,92,13,7,85,7,1,1
M17239,2019,Round 13,13,2019-05-05,Western Bulldogs,Gold Coast Suns,Marvel Stadium,VIC,QLD,1,8,7,14,4,88,15,0,90,-2,0,0
M17240,2019,Round 13,13,2019-05-07,Adelaide Crows,West Coast Eagles,Adelaide Oval,SA,WA,1,7,6,15,3,93,16,3,99,-6,0,0
M17241,2019,Round 13,13,2019-05-09,Carlton Blues,St Kilda Saints,Marvel Stadium,VIC,VIC,0,7,7,16,7,103,15,5,95,8,1,1
M17242,2019,Round 13,13,2019-05-11,Sydney Swans,North Melbourne Kangaroos,SCG,NSW,VIC,1,7,7,13,2,80,15,8,98,-18,0,0
M17243,2019,Round 13,13,2019-05-13,Fremantle Dockers,Melbourne Demons,Optus Stadium,WA,VIC,1,6,9,12,7,79,13,7,85,-6,0,0
M17244,2019,Round 13,13,2019-05-15,Port Adelaide Power,GWS Giants,Adelaide Oval,SA,NSW,1,7,7,15,5,95,11,3,69,26,1,1
M17245,2019,Round 13,13,2019-05-17,Richmond Tigers,Hawthorn Hawks,MCG,VIC,VIC,0,7,7,17,0,102,13,6,84,18,1,1
M17246,2019,Round 14,14,2019-06-01,Melbourne Demons,Richmond Tigers,MCG,VIC,VIC,0,7,7,15,8,98,15,8,98,0,0,0
M17247,2019,Round 14,14,2019-06-03,Western Bulldogs,GWS Giants,Marvel Stadium,VIC,NSW,1,7,9,15,4,94,13,4,82,12,1,1
M17248,2019,Round 14,14,2019-06-05,Geelong Cats,St Kilda Saints,GMHBA Stadium,VIC,VIC,0,8,8,17,2,104,12,5,77,27,1,1
M17249,2019,Round 14,14,2019-06-07,Port Adelaide Power,Collingwood Magpies,Adelaide Oval,SA,VIC,1,6,7,13,3,81,14,8,92,-11,0,0
M17250,2019,Round 14,14,2019-06-09,Adelaide Crows,West Coast Eagles,Adelaide Oval,SA,WA,1,9,7,15,3,93,15,5,95,-2,0,0
M17251,2019,Round 14,14,2019-06-11,Gold Coast Suns,Brisbane Lions,Heritage Bank Stadium,QLD,QLD,0,7,7,16,4,100,15,5,95,5,1,1
M17252,2019,Round 14,14,2019-06-13,Essendon Bombers,Fremantle Dockers,Marvel Stadium,VIC,WA,1,9,7,13,3,81,12,3,75,6,1,1
M17253,2019,Round 14,14,2019-06-15,Sydney Swans,Carlton Blues,SCG,NSW,VIC,1,7,6,17,3,105,14,1,85,20,1,1
M17254,2019,Round 14,14,2019-06-17,Hawthorn Hawks,North Melbourne Kangaroos,MCG,VIC,VIC,0,7,9,18,1,109,15,7,97,12,1,1
M17255,2019,Round 15,15,2019-07-01,St Kilda Saints,Essendon Bombers,Marvel Stadium,VIC,VIC,0,7,6,14,3,87,15,0,90,-3,0,0
M17256,2019,Round 15,15,2019-07-03,Gold Coast Suns,West Coast Eagles,Heritage Bank Stadium,QLD,WA,1,6,9,14,6,90,12,4,76,14,1,1
M17257,2019,Round 15,15,2019-07-05,Western Bulldogs,Melbourne Demons,Marvel Stadium,VIC,VIC,0,9,7,15,5,95,14,6,90,5,1,1
M17258,2019,Round 15,15,2019-07-07,Hawthorn Hawks,Geelong Cats,MCG,VIC,VIC,0,7,7,15,7,97,13,3,81,16,1,1
M17259,2019,Round 15,15,2019-07-09,Sydney Swans,Brisbane Lions,SCG,NSW,QLD,1,7,8,16,5,101,14,8,92,9,1,1
M17260,2019,Round 15,15,2019-07-11,Richmond Tigers,Port Adelaide Power,MCG,VIC,SA,1,8,7,16,6,102,12,7,79,23,1,1
M17261,2019,Round 15,15,2019-07-13,North Melbourne Kangaroos,GWS Giants,Marvel Stadium,VIC,NSW,1,8,7,18,4,112,16,6,102,10,1,1
M17262,2019,Round 15,15,2019-07-15,Carlton Blues,Fremantle Dockers,Marvel Stadium,VIC,WA,1,7,6,15,3,93,15,8,98,-5,0,0
M17263,2019,Round 15,15,2019-07-17,Collingwood Magpies,Adelaide Crows,MCG,VIC,SA,1,7,7,14,9,93,13,7,85,8,1,1
M17264,2019,Round 16,16,2019-08-01,North Melbourne Kangaroos,Richmond Tigers,Marvel Stadium,VIC,VIC,0,7,7,15,3,93,13,2,80,13,1,1
M17265,2019,Round 16,16,2019-08-03,Gold Coast Suns,Hawthorn Hawks,Heritage Bank Stadium,QLD,VIC,1,9,7,16,3,99,13,5,83,16,1,1
M17266,2019,Round 16,16,2019-08-05,Port Adelaide Power,GWS Giants,Adelaide Oval,SA,NSW,1,7,8,15,9,99,16,5,101,-2,0,0
M17267,2019,Round 16,16,2019-08-07,Western Bulldogs,Adelaide Crows,Marvel Stadium,VIC,SA,1,9,6,17,6,108,14,3,87,21,1,1
M17268,2019,Round 16,16,2019-08-09,Melbourne Demons,Sydney Swans,MCG,VIC,NSW,1,7,6,14,7,91,13,3,81,10,1,1
M17269,2019,Round 16,16,2019-08-11,West Coast Eagles,Fremantle Dockers,Optus Stadium,WA,WA,0,9,7,14,4,88,14,8,92,-4,0,0
M17270,2019,Round 16,16,2019-08-13,Essendon Bombers,Collingwood Magpies,Marvel Stadium,VIC,VIC,0,8,9,14,7,91,13,0,78,13,1,1
M17271,2019,Round 16,16,2019-08-15,St Kilda Saints,Carlton Blues,Marvel Stadium,VIC,VIC,0,7,7,15,2,92,16,2,98,-6,0,0
M17272,2019,Round 16,16,2019-08-17,Brisbane Lions,Geelong Cats,Gabba,QLD,VIC,1,7,6,12,4,76,14,2,86,-10,0,0
M17273,2019,Round 17,17,2019-09-01,Richmond Tigers,Gold Coast Suns,MCG,VIC,QLD,1,7,7,16,4,100,11,6,72,28,1,1
M17274,2019,Round 17,17,2019-09-03,Collingwood Magpies,Essendon Bombers,MCG,VIC,VIC,0,8,9,15,0,90,14,4,88,2,1,1
M17275,2019,Round 17,17,2019-09-05,Adelaide Crows,Port Adelaide Power,Adelaide Oval,SA,SA,0,8,8,13,5,83,13,6,84,-1,0,0
M17276,2019,Round 17,17,2019-09-07,St Kilda Saints,Sydney Swans,Marvel Stadium,VIC,NSW,1,9,7,14,5,89,12,3,75,14,1,1
M17277,2019,Round 17,17,2019-09-09,GWS Giants,Carlton Blues,GIANTS Stadium,NSW,VIC,1,7,7,14,1,85,12,2,74,11,1,1
M17278,2019,Round 17,17,2019-09-11,Hawthorn Hawks,West Coast Eagles,MCG,VIC,WA,1,6,7,16,3,99,13,5,83,16,1,1
M17279,2019,Round 17,17,2019-09-13,Western Bulldogs,Fremantle Dockers,Marvel Stadium,VIC,WA,1,7,9,13,7,85,14,4,88,-3,0,0
M17280,2019,Round 17,17,2019-09-15,Geelong Cats,North Melbourne Kangaroos,GMHBA Stadium,VIC,VIC,0,6,6,17,6,108,11,5,71,37,1,1
M17281,2019,Round 17,17,2019-09-17,Brisbane Lions,Melbourne Demons,Gabba,QLD,VIC,1,7,7,15,1,91,14,2,86,5,1,1
M17282,2019,Round 18,18,2019-04-01,Port Adelaide Power,Fremantle Dockers,Adelaide Oval,SA,WA,1,7,7,12,7,79,13,5,83,-4,0,0
M17283,2019,Round 18,18,2019-04-03,West Coast Eagles,Sydney Swans,Optus Stadium,WA,NSW,1,7,9,14,4,88,11,9,75,13,1,1
M17284,2019,Round 18,18,2019-04-05,Carlton Blues,Essendon Bombers,Marvel Stadium,VIC,VIC,0,9,8,17,1,103,15,7,97,6,1,1
M17285,2019,Round 18,18,2019-04-07,St Kilda Saints,Geelong Cats,Marvel Stadium,VIC,VIC,0,7,8,19,2,116,15,7,97,19,1,1
M17286,2019,Round 18,18,2019-04-09,Gold Coast Suns,Collingwood Magpies,Heritage Bank Stadium,QLD,VIC,1,6,7,16,2,98,13,4,82,16,1,1
M17287,2019,Round 18,18,2019-04-11,Hawthorn Hawks,Adelaide Crows,MCG,VIC,SA,1,7,7,14,2,86,11,0,66,20,1,1
M17288,2019,Round 18,18,2019-04-13,GWS Giants,Richmond Tigers,GIANTS Stadium,NSW,VIC,1,7,7,14,6,90,15,5,95,-5,0,0
M17289,2019,Round 18,18,2019-04-15,Western Bulldogs,Melbourne Demons,Marvel Stadium,VIC,VIC,0,7,6,14,5,89,14,5,89,0,0,0
M17290,2019,Round 18,18,2019-04-17,Brisbane Lions,North Melbourne Kangaroos,Gabba,QLD,VIC,1,7,6,14,1,85,14,3,87,-2,0,0
M17291,2019,Round 19,19,2019-05-01,West Coast Eagles,Melbourne Demons,Optus Stadium,WA,VIC,1,9,7,14,7,91,14,4,88,3,1,1
M17292,2019,Round 19,19,2019-05-03,Port Adelaide Power,Brisbane Lions,Adelaide Oval,SA,QLD,1,7,8,17,3,105,13,3,81,24,1,1
M17293,2019,Round 19,19,2019-05-05,Western Bulldogs,Hawthorn Hawks,Marvel Stadium,VIC,VIC,0,7,7,16,9,105,15,4,94,11,1,1
M17294,2019,Round 19,19,2019-05-07,Adelaide Crows,Sydney Swans,Adelaide Oval,SA,NSW,1,9,8,14,2,86,16,1,97,-11,0,0
M17295,2019,Round 19,19,2019-05-09,Fremantle Dockers,Gold Coast Suns,Optus Stadium,WA,QLD,1,7,9,16,5,101,12,0,72,29,1,1
M17296,2019,Round 19,19,2019-05-11,Collingwood Magpies,Geelong Cats,MCG,VIC,VIC,0,9,9,14,8,92,13,9,87,5,1,1
M17297,2019,Round 19,19,2019-05-13,Richmond Tigers,Essendon Bombers,MCG,VIC,VIC,0,8,7,17,4,106,12,4,76,30,1,1
M17298,2019,Round 19,19,2019-05-15,North Melbourne Kangaroos,Carlton Blues,Marvel Stadium,VIC,VIC,0,8,7,15,6,96,15,2,92,4,1,1
M17299,2019,Round 19,19,2019-05-17,GWS Giants,St Kilda Saints,GIANTS Stadium,NSW,VIC,1,8,7,13,4,82,12,3,75,7,1,1
M17300,2019,Round 20,20,2019-06-01,Port Adelaide Power,Hawthorn Hawks,Adelaide Oval,SA,VIC,1,8,6,14,8,92,12,5,77,15,1,1
M17301,2019,Round 20,20,2019-06-03,Essendon Bombers,Melbourne Demons,Marvel Stadium,VIC,VIC,0,7,7,15,2,92,15,1,91,1,1,1
M17302,2019,Round 20,20,2019-06-05,Geelong Cats,GWS Giants,GMHBA Stadium,VIC,NSW,1,7,9,16,3,99,12,5,77,22,1,1
M17303,2019,Round 20,20,2019-06-07,St Kilda Saints,Fremantle Dockers,Marvel Stadium,VIC,WA,1,6,7,19,3,117,14,4,88,29,1,1
M17304,2019,Round 20,20,2019-06-09,Brisbane Lions,North Melbourne Kangaroos,Gabba,QLD,VIC,1,9,8,17,2,104,11,5,71,33,1,1
M17305,2019,Round 20,20,2019-06-11,Richmond Tigers,Sydney Swans,MCG,VIC,NSW,1,7,8,16,7,103,16,5,101,2,1,1
M17306,2019,Round 20,20,2019-06-13,Adelaide Crows,Western Bulldogs,Adelaide Oval,SA,VIC,1,9,7,15,6,96,13,7,85,11,1,1
M17307,2019,Round 20,20,2019-06-15,West Coast Eagles,Collingwood Magpies,Optus Stadium,WA,VIC,1,7,8,15,3,93,14,8,92,1,1,1
M17308,2019,Round 20,20,2019-06-17,Gold Coast Suns,Carlton Blues,Heritage Bank Stadium,QLD,VIC,1,7,9,15,4,94,15,5,95,-1,0,0
M17309,2019,Round 21,21,2019-07-01,Carlton Blues,Brisbane Lions,Marvel Stadium,VIC,QLD,1,6,6,16,2,98,12,5,77,21,1,1
M17310,2019,Round 21,21,2019-07-03,Port Adelaide Power,Melbourne Demons,Adelaide Oval,SA,VIC,1,7,9,15,3,93,16,6,102,-9,0,0
M17311,2019,Round 21,21,2019-07-05,West Coast Eagles,Richmond Tigers,Optus Stadium,WA,VIC,1,8,8,16,5,101,14,5,89,12,1,1
M17312,2019,Round 21,21,2019-07-07,Fremantle Dockers,Hawthorn Hawks,Optus Stadium,WA,VIC,1,8,6,15,2,92,15,3,93,-1,0,0
M17313,2019,Round 21,21,2019-07-09,Gold Coast Suns,Geelong Cats,Heritage Bank Stadium,QLD,VIC,1,8,9,12,7,79,11,6,72,7,1,1
M17314,2019,Round 21,21,2019-07-11,Collingwood Magpies,Sydney Swans,MCG,VIC,NSW,1,9,7,14,3,87,12,8,80,7,1,1
M17315,2019,Round 21,21,2019-07-13,GWS Giants,St Kilda Saints,GIANTS Stadium,NSW,VIC,1,7,8,16,2,98,13,2,80,18,1,1
M17316,2019,Round 21,21,2019-07-15,North Melbourne Kangaroos,Essendon Bombers,Marvel Stadium,VIC,VIC,0,6,7,14,1,85,12,6,78,7,1,1
M17317,2019,Round 21,21,2019-07-17,Adelaide Crows,Western Bulldogs,Adelaide Oval,SA,VIC,1,9,6,17,1,103,12,1,73,30,1,1
M17318,2019,Round 22,22,2019-08-01,Richmond Tigers,GWS Giants,MCG,VIC,NSW,1,6,7,14,4,88,12,4,76,12,1,1
M17319,2019,Round 22,22,2019-08-03,St Kilda Saints,Gold Coast Suns,Marvel Stadium,VIC,QLD,1,9,7,17,2,104,13,7,85,19,1,1
M17320,2019,Round 22,22,2019-08-05,Carlton Blues,Adelaide Crows,Marvel Stadium,VIC,SA,1,9,7,15,1,91,12,0,72,19,1,1
M17321,2019,Round 22,22,2019-08-07,West Coast Eagles,Hawthorn Hawks,Optus Stadium,WA,VIC,1,9,7,16,3,99,13,7,85,14,1,1
M17322,2019,Round 22,22,2019-08-09,Brisbane Lions,Melbourne Demons,Gabba,QLD,VIC,1,9,7,14,3,87,15,2,92,-5,0,0
M17323,2019,Round 22,22,2019-08-11,Sydney Swans,Essendon Bombers,SCG,NSW,VIC,1,7,6,15,5,95,13,2,80,15,1,1
M17324,2019,Round 22,22,2019-08-13,Collingwood Magpies,Western Bulldogs,MCG,VIC,VIC,0,8,7,16,4,100,14,7,91,9,1,1
M17325,2019,Round 22,22,2019-08-15,Geelong Cats,Port Adelaide Power,GMHBA Stadium,VIC,SA,1,7,6,13,4,82,14,4,88,-6,0,0
M17326,2019,Round 22,22,2019-08-17,North Melbourne Kangaroos,Fremantle Dockers,Marvel Stadium,VIC,WA,1,7,7,12,5,77,11,7,73,4,1,1
M17327,2020,Round 1,1,2020-05-01,Geelong Cats,Essendon Bombers,GMHBA Stadium,VIC,VIC,0,6,9,15,0,90,15,3,93,-3,0,0
M17328,2020,Round 1,1,2020-05-03,Richmond Tigers,St Kilda Saints,MCG,VIC,VIC,0,7,7,16,9,105,14,4,88,17,1,1
M17329,2020,Round 1,1,2020-05-05,Sydney Swans,West Coast Eagles,SCG,NSW,WA,1,8,7,14,5,89,13,7,85,4,1,1
M17330,2020,Round 1,1,2020-05-07,Hawthorn Hawks,Gold Coast Suns,MCG,VIC,QLD,1,8,7,16,7,103,15,7,97,6,1,1
M17331,2020,Round 1,1,2020-05-09,Western Bulldogs,Fremantle Dockers,Marvel Stadium,VIC,WA,1,7,8,16,3,99,14,0,84,15,1,1
M17332,2020,Round 1,1,2020-05-11,North Melbourne Kangaroos,Collingwood Magpies,Marvel Stadium,VIC,VIC,0,8,6,18,2,110,10,8,68,42,1,1
M17333,2020,Round 1,1,2020-05-13,Brisbane Lions,Adelaide Crows,Gabba,QLD,SA,1,7,7,15,5,95,10,1,61,34,1,1
M17334,2020,Round 1,1,2020-05-15,Melbourne Demons,GWS Giants,MCG,VIC,NSW,1,7,6,14,4,88,15,3,93,-5,0,0
M17335,2020,Round 1,1,2020-05-17,Carlton Blues,Port Adelaide Power,Marvel Stadium,VIC,SA,1,6,7,15,6,96,11,4,70,26,1,1
M17336,2020,Round 2,2,2020-06-01,Western Bulldogs,Carlton Blues,Marvel Stadium,VIC,VIC,0,9,7,14,2,86,14,4,88,-2,0,0
M17337,2020,Round 2,2,2020-06-03,Melbourne Demons,Collingwood Magpies,MCG,VIC,VIC,0,7,6,18,5,113,15,4,94,19,1,1
M17338,2020,Round 2,2,2020-06-05,GWS Giants,Fremantle Dockers,GIANTS Stadium,NSW,WA,1,7,9,15,5,95,14,4,88,7,1,1
M17339,2020,Round 2,2,2020-06-07,Brisbane Lions,Adelaide Crows,Gabba,QLD,SA,1,8,9,14,9,93,13,3,81,12,1,1
M17340,2020,Round 2,2,2020-06-09,Hawthorn Hawks,North Melbourne Kangaroos,MCG,VIC,VIC,0,6,7,17,6,108,12,5,77,31,1,1
M17341,2020,Round 2,2,2020-06-11,Richmond Tigers,Sydney Swans,MCG,VIC,NSW,1,7,7,16,2,98,15,3,93,5,1,1
M17342,2020,Round 2,2,2020-06-13,Geelong Cats,St Kilda Saints,GMHBA Stadium,VIC,VIC,0,7,7,13,3,81,14,0,84,-3,0,0
M17343,2020,Round 2,2,2020-06-15,Port Adelaide Power,Essendon Bombers,Adelaide Oval,SA,VIC,1,7,7,16,6,102,11,3,69,33,1,1
M17344,2020,Round 2,2,2020-06-17,West Coast Eagles,Gold Coast Suns,Optus Stadium,WA,QLD,1,9,7,14,5,89,15,6,96,-7,0,0
M17345,2020,Round 3,3,2020-07-01,Carlton Blues,Richmond Tigers,Marvel Stadium,VIC,VIC,0,7,7,17,3,105,13,5,83,22,1,1
M17346,2020,Round 3,3,2020-07-03,Gold Coast Suns,Melbourne Demons,Heritage Bank Stadium,QLD,VIC,1,7,7,17,8,110,15,1,91,19,1,1
M17347,2020,Round 3,3,2020-07-05,Geelong Cats,Sydney Swans,GMHBA Stadium,VIC,NSW,1,9,8,14,6,90,12,4,76,14,1,1
M17348,2020,Round 3,3,2020-07-07,North Melbourne Kangaroos,Western Bulldogs,Marvel Stadium,VIC,VIC,0,6,6,15,1,91,12,7,79,12,1,1
M17349,2020,Round 3,3,2020-07-09,Port Adelaide Power,West Coast Eagles,Adelaide Oval,SA,WA,1,9,9,17,5,107,10,5,65,42,1,1
M17350,2020,Round 3,3,2020-07-11,St Kilda Saints,Brisbane Lions,Marvel Stadium,VIC,QLD,1,7,6,16,2,98,11,2,68,30,1,1
M17351,2020,Round 3,3,2020-07-13,Collingwood Magpies,Hawthorn Hawks,MCG,VIC,VIC,0,7,7,15,3,93,12,3,75,18,1,1
M17352,2020,Round 3,3,2020-07-15,Essendon Bombers,Fremantle Dockers,Marvel Stadium,VIC,WA,1,9,9,13,3,81,15,4,94,-13,0,0
M17353,2020,Round 3,3,2020-07-17,GWS Giants,Adelaide Crows,GIANTS Stadium,NSW,SA,1,9,7,15,0,90,15,3,93,-3,0,0
M17354,2020,Round 4,4,2020-08-01,Richmond Tigers,Fremantle Dockers,MCG,VIC,WA,1,9,6,16,3,99,15,6,96,3,1,1
M17355,2020,Round 4,4,2020-08-03,St Kilda Saints,Western Bulldogs,Marvel Stadium,VIC,VIC,0,7,8,16,4,100,14,9,93,7,1,1
M17356,2020,Round 4,4,2020-08-05,Melbourne Demons,Adelaide Crows,MCG,VIC,SA,1,7,7,13,5,83,15,0,90,-7,0,0
M17357,2020,Round 4,4,2020-08-07,Hawthorn Hawks,Brisbane Lions,MCG,VIC,QLD,1,9,8,14,7,91,14,3,87,4,1,1
M17358,2020,Round 4,4,2020-08-09,West Coast Eagles,Essendon Bombers,Optus Stadium,WA,VIC,1,8,8,15,1,91,13,3,81,10,1,1
M17359,2020,Round 4,4,2020-08-11,GWS Giants,Gold Coast Suns,GIANTS Stadium,NSW,QLD,1,6,7,15,9,99,15,3,93,6,1,1
M17360,2020,Round 4,4,2020-08-13,Collingwood Magpies,Port Adelaide Power,MCG,VIC,SA,1,7,8,16,4,100,14,8,92,8,1,1
M17361,2020,Round 4,4,2020-08-15,Carlton Blues,Sydney Swans,Marvel Stadium,VIC,NSW,1,6,7,13,6,84,14,5,89,-5,0,0
M17362,2020,Round 4,4,2020-08-17,North Melbourne Kangaroos,Geelong Cats,Marvel Stadium,VIC,VIC,0,7,8,18,5,113,12,8,80,33,1,1
M17363,2020,Round 5,5,2020-09-01,Port Adelaide Power,Sydney Swans,Adelaide Oval,SA,NSW,1,6,6,17,5,107,14,3,87,20,1,1
M17364,2020,Round 5,5,2020-09-03,Western Bulldogs,West Coast Eagles,Marvel Stadium,VIC,WA,1,9,7,16,1,97,14,5,89,8,1,1
M17365,2020,Round 5,5,2020-09-05,Adelaide Crows,Richmond Tigers,Adelaide Oval,SA,VIC,1,9,8,13,3,81,10,4,64,17,1,1
M17366,2020,Round 5,5,2020-09-07,Carlton Blues,Gold Coast Suns,Marvel Stadium,VIC,QLD,1,9,8,17,0,102,13,1,79,23,1,1
M17367,2020,Round 5,5,2020-09-09,GWS Giants,Hawthorn Hawks,GIANTS Stadium,NSW,VIC,1,8,8,16,5,101,12,6,78,23,1,1
M17368,2020,Round 5,5,2020-09-11,North Melbourne Kangaroos,Brisbane Lions,Marvel Stadium,VIC,QLD,1,9,6,18,5,113,12,5,77,36,1,1
M17369,2020,Round 5,5,2020-09-13,Melbourne Demons,Geelong Cats,MCG,VIC,VIC,0,7,7,15,3,93,12,4,76,17,1,1
M17370,2020,Round 5,5,2020-09-15,Fremantle Dockers,St Kilda Saints,Optus Stadium,WA,VIC,1,9,9,15,3,93,11,5,71,22,1,1
M17371,2020,Round 5,5,2020-09-17,Collingwood Magpies,Essendon Bombers,MCG,VIC,VIC,0,7,6,16,5,101,13,4,82,19,1,1
M17372,2020,Round 6,6,2020-04-01,Port Adelaide Power,Geelong Cats,Adelaide Oval,SA,VIC,1,6,7,16,5,101,16,0,96,5,1,1
M17373,2020,Round 6,6,2020-04-03,Gold Coast Suns,St Kilda Saints,Heritage Bank Stadium,QLD,VIC,1,8,8,16,5,101,12,2,74,27,1,1
M17374,2020,Round 6,6,2020-04-05,Essendon Bombers,Collingwood Magpies,Marvel Stadium,VIC,VIC,0,8,7,17,5,107,14,3,87,20,1,1
M17375,2020,Round 6,6,2020-04-07,Brisbane Lions,Western Bulldogs,Gabba,QLD,VIC,1,6,7,15,7,97,14,3,87,10,1,1
M17376,2020,Round 6,6,2020-04-09,Sydney Swans,Fremantle Dockers,SCG,NSW,WA,1,8,8,15,6,96,16,3,99,-3,0,0
M17377,2020,Round 6,6,2020-04-11,West Coast Eagles,GWS Giants,Optus Stadium,WA,NSW,1,7,7,15,5,95,13,5,83,12,1,1
M17378,2020,Round 6,6,2020-04-13,Adelaide Crows,Carlton Blues,Adelaide Oval,SA,VIC,1,7,9,16,1,97,12,5,77,20,1,1
M17379,2020,Round 6,6,2020-04-15,Hawthorn Hawks,Melbourne Demons,MCG,VIC,VIC,0,7,8,14,1,85,13,4,82,3,1,1
M17380,2020,Round 6,6,2020-04-17,Richmond Tigers,North Melbourne Kangaroos,MCG,VIC,VIC,0,7,7,18,3,111,13,6,84,27,1,1
M17381,2020,Round 7,7,2020-05-01,Fremantle Dockers,GWS Giants,Optus Stadium,WA,NSW,1,9,7,16,5,101,13,0,78,23,1,1
M17382,2020,Round 7,7,2020-05-03,Brisbane Lions,Port Adelaide Power,Gabba,QLD,SA,1,8,7,14,5,89,15,2,92,-3,0,0
M17383,2020,Round 7,7,2020-05-05,St Kilda Saints,Carlton Blues,Marvel Stadium,VIC,VIC,0,9,6,13,4,82,11,5,71,11,1,1
M17384,2020,Round 7,7,2020-05-07,Melbourne Demons,Essendon Bombers,MCG,VIC,VIC,0,7,7,16,7,103,14,4,88,15,1,1
M17385,2020,Round 7,7,2020-05-09,Collingwood Magpies,West Coast Eagles,MCG,VIC,WA,1,7,7,18,5,113,16,5,101,12,1,1
M17386,2020,Round 7,7,2020-05-11,Adelaide Crows,Western Bulldogs,Adelaide Oval,SA,VIC,1,6,8,16,4,100,11,4,70,30,1,1
M17387,2020,Round 7,7,2020-05-13,Gold Coast Suns,Geelong Cats,Heritage Bank Stadium,QLD,VIC,1,7,6,15,1,91,13,7,85,6,1,1
M17388,2020,Round 7,7,2020-05-15,North Melbourne Kangaroos,Hawthorn Hawks,Marvel Stadium,VIC,VIC,0,7,9,16,4,100,13,1,79,21,1,1
M17389,2020,Round 7,7,2020-05-17,Sydney Swans,Richmond Tigers,SCG,NSW,VIC,1,7,9,16,6,102,11,6,72,30,1,1
M17390,2020,Round 8,8,2020-06-01,St Kilda Saints,Carlton Blues,Marvel Stadium,VIC,VIC,0,7,8,18,1,109,15,5,95,14,1,1
M17391,2020,Round 8,8,2020-06-03,West Coast Eagles,Sydney Swans,Optus Stadium,WA,NSW,1,9,7,14,4,88,16,6,102,-14,0,0
M17392,2020,Round 8,8,2020-06-05,Brisbane Lions,Essendon Bombers,Gabba,QLD,VIC,1,7,9,13,9,87,13,3,81,6,1,1
M17393,2020,Round 8,8,2020-06-07,North Melbourne Kangaroos,Western Bulldogs,Marvel Stadium,VIC,VIC,0,7,6,14,2,86,16,8,104,-18,0,0
M17394,2020,Round 8,8,2020-06-09,Collingwood Magpies,Gold Coast Suns,MCG,VIC,QLD,1,8,7,16,5,101,15,6,96,5,1,1
M17395,2020,Round 8,8,2020-06-11,Richmond Tigers,Port Adelaide Power,MCG,VIC,SA,1,7,7,15,5,95,13,6,84,11,1,1
M17396,2020,Round 8,8,2020-06-13,GWS Giants,Adelaide Crows,GIANTS Stadium,NSW,SA,1,6,8,18,6,114,12,1,73,41,1,1
M17397,2020,Round 8,8,2020-06-15,Geelong Cats,Melbourne Demons,GMHBA Stadium,VIC,VIC,0,7,7,15,3,93,15,0,90,3,1,1
M17398,2020,Round 8,8,2020-06-17,Hawthorn Hawks,Fremantle Dockers,MCG,VIC,WA,1,7,6,15,3,93,12,6,78,15,1,1
M17399,2020,Round 9,9,2020-07-01,Sydney Swans,Brisbane Lions,SCG,NSW,QLD,1,7,7,16,6,102,14,4,88,14,1,1
M17400,2020,Round 9,9,2020-07-03,Adelaide Crows,Richmond Tigers,Adelaide Oval,SA,VIC,1,6,6,14,4,88,13,7,85,3,1,1
M17401,2020,Round 9,9,2020-07-05,North Melbourne Kangaroos,Port Adelaide Power,Marvel Stadium,VIC,SA,1,8,7,19,2,116,14,8,92,24,1,1
M17402,2020,Round 9,9,2020-07-07,Collingwood Magpies,St Kilda Saints,MCG,VIC,VIC,0,9,6,14,2,86,13,7,85,1,1,1
M17403,2020,Round 9,9,2020-07-09,Western Bulldogs,West Coast Eagles,Marvel Stadium,VIC,WA,1,7,7,14,5,89,14,6,90,-1,0,0
M17404,2020,Round 9,9,2020-07-11,Essendon Bombers,Gold Coast Suns,Marvel Stadium,VIC,QLD,1,7,7,14,2,86,15,3,93,-7,0,0
M17405,2020,Round 9,9,2020-07-13,Carlton Blues,GWS Giants,Marvel Stadium,VIC,NSW,1,7,6,14,4,88,12,3,75,13,1,1
M17406,2020,Round 9,9,2020-07-15,Geelong Cats,Fremantle Dockers,GMHBA Stadium,VIC,WA,1,7,6,18,2,110,11,3,69,41,1,1
M17407,2020,Round 9,9,2020-07-17,Melbourne Demons,Hawthorn Hawks,MCG,VIC,VIC,0,7,6,14,7,91,16,4,100,-9,0,0
M17408,2020,Round 10,10,2020-08-01,Adelaide Crows,North Melbourne Kangaroos,Adelaide Oval,SA,VIC,1,8,9,18,3,111,13,6,84,27,1,1
M17409,2020,Round 10,10,2020-08-03,Gold Coast Suns,Sydney Swans,Heritage Bank Stadium,QLD,NSW,1,8,7,14,4,88,13,5,83,5,1,1
M17410,2020,Round 10,10,2020-08-05,Fremantle Dockers,St Kilda Saints,Optus Stadium,WA,VIC,1,7,8,15,0,90,15,7,97,-7,0,0
M17411,2020,Round 10,10,2020-08-07,Geelong Cats,Collingwood Magpies,GMHBA Stadium,VIC,VIC,0,9,9,14,3,87,13,8,86,1,1,1
M17412,2020,Round 10,10,2020-08-09,GWS Giants,Western Bulldogs,GIANTS Stadium,NSW,VIC,1,9,8,18,4,112,17,6,108,4,1,1
M17413,2020,Round 10,10,2020-08-11,Port Adelaide Power,Richmond Tigers,Adelaide Oval,SA,VIC,1,6,8,15,3,93,12,2,74,19,1,1
M17414,2020,Round 10,10,2020-08-13,West Coast Eagles,Brisbane Lions,Optus Stadium,WA,QLD,1,9,7,15,4,94,11,8,74,20,1,1
M17415,2020,Round 10,10,2020-08-15,Melbourne Demons,Essendon Bombers,MCG,VIC,VIC,0,7,7,15,2,92,17,1,103,-11,0,0
M17416,2020,Round 10,10,2020-08-17,Hawthorn Hawks,Carlton Blues,MCG,VIC,VIC,0,8,7,17,0,102,11,7,73,29,1,1
M17417,2020,Round 11,11,2020-09-01,Adelaide Crows,West Coast Eagles,Adelaide Oval,SA,WA,1,7,7,16,2,98,12,9,81,17,1,1
M17418,2020,Round 11,11,2020-09-03,Fremantle Dockers,Collingwood Magpies,Optus Stadium,WA,VIC,1,7,6,15,6,96,13,3,81,15,1,1
M17419,2020,Round 11,11,2020-09-05,St Kilda Saints,Port Adelaide Power,Marvel Stadium,VIC,SA,1,7,7,15,4,94,15,1,91,3,1,1
M17420,2020,Round 11,11,2020-09-07,Essendon Bombers,Western Bulldogs,Marvel Stadium,VIC,VIC,0,8,7,16,5,101,15,4,94,7,1,1
M17421,2020,Round 11,11,2020-09-09,Hawthorn Hawks,Geelong Cats,MCG,VIC,VIC,0,7,9,17,6,108,10,5,65,43,1,1
M17422,2020,Round 11,11,2020-09-11,North Melbourne Kangaroos,Gold Coast Suns,Marvel Stadium,VIC,QLD,1,7,7,14,6,90,15,1,91,-1,0,0
M17423,2020,Round 11,11,2020-09-13,Carlton Blues,GWS Giants,Marvel Stadium,VIC,NSW,1,8,7,17,6,108,13,8,86,22,1,1
M17424,2020,Round 11,11,2020-09-15,Brisbane Lions,Richmond Tigers,Gabba,QLD,VIC,1,6,6,17,0,102,11,5,71,31,1,1
M17425,2020,Round 11,11,2020-09-17,Sydney Swans,Melbourne Demons,SCG,NSW,VIC,1,9,7,17,4,106,12,7,79,27,1,1
M17426,2020,Round 12,12,2020-04-01,Melbourne Demons,West Coast Eagles,MCG,VIC,WA,1,6,8,16,4,100,14,8,92,8,1,1
M17427,2020,Round 12,12,2020-04-03,Western Bulldogs,Fremantle Dockers,Marvel Stadium,VIC,WA,1,7,7,15,1,91,15,1,91,0,0,0
M17428,2020,Round 12,12,2020-04-05,Port Adelaide Power,Essendon Bombers,Adelaide Oval,SA,VIC,1,7,7,15,2,92,13,6,84,8,1,1
M17429,2020,Round 12,12,2020-04-07,GWS Giants,Carlton Blues,GIANTS Stadium,NSW,VIC,1,7,9,13,2,80,12,5,77,3,1,1
M17430,2020,Round 12,12,2020-04-09,North Melbourne Kangaroos,Adelaide Crows,Marvel Stadium,VIC,SA,1,8,7,16,7,103,14,4,88,15,1,1
M17431,2020,Round 12,12,2020-04-11,Collingwood Magpies,Richmond Tigers,MCG,VIC,VIC,0,7,7,17,3,105,14,8,92,13,1,1
M17432,2020,Round 12,12,2020-04-13,St Kilda Saints,Gold Coast Suns,Marvel Stadium,VIC,QLD,1,7,6,16,4,100,11,7,73,27,1,1
M17433,2020,Round 12,12,2020-04-15,Brisbane Lions,Geelong Cats,Gabba,QLD,VIC,1,7,7,15,3,93,12,2,74,19,1,1
M17434,2020,Round 12,12,2020-04-17,Sydney Swans,Hawthorn Hawks,SCG,NSW,VIC,1,7,7,17,4,106,13,6,84,22,1,1
M17435,2020,Round 13,13,2020-05-01,Sydney Swans,Essendon Bombers,SCG,NSW,VIC,1,9,6,16,9,105,14,6,90,15,1,1
M17436,2020,Round 13,13,2020-05-03,Gold Coast Suns,St Kilda Saints,Heritage Bank Stadium,QLD,VIC,1,8,7,14,3,87,14,8,92,-5,0,0
M17437,2020,Round 13,13,2020-05-05,Fremantle Dockers,Hawthorn Hawks,Optus Stadium,WA,VIC,1,9,7,16,1,97,11,5,71,26,1,1
M17438,2020,Round 13,13,2020-05-07,North Melbourne Kangaroos,Richmond Tigers,Marvel Stadium,VIC,VIC,0,9,7,17,5,107,15,8,98,9,1,1
M17439,2020,Round 13,13,2020-05-09,Western Bulldogs,Collingwood Magpies,Marvel Stadium,VIC,VIC,0,7,7,15,4,94,16,5,101,-7,0,0
M17440,2020,Round 13,13,2020-05-11,GWS Giants,Adelaide Crows,GIANTS Stadium,NSW,SA,1,7,7,17,5,107,12,7,79,28,1,1
M17441,2020,Round 13,13,2020-05-13,Melbourne Demons,Port Adelaide Power,MCG,VIC,SA,1,7,6,14,4,88,16,5,101,-13,0,0
M17442,2020,Round 13,13,2020-05-15,Brisbane Lions,Carlton Blues,Gabba,QLD,VIC,1,8,7,14,6,90,12,4,76,14,1,1
M17443,2020,Round 13,13,2020-05-17,West Coast Eagles,Geelong Cats,Optus Stadium,WA,VIC,1,7,7,16,9,105,17,2,104,1,1,1
M17444,2020,Round 14,14,2020-06-01,Port Adelaide Power,Carlton Blues,Adelaide Oval,SA,VIC,1,6,7,15,3,93,15,4,94,-1,0,0
M17445,2020,Round 14,14,2020-06-03,Geelong Cats,Sydney Swans,GMHBA Stadium,VIC,NSW,1,7,8,13,4,82,11,4,70,12,1,1
M17446,2020,Round 14,14,2020-06-05,GWS Giants,Melbourne Demons,GIANTS Stadium,NSW,VIC,1,7,8,14,4,88,13,0,78,10,1,1
M17447,2020,Round 14,14,2020-06-07,North Melbourne Kangaroos,West Coast Eagles,Marvel Stadium,VIC,WA,1,7,7,18,9,117,11,6,72,45,1,1
M17448,2020,Round 14,14,2020-06-09,Brisbane Lions,Hawthorn Hawks,Gabba,QLD,VIC,1,7,9,15,7,97,12,7,79,18,1,1
M17449,2020,Round 14,14,2020-06-11,Adelaide Crows,Richmond Tigers,Adelaide Oval,SA,VIC,1,7,7,16,3,99,13,6,84,15,1,1
M17450,2020,Round 14,14,2020-06-13,Fremantle Dockers,St Kilda Saints,Optus Stadium,WA,VIC,1,8,7,14,5,89,13,2,80,9,1,1
M17451,2020,Round 14,14,2020-06-15,Essendon Bombers,Collingwood Magpies,Marvel Stadium,VIC,VIC,0,7,8,15,3,93,11,6,72,21,1,1
M17452,2020,Round 14,14,2020-06-17,Western Bulldogs,Gold Coast Suns,Marvel Stadium,VIC,QLD,1,7,6,16,0,96,16,5,101,-5,0,0
M17453,2020,Round 15,15,2020-07-01,Sydney Swans,Fremantle Dockers,SCG,NSW,WA,1,9,9,15,3,93,14,3,87,6,1,1
M17454,2020,Round 15,15,2020-07-03,Adelaide Crows,Port Adelaide Power,Adelaide Oval,SA,SA,0,7,7,13,7,85,15,3,93,-8,0,0
M17455,2020,Round 15,15,2020-07-05,Essendon Bombers,GWS Giants,Marvel Stadium,VIC,NSW,1,7,7,14,6,90,15,8,98,-8,0,0
M17456,2020,Round 15,15,2020-07-07,Carlton Blues,Gold Coast Suns,Marvel Stadium,VIC,QLD,1,7,6,16,8,104,14,3,87,17,1,1
M17457,2020,Round 15,15,2020-07-09,Richmond Tigers,Geelong Cats,MCG,VIC,VIC,0,6,9,14,9,93,15,6,96,-3,0,0
M17458,2020,Round 15,15,2020-07-11,Collingwood Magpies,Brisbane Lions,MCG,VIC,QLD,1,7,7,16,4,100,13,5,83,17,1,1
M17459,2020,Round 15,15,2020-07-13,St Kilda Saints,Western Bulldogs,Marvel Stadium,VIC,VIC,0,6,8,14,3,87,15,7,97,-10,0,0
M17460,2020,Round 15,15,2020-07-15,West Coast Eagles,Melbourne Demons,Optus Stadium,WA,VIC,1,6,8,15,2,92,13,7,85,7,1,1
M17461,2020,Round 15,15,2020-07-17,Hawthorn Hawks,North Melbourne Kangaroos,MCG,VIC,VIC,0,8,7,18,7,115,14,1,85,30,1,1
M17462,2020,Round 16,16,2020-08-01,North Melbourne Kangaroos,Carlton Blues,Marvel Stadium,VIC,VIC,0,9,7,14,2,86,11,4,70,16,1,1
M17463,2020,Round 16,16,2020-08-03,Western Bulldogs,Hawthorn Hawks,Marvel Stadium,VIC,VIC,0,6,9,16,5,101,15,5,95,6,1,1
M17464,2020,Round 16,16,2020-08-05,St Kilda Saints,Gold Coast Suns,Marvel Stadium,VIC,QLD,1,8,7,14,3,87,12,4,76,11,1,1
M17465,2020,Round 16,16,2020-08-07,Fremantle Dockers,Brisbane Lions,Optus Stadium,WA,QLD,1,6,9,17,4,106,15,4,94,12,1,1
M17466,2020,Round 16,16,2020-08-09,Port Adelaide Power,Sydney Swans,Adelaide Oval,SA,NSW,1,7,7,19,8,122,14,5,89,33,1,1
M17467,2020,Round 16,16,2020-08-11,Essendon Bombers,Collingwood Magpies,Marvel Stadium,VIC,VIC,0,7,7,15,6,96,16,4,100,-4,0,0
M17468,2020,Round 16,16,2020-08-13,GWS Giants,Richmond Tigers,GIANTS Stadium,NSW,VIC,1,7,7,14,8,92,14,5,89,3,1,1
M17469,2020,Round 16,16,2020-08-15,West Coast Eagles,Geelong Cats,Optus Stadium,WA,VIC,1,9,7,13,9,87,12,3,75,12,1,1
M17470,2020,Round 16,16,2020-08-17,Adelaide Crows,Melbourne Demons,Adelaide Oval,SA,VIC,1,7,7,15,7,97,13,7,85,12,1,1
M17471,2020,Round 17,17,2020-09-01,Port Adelaide Power,Hawthorn Hawks,Adelaide Oval,SA,VIC,1,8,7,17,6,108,15,9,99,9,1,1
M17472,2020,Round 17,17,2020-09-03,Brisbane Lions,Carlton Blues,Gabba,QLD,VIC,1,7,7,16,3,99,15,4,94,5,1,1
M17473,2020,Round 17,17,2020-09-05,Essendon Bombers,Geelong Cats,Marvel Stadium,VIC,VIC,0,8,6,13,6,84,13,4,82,2,1,1
M17474,2020,Round 17,17,2020-09-07,Collingwood Magpies,West Coast Eagles,MCG,VIC,WA,1,9,7,16,4,100,13,5,83,17,1,1
M17475,2020,Round 17,17,2020-09-09,St Kilda Saints,Melbourne Demons,Marvel Stadium,VIC,VIC,0,9,6,14,1,85,12,5,77,8,1,1
M17476,2020,Round 17,17,2020-09-11,GWS Giants,Fremantle Dockers,GIANTS Stadium,NSW,WA,1,8,9,13,5,83,15,4,94,-11,0,0
M17477,2020,Round 17,17,2020-09-13,Richmond Tigers,Adelaide Crows,MCG,VIC,SA,1,8,7,16,6,102,13,1,79,23,1,1
M17478,2020,Round 17,17,2020-09-15,Sydney Swans,Gold Coast Suns,SCG,NSW,QLD,1,9,6,16,4,100,15,4,94,6,1,1
M17479,2020,Round 17,17,2020-09-17,North Melbourne Kangaroos,Western Bulldogs,Marvel Stadium,VIC,VIC,0,8,7,16,3,99,14,4,88,11,1,1
M17480,2020,Round 18,18,2020-04-01,Fremantle Dockers,Port Adelaide Power,Optus Stadium,WA,SA,1,8,8,14,4,88,12,2,74,14,1,1
M17481,2020,Round 18,18,2020-04-03,Hawthorn Hawks,Essendon Bombers,MCG,VIC,VIC,0,7,6,15,3,93,16,7,103,-10,0,0
M17482,2020,Round 18,18,2020-04-05,North Melbourne Kangaroos,Adelaide Crows,Marvel Stadium,VIC,SA,1,7,8,14,9,93,15,3,93,0,0,0
M17483,2020,Round 18,18,2020-04-07,GWS Giants,Carlton Blues,GIANTS Stadium,NSW,VIC,1,7,7,15,1,91,15,5,95,-4,0,0
M17484,2020,Round 18,18,2020-04-09,Western Bulldogs,Melbourne Demons,Marvel Stadium,VIC,VIC,0,6,8,15,6,96,14,2,86,10,1,1
M17485,2020,Round 18,18,2020-04-11,St Kilda Saints,Brisbane Lions,Marvel Stadium,VIC,QLD,1,8,8,18,6,114,13,3,81,33,1,1
M17486,2020,Round 18,18,2020-04-13,Geelong Cats,Sydney Swans,GMHBA Stadium,VIC,NSW,1,7,6,18,3,111,12,3,75,36,1,1
M17487,2020,Round 18,18,2020-04-15,Collingwood Magpies,West Coast Eagles,MCG,VIC,WA,1,9,7,17,3,105,12,4,76,29,1,1
M17488,2020,Round 18,18,2020-04-17,Gold Coast Suns,Richmond Tigers,Heritage Bank Stadium,QLD,VIC,1,9,7,18,8,116,14,7,91,25,1,1
M17489,2020,Round 19,19,2020-05-01,GWS Giants,West Coast Eagles,GIANTS Stadium,NSW,WA,1,7,9,18,2,110,14,3,87,23,1,1
M17490,2020,Round 19,19,2020-05-03,Geelong Cats,Sydney Swans,GMHBA Stadium,VIC,NSW,1,7,7,15,5,95,11,7,73,22,1,1
M17491,2020,Round 19,19,2020-05-05,Fremantle Dockers,Brisbane Lions,Optus Stadium,WA,QLD,1,7,8,14,5,89,16,4,100,-11,0,0
M17492,2020,Round 19,19,2020-05-07,North Melbourne Kangaroos,Richmond Tigers,Marvel Stadium,VIC,VIC,0,7,7,16,8,104,13,4,82,22,1,1
M17493,2020,Round 19,19,2020-05-09,Western Bulldogs,Gold Coast Suns,Marvel Stadium,VIC,QLD,1,7,6,17,4,106,16,3,99,7,1,1
M17494,2020,Round 19,19,2020-05-11,Port Adelaide Power,Carlton Blues,Adelaide Oval,SA,VIC,1,8,7,12,7,79,13,4,82,-3,0,0
M17495,2020,Round 19,19,2020-05-13,St Kilda Saints,Collingwood Magpies,Marvel Stadium,VIC,VIC,0,9,7,13,7,85,15,5,95,-10,0,0
M17496,2020,Round 19,19,2020-05-15,Essendon Bombers,Melbourne Demons,Marvel Stadium,VIC,VIC,0,6,7,16,3,99,12,5,77,22,1,1
M17497,2020,Round 19,19,2020-05-17,Adelaide Crows,Hawthorn Hawks,Adelaide Oval,SA,VIC,1,8,8,20,1,121,14,1,85,36,1,1
M17498,2020,Round 20,20,2020-06-01,Richmond Tigers,Adelaide Crows,MCG,VIC,SA,1,7,9,16,6,102,13,8,86,16,1,1
M17499,2020,Round 20,20,2020-06-03,Port Adelaide Power,Carlton Blues,Adelaide Oval,SA,VIC,1,6,7,16,6,102,15,6,96,6,1,1
M17500,2020,Round 20,20,2020-06-05,Brisbane Lions,Melbourne Demons,Gabba,QLD,VIC,1,7,7,15,4,94,14,5,89,5,1,1
M17501,2020,Round 20,20,2020-06-07,Essendon Bombers,West Coast Eagles,Marvel Stadium,VIC,WA,1,9,8,15,0,90,12,3,75,15,1,1
M17502,2020,Round 20,20,2020-06-09,Hawthorn Hawks,Fremantle Dockers,MCG,VIC,WA,1,7,7,18,4,112,13,5,83,29,1,1
M17503,2020,Round 20,20,2020-06-11,Sydney Swans,Gold Coast Suns,SCG,NSW,QLD,1,7,7,15,1,91,12,1,73,18,1,1
M17504,2020,Round 20,20,2020-06-13,Collingwood Magpies,North Melbourne Kangaroos,MCG,VIC,VIC,0,8,9,17,2,104,14,6,90,14,1,1
M17505,2020,Round 20,20,2020-06-15,Western Bulldogs,Geelong Cats,Marvel Stadium,VIC,VIC,0,9,7,15,3,93,13,5,83,10,1,1
M17506,2020,Round 20,20,2020-06-17,GWS Giants,St Kilda Saints,GIANTS Stadium,NSW,VIC,1,7,7,15,5,95,13,9,87,8,1,1
M17507,2020,Round 21,21,2020-07-01,West Coast Eagles,Gold Coast Suns,Optus Stadium,WA,QLD,1,7,6,14,2,86,13,3,81,5,1,1
M17508,2020,Round 21,21,2020-07-03,Adelaide Crows,St Kilda Saints,Adelaide Oval,SA,VIC,1,7,8,19,7,121,13,0,78,43,1,1
M17509,2020,Round 21,21,2020-07-05,North Melbourne Kangaroos,Brisbane Lions,Marvel Stadium,VIC,QLD,1,7,7,15,6,96,17,4,106,-10,0,0
M17510,2020,Round 21,21,2020-07-07,Collingwood Magpies,Essendon Bombers,MCG,VIC,VIC,0,7,7,16,5,101,14,4,88,13,1,1
M17511,2020,Round 21,21,2020-07-09,Fremantle Dockers,Carlton Blues,Optus Stadium,WA,VIC,1,8,7,15,2,92,13,6,84,8,1,1
M17512,2020,Round 21,21,2020-07-11,Western Bulldogs,Melbourne Demons,Marvel Stadium,VIC,VIC,0,8,8,14,0,84,13,5,83,1,1,1
M17513,2020,Round 21,21,2020-07-13,Richmond Tigers,Hawthorn Hawks,MCG,VIC,VIC,0,9,9,16,7,103,13,3,81,22,1,1
M17514,2020,Round 21,21,2020-07-15,Port Adelaide Power,GWS Giants,Adelaide Oval,SA,NSW,1,9,7,15,7,97,14,5,89,8,1,1
M17515,2020,Round 21,21,2020-07-17,Geelong Cats,Sydney Swans,GMHBA Stadium,VIC,NSW,1,7,7,15,5,95,14,2,86,9,1,1
M17516,2020,Round 22,22,2020-08-01,Sydney Swans,West Coast Eagles,SCG,NSW,WA,1,9,6,17,4,106,16,1,97,9,1,1
M17517,2020,Round 22,22,2020-08-03,North Melbourne Kangaroos,Carlton Blues,Marvel Stadium,VIC,VIC,0,6,7,14,3,87,11,7,73,14,1,1
M17518,2020,Round 22,22,2020-08-05,Collingwood Magpies,Port Adelaide Power,MCG,VIC,SA,1,7,9,17,6,108,12,7,79,29,1,1
M17519,2020,Round 22,22,2020-08-07,Western Bulldogs,Melbourne Demons,Marvel Stadium,VIC,VIC,0,7,7,14,4,88,16,4,100,-12,0,0
M17520,2020,Round 22,22,2020-08-09,GWS Giants,Hawthorn Hawks,GIANTS Stadium,NSW,VIC,1,6,7,16,5,101,13,4,82,19,1,1
M17521,2020,Round 22,22,2020-08-11,Fremantle Dockers,Brisbane Lions,Optus Stadium,WA,QLD,1,7,8,16,5,101,13,5,83,18,1,1
M17522,2020,Round 22,22,2020-08-13,Geelong Cats,Essendon Bombers,GMHBA Stadium,VIC,VIC,0,6,8,16,8,104,14,5,89,15,1,1
M17523,2020,Round 22,22,2020-08-15,Adelaide Crows,Gold Coast Suns,Adelaide Oval,SA,QLD,1,7,7,15,5,95,14,5,89,6,1,1
M17524,2020,Round 22,22,2020-08-17,St Kilda Saints,Richmond Tigers,Marvel Stadium,VIC,VIC,0,8,7,14,1,85,12,9,81,4,1,1
M17525,2021,Round 1,1,2021-05-01,Sydney Swans,North Melbourne Kangaroos,SCG,NSW,VIC,1,7,7,15,2,92,14,4,88,4,1,1
M17526,2021,Round 1,1,2021-05-03,Carlton Blues,Port Adelaide Power,Marvel Stadium,VIC,SA,1,7,9,14,5,89,13,8,86,3,1,1
M17527,2021,Round 1,1,2021-05-05,Melbourne Demons,Western Bulldogs,MCG,VIC,VIC,0,6,6,16,0,96,14,1,85,11,1,1
M17528,2021,Round 1,1,2021-05-07,Fremantle Dockers,Hawthorn Hawks,Optus Stadium,WA,VIC,1,7,9,15,7,97,12,4,76,21,1,1
M17529,2021,Round 1,1,2021-05-09,Richmond Tigers,St Kilda Saints,MCG,VIC,VIC,0,7,7,16,5,101,13,2,80,21,1,1
M17530,2021,Round 1,1,2021-05-11,Geelong Cats,Gold Coast Suns,GMHBA Stadium,VIC,QLD,1,7,9,15,2,92,15,9,99,-7,0,0
M17531,2021,Round 1,1,2021-05-13,Adelaide Crows,GWS Giants,Adelaide Oval,SA,NSW,1,6,7,17,6,108,13,4,82,26,1,1
M17532,2021,Round 1,1,2021-05-15,Brisbane Lions,Collingwood Magpies,Gabba,QLD,VIC,1,9,9,18,5,113,14,0,84,29,1,1
M17533,2021,Round 1,1,2021-05-17,West Coast Eagles,Essendon Bombers,Optus Stadium,WA,VIC,1,7,7,19,2,116,14,0,84,32,1,1
M17534,2021,Round 2,2,2021-06-01,Gold Coast Suns,GWS Giants,Heritage Bank Stadium,QLD,NSW,1,9,7,17,5,107,14,6,90,17,1,1
M17535,2021,Round 2,2,2021-06-03,Geelong Cats,Essendon Bombers,GMHBA Stadium,VIC,VIC,0,7,9,15,6,96,14,6,90,6,1,1
M17536,2021,Round 2,2,2021-06-05,Collingwood Magpies,North Melbourne Kangaroos,MCG,VIC,VIC,0,7,9,15,6,96,13,5,83,13,1,1
M17537,2021,Round 2,2,2021-06-07,Hawthorn Hawks,Western Bulldogs,MCG,VIC,VIC,0,7,6,15,7,97,12,4,76,21,1,1
M17538,2021,Round 2,2,2021-06-09,West Coast Eagles,Port Adelaide Power,Optus Stadium,WA,SA,1,9,6,16,5,101,12,3,75,26,1,1
M17539,2021,Round 2,2,2021-06-11,Adelaide Crows,Richmond Tigers,Adelaide Oval,SA,VIC,1,8,6,15,0,90,13,2,80,10,1,1
M17540,2021,Round 2,2,2021-06-13,Brisbane Lions,St Kilda Saints,Gabba,QLD,VIC,1,6,7,16,2,98,14,4,88,10,1,1
M17541,2021,Round 2,2,2021-06-15,Fremantle Dockers,Sydney Swans,Optus Stadium,WA,NSW,1,9,9,16,5,101,14,0,84,17,1,1
M17542,2021,Round 2,2,2021-06-17,Carlton Blues,Melbourne Demons,Marvel Stadium,VIC,VIC,0,7,7,16,3,99,13,2,80,19,1,1
M17543,2021,Round 3,3,2021-07-01,Carlton Blues,West Coast Eagles,Marvel Stadium,VIC,WA,1,8,6,15,9,99,14,1,85,14,1,1
M17544,2021,Round 3,3,2021-07-03,Adelaide Crows,Sydney Swans,Adelaide Oval,SA,NSW,1,9,7,16,3,99,16,7,103,-4,0,0
M17545,2021,Round 3,3,2021-07-05,Gold Coast Suns,Essendon Bombers,Heritage Bank Stadium,QLD,VIC,1,7,7,15,5,95,15,5,95,0,0,0
M17546,2021,Round 3,3,2021-07-07,Port Adelaide Power,Fremantle Dockers,Adelaide Oval,SA,WA,1,7,8,15,6,96,16,3,99,-3,0,0
M17547,2021,Round 3,3,2021-07-09,Western Bulldogs,Brisbane Lions,Marvel Stadium,VIC,QLD,1,7,8,16,7,103,13,6,84,19,1,1
M17548,2021,Round 3,3,2021-07-11,Hawthorn Hawks,St Kilda Saints,MCG,VIC,VIC,0,7,7,16,2,98,14,8,92,6,1,1
M17549,2021,Round 3,3,2021-07-13,Collingwood Magpies,GWS Giants,MCG,VIC,NSW,1,7,7,15,6,96,16,1,97,-1,0,0
M17550,2021,Round 3,3,2021-07-15,North Melbourne Kangaroos,Geelong Cats,Marvel Stadium,VIC,VIC,0,6,9,17,4,106,14,4,88,18,1,1
M17551,2021,Round 3,3,2021-07-17,Melbourne Demons,Richmond Tigers,MCG,VIC,VIC,0,8,6,15,6,96,15,3,93,3,1,1
M17552,2021,Round 4,4,2021-08-01,Sydney Swans,North Melbourne Kangaroos,SCG,NSW,VIC,1,9,7,13,9,87,14,3,87,0,0,0
M17553,2021,Round 4,4,2021-08-03,Fremantle Dockers,Collingwood Magpies,Optus Stadium,WA,VIC,1,9,8,15,5,95,14,3,87,8,1,1
M17554,2021,Round 4,4,2021-08-05,West Coast Eagles,Melbourne Demons,Optus Stadium,WA,VIC,1,9,8,16,4,100,16,3,99,1,1,1
M17555,2021,Round 4,4,2021-08-07,Gold Coast Suns,St Kilda Saints,Heritage Bank Stadium,QLD,VIC,1,8,7,17,4,106,13,8,86,20,1,1
M17556,2021,Round 4,4,2021-08-09,Geelong Cats,Richmond Tigers,GMHBA Stadium,VIC,VIC,0,7,7,16,0,96,13,4,82,14,1,1
M17557,2021,Round 4,4,2021-08-11,Port Adelaide Power,Brisbane Lions,Adelaide Oval,SA,QLD,1,7,6,15,5,95,14,4,88,7,1,1
M17558,2021,Round 4,4,2021-08-13,Hawthorn Hawks,Essendon Bombers,MCG,VIC,VIC,0,7,9,17,4,106,15,7,97,9,1,1
M17559,2021,Round 4,4,2021-08-15,Carlton Blues,GWS Giants,Marvel Stadium,VIC,NSW,1,8,7,14,4,88,15,1,91,-3,0,0
M17560,2021,Round 4,4,2021-08-17,Western Bulldogs,Adelaide Crows,Marvel Stadium,VIC,SA,1,6,7,16,5,101,16,5,101,0,0,0
M17561,2021,Round 5,5,2021-09-01,Melbourne Demons,Collingwood Magpies,MCG,VIC,VIC,0,7,7,13,8,86,16,2,98,-12,0,0
M17562,2021,Round 5,5,2021-09-03,North Melbourne Kangaroos,Hawthorn Hawks,Marvel Stadium,VIC,VIC,0,9,9,15,9,99,12,3,75,24,1,1
M17563,2021,Round 5,5,2021-09-05,Western Bulldogs,Brisbane Lions,Marvel Stadium,VIC,QLD,1,7,7,17,8,110,12,3,75,35,1,1
M17564,2021,Round 5,5,2021-09-07,Fremantle Dockers,Carlton Blues,Optus Stadium,WA,VIC,1,6,7,18,0,108,15,4,94,14,1,1
M17565,2021,Round 5,5,2021-09-09,Adelaide Crows,St Kilda Saints,Adelaide Oval,SA,VIC,1,9,7,15,4,94,13,6,84,10,1,1
M17566,2021,Round 5,5,2021-09-11,West Coast Eagles,Essendon Bombers,Optus Stadium,WA,VIC,1,8,9,17,6,108,12,5,77,31,1,1
M17567,2021,Round 5,5,2021-09-13,Richmond Tigers,Sydney Swans,MCG,VIC,NSW,1,7,7,15,5,95,13,7,85,10,1,1
M17568,2021,Round 5,5,2021-09-15,Geelong Cats,Gold Coast Suns,GMHBA Stadium,VIC,QLD,1,7,8,14,2,86,12,5,77,9,1,1
M17569,2021,Round 5,5,2021-09-17,Port Adelaide Power,GWS Giants,Adelaide Oval,SA,NSW,1,6,7,17,7,109,13,6,84,25,1,1
M17570,2021,Round 6,6,2021-04-01,Fremantle Dockers,GWS Giants,Optus Stadium,WA,NSW,1,7,9,17,4,106,13,5,83,23,1,1
M17571,2021,Round 6,6,2021-04-03,Carlton Blues,Adelaide Crows,Marvel Stadium,VIC,SA,1,6,9,16,3,99,15,6,96,3,1,1
M17572,2021,Round 6,6,2021-04-05,St Kilda Saints,Gold Coast Suns,Marvel Stadium,VIC,QLD,1,7,7,18,3,111,12,5,77,34,1,1
M17573,2021,Round 6,6,2021-04-07,West Coast Eagles,Geelong Cats,Optus Stadium,WA,VIC,1,7,9,15,9,99,16,5,101,-2,0,0
M17574,2021,Round 6,6,2021-04-09,Western Bulldogs,Melbourne Demons,Marvel Stadium,VIC,VIC,0,7,7,15,7,97,13,0,78,19,1,1
M17575,2021,Round 6,6,2021-04-11,Brisbane Lions,Collingwood Magpies,Gabba,QLD,VIC,1,7,6,15,5,95,12,6,78,17,1,1
M17576,2021,Round 6,6,2021-04-13,Essendon Bombers,Sydney Swans,Marvel Stadium,VIC,NSW,1,6,7,14,5,89,14,3,87,2,1,1
M17577,2021,Round 6,6,2021-04-15,Port Adelaide Power,Hawthorn Hawks,Adelaide Oval,SA,VIC,1,9,8,14,3,87,14,7,91,-4,0,0
M17578,2021,Round 6,6,2021-04-17,North Melbourne Kangaroos,Richmond Tigers,Marvel Stadium,VIC,VIC,0,8,8,12,8,80,13,7,85,-5,0,0
M17579,2021,Round 7,7,2021-05-01,Fremantle Dockers,Port Adelaide Power,Optus Stadium,WA,SA,1,7,8,16,4,100,14,3,87,13,1,1
M17580,2021,Round 7,7,2021-05-03,St Kilda Saints,Carlton Blues,Marvel Stadium,VIC,VIC,0,6,7,17,6,108,12,6,78,30,1,1
M17581,2021,Round 7,7,2021-05-05,Western Bulldogs,Geelong Cats,Marvel Stadium,VIC,VIC,0,9,8,15,7,97,14,6,90,7,1,1
M17582,2021,Round 7,7,2021-05-07,Gold Coast Suns,GWS Giants,Heritage Bank Stadium,QLD,NSW,1,8,9,17,5,107,13,2,80,27,1,1
M17583,2021,Round 7,7,2021-05-09,Richmond Tigers,Adelaide Crows,MCG,VIC,SA,1,8,7,13,4,82,15,5,95,-13,0,0
M17584,2021,Round 7,7,2021-05-11,Essendon Bombers,North Melbourne Kangaroos,Marvel Stadium,VIC,VIC,0,9,7,12,4,76,13,5,83,-7,0,0
M17585,2021,Round 7,7,2021-05-13,Sydney Swans,Melbourne Demons,SCG,NSW,VIC,1,7,7,15,6,96,13,3,81,15,1,1
M17586,2021,Round 7,7,2021-05-15,Hawthorn Hawks,West Coast Eagles,MCG,VIC,WA,1,7,7,15,7,97,13,3,81,16,1,1
M17587,2021,Round 7,7,2021-05-17,Collingwood Magpies,Brisbane Lions,MCG,VIC,QLD,1,7,9,14,7,91,18,1,109,-18,0,0
M17588,2021,Round 8,8,2021-06-01,Brisbane Lions,Richmond Tigers,Gabba,QLD,VIC,1,7,7,15,6,96,12,3,75,21,1,1
M17589,2021,Round 8,8,2021-06-03,Melbourne Demons,North Melbourne Kangaroos,MCG,VIC,VIC,0,7,7,14,3,87,14,3,87,0,0,0
M17590,2021,Round 8,8,2021-06-05,Western Bulldogs,Carlton Blues,Marvel Stadium,VIC,VIC,0,6,7,14,9,93,15,4,94,-1,0,0
M17591,2021,Round 8,8,2021-06-07,Geelong Cats,Essendon Bombers,GMHBA Stadium,VIC,VIC,0,8,8,15,6,96,15,4,94,2,1,1
M17592,2021,Round 8,8,2021-06-09,Adelaide Crows,St Kilda Saints,Adelaide Oval,SA,VIC,1,8,7,15,7,97,13,5,83,14,1,1
M17593,2021,Round 8,8,2021-06-11,GWS Giants,Port Adelaide Power,GIANTS Stadium,NSW,SA,1,9,7,14,4,88,13,8,86,2,1,1
M17594,2021,Round 8,8,2021-06-13,Collingwood Magpies,West Coast Eagles,MCG,VIC,WA,1,8,6,15,8,98,13,6,84,14,1,1
M17595,2021,Round 8,8,2021-06-15,Gold Coast Suns,Sydney Swans,Heritage Bank Stadium,QLD,NSW,1,6,7,14,1,85,13,5,83,2,1,1
M17596,2021,Round 8,8,2021-06-17,Hawthorn Hawks,Fremantle Dockers,MCG,VIC,WA,1,9,7,17,7,109,14,6,90,19,1,1
M17597,2021,Round 9,9,2021-07-01,Essendon Bombers,St Kilda Saints,Marvel Stadium,VIC,VIC,0,9,7,16,1,97,15,2,92,5,1,1
M17598,2021,Round 9,9,2021-07-03,Gold Coast Suns,Collingwood Magpies,Heritage Bank Stadium,QLD,VIC,1,7,9,16,9,105,12,6,78,27,1,1
M17599,2021,Round 9,9,2021-07-05,North Melbourne Kangaroos,Carlton Blues,Marvel Stadium,VIC,VIC,0,7,7,14,7,91,13,6,84,7,1,1
M17600,2021,Round 9,9,2021-07-07,Western Bulldogs,Fremantle Dockers,Marvel Stadium,VIC,WA,1,6,7,17,9,111,14,6,90,21,1,1
M17601,2021,Round 9,9,2021-07-09,Geelong Cats,Brisbane Lions,GMHBA Stadium,VIC,QLD,1,7,9,13,6,84,13,7,85,-1,0,0
M17602,2021,Round 9,9,2021-07-11,Port Adelaide Power,Melbourne Demons,Adelaide Oval,SA,VIC,1,7,9,14,4,88,14,4,88,0,0,0
M17603,2021,Round 9,9,2021-07-13,Richmond Tigers,Adelaide Crows,MCG,VIC,SA,1,7,8,12,6,78,14,6,90,-12,0,0
M17604,2021,Round 9,9,2021-07-15,Hawthorn Hawks,GWS Giants,MCG,VIC,NSW,1,6,6,15,5,95,11,3,69,26,1,1
M17605,2021,Round 9,9,2021-07-17,West Coast Eagles,Sydney Swans,Optus Stadium,WA,NSW,1,7,9,19,4,118,14,4,88,30,1,1
M17606,2021,Round 10,10,2021-08-01,Fremantle Dockers,Collingwood Magpies,Optus Stadium,WA,VIC,1,7,6,16,8,104,14,4,88,16,1,1
M17607,2021,Round 10,10,2021-08-03,Richmond Tigers,North Melbourne Kangaroos,MCG,VIC,VIC,0,7,9,16,9,105,13,8,86,19,1,1
M17608,2021,Round 10,10,2021-08-05,GWS Giants,West Coast Eagles,GIANTS Stadium,NSW,WA,1,7,7,13,3,81,12,8,80,1,1,1
M17609,2021,Round 10,10,2021-08-07,Melbourne Demons,Brisbane Lions,MCG,VIC,QLD,1,7,6,16,9,105,15,2,92,13,1,1
M17610,2021,Round 10,10,2021-08-09,Sydney Swans,St Kilda Saints,SCG,NSW,VIC,1,8,7,17,4,106,14,6,90,16,1,1
M17611,2021,Round 10,10,2021-08-11,Carlton Blues,Port Adelaide Power,Marvel Stadium,VIC,SA,1,7,7,13,7,85,11,4,70,15,1,1
M17612,2021,Round 10,10,2021-08-13,Western Bulldogs,Gold Coast Suns,Marvel Stadium,VIC,QLD,1,6,6,14,6,90,14,4,88,2,1,1
M17613,2021,Round 10,10,2021-08-15,Adelaide Crows,Hawthorn Hawks,Adelaide Oval,SA,VIC,1,8,6,16,4,100,15,2,92,8,1,1
M17614,2021,Round 10,10,2021-08-17,Essendon Bombers,Geelong Cats,Marvel Stadium,VIC,VIC,0,8,6,16,3,99,14,1,85,14,1,1
M17615,2021,Round 11,11,2021-09-01,Collingwood Magpies,Gold Coast Suns,MCG,VIC,QLD,1,7,6,17,2,104,11,3,69,35,1,1
M17616,2021,Round 11,11,2021-09-03,Brisbane Lions,Port Adelaide Power,Gabba,QLD,SA,1,9,6,17,5,107,14,7,91,16,1,1
M17617,2021,Round 11,11,2021-09-05,Hawthorn Hawks,West Coast Eagles,MCG,VIC,WA,1,6,8,18,7,115,11,4,70,45,1,1
M17618,2021,Round 11,11,2021-09-07,Melbourne Demons,Carlton Blues,MCG,VIC,VIC,0,7,9,15,7,97,15,4,94,3,1,1
M17619,2021,Round 11,11,2021-09-09,Richmond Tigers,Fremantle Dockers,MCG,VIC,WA,1,8,8,14,8,92,13,9,87,5,1,1
M17620,2021,Round 11,11,2021-09-11,North Melbourne Kangaroos,Western Bulldogs,Marvel Stadium,VIC,VIC,0,9,6,16,5,101,14,5,89,12,1,1
M17621,2021,Round 11,11,2021-09-13,Geelong Cats,St Kilda Saints,GMHBA Stadium,VIC,VIC,0,9,7,16,5,101,15,3,93,8,1,1
M17622,2021,Round 11,11,2021-09-15,Adelaide Crows,Essendon Bombers,Adelaide Oval,SA,VIC,1,8,8,15,9,99,13,8,86,13,1,1
M17623,2021,Round 11,11,2021-09-17,Sydney Swans,GWS Giants,SCG,NSW,NSW,0,6,7,13,6,84,16,0,96,-12,0,0
M17624,2021,Round 12,12,2021-04-01,Gold Coast Suns,North Melbourne Kangaroos,Heritage Bank Stadium,QLD,VIC,1,7,8,14,7,91,13,3,81,10,1,1
M17625,2021,Round 12,12,2021-04-03,Hawthorn Hawks,Richmond Tigers,MCG,VIC,VIC,0,7,7,16,1,97,12,5,77,20,1,1
M17626,2021,Round 12,12,2021-04-05,Collingwood Magpies,Sydney Swans,MCG,VIC,NSW,1,7,8,16,0,96,15,7,97,-1,0,0
M17627,2021,Round 12,12,2021-04-07,Brisbane Lions,Adelaide Crows,Gabba,QLD,SA,1,6,9,18,2,110,17,5,107,3,1,1
M17628,2021,Round 12,12,2021-04-09,St Kilda Saints,Essendon Bombers,Marvel Stadium,VIC,VIC,0,8,7,17,2,104,16,6,102,2,1,1
M17629,2021,Round 12,12,2021-04-11,GWS Giants,Fremantle Dockers,GIANTS Stadium,NSW,WA,1,7,7,17,8,110,13,1,79,31,1,1
M17630,2021,Round 12,12,2021-04-13,Melbourne Demons,Western Bulldogs,MCG,VIC,VIC,0,7,7,13,3,81,11,4,70,11,1,1
M17631,2021,Round 12,12,2021-04-15,Carlton Blues,Port Adelaide Power,Marvel Stadium,VIC,SA,1,6,8,19,7,121,14,3,87,34,1,1
M17632,2021,Round 12,12,2021-04-17,Geelong Cats,West Coast Eagles,GMHBA Stadium,VIC,WA,1,7,9,18,3,111,14,3,87,24,1,1
M17633,2021,Round 13,13,2021-05-01,Carlton Blues,Western Bulldogs,Marvel Stadium,VIC,VIC,0,7,7,12,6,78,13,4,82,-4,0,0
M17634,2021,Round 13,13,2021-05-03,Gold Coast Suns,West Coast Eagles,Heritage Bank Stadium,QLD,WA,1,7,9,17,5,107,14,7,91,16,1,1
M17635,2021,Round 13,13,2021-05-05,Essendon Bombers,Sydney Swans,Marvel Stadium,VIC,NSW,1,7,9,16,2,98,14,5,89,9,1,1
M17636,2021,Round 13,13,2021-05-07,North Melbourne Kangaroos,Melbourne Demons,Marvel Stadium,VIC,VIC,0,7,9,17,4,106,16,1,97,9,1,1
M17637,2021,Round 13,13,2021-05-09,Geelong Cats,Brisbane Lions,GMHBA Stadium,VIC,QLD,1,7,7,15,5,95,15,2,92,3,1,1
M17638,2021,Round 13,13,2021-05-11,GWS Giants,Fremantle Dockers,GIANTS Stadium,NSW,WA,1,9,7,18,9,117,16,1,97,20,1,1
M17639,2021,Round 13,13,2021-05-13,Adelaide Crows,Hawthorn Hawks,Adelaide Oval,SA,VIC,1,8,7,17,2,104,11,3,69,35,1,1
M17640,2021,Round 13,13,2021-05-15,Collingwood Magpies,Port Adelaide Power,MCG,VIC,SA,1,7,6,19,2,116,13,2,80,36,1,1
M17641,2021,Round 13,13,2021-05-17,St Kilda Saints,Richmond Tigers,Marvel Stadium,VIC,VIC,0,8,9,14,8,92,14,5,89,3,1,1
M17642,2021,Round 14,14,2021-06-01,Fremantle Dockers,West Coast Eagles,Optus Stadium,WA,WA,0,6,8,15,2,92,12,4,76,16,1,1
M17643,2021,Round 14,14,2021-06-03,Sydney Swans,Gold Coast Suns,SCG,NSW,QLD,1,7,8,14,8,92,14,4,88,4,1,1
M17644,2021,Round 14,14,2021-06-05,Melbourne Demons,Brisbane Lions,MCG,VIC,QLD,1,7,7,14,6,90,13,2,80,10,1,1
M17645,2021,Round 14,14,2021-06-07,Geelong Cats,Port Adelaide Power,GMHBA Stadium,VIC,SA,1,7,7,16,5,101,13,5,83,18,1,1
M17646,2021,Round 14,14,2021-06-09,Adelaide Crows,St Kilda Saints,Adelaide Oval,SA,VIC,1,7,7,16,3,99,15,4,94,5,1,1
M17647,2021,Round 14,14,2021-06-11,Carlton Blues,Essendon Bombers,Marvel Stadium,VIC,VIC,0,8,9,15,5,95,16,7,103,-8,0,0
M17648,2021,Round 14,14,2021-06-13,Richmond Tigers,North Melbourne Kangaroos,MCG,VIC,VIC,0,7,8,17,6,108,11,5,71,37,1,1
M17649,2021,Round 14,14,2021-06-15,Collingwood Magpies,Western Bulldogs,MCG,VIC,VIC,0,7,6,17,2,104,15,4,94,10,1,1
M17650,2021,Round 14,14,2021-06-17,GWS Giants,Hawthorn Hawks,GIANTS Stadium,NSW,VIC,1,7,7,13,8,86,16,3,99,-13,0,0
M17651,2021,Round 15,15,2021-07-01,Hawthorn Hawks,Melbourne Demons,MCG,VIC,VIC,0,7,7,14,5,89,11,0,66,23,1,1
M17652,2021,Round 15,15,2021-07-03,Essendon Bombers,Port Adelaide Power,Marvel Stadium,VIC,SA,1,7,7,17,9,111,16,7,103,8,1,1
M17653,2021,Round 15,15,2021-07-05,Fremantle Dockers,Adelaide Crows,Optus Stadium,WA,SA,1,7,8,17,3,105,15,8,98,7,1,1
M17654,2021,Round 15,15,2021-07-07,West Coast Eagles,North Melbourne Kangaroos,Optus Stadium,WA,VIC,1,8,7,16,1,97,13,1,79,18,1,1
M17655,2021,Round 15,15,2021-07-09,Gold Coast Suns,Sydney Swans,Heritage Bank Stadium,QLD,NSW,1,6,8,14,2,86,10,8,68,18,1,1
M17656,2021,Round 15,15,2021-07-11,St Kilda Saints,Richmond Tigers,Marvel Stadium,VIC,VIC,0,7,8,13,1,79,15,3,93,-14,0,0
M17657,2021,Round 15,15,2021-07-13,Brisbane Lions,Collingwood Magpies,Gabba,QLD,VIC,1,9,7,15,0,90,13,1,79,11,1,1
M17658,2021,Round 15,15,2021-07-15,Geelong Cats,GWS Giants,GMHBA Stadium,VIC,NSW,1,8,7,15,6,96,15,6,96,0,0,0
M17659,2021,Round 15,15,2021-07-17,Western Bulldogs,Carlton Blues,Marvel Stadium,VIC,VIC,0,8,7,16,5,101,13,3,81,20,1,1
M17660,2021,Round 16,16,2021-08-01,Gold Coast Suns,Carlton Blues,Heritage Bank Stadium,QLD,VIC,1,7,7,13,4,82,13,3,81,1,1,1
M17661,2021,Round 16,16,2021-08-03,Port Adelaide Power,Adelaide Crows,Adelaide Oval,SA,SA,0,7,7,16,3,99,14,5,89,10,1,1
M17662,2021,Round 16,16,2021-08-05,Western Bulldogs,GWS Giants,Marvel Stadium,VIC,NSW,1,8,9,17,5,107,14,8,92,15,1,1
M17663,2021,Round 16,16,2021-08-07,Essendon Bombers,West Coast Eagles,Marvel Stadium,VIC,WA,1,7,6,14,2,86,13,8,86,0,0,0
M17664,2021,Round 16,16,2021-08-09,St Kilda Saints,Brisbane Lions,Marvel Stadium,VIC,QLD,1,8,7,15,5,95,13,2,80,15,1,1
M17665,2021,Round 16,16,2021-08-11,Hawthorn Hawks,Richmond Tigers,MCG,VIC,VIC,0,6,7,16,6,102,14,6,90,12,1,1
M17666,2021,Round 16,16,2021-08-13,Geelong Cats,Collingwood Magpies,GMHBA Stadium,VIC,VIC,0,6,7,17,2,104,13,5,83,21,1,1
M17667,2021,Round 16,16,2021-08-15,Melbourne Demons,Fremantle Dockers,MCG,VIC,WA,1,7,6,14,7,91,18,0,108,-17,0,0
M17668,2021,Round 16,16,2021-08-17,North Melbourne Kangaroos,Sydney Swans,Marvel Stadium,VIC,NSW,1,7,7,14,6,90,12,2,74,16,1,1
M17669,2021,Round 17,17,2021-09-01,Brisbane Lions,Collingwood Magpies,Gabba,QLD,VIC,1,7,8,16,7,103,14,0,84,19,1,1
M17670,2021,Round 17,17,2021-09-03,North Melbourne Kangaroos,Richmond Tigers,Marvel Stadium,VIC,VIC,0,7,7,16,2,98,13,1,79,19,1,1
M17671,2021,Round 17,17,2021-09-05,Essendon Bombers,Adelaide Crows,Marvel Stadium,VIC,SA,1,7,6,16,3,99,15,4,94,5,1,1
M17672,2021,Round 17,17,2021-09-07,Gold Coast Suns,Western Bulldogs,Heritage Bank Stadium,QLD,VIC,1,7,7,15,5,95,13,4,82,13,1,1
M17673,2021,Round 17,17,2021-09-09,Carlton Blues,GWS Giants,Marvel Stadium,VIC,NSW,1,8,7,15,4,94,13,5,83,11,1,1
M17674,2021,Round 17,17,2021-09-11,Geelong Cats,Melbourne Demons,GMHBA Stadium,VIC,VIC,0,7,7,16,4,100,12,8,80,20,1,1
M17675,2021,Round 17,17,2021-09-13,Hawthorn Hawks,Port Adelaide Power,MCG,VIC,SA,1,8,8,17,4,106,14,7,91,15,1,1
M17676,2021,Round 17,17,2021-09-15,Fremantle Dockers,St Kilda Saints,Optus Stadium,WA,VIC,1,6,9,13,9,87,12,5,77,10,1,1
M17677,2021,Round 17,17,2021-09-17,Sydney Swans,West Coast Eagles,SCG,NSW,WA,1,7,9,13,7,85,14,8,92,-7,0,0
M17678,2021,Round 18,18,2021-04-01,West Coast Eagles,Adelaide Crows,Optus Stadium,WA,SA,1,8,7,17,6,108,15,3,93,15,1,1
M17679,2021,Round 18,18,2021-04-03,North Melbourne Kangaroos,Carlton Blues,Marvel Stadium,VIC,VIC,0,7,7,16,3,99,12,3,75,24,1,1
M17680,2021,Round 18,18,2021-04-05,Melbourne Demons,Western Bulldogs,MCG,VIC,VIC,0,7,9,18,5,113,15,3,93,20,1,1
M17681,2021,Round 18,18,2021-04-07,Essendon Bombers,Brisbane Lions,Marvel Stadium,VIC,QLD,1,7,8,18,3,111,17,2,104,7,1,1
M17682,2021,Round 18,18,2021-04-09,Gold Coast Suns,Collingwood Magpies,Heritage Bank Stadium,QLD,VIC,1,8,7,17,6,108,11,5,71,37,1,1
M17683,2021,Round 18,18,2021-04-11,Port Adelaide Power,Fremantle Dockers,Adelaide Oval,SA,WA,1,7,9,14,5,89,14,2,86,3,1,1
M17684,2021,Round 18,18,2021-04-13,Sydney Swans,Geelong Cats,SCG,NSW,VIC,1,6,8,15,2,92,13,3,81,11,1,1
M17685,2021,Round 18,18,2021-04-15,St Kilda Saints,GWS Giants,Marvel Stadium,VIC,NSW,1,8,9,18,4,112,15,5,95,17,1,1
M17686,2021,Round 18,18,2021-04-17,Hawthorn Hawks,Richmond Tigers,MCG,VIC,VIC,0,7,6,14,7,91,14,3,87,4,1,1
M17687,2021,Round 19,19,2021-05-01,West Coast Eagles,Carlton Blues,Optus Stadium,WA,VIC,1,7,8,17,2,104,11,9,75,29,1,1
M17688,2021,Round 19,19,2021-05-03,Fremantle Dockers,Melbourne Demons,Optus Stadium,WA,VIC,1,7,7,17,7,109,13,0,78,31,1,1
M17689,2021,Round 19,19,2021-05-05,Sydney Swans,Richmond Tigers,SCG,NSW,VIC,1,9,8,14,5,89,14,2,86,3,1,1
M17690,2021,Round 19,19,2021-05-07,Geelong Cats,Essendon Bombers,GMHBA Stadium,VIC,VIC,0,7,7,15,4,94,12,3,75,19,1,1
M17691,2021,Round 19,19,2021-05-09,Hawthorn Hawks,Western Bulldogs,MCG,VIC,VIC,0,7,8,16,0,96,14,5,89,7,1,1
M17692,2021,Round 19,19,2021-05-11,Port Adelaide Power,Brisbane Lions,Adelaide Oval,SA,QLD,1,7,7,15,2,92,14,6,90,2,1,1
M17693,2021,Round 19,19,2021-05-13,North Melbourne Kangaroos,GWS Giants,Marvel Stadium,VIC,NSW,1,9,9,18,5,113,14,5,89,24,1,1
M17694,2021,Round 19,19,2021-05-15,Gold Coast Suns,Adelaide Crows,Heritage Bank Stadium,QLD,SA,1,7,7,13,2,80,18,1,109,-29,0,0
M17695,2021,Round 19,19,2021-05-17,St Kilda Saints,Collingwood Magpies,Marvel Stadium,VIC,VIC,0,9,7,16,2,98,15,7,97,1,1,1
M17696,2021,Round 20,20,2021-06-01,Sydney Swans,West Coast Eagles,SCG,NSW,WA,1,6,8,18,5,113,12,1,73,40,1,1
M17697,2021,Round 20,20,2021-06-03,Geelong Cats,Port Adelaide Power,GMHBA Stadium,VIC,SA,1,7,7,14,2,86,14,9,93,-7,0,0
M17698,2021,Round 20,20,2021-06-05,Carlton Blues,North Melbourne Kangaroos,Marvel Stadium,VIC,VIC,0,7,6,15,4,94,13,5,83,11,1,1
M17699,2021,Round 20,20,2021-06-07,Fremantle Dockers,Richmond Tigers,Optus Stadium,WA,VIC,1,7,8,16,9,105,14,4,88,17,1,1
M17700,2021,Round 20,20,2021-06-09,Collingwood Magpies,Western Bulldogs,MCG,VIC,VIC,0,9,9,12,3,75,11,4,70,5,1,1
M17701,2021,Round 20,20,2021-06-11,Hawthorn Hawks,Melbourne Demons,MCG,VIC,VIC,0,7,9,14,2,86,14,3,87,-1,0,0
M17702,2021,Round 20,20,2021-06-13,St Kilda Saints,Adelaide Crows,Marvel Stadium,VIC,SA,1,7,7,12,7,79,11,6,72,7,1,1
M17703,2021,Round 20,20,2021-06-15,Gold Coast Suns,Essendon Bombers,Heritage Bank Stadium,QLD,VIC,1,7,9,17,5,107,13,7,85,22,1,1
M17704,2021,Round 20,20,2021-06-17,GWS Giants,Brisbane Lions,GIANTS Stadium,NSW,QLD,1,9,8,17,0,102,11,4,70,32,1,1
M17705,2021,Round 21,21,2021-07-01,Port Adelaide Power,Adelaide Crows,Adelaide Oval,SA,SA,0,7,7,16,6,102,13,1,79,23,1,1
M17706,2021,Round 21,21,2021-07-03,Brisbane Lions,Carlton Blues,Gabba,QLD,VIC,1,7,9,16,3,99,12,6,78,21,1,1
M17707,2021,Round 21,21,2021-07-05,Sydney Swans,North Melbourne Kangaroos,SCG,NSW,VIC,1,7,7,16,6,102,14,6,90,12,1,1
M17708,2021,Round 21,21,2021-07-07,Hawthorn Hawks,Collingwood Magpies,MCG,VIC,VIC,0,7,9,15,6,96,14,7,91,5,1,1
M17709,2021,Round 21,21,2021-07-09,Fremantle Dockers,Gold Coast Suns,Optus Stadium,WA,QLD,1,8,7,13,3,81,14,3,87,-6,0,0
M17710,2021,Round 21,21,2021-07-11,Western Bulldogs,Melbourne Demons,Marvel Stadium,VIC,VIC,0,7,6,18,8,116,12,5,77,39,1,1
M17711,2021,Round 21,21,2021-07-13,St Kilda Saints,GWS Giants,Marvel Stadium,VIC,NSW,1,7,9,18,3,111,14,5,89,22,1,1
M17712,2021,Round 21,21,2021-07-15,West Coast Eagles,Geelong Cats,Optus Stadium,WA,VIC,1,8,7,15,2,92,15,6,96,-4,0,0
M17713,2021,Round 21,21,2021-07-17,Richmond Tigers,Essendon Bombers,MCG,VIC,VIC,0,7,7,14,6,90,12,4,76,14,1,1
M17714,2021,Round 22,22,2021-08-01,GWS Giants,North Melbourne Kangaroos,GIANTS Stadium,NSW,VIC,1,9,9,14,7,91,14,6,90,1,1,1
M17715,2021,Round 22,22,2021-08-03,Brisbane Lions,Fremantle Dockers,Gabba,QLD,WA,1,7,9,13,5,83,14,3,87,-4,0,0
M17716,2021,Round 22,22,2021-08-05,Geelong Cats,West Coast Eagles,GMHBA Stadium,VIC,WA,1,7,7,16,2,98,17,8,110,-12,0,0
M17717,2021,Round 22,22,2021-08-07,Adelaide Crows,Carlton Blues,Adelaide Oval,SA,VIC,1,9,7,15,5,95,16,3,99,-4,0,0
M17718,2021,Round 22,22,2021-08-09,Port Adelaide Power,Western Bulldogs,Adelaide Oval,SA,VIC,1,9,7,14,5,89,15,5,95,-6,0,0
M17719,2021,Round 22,22,2021-08-11,Gold Coast Suns,St Kilda Saints,Heritage Bank Stadium,QLD,VIC,1,8,7,15,8,98,13,6,84,14,1,1
M17720,2021,Round 22,22,2021-08-13,Richmond Tigers,Essendon Bombers,MCG,VIC,VIC,0,8,8,15,7,97,12,5,77,20,1,1
M17721,2021,Round 22,22,2021-08-15,Collingwood Magpies,Hawthorn Hawks,MCG,VIC,VIC,0,9,6,16,6,102,10,9,69,33,1,1
M17722,2021,Round 22,22,2021-08-17,Melbourne Demons,Sydney Swans,MCG,VIC,NSW,1,7,7,17,2,104,12,5,77,27,1,1
M17723,2022,Round 1,1,2022-05-01,St Kilda Saints,West Coast Eagles,Marvel Stadium,VIC,WA,1,9,9,16,5,101,13,3,81,20,1,1
M17724,2022,Round 1,1,2022-05-03,Carlton Blues,Port Adelaide Power,Marvel Stadium,VIC,SA,1,7,7,15,4,94,14,7,91,3,1,1
M17725,2022,Round 1,1,2022-05-05,Essendon Bombers,Sydney Swans,Marvel Stadium,VIC,NSW,1,7,8,15,6,96,13,6,84,12,1,1
M17726,2022,Round 1,1,2022-05-07,Collingwood Magpies,Geelong Cats,MCG,VIC,VIC,0,7,7,13,0,78,17,2,104,-26,0,0
M17727,2022,Round 1,1,2022-05-09,Adelaide Crows,Richmond Tigers,Adelaide Oval,SA,VIC,1,9,7,15,6,96,15,4,94,2,1,1
M17728,2022,Round 1,1,2022-05-11,Hawthorn Hawks,Melbourne Demons,MCG,VIC,VIC,0,8,8,15,5,95,16,3,99,-4,0,0
M17729,2022,Round 1,1,2022-05-13,North Melbourne Kangaroos,Brisbane Lions,Marvel Stadium,VIC,QLD,1,7,7,11,6,72,11,7,73,-1,0,0
M17730,2022,Round 1,1,2022-05-15,Western Bulldogs,GWS Giants,Marvel Stadium,VIC,NSW,1,6,8,14,8,92,15,3,93,-1,0,0
M17731,2022,Round 1,1,2022-05-17,Gold Coast Suns,Fremantle Dockers,Heritage Bank Stadium,QLD,WA,1,9,7,16,3,99,13,5,83,16,1,1
M17732,2022,Round 2,2,2022-06-01,GWS Giants,Essendon Bombers,GIANTS Stadium,NSW,VIC,1,7,7,16,1,97,12,6,78,19,1,1
M17733,2022,Round 2,2,2022-06-03,Melbourne Demons,Western Bulldogs,MCG,VIC,VIC,0,7,8,13,1,79,12,6,78,1,1,1
M17734,2022,Round 2,2,2022-06-05,St Kilda Saints,Geelong Cats,Marvel Stadium,VIC,VIC,0,6,9,15,1,91,15,1,91,0,0,0
M17735,2022,Round 2,2,2022-06-07,Port Adelaide Power,Hawthorn Hawks,Adelaide Oval,SA,VIC,1,7,7,14,8,92,12,8,80,12,1,1
M17736,2022,Round 2,2,2022-06-09,Sydney Swans,North Melbourne Kangaroos,SCG,NSW,VIC,1,9,7,14,4,88,12,6,78,10,1,1
M17737,2022,Round 2,2,2022-06-11,Brisbane Lions,Fremantle Dockers,Gabba,QLD,WA,1,8,7,14,5,89,16,4,100,-11,0,0
M17738,2022,Round 2,2,2022-06-13,Adelaide Crows,Gold Coast Suns,Adelaide Oval,SA,QLD,1,7,7,16,6,102,13,3,81,21,1,1
M17739,2022,Round 2,2,2022-06-15,Richmond Tigers,Collingwood Magpies,MCG,VIC,VIC,0,7,9,13,9,87,13,5,83,4,1,1
M17740,2022,Round 2,2,2022-06-17,Carlton Blues,West Coast Eagles,Marvel Stadium,VIC,WA,1,9,9,17,4,106,13,4,82,24,1,1
M17741,2022,Round 3,3,2022-07-01,Fremantle Dockers,North Melbourne Kangaroos,Optus Stadium,WA,VIC,1,9,7,13,7,85,16,8,104,-19,0,0
M17742,2022,Round 3,3,2022-07-03,Essendon Bombers,GWS Giants,Marvel Stadium,VIC,NSW,1,8,9,16,2,98,14,3,87,11,1,1
M17743,2022,Round 3,3,2022-07-05,Sydney Swans,Western Bulldogs,SCG,NSW,VIC,1,7,6,15,2,92,13,7,85,7,1,1
M17744,2022,Round 3,3,2022-07-07,Geelong Cats,West Coast Eagles,GMHBA Stadium,VIC,WA,1,7,9,18,3,111,12,8,80,31,1,1
M17745,2022,Round 3,3,2022-07-09,Adelaide Crows,Brisbane Lions,Adelaide Oval,SA,QLD,1,7,7,14,2,86,13,7,85,1,1,1
M17746,2022,Round 3,3,2022-07-11,Hawthorn Hawks,Carlton Blues,MCG,VIC,VIC,0,7,8,16,7,103,14,9,93,10,1,1
M17747,2022,Round 3,3,2022-07-13,St Kilda Saints,Port Adelaide Power,Marvel Stadium,VIC,SA,1,7,8,14,6,90,15,3,93,-3,0,0
M17748,2022,Round 3,3,2022-07-15,Gold Coast Suns,Melbourne Demons,Heritage Bank Stadium,QLD,VIC,1,7,9,14,9,93,16,3,99,-6,0,0
M17749,2022,Round 3,3,2022-07-17,Richmond Tigers,Collingwood Magpies,MCG,VIC,VIC,0,7,7,14,3,87,13,7,85,2,1,1
M17750,2022,Round 4,4,2022-08-01,Brisbane Lions,North Melbourne Kangaroos,Gabba,QLD,VIC,1,8,6,14,5,89,14,0,84,5,1,1
M17751,2022,Round 4,4,2022-08-03,Sydney Swans,St Kilda Saints,SCG,NSW,VIC,1,6,9,16,5,101,13,4,82,19,1,1
M17752,2022,Round 4,4,2022-08-05,Melbourne Demons,West Coast Eagles,MCG,VIC,WA,1,6,6,16,5,101,13,7,85,16,1,1
M17753,2022,Round 4,4,2022-08-07,Gold Coast Suns,Essendon Bombers,Heritage Bank Stadium,QLD,VIC,1,7,7,15,5,95,11,5,71,24,1,1
M17754,2022,Round 4,4,2022-08-09,GWS Giants,Port Adelaide Power,GIANTS Stadium,NSW,SA,1,7,7,18,2,110,13,2,80,30,1,1
M17755,2022,Round 4,4,2022-08-11,Adelaide Crows,Fremantle Dockers,Adelaide Oval,SA,WA,1,6,7,14,1,85,13,1,79,6,1,1
M17756,2022,Round 4,4,2022-08-13,Collingwood Magpies,Geelong Cats,MCG,VIC,VIC,0,7,7,11,8,74,13,7,85,-11,0,0
M17757,2022,Round 4,4,2022-08-15,Western Bulldogs,Hawthorn Hawks,Marvel Stadium,VIC,VIC,0,7,8,18,4,112,15,5,95,17,1,1
M17758,2022,Round 4,4,2022-08-17,Carlton Blues,Richmond Tigers,Marvel Stadium,VIC,VIC,0,7,7,13,7,85,11,1,67,18,1,1
M17759,2022,Round 5,5,2022-09-01,Essendon Bombers,Western Bulldogs,Marvel Stadium,VIC,VIC,0,7,7,15,4,94,13,7,85,9,1,1
M17760,2022,Round 5,5,2022-09-03,Collingwood Magpies,Sydney Swans,MCG,VIC,NSW,1,8,9,15,0,90,13,5,83,7,1,1
M17761,2022,Round 5,5,2022-09-05,Fremantle Dockers,Adelaide Crows,Optus Stadium,WA,SA,1,7,9,14,6,90,15,7,97,-7,0,0
M17762,2022,Round 5,5,2022-09-07,Port Adelaide Power,Melbourne Demons,Adelaide Oval,SA,VIC,1,7,9,17,9,111,12,3,75,36,1,1
M17763,2022,Round 5,5,2022-09-09,West Coast Eagles,North Melbourne Kangaroos,Optus Stadium,WA,VIC,1,7,9,15,2,92,15,4,94,-2,0,0
M17764,2022,Round 5,5,2022-09-11,Hawthorn Hawks,Geelong Cats,MCG,VIC,VIC,0,7,7,15,4,94,13,5,83,11,1,1
M17765,2022,Round 5,5,2022-09-13,GWS Giants,St Kilda Saints,GIANTS Stadium,NSW,VIC,1,7,7,17,5,107,17,2,104,3,1,1
M17766,2022,Round 5,5,2022-09-15,Brisbane Lions,Carlton Blues,Gabba,QLD,VIC,1,7,7,14,2,86,14,6,90,-4,0,0
M17767,2022,Round 5,5,2022-09-17,Richmond Tigers,Gold Coast Suns,MCG,VIC,QLD,1,9,9,12,7,79,13,9,87,-8,0,0
M17768,2022,Round 6,6,2022-04-01,Essendon Bombers,West Coast Eagles,Marvel Stadium,VIC,WA,1,7,7,15,9,99,15,4,94,5,1,1
M17769,2022,Round 6,6,2022-04-03,Western Bulldogs,Adelaide Crows,Marvel Stadium,VIC,SA,1,6,8,15,2,92,10,8,68,24,1,1
M17770,2022,Round 6,6,2022-04-05,GWS Giants,Sydney Swans,GIANTS Stadium,NSW,NSW,0,7,6,18,4,112,14,6,90,22,1,1
M17771,2022,Round 6,6,2022-04-07,Gold Coast Suns,Geelong Cats,Heritage Bank Stadium,QLD,VIC,1,7,6,15,3,93,13,4,82,11,1,1
M17772,2022,Round 6,6,2022-04-09,Carlton Blues,Brisbane Lions,Marvel Stadium,VIC,QLD,1,6,8,13,6,84,12,1,73,11,1,1
M17773,2022,Round 6,6,2022-04-11,Port Adelaide Power,Richmond Tigers,Adelaide Oval,SA,VIC,1,9,7,15,9,99,15,4,94,5,1,1
M17774,2022,Round 6,6,2022-04-13,Collingwood Magpies,Fremantle Dockers,MCG,VIC,WA,1,7,7,15,5,95,12,1,73,22,1,1
M17775,2022,Round 6,6,2022-04-15,Hawthorn Hawks,North Melbourne Kangaroos,MCG,VIC,VIC,0,9,7,12,4,76,15,4,94,-18,0,0
M17776,2022,Round 6,6,2022-04-17,Melbourne Demons,St Kilda Saints,MCG,VIC,VIC,0,7,7,16,5,101,14,5,89,12,1,1
M17777,2022,Round 7,7,2022-05-01,Essendon Bombers,St Kilda Saints,Marvel Stadium,VIC,VIC,0,6,7,19,8,122,14,3,87,35,1,1
M17778,2022,Round 7,7,2022-05-03,Melbourne Demons,North Melbourne Kangaroos,MCG,VIC,VIC,0,7,7,14,5,89,13,7,85,4,1,1
M17779,2022,Round 7,7,2022-05-05,Geelong Cats,Gold Coast Suns,GMHBA Stadium,VIC,QLD,1,8,7,15,4,94,15,3,93,1,1,1
M17780,2022,Round 7,7,2022-05-07,West Coast Eagles,Collingwood Magpies,Optus Stadium,WA,VIC,1,7,7,14,3,87,13,0,78,9,1,1
M17781,2022,Round 7,7,2022-05-09,Western Bulldogs,Sydney Swans,Marvel Stadium,VIC,NSW,1,6,6,15,5,95,14,8,92,3,1,1
M17782,2022,Round 7,7,2022-05-11,Richmond Tigers,Port Adelaide Power,MCG,VIC,SA,1,8,9,16,4,100,16,6,102,-2,0,0
M17783,2022,Round 7,7,2022-05-13,GWS Giants,Hawthorn Hawks,GIANTS Stadium,NSW,VIC,1,6,7,15,6,96,11,4,70,26,1,1
M17784,2022,Round 7,7,2022-05-15,Brisbane Lions,Fremantle Dockers,Gabba,QLD,WA,1,7,7,17,3,105,16,7,103,2,1,1
M17785,2022,Round 7,7,2022-05-17,Carlton Blues,Adelaide Crows,Marvel Stadium,VIC,SA,1,7,6,14,4,88,14,4,88,0,0,0
M17786,2022,Round 8,8,2022-06-01,Adelaide Crows,Essendon Bombers,Adelaide Oval,SA,VIC,1,6,7,15,5,95,18,5,113,-18,0,0
M17787,2022,Round 8,8,2022-06-03,Richmond Tigers,Fremantle Dockers,MCG,VIC,WA,1,9,7,16,5,101,14,3,87,14,1,1
M17788,2022,Round 8,8,2022-06-05,Collingwood Magpies,Port Adelaide Power,MCG,VIC,SA,1,7,8,15,4,94,16,6,102,-8,0,0
M17789,2022,Round 8,8,2022-06-07,Sydney Swans,Brisbane Lions,SCG,NSW,QLD,1,9,8,15,3,93,15,6,96,-3,0,0
M17790,2022,Round 8,8,2022-06-09,North Melbourne Kangaroos,GWS Giants,Marvel Stadium,VIC,NSW,1,9,7,16,6,102,17,4,106,-4,0,0
M17791,2022,Round 8,8,2022-06-11,Gold Coast Suns,West Coast Eagles,Heritage Bank Stadium,QLD,WA,1,7,9,16,4,100,13,7,85,15,1,1
M17792,2022,Round 8,8,2022-06-13,Melbourne Demons,Western Bulldogs,MCG,VIC,VIC,0,7,9,15,2,92,13,4,82,10,1,1
M17793,2022,Round 8,8,2022-06-15,Geelong Cats,St Kilda Saints,GMHBA Stadium,VIC,VIC,0,6,7,14,6,90,15,6,96,-6,0,0
M17794,2022,Round 8,8,2022-06-17,Carlton Blues,Hawthorn Hawks,Marvel Stadium,VIC,VIC,0,9,7,16,8,104,13,9,87,17,1,1
M17795,2022,Round 9,9,2022-07-01,Richmond Tigers,Carlton Blues,MCG,VIC,VIC,0,7,9,14,5,89,14,6,90,-1,0,0
M17796,2022,Round 9,9,2022-07-03,West Coast Eagles,GWS Giants,Optus Stadium,WA,NSW,1,7,7,15,5,95,15,8,98,-3,0,0
M17797,2022,Round 9,9,2022-07-05,St Kilda Saints,Geelong Cats,Marvel Stadium,VIC,VIC,0,8,6,13,5,83,13,4,82,1,1,1
M17798,2022,Round 9,9,2022-07-07,Adelaide Crows,Western Bulldogs,Adelaide Oval,SA,VIC,1,9,7,18,3,111,14,8,92,19,1,1
M17799,2022,Round 9,9,2022-07-09,North Melbourne Kangaroos,Fremantle Dockers,Marvel Stadium,VIC,WA,1,7,7,16,0,96,13,6,84,12,1,1
M17800,2022,Round 9,9,2022-07-11,Essendon Bombers,Gold Coast Suns,Marvel Stadium,VIC,QLD,1,7,7,16,5,101,14,8,92,9,1,1
M17801,2022,Round 9,9,2022-07-13,Port Adelaide Power,Sydney Swans,Adelaide Oval,SA,NSW,1,9,8,18,8,116,14,4,88,28,1,1
M17802,2022,Round 9,9,2022-07-15,Collingwood Magpies,Melbourne Demons,MCG,VIC,VIC,0,9,8,16,7,103,14,7,91,12,1,1
M17803,2022,Round 9,9,2022-07-17,Brisbane Lions,Hawthorn Hawks,Gabba,QLD,VIC,1,9,6,15,9,99,15,1,91,8,1,1
M17804,2022,Round 10,10,2022-08-01,Sydney Swans,Brisbane Lions,SCG,NSW,QLD,1,7,7,15,4,94,14,8,92,2,1,1
M17805,2022,Round 10,10,2022-08-03,Carlton Blues,West Coast Eagles,Marvel Stadium,VIC,WA,1,7,8,16,5,101,13,5,83,18,1,1
M17806,2022,Round 10,10,2022-08-05,St Kilda Saints,Fremantle Dockers,Marvel Stadium,VIC,WA,1,6,7,15,4,94,12,4,76,18,1,1
M17807,2022,Round 10,10,2022-08-07,Port Adelaide Power,Geelong Cats,Adelaide Oval,SA,VIC,1,7,7,17,2,104,13,5,83,21,1,1
M17808,2022,Round 10,10,2022-08-09,Collingwood Magpies,North Melbourne Kangaroos,MCG,VIC,VIC,0,6,7,14,2,86,13,6,84,2,1,1
M17809,2022,Round 10,10,2022-08-11,Adelaide Crows,Melbourne Demons,Adelaide Oval,SA,VIC,1,7,8,15,0,90,14,8,92,-2,0,0
M17810,2022,Round 10,10,2022-08-13,GWS Giants,Gold Coast Suns,GIANTS Stadium,NSW,QLD,1,7,7,15,3,93,13,5,83,10,1,1
M17811,2022,Round 10,10,2022-08-15,Essendon Bombers,Western Bulldogs,Marvel Stadium,VIC,VIC,0,7,7,15,8,98,13,5,83,15,1,1
M17812,2022,Round 10,10,2022-08-17,Hawthorn Hawks,Richmond Tigers,MCG,VIC,VIC,0,6,8,17,3,105,14,4,88,17,1,1
M17813,2022,Round 11,11,2022-09-01,Sydney Swans,Richmond Tigers,SCG,NSW,VIC,1,7,8,13,3,81,13,7,85,-4,0,0
M17814,2022,Round 11,11,2022-09-03,St Kilda Saints,Gold Coast Suns,Marvel Stadium,VIC,QLD,1,7,7,14,1,85,13,6,84,1,1,1
M17815,2022,Round 11,11,2022-09-05,Essendon Bombers,Carlton Blues,Marvel Stadium,VIC,VIC,0,7,9,13,8,86,17,9,111,-25,0,0
M17816,2022,Round 11,11,2022-09-07,Adelaide Crows,West Coast Eagles,Adelaide Oval,SA,WA,1,9,8,18,5,113,14,2,86,27,1,1
M17817,2022,Round 11,11,2022-09-09,Fremantle Dockers,Geelong Cats,Optus Stadium,WA,VIC,1,6,7,17,2,104,16,7,103,1,1,1
M17818,2022,Round 11,11,2022-09-11,Collingwood Magpies,Hawthorn Hawks,MCG,VIC,VIC,0,9,7,14,6,90,14,5,89,1,1,1
M17819,2022,Round 11,11,2022-09-13,GWS Giants,North Melbourne Kangaroos,GIANTS Stadium,NSW,VIC,1,7,9,14,1,85,16,5,101,-16,0,0
M17820,2022,Round 11,11,2022-09-15,Melbourne Demons,Brisbane Lions,MCG,VIC,QLD,1,7,9,15,6,96,13,7,85,11,1,1
M17821,2022,Round 11,11,2022-09-17,Port Adelaide Power,Western Bulldogs,Adelaide Oval,SA,VIC,1,9,7,16,7,103,14,9,93,10,1,1
M17822,2022,Round 12,12,2022-04-01,Sydney Swans,Hawthorn Hawks,SCG,NSW,VIC,1,8,6,15,2,92,15,7,97,-5,0,0
M17823,2022,Round 12,12,2022-04-03,Richmond Tigers,St Kilda Saints,MCG,VIC,VIC,0,7,7,12,5,77,14,3,87,-10,0,0
M17824,2022,Round 12,12,2022-04-05,Adelaide Crows,Carlton Blues,Adelaide Oval,SA,VIC,1,7,6,15,5,95,14,4,88,7,1,1
M17825,2022,Round 12,12,2022-04-07,Geelong Cats,Melbourne Demons,GMHBA Stadium,VIC,VIC,0,8,7,17,4,106,12,4,76,30,1,1
M17826,2022,Round 12,12,2022-04-09,West Coast Eagles,GWS Giants,Optus Stadium,WA,NSW,1,7,6,18,9,117,13,5,83,34,1,1
M17827,2022,Round 12,12,2022-04-11,Collingwood Magpies,Western Bulldogs,MCG,VIC,VIC,0,7,8,15,3,93,17,8,110,-17,0,0
M17828,2022,Round 12,12,2022-04-13,North Melbourne Kangaroos,Fremantle Dockers,Marvel Stadium,VIC,WA,1,6,9,17,3,105,13,2,80,25,1,1
M17829,2022,Round 12,12,2022-04-15,Essendon Bombers,Port Adelaide Power,Marvel Stadium,VIC,SA,1,7,6,17,4,106,15,4,94,12,1,1
M17830,2022,Round 12,12,2022-04-17,Brisbane Lions,Gold Coast Suns,Gabba,QLD,QLD,0,6,7,14,5,89,16,7,103,-14,0,0
M17831,2022,Round 13,13,2022-05-01,Port Adelaide Power,Adelaide Crows,Adelaide Oval,SA,SA,0,6,7,12,6,78,11,4,70,8,1,1
M17832,2022,Round 13,13,2022-05-03,North Melbourne Kangaroos,Sydney Swans,Marvel Stadium,VIC,NSW,1,7,7,16,3,99,12,7,79,20,1,1
M17833,2022,Round 13,13,2022-05-05,Gold Coast Suns,Collingwood Magpies,Heritage Bank Stadium,QLD,VIC,1,6,7,13,5,83,13,5,83,0,0,0
M17834,2022,Round 13,13,2022-05-07,Richmond Tigers,Hawthorn Hawks,MCG,VIC,VIC,0,9,9,15,8,98,13,2,80,18,1,1
M17835,2022,Round 13,13,2022-05-09,Essendon Bombers,Western Bulldogs,Marvel Stadium,VIC,VIC,0,8,7,16,7,103,12,8,80,23,1,1
M17836,2022,Round 13,13,2022-05-11,West Coast Eagles,Geelong Cats,Optus Stadium,WA,VIC,1,7,7,15,4,94,16,1,97,-3,0,0
M17837,2022,Round 13,13,2022-05-13,St Kilda Saints,Brisbane Lions,Marvel Stadium,VIC,QLD,1,8,7,14,9,93,12,4,76,17,1,1
M17838,2022,Round 13,13,2022-05-15,Carlton Blues,Melbourne Demons,Marvel Stadium,VIC,VIC,0,7,6,15,6,96,16,2,98,-2,0,0
M17839,2022,Round 13,13,2022-05-17,Fremantle Dockers,GWS Giants,Optus Stadium,WA,NSW,1,7,6,14,5,89,12,3,75,14,1,1
M17840,2022,Round 14,14,2022-06-01,Essendon Bombers,Adelaide Crows,Marvel Stadium,VIC,SA,1,7,6,15,4,94,13,5,83,11,1,1
M17841,2022,Round 14,14,2022-06-03,Melbourne Demons,St Kilda Saints,MCG,VIC,VIC,0,7,9,10,7,67,16,4,100,-33,0,0
M17842,2022,Round 14,14,2022-06-05,Brisbane Lions,Gold Coast Suns,Gabba,QLD,QLD,0,7,8,16,2,98,15,2,92,6,1,1
M17843,2022,Round 14,14,2022-06-07,Hawthorn Hawks,Geelong Cats,MCG,VIC,VIC,0,7,6,14,5,89,16,4,100,-11,0,0
M17844,2022,Round 14,14,2022-06-09,North Melbourne Kangaroos,Carlton Blues,Marvel Stadium,VIC,VIC,0,8,7,15,4,94,17,7,109,-15,0,0
M17845,2022,Round 14,14,2022-06-11,West Coast Eagles,Western Bulldogs,Optus Stadium,WA,VIC,1,7,7,18,4,112,13,5,83,29,1,1
M17846,2022,Round 14,14,2022-06-13,GWS Giants,Collingwood Magpies,GIANTS Stadium,NSW,VIC,1,9,7,14,6,90,12,7,79,11,1,1
M17847,2022,Round 14,14,2022-06-15,Sydney Swans,Fremantle Dockers,SCG,NSW,WA,1,7,7,17,6,108,11,8,74,34,1,1
M17848,2022,Round 14,14,2022-06-17,Richmond Tigers,Port Adelaide Power,MCG,VIC,SA,1,9,7,16,7,103,14,7,91,12,1,1
M17849,2022,Round 15,15,2022-07-01,Sydney Swans,Melbourne Demons,SCG,NSW,VIC,1,7,7,13,5,83,15,2,92,-9,0,0
M17850,2022,Round 15,15,2022-07-03,GWS Giants,Richmond Tigers,GIANTS Stadium,NSW,VIC,1,8,7,15,6,96,18,1,109,-13,0,0
M17851,2022,Round 15,15,2022-07-05,Gold Coast Suns,Geelong Cats,Heritage Bank Stadium,QLD,VIC,1,9,7,14,4,88,13,2,80,8,1,1
M17852,2022,Round 15,15,2022-07-07,Collingwood Magpies,Western Bulldogs,MCG,VIC,VIC,0,8,7,16,6,102,16,3,99,3,1,1
M17853,2022,Round 15,15,2022-07-09,North Melbourne Kangaroos,Fremantle Dockers,Marvel Stadium,VIC,WA,1,9,7,15,6,96,13,4,82,14,1,1
M17854,2022,Round 15,15,2022-07-11,St Kilda Saints,Port Adelaide Power,Marvel Stadium,VIC,SA,1,7,8,17,3,105,13,7,85,20,1,1
M17855,2022,Round 15,15,2022-07-13,Brisbane Lions,Essendon Bombers,Gabba,QLD,VIC,1,7,7,16,5,101,16,8,104,-3,0,0
M17856,2022,Round 15,15,2022-07-15,Hawthorn Hawks,Adelaide Crows,MCG,VIC,SA,1,7,7,15,3,93,11,6,72,21,1,1
M17857,2022,Round 15,15,2022-07-17,Carlton Blues,West Coast Eagles,Marvel Stadium,VIC,WA,1,8,9,17,7,109,12,9,81,28,1,1
M17858,2022,Round 16,16,2022-08-01,Collingwood Magpies,Adelaide Crows,MCG,VIC,SA,1,6,7,18,5,113,13,6,84,29,1,1
M17859,2022,Round 16,16,2022-08-03,Melbourne Demons,Hawthorn Hawks,MCG,VIC,VIC,0,7,9,16,7,103,15,4,94,9,1,1
M17860,2022,Round 16,16,2022-08-05,Western Bulldogs,Geelong Cats,Marvel Stadium,VIC,VIC,0,7,7,13,8,86,14,8,92,-6,0,0
M17861,2022,Round 16,16,2022-08-07,St Kilda Saints,Richmond Tigers,Marvel Stadium,VIC,VIC,0,7,6,17,5,107,16,5,101,6,1,1
M17862,2022,Round 16,16,2022-08-09,West Coast Eagles,North Melbourne Kangaroos,Optus Stadium,WA,VIC,1,7,8,15,3,93,15,1,91,2,1,1
M17863,2022,Round 16,16,2022-08-11,Fremantle Dockers,Essendon Bombers,Optus Stadium,WA,VIC,1,7,9,18,6,114,11,5,71,43,1,1
M17864,2022,Round 16,16,2022-08-13,Sydney Swans,Brisbane Lions,SCG,NSW,QLD,1,9,8,18,8,116,15,6,96,20,1,1
M17865,2022,Round 16,16,2022-08-15,Gold Coast Suns,GWS Giants,Heritage Bank Stadium,QLD,NSW,1,7,8,17,2,104,13,2,80,24,1,1
M17866,2022,Round 16,16,2022-08-17,Carlton Blues,Port Adelaide Power,Marvel Stadium,VIC,SA,1,8,7,14,3,87,12,7,79,8,1,1
M17867,2022,Round 17,17,2022-09-01,Sydney Swans,Port Adelaide Power,SCG,NSW,SA,1,8,6,15,0,90,13,4,82,8,1,1
M17868,2022,Round 17,17,2022-09-03,North Melbourne Kangaroos,West Coast Eagles,Marvel Stadium,VIC,WA,1,8,9,14,6,90,17,7,109,-19,0,0
M17869,2022,Round 17,17,2022-09-05,Essendon Bombers,Geelong Cats,Marvel Stadium,VIC,VIC,0,7,7,17,5,107,13,1,79,28,1,1
M17870,2022,Round 17,17,2022-09-07,Richmond Tigers,St Kilda Saints,MCG,VIC,VIC,0,7,7,17,1,103,15,2,92,11,1,1
M17871,2022,Round 17,17,2022-09-09,GWS Giants,Carlton Blues,GIANTS Stadium,NSW,VIC,1,9,9,16,2,98,15,6,96,2,1,1
M17872,2022,Round 17,17,2022-09-11,Melbourne Demons,Brisbane Lions,MCG,VIC,QLD,1,7,7,13,2,80,13,1,79,1,1,1
M17873,2022,Round 17,17,2022-09-13,Western Bulldogs,Gold Coast Suns,Marvel Stadium,VIC,QLD,1,6,7,14,1,85,16,0,96,-11,0,0
M17874,2022,Round 17,17,2022-09-15,Collingwood Magpies,Hawthorn Hawks,MCG,VIC,VIC,0,7,9,15,0,90,13,4,82,8,1,1
M17875,2022,Round 17,17,2022-09-17,Fremantle Dockers,Adelaide Crows,Optus Stadium,WA,SA,1,7,7,12,6,78,13,5,83,-5,0,0
M17876,2022,Round 18,18,2022-04-01,Carlton Blues,Essendon Bombers,Marvel Stadium,VIC,VIC,0,7,8,13,5,83,14,2,86,-3,0,0
M17877,2022,Round 18,18,2022-04-03,Geelong Cats,Gold Coast Suns,GMHBA Stadium,VIC,QLD,1,7,7,15,4,94,16,5,101,-7,0,0
M17878,2022,Round 18,18,2022-04-05,Melbourne Demons,Fremantle Dockers,MCG,VIC,WA,1,7,7,18,3,111,14,8,92,19,1,1
M17879,2022,Round 18,18,2022-04-07,North Melbourne Kangaroos,St Kilda Saints,Marvel Stadium,VIC,VIC,0,9,9,16,2,98,16,5,101,-3,0,0
M17880,2022,Round 18,18,2022-04-09,GWS Giants,Brisbane Lions,GIANTS Stadium,NSW,QLD,1,7,7,17,6,108,15,8,98,10,1,1
M17881,2022,Round 18,18,2022-04-11,Adelaide Crows,Western Bulldogs,Adelaide Oval,SA,VIC,1,7,7,13,5,83,15,5,95,-12,0,0
M17882,2022,Round 18,18,2022-04-13,Port Adelaide Power,Collingwood Magpies,Adelaide Oval,SA,VIC,1,6,7,15,2,92,12,6,78,14,1,1
M17883,2022,Round 18,18,2022-04-15,Richmond Tigers,West Coast Eagles,MCG,VIC,WA,1,8,9,18,2,110,16,4,100,10,1,1
M17884,2022,Round 18,18,2022-04-17,Hawthorn Hawks,Sydney Swans,MCG,VIC,NSW,1,7,6,14,3,87,15,3,93,-6,0,0
M17885,2022,Round 19,19,2022-05-01,Western Bulldogs,GWS Giants,Marvel Stadium,VIC,NSW,1,9,6,15,4,94,12,4,76,18,1,1
M17886,2022,Round 19,19,2022-05-03,Sydney Swans,Gold Coast Suns,SCG,NSW,QLD,1,6,7,15,5,95,12,2,74,21,1,1
M17887,2022,Round 19,19,2022-05-05,Hawthorn Hawks,West Coast Eagles,MCG,VIC,WA,1,7,6,15,4,94,13,4,82,12,1,1
M17888,2022,Round 19,19,2022-05-07,North Melbourne Kangaroos,Essendon Bombers,Marvel Stadium,VIC,VIC,0,7,7,15,2,92,16,3,99,-7,0,0
M17889,2022,Round 19,19,2022-05-09,Adelaide Crows,Brisbane Lions,Adelaide Oval,SA,QLD,1,9,9,15,6,96,14,5,89,7,1,1
M17890,2022,Round 19,19,2022-05-11,Carlton Blues,St Kilda Saints,Marvel Stadium,VIC,VIC,0,7,7,18,9,117,11,7,73,44,1,1
M17891,2022,Round 19,19,2022-05-13,Collingwood Magpies,Richmond Tigers,MCG,VIC,VIC,0,7,6,15,7,97,16,6,102,-5,0,0
M17892,2022,Round 19,19,2022-05-15,Fremantle Dockers,Geelong Cats,Optus Stadium,WA,VIC,1,8,7,17,7,109,13,5,83,26,1,1
M17893,2022,Round 19,19,2022-05-17,Port Adelaide Power,Melbourne Demons,Adelaide Oval,SA,VIC,1,8,8,15,9,99,15,4,94,5,1,1
M17894,2022,Round 20,20,2022-06-01,Western Bulldogs,Fremantle Dockers,Marvel Stadium,VIC,WA,1,7,7,15,3,93,15,4,94,-1,0,0
M17895,2022,Round 20,20,2022-06-03,Essendon Bombers,Brisbane Lions,Marvel Stadium,VIC,QLD,1,6,9,12,8,80,13,6,84,-4,0,0
M17896,2022,Round 20,20,2022-06-05,Hawthorn Hawks,Melbourne Demons,MCG,VIC,VIC,0,7,7,16,0,96,14,8,92,4,1,1
M17897,2022,Round 20,20,2022-06-07,St Kilda Saints,Adelaide Crows,Marvel Stadium,VIC,SA,1,8,7,16,4,100,14,2,86,14,1,1
M17898,2022,Round 20,20,2022-06-09,West Coast Eagles,North Melbourne Kangaroos,Optus Stadium,WA,VIC,1,6,8,15,4,94,12,1,73,21,1,1
M17899,2022,Round 20,20,2022-06-11,Richmond Tigers,Geelong Cats,MCG,VIC,VIC,0,7,7,18,4,112,11,3,69,43,1,1
M17900,2022,Round 20,20,2022-06-13,Port Adelaide Power,Collingwood Magpies,Adelaide Oval,SA,VIC,1,7,7,15,3,93,15,3,93,0,0,0
M17901,2022,Round 20,20,2022-06-15,Gold Coast Suns,GWS Giants,Heritage Bank Stadium,QLD,NSW,1,9,7,17,6,108,16,4,100,8,1,1
M17902,2022,Round 20,20,2022-06-17,Carlton Blues,Sydney Swans,Marvel Stadium,VIC,NSW,1,8,7,12,3,75,13,8,86,-11,0,0
M17903,2022,Round 21,21,2022-07-01,Hawthorn Hawks,Gold Coast Suns,MCG,VIC,QLD,1,7,7,15,5,95,15,2,92,3,1,1
M17904,2022,Round 21,21,2022-07-03,Sydney Swans,St Kilda Saints,SCG,NSW,VIC,1,9,9,15,4,94,15,1,91,3,1,1
M17905,2022,Round 21,21,2022-07-05,Adelaide Crows,Carlton Blues,Adelaide Oval,SA,VIC,1,7,9,15,7,97,12,2,74,23,1,1
M17906,2022,Round 21,21,2022-07-07,GWS Giants,North Melbourne Kangaroos,GIANTS Stadium,NSW,VIC,1,7,6,16,4,100,14,4,88,12,1,1
M17907,2022,Round 21,21,2022-07-09,Port Adelaide Power,Fremantle Dockers,Adelaide Oval,SA,WA,1,9,7,14,2,86,12,2,74,12,1,1
M17908,2022,Round 21,21,2022-07-11,Richmond Tigers,Brisbane Lions,MCG,VIC,QLD,1,7,8,14,2,86,15,4,94,-8,0,0
M17909,2022,Round 21,21,2022-07-13,Collingwood Magpies,Melbourne Demons,MCG,VIC,VIC,0,7,8,17,6,108,13,1,79,29,1,1
M17910,2022,Round 21,21,2022-07-15,Geelong Cats,Essendon Bombers,GMHBA Stadium,VIC,VIC,0,7,6,16,3,99,10,7,67,32,1,1
M17911,2022,Round 21,21,2022-07-17,West Coast Eagles,Western Bulldogs,Optus Stadium,WA,VIC,1,7,7,14,7,91,13,3,81,10,1,1
M17912,2022,Round 22,22,2022-08-01,Melbourne Demons,Collingwood Magpies,MCG,VIC,VIC,0,7,7,14,5,89,14,6,90,-1,0,0
M17913,2022,Round 22,22,2022-08-03,Hawthorn Hawks,Western Bulldogs,MCG,VIC,VIC,0,7,7,14,2,86,13,4,82,4,1,1
M17914,2022,Round 22,22,2022-08-05,Adelaide Crows,Port Adelaide Power,Adelaide Oval,SA,SA,0,7,7,17,6,108,15,6,96,12,1,1
M17915,2022,Round 22,22,2022-08-07,Richmond Tigers,Carlton Blues,MCG,VIC,VIC,0,7,8,17,8,110,16,8,104,6,1,1
M17916,2022,Round 22,22,2022-08-09,St Kilda Saints,Essendon Bombers,Marvel Stadium,VIC,VIC,0,7,8,17,6,108,15,4,94,14,1,1
M17917,2022,Round 22,22,2022-08-11,Geelong Cats,West Coast Eagles,GMHBA Stadium,VIC,WA,1,6,6,19,6,120,13,7,85,35,1,1
M17918,2022,Round 22,22,2022-08-13,GWS Giants,Gold Coast Suns,GIANTS Stadium,NSW,QLD,1,6,9,18,1,109,13,5,83,26,1,1
M17919,2022,Round 22,22,2022-08-15,Sydney Swans,North Melbourne Kangaroos,SCG,NSW,VIC,1,9,8,13,5,83,12,3,75,8,1,1
M17920,2022,Round 22,22,2022-08-17,Brisbane Lions,Fremantle Dockers,Gabba,QLD,WA,1,6,7,13,4,82,13,3,81,1,1,1
M17921,2023,Round 1,1,2023-05-01,St Kilda Saints,Essendon Bombers,Marvel Stadium,VIC,VIC,0,7,9,15,4,94,13,1,79,15,1,1
M17922,2023,Round 1,1,2023-05-03,Hawthorn Hawks,Geelong Cats,MCG,VIC,VIC,0,7,7,14,4,88,16,5,101,-13,0,0
M17923,2023,Round 1,1,2023-05-05,Richmond Tigers,Sydney Swans,MCG,VIC,NSW,1,7,9,15,4,94,12,9,81,13,1,1
M17924,2023,Round 1,1,2023-05-07,Western Bulldogs,North Melbourne Kangaroos,Marvel Stadium,VIC,VIC,0,7,7,16,3,99,15,8,98,1,1,1
M17925,2023,Round 1,1,2023-05-09,Collingwood Magpies,West Coast Eagles,MCG,VIC,WA,1,7,9,15,6,96,13,4,82,14,1,1
M17926,2023,Round 1,1,2023-05-11,Port Adelaide Power,Fremantle Dockers,Adelaide Oval,SA,WA,1,7,7,16,8,104,15,5,95,9,1,1
M17927,2023,Round 1,1,2023-05-13,Carlton Blues,Melbourne Demons,Marvel Stadium,VIC,VIC,0,7,7,15,8,98,13,4,82,16,1,1
M17928,2023,Round 1,1,2023-05-15,Brisbane Lions,Adelaide Crows,Gabba,QLD,SA,1,9,6,14,7,91,12,5,77,14,1,1
M17929,2023,Round 1,1,2023-05-17,GWS Giants,Gold Coast Suns,GIANTS Stadium,NSW,QLD,1,7,9,15,5,95,15,3,93,2,1,1
M17930,2023,Round 2,2,2023-06-01,St Kilda Saints,Essendon Bombers,Marvel Stadium,VIC,VIC,0,7,8,11,5,71,17,3,105,-34,0,0
M17931,2023,Round 2,2,2023-06-03,Brisbane Lions,Melbourne Demons,Gabba,QLD,VIC,1,6,7,16,5,101,13,0,78,23,1,1
M17932,2023,Round 2,2,2023-06-05,West Coast Eagles,Gold Coast Suns,Optus Stadium,WA,QLD,1,7,7,17,1,103,13,6,84,19,1,1
M17933,2023,Round 2,2,2023-06-07,Richmond Tigers,Sydney Swans,MCG,VIC,NSW,1,6,9,15,0,90,14,3,87,3,1,1
M17934,2023,Round 2,2,2023-06-09,Collingwood Magpies,Carlton Blues,MCG,VIC,VIC,0,8,8,16,5,101,15,5,95,6,1,1
M17935,2023,Round 2,2,2023-06-11,Adelaide Crows,North Melbourne Kangaroos,Adelaide Oval,SA,VIC,1,6,7,14,5,89,16,5,101,-12,0,0
M17936,2023,Round 2,2,2023-06-13,Fremantle Dockers,Hawthorn Hawks,Optus Stadium,WA,VIC,1,6,7,15,8,98,15,3,93,5,1,1
M17937,2023,Round 2,2,2023-06-15,GWS Giants,Western Bulldogs,GIANTS Stadium,NSW,VIC,1,7,9,16,3,99,12,6,78,21,1,1
M17938,2023,Round 2,2,2023-06-17,Port Adelaide Power,Geelong Cats,Adelaide Oval,SA,VIC,1,9,6,16,5,101,13,9,87,14,1,1
M17939,2023,Round 3,3,2023-07-01,Port Adelaide Power,West Coast Eagles,Adelaide Oval,SA,WA,1,8,6,16,3,99,13,7,85,14,1,1
M17940,2023,Round 3,3,2023-07-03,Gold Coast Suns,Essendon Bombers,Heritage Bank Stadium,QLD,VIC,1,9,6,13,3,81,15,1,91,-10,0,0
M17941,2023,Round 3,3,2023-07-05,Adelaide Crows,Fremantle Dockers,Adelaide Oval,SA,WA,1,6,7,12,4,76,13,8,86,-10,0,0
M17942,2023,Round 3,3,2023-07-07,Hawthorn Hawks,St Kilda Saints,MCG,VIC,VIC,0,9,9,15,8,98,15,0,90,8,1,1
M17943,2023,Round 3,3,2023-07-09,Sydney Swans,Melbourne Demons,SCG,NSW,VIC,1,8,8,13,5,83,14,5,89,-6,0,0
M17944,2023,Round 3,3,2023-07-11,GWS Giants,Geelong Cats,GIANTS Stadium,NSW,VIC,1,6,7,17,5,107,13,6,84,23,1,1
M17945,2023,Round 3,3,2023-07-13,Richmond Tigers,Carlton Blues,MCG,VIC,VIC,0,7,7,14,3,87,13,8,86,1,1,1
M17946,2023,Round 3,3,2023-07-15,Brisbane Lions,Collingwood Magpies,Gabba,QLD,VIC,1,9,7,17,1,103,13,3,81,22,1,1
M17947,2023,Round 3,3,2023-07-17,Western Bulldogs,North Melbourne Kangaroos,Marvel Stadium,VIC,VIC,0,7,7,15,4,94,13,4,82,12,1,1
M17948,2023,Round 4,4,2023-08-01,GWS Giants,Fremantle Dockers,GIANTS Stadium,NSW,WA,1,7,7,17,5,107,15,6,96,11,1,1
M17949,2023,Round 4,4,2023-08-03,Adelaide Crows,Essendon Bombers,Adelaide Oval,SA,VIC,1,9,6,16,2,98,16,2,98,0,0,0
M17950,2023,Round 4,4,2023-08-05,West Coast Eagles,Western Bulldogs,Optus Stadium,WA,VIC,1,9,7,15,9,99,15,6,96,3,1,1
M17951,2023,Round 4,4,2023-08-07,St Kilda Saints,Carlton Blues,Marvel Stadium,VIC,VIC,0,7,8,15,7,97,13,2,80,17,1,1
M17952,2023,Round 4,4,2023-08-09,Gold Coast Suns,Melbourne Demons,Heritage Bank Stadium,QLD,VIC,1,7,6,12,3,75,13,5,83,-8,0,0
M17953,2023,Round 4,4,2023-08-11,Hawthorn Hawks,Richmond Tigers,MCG,VIC,VIC,0,7,8,14,0,84,16,8,104,-20,0,0
M17954,2023,Round 4,4,2023-08-13,Collingwood Magpies,Brisbane Lions,MCG,VIC,QLD,1,7,7,14,8,92,14,1,85,7,1,1
M17955,2023,Round 4,4,2023-08-15,Geelong Cats,North Melbourne Kangaroos,GMHBA Stadium,VIC,VIC,0,7,7,13,9,87,13,4,82,5,1,1
M17956,2023,Round 4,4,2023-08-17,Sydney Swans,Port Adelaide Power,SCG,NSW,SA,1,7,7,18,5,113,16,5,101,12,1,1
M17957,2023,Round 5,5,2023-09-01,Carlton Blues,Melbourne Demons,Marvel Stadium,VIC,VIC,0,7,8,16,5,101,11,5,71,30,1,1
M17958,2023,Round 5,5,2023-09-03,West Coast Eagles,Collingwood Magpies,Optus Stadium,WA,VIC,1,6,9,16,4,100,13,6,84,16,1,1
M17959,2023,Round 5,5,2023-09-05,Brisbane Lions,Geelong Cats,Gabba,QLD,VIC,1,7,7,16,6,102,17,1,103,-1,0,0
M17960,2023,Round 5,5,2023-09-07,Port Adelaide Power,Gold Coast Suns,Adelaide Oval,SA,QLD,1,6,8,15,4,94,16,5,101,-7,0,0
M17961,2023,Round 5,5,2023-09-09,Essendon Bombers,North Melbourne Kangaroos,Marvel Stadium,VIC,VIC,0,9,7,16,5,101,12,7,79,22,1,1
M17962,2023,Round 5,5,2023-09-11,Hawthorn Hawks,Fremantle Dockers,MCG,VIC,WA,1,7,9,13,2,80,15,4,94,-14,0,0
M17963,2023,Round 5,5,2023-09-13,Richmond Tigers,GWS Giants,MCG,VIC,NSW,1,8,9,14,8,92,14,5,89,3,1,1
M17964,2023,Round 5,5,2023-09-15,St Kilda Saints,Adelaide Crows,Marvel Stadium,VIC,SA,1,7,6,15,3,93,12,6,78,15,1,1
M17965,2023,Round 5,5,2023-09-17,Sydney Swans,Western Bulldogs,SCG,NSW,VIC,1,9,7,16,5,101,15,7,97,4,1,1
M17966,2023,Round 6,6,2023-04-01,Sydney Swans,Fremantle Dockers,SCG,NSW,WA,1,7,6,17,2,104,10,4,64,40,1,1
M17967,2023,Round 6,6,2023-04-03,Melbourne Demons,Port Adelaide Power,MCG,VIC,SA,1,7,9,15,1,91,12,5,77,14,1,1
M17968,2023,Round 6,6,2023-04-05,North Melbourne Kangaroos,Essendon Bombers,Marvel Stadium,VIC,VIC,0,7,7,13,7,85,16,6,102,-17,0,0
M17969,2023,Round 6,6,2023-04-07,Brisbane Lions,Gold Coast Suns,Gabba,QLD,QLD,0,6,9,17,2,104,13,4,82,22,1,1
M17970,2023,Round 6,6,2023-04-09,GWS Giants,Richmond Tigers,GIANTS Stadium,NSW,VIC,1,9,7,15,2,92,10,3,63,29,1,1
M17971,2023,Round 6,6,2023-04-11,Hawthorn Hawks,Geelong Cats,MCG,VIC,VIC,0,7,7,14,6,90,15,4,94,-4,0,0
M17972,2023,Round 6,6,2023-04-13,Collingwood Magpies,Adelaide Crows,MCG,VIC,SA,1,9,7,15,9,99,13,6,84,15,1,1
M17973,2023,Round 6,6,2023-04-15,Carlton Blues,Western Bulldogs,Marvel Stadium,VIC,VIC,0,8,7,13,6,84,12,2,74,10,1,1
M17974,2023,Round 6,6,2023-04-17,St Kilda Saints,West Coast Eagles,Marvel Stadium,VIC,WA,1,6,7,18,0,108,14,2,86,22,1,1
M17975,2023,Round 7,7,2023-05-01,GWS Giants,Carlton Blues,GIANTS Stadium,NSW,VIC,1,7,6,15,3,93,13,2,80,13,1,1
M17976,2023,Round 7,7,2023-05-03,Brisbane Lions,West Coast Eagles,Gabba,QLD,WA,1,6,6,15,2,92,13,5,83,9,1,1
M17977,2023,Round 7,7,2023-05-05,Fremantle Dockers,Richmond Tigers,Optus Stadium,WA,VIC,1,6,8,16,7,103,13,4,82,21,1,1
M17978,2023,Round 7,7,2023-05-07,Adelaide Crows,Port Adelaide Power,Adelaide Oval,SA,SA,0,6,7,16,3,99,12,6,78,21,1,1
M17979,2023,Round 7,7,2023-05-09,Essendon Bombers,Melbourne Demons,Marvel Stadium,VIC,VIC,0,7,8,14,8,92,12,5,77,15,1,1
M17980,2023,Round 7,7,2023-05-11,North Melbourne Kangaroos,Gold Coast Suns,Marvel Stadium,VIC,QLD,1,7,9,13,4,82,12,3,75,7,1,1
M17981,2023,Round 7,7,2023-05-13,Western Bulldogs,Sydney Swans,Marvel Stadium,VIC,NSW,1,7,7,15,4,94,11,6,72,22,1,1
M17982,2023,Round 7,7,2023-05-15,St Kilda Saints,Hawthorn Hawks,Marvel Stadium,VIC,VIC,0,7,7,15,0,90,14,1,85,5,1,1
M17983,2023,Round 7,7,2023-05-17,Collingwood Magpies,Geelong Cats,MCG,VIC,VIC,0,8,7,17,2,104,14,7,91,13,1,1
M17984,2023,Round 8,8,2023-06-01,Hawthorn Hawks,Adelaide Crows,MCG,VIC,SA,1,6,6,13,8,86,14,4,88,-2,0,0
M17985,2023,Round 8,8,2023-06-03,Richmond Tigers,Sydney Swans,MCG,VIC,NSW,1,8,8,14,6,90,13,4,82,8,1,1
M17986,2023,Round 8,8,2023-06-05,Port Adelaide Power,Melbourne Demons,Adelaide Oval,SA,VIC,1,9,6,16,3,99,14,6,90,9,1,1
M17987,2023,Round 8,8,2023-06-07,Collingwood Magpies,Essendon Bombers,MCG,VIC,VIC,0,8,9,16,3,99,13,3,81,18,1,1
M17988,2023,Round 8,8,2023-06-09,Carlton Blues,West Coast Eagles,Marvel Stadium,VIC,WA,1,9,9,16,0,96,13,3,81,15,1,1
M17989,2023,Round 8,8,2023-06-11,Gold Coast Suns,St Kilda Saints,Heritage Bank Stadium,QLD,VIC,1,8,7,18,5,113,14,3,87,26,1,1
M17990,2023,Round 8,8,2023-06-13,Fremantle Dockers,GWS Giants,Optus Stadium,WA,NSW,1,8,7,15,7,97,13,0,78,19,1,1
M17991,2023,Round 8,8,2023-06-15,Brisbane Lions,Western Bulldogs,Gabba,QLD,VIC,1,6,9,13,5,83,14,5,89,-6,0,0
M17992,2023,Round 8,8,2023-06-17,Geelong Cats,North Melbourne Kangaroos,GMHBA Stadium,VIC,VIC,0,7,7,17,3,105,13,4,82,23,1,1
M17993,2023,Round 9,9,2023-07-01,GWS Giants,Melbourne Demons,GIANTS Stadium,NSW,VIC,1,7,8,17,4,106,15,2,92,14,1,1
M17994,2023,Round 9,9,2023-07-03,Fremantle Dockers,Port Adelaide Power,Optus Stadium,WA,SA,1,9,8,17,2,104,13,3,81,23,1,1
M17995,2023,Round 9,9,2023-07-05,Hawthorn Hawks,Collingwood Magpies,MCG,VIC,VIC,0,7,8,14,5,89,12,5,77,12,1,1
M17996,2023,Round 9,9,2023-07-07,West Coast Eagles,Gold Coast Suns,Optus Stadium,WA,QLD,1,9,9,12,4,76,13,5,83,-7,0,0
M17997,2023,Round 9,9,2023-07-09,Geelong Cats,North Melbourne Kangaroos,GMHBA Stadium,VIC,VIC,0,7,6,14,3,87,12,0,72,15,1,1
M17998,2023,Round 9,9,2023-07-11,Brisbane Lions,Essendon Bombers,Gabba,QLD,VIC,1,8,9,14,6,90,16,4,100,-10,0,0
M17999,2023,Round 9,9,2023-07-13,Sydney Swans,Adelaide Crows,SCG,NSW,SA,1,7,7,14,6,90,11,7,73,17,1,1
M18000,2023,Round 9,9,2023-07-15,Carlton Blues,Western Bulldogs,Marvel Stadium,VIC,VIC,0,7,7,15,7,97,13,3,81,16,1,1
M18001,2023,Round 9,9,2023-07-17,St Kilda Saints,Richmond Tigers,Marvel Stadium,VIC,VIC,0,7,7,17,4,106,18,5,113,-7,0,0
M18002,2023,Round 10,10,2023-08-01,Adelaide Crows,Sydney Swans,Adelaide Oval,SA,NSW,1,8,7,18,4,112,13,3,81,31,1,1
M18003,2023,Round 10,10,2023-08-03,Western Bulldogs,Richmond Tigers,Marvel Stadium,VIC,VIC,0,7,7,16,1,97,13,5,83,14,1,1
M18004,2023,Round 10,10,2023-08-05,Carlton Blues,Fremantle Dockers,Marvel Stadium,VIC,WA,1,8,7,16,5,101,13,3,81,20,1,1
M18005,2023,Round 10,10,2023-08-07,Geelong Cats,Gold Coast Suns,GMHBA Stadium,VIC,QLD,1,6,6,16,6,102,14,3,87,15,1,1
M18006,2023,Round 10,10,2023-08-09,Hawthorn Hawks,Essendon Bombers,MCG,VIC,VIC,0,9,7,14,9,93,14,2,86,7,1,1
M18007,2023,Round 10,10,2023-08-11,Port Adelaide Power,Collingwood Magpies,Adelaide Oval,SA,VIC,1,6,9,18,3,111,14,9,93,18,1,1
M18008,2023,Round 10,10,2023-08-13,GWS Giants,West Coast Eagles,GIANTS Stadium,NSW,WA,1,7,7,15,8,98,9,6,60,38,1,1
M18009,2023,Round 10,10,2023-08-15,North Melbourne Kangaroos,Brisbane Lions,Marvel Stadium,VIC,QLD,1,6,9,15,2,92,10,4,64,28,1,1
M18010,2023,Round 10,10,2023-08-17,Melbourne Demons,St Kilda Saints,MCG,VIC,VIC,0,6,9,15,4,94,13,6,84,10,1,1
M18011,2023,Round 11,11,2023-09-01,Gold Coast Suns,Western Bulldogs,Heritage Bank Stadium,QLD,VIC,1,8,9,17,6,108,12,4,76,32,1,1
M18012,2023,Round 11,11,2023-09-03,Fremantle Dockers,St Kilda Saints,Optus Stadium,WA,VIC,1,7,8,15,6,96,10,8,68,28,1,1
M18013,2023,Round 11,11,2023-09-05,North Melbourne Kangaroos,Carlton Blues,Marvel Stadium,VIC,VIC,0,6,7,18,5,113,14,6,90,23,1,1
M18014,2023,Round 11,11,2023-09-07,Hawthorn Hawks,Essendon Bombers,MCG,VIC,VIC,0,7,6,14,7,91,14,1,85,6,1,1
M18015,2023,Round 11,11,2023-09-09,Port Adelaide Power,GWS Giants,Adelaide Oval,SA,NSW,1,6,8,16,3,99,13,7,85,14,1,1
M18016,2023,Round 11,11,2023-09-11,Geelong Cats,Melbourne Demons,GMHBA Stadium,VIC,VIC,0,6,7,16,3,99,10,6,66,33,1,1
M18017,2023,Round 11,11,2023-09-13,West Coast Eagles,Sydney Swans,Optus Stadium,WA,NSW,1,9,9,15,8,98,14,6,90,8,1,1
M18018,2023,Round 11,11,2023-09-15,Richmond Tigers,Collingwood Magpies,MCG,VIC,VIC,0,7,7,15,5,95,14,5,89,6,1,1
M18019,2023,Round 11,11,2023-09-17,Adelaide Crows,Brisbane Lions,Adelaide Oval,SA,QLD,1,6,9,15,4,94,13,7,85,9,1,1
M18020,2023,Round 12,12,2023-04-01,North Melbourne Kangaroos,Essendon Bombers,Marvel Stadium,VIC,VIC,0,9,7,14,2,86,12,3,75,11,1,1
M18021,2023,Round 12,12,2023-04-03,Brisbane Lions,Melbourne Demons,Gabba,QLD,VIC,1,7,7,16,4,100,11,2,68,32,1,1
M18022,2023,Round 12,12,2023-04-05,West Coast Eagles,St Kilda Saints,Optus Stadium,WA,VIC,1,7,9,16,6,102,13,2,80,22,1,1
M18023,2023,Round 12,12,2023-04-07,Collingwood Magpies,Gold Coast Suns,MCG,VIC,QLD,1,7,9,17,3,105,15,5,95,10,1,1
M18024,2023,Round 12,12,2023-04-09,Sydney Swans,Fremantle Dockers,SCG,NSW,WA,1,9,7,16,5,101,13,8,86,15,1,1
M18025,2023,Round 12,12,2023-04-11,Richmond Tigers,Port Adelaide Power,MCG,VIC,SA,1,7,7,16,4,100,14,4,88,12,1,1
M18026,2023,Round 12,12,2023-04-13,Adelaide Crows,Western Bulldogs,Adelaide Oval,SA,VIC,1,8,8,16,1,97,15,6,96,1,1,1
M18027,2023,Round 12,12,2023-04-15,GWS Giants,Carlton Blues,GIANTS Stadium,NSW,VIC,1,6,9,14,0,84,15,7,97,-13,0,0
M18028,2023,Round 12,12,2023-04-17,Geelong Cats,Hawthorn Hawks,GMHBA Stadium,VIC,VIC,0,7,6,16,7,103,12,7,79,24,1,1
M18029,2023,Round 13,13,2023-05-01,Melbourne Demons,Adelaide Crows,MCG,VIC,SA,1,7,7,15,7,97,14,0,84,13,1,1
M18030,2023,Round 13,13,2023-05-03,Fremantle Dockers,Brisbane Lions,Optus Stadium,WA,QLD,1,6,6,17,4,106,16,3,99,7,1,1
M18031,2023,Round 13,13,2023-05-05,North Melbourne Kangaroos,Hawthorn Hawks,Marvel Stadium,VIC,VIC,0,7,7,14,6,90,13,8,86,4,1,1
M18032,2023,Round 13,13,2023-05-07,Geelong Cats,Western Bulldogs,GMHBA Stadium,VIC,VIC,0,7,9,14,9,93,13,5,83,10,1,1
M18033,2023,Round 13,13,2023-05-09,West Coast Eagles,Sydney Swans,Optus Stadium,WA,NSW,1,9,6,17,7,109,12,3,75,34,1,1
M18034,2023,Round 13,13,2023-05-11,Port Adelaide Power,GWS Giants,Adelaide Oval,SA,NSW,1,7,7,12,6,78,13,2,80,-2,0,0
M18035,2023,Round 13,13,2023-05-13,St Kilda Saints,Gold Coast Suns,Marvel Stadium,VIC,QLD,1,6,7,16,4,100,15,6,96,4,1,1
M18036,2023,Round 13,13,2023-05-15,Carlton Blues,Richmond Tigers,Marvel Stadium,VIC,VIC,0,9,7,17,5,107,12,3,75,32,1,1
M18037,2023,Round 13,13,2023-05-17,Essendon Bombers,Collingwood Magpies,Marvel Stadium,VIC,VIC,0,7,7,16,5,101,17,4,106,-5,0,0
M18038,2023,Round 14,14,2023-06-01,Sydney Swans,West Coast Eagles,SCG,NSW,WA,1,7,7,17,2,104,14,4,88,16,1,1
M18039,2023,Round 14,14,2023-06-03,Brisbane Lions,Port Adelaide Power,Gabba,QLD,SA,1,9,9,17,4,106,12,8,80,26,1,1
M18040,2023,Round 14,14,2023-06-05,Melbourne Demons,Gold Coast Suns,MCG,VIC,QLD,1,9,9,15,4,94,12,9,81,13,1,1
M18041,2023,Round 14,14,2023-06-07,Adelaide Crows,Hawthorn Hawks,Adelaide Oval,SA,VIC,1,7,6,13,8,86,18,4,112,-26,0,0
M18042,2023,Round 14,14,2023-06-09,Western Bulldogs,Collingwood Magpies,Marvel Stadium,VIC,VIC,0,8,9,16,1,97,14,3,87,10,1,1
M18043,2023,Round 14,14,2023-06-11,Geelong Cats,GWS Giants,GMHBA Stadium,VIC,NSW,1,8,8,14,7,91,18,0,108,-17,0,0
M18044,2023,Round 14,14,2023-06-13,Richmond Tigers,North Melbourne Kangaroos,MCG,VIC,VIC,0,9,7,13,4,82,15,2,92,-10,0,0
M18045,2023,Round 14,14,2023-06-15,Fremantle Dockers,Essendon Bombers,Optus Stadium,WA,VIC,1,6,7,16,1,97,16,5,101,-4,0,0
M18046,2023,Round 14,14,2023-06-17,Carlton Blues,St Kilda Saints,Marvel Stadium,VIC,VIC,0,9,6,13,1,79,11,2,68,11,1,1
M18047,2023,Round 15,15,2023-07-01,St Kilda Saints,Carlton Blues,Marvel Stadium,VIC,VIC,0,7,6,14,3,87,13,5,83,4,1,1
M18048,2023,Round 15,15,2023-07-03,Gold Coast Suns,West Coast Eagles,Heritage Bank Stadium,QLD,WA,1,7,7,14,3,87,14,4,88,-1,0,0
M18049,2023,Round 15,15,2023-07-05,Geelong Cats,Brisbane Lions,GMHBA Stadium,VIC,QLD,1,7,9,13,8,86,13,8,86,0,0,0
M18050,2023,Round 15,15,2023-07-07,Collingwood Magpies,Port Adelaide Power,MCG,VIC,SA,1,7,7,16,2,98,13,5,83,15,1,1
M18051,2023,Round 15,15,2023-07-09,GWS Giants,Sydney Swans,GIANTS Stadium,NSW,NSW,0,7,7,15,3,93,12,5,77,16,1,1
M18052,2023,Round 15,15,2023-07-11,Adelaide Crows,North Melbourne Kangaroos,Adelaide Oval,SA,VIC,1,7,7,18,1,109,15,4,94,15,1,1
M18053,2023,Round 15,15,2023-07-13,Melbourne Demons,Essendon Bombers,MCG,VIC,VIC,0,7,7,14,2,86,11,5,71,15,1,1
M18054,2023,Round 15,15,2023-07-15,Richmond Tigers,Fremantle Dockers,MCG,VIC,WA,1,6,7,15,4,94,15,3,93,1,1,1
M18055,2023,Round 15,15,2023-07-17,Western Bulldogs,Hawthorn Hawks,Marvel Stadium,VIC,VIC,0,7,9,16,3,99,11,4,70,29,1,1
M18056,2023,Round 16,16,2023-08-01,Hawthorn Hawks,Essendon Bombers,MCG,VIC,VIC,0,7,7,16,3,99,14,6,90,9,1,1
M18057,2023,Round 16,16,2023-08-03,Gold Coast Suns,Port Adelaide Power,Heritage Bank Stadium,QLD,SA,1,8,6,14,4,88,12,8,80,8,1,1
M18058,2023,Round 16,16,2023-08-05,North Melbourne Kangaroos,Collingwood Magpies,Marvel Stadium,VIC,VIC,0,7,7,15,3,93,14,1,85,8,1,1
M18059,2023,Round 16,16,2023-08-07,GWS Giants,West Coast Eagles,GIANTS Stadium,NSW,WA,1,7,6,15,2,92,11,4,70,22,1,1
M18060,2023,Round 16,16,2023-08-09,Melbourne Demons,Western Bulldogs,MCG,VIC,VIC,0,9,7,19,2,116,15,4,94,22,1,1
M18061,2023,Round 16,16,2023-08-11,Brisbane Lions,Fremantle Dockers,Gabba,QLD,WA,1,7,6,18,4,112,14,9,93,19,1,1
M18062,2023,Round 16,16,2023-08-13,Sydney Swans,Geelong Cats,SCG,NSW,VIC,1,7,7,13,5,83,16,2,98,-15,0,0
M18063,2023,Round 16,16,2023-08-15,Richmond Tigers,St Kilda Saints,MCG,VIC,VIC,0,6,7,16,4,100,14,3,87,13,1,1
M18064,2023,Round 16,16,2023-08-17,Carlton Blues,Adelaide Crows,Marvel Stadium,VIC,SA,1,6,6,15,4,94,14,2,86,8,1,1
M18065,2023,Round 17,17,2023-09-01,Gold Coast Suns,Port Adelaide Power,Heritage Bank Stadium,QLD,SA,1,8,7,14,4,88,14,5,89,-1,0,0
M18066,2023,Round 17,17,2023-09-03,St Kilda Saints,Adelaide Crows,Marvel Stadium,VIC,SA,1,7,7,14,4,88,11,0,66,22,1,1
M18067,2023,Round 17,17,2023-09-05,Melbourne Demons,West Coast Eagles,MCG,VIC,WA,1,7,7,15,8,98,12,7,79,19,1,1
M18068,2023,Round 17,17,2023-09-07,Fremantle Dockers,Essendon Bombers,Optus Stadium,WA,VIC,1,7,7,11,4,70,11,5,71,-1,0,0
M18069,2023,Round 17,17,2023-09-09,Carlton Blues,Western Bulldogs,Marvel Stadium,VIC,VIC,0,7,7,17,5,107,14,8,92,15,1,1
M18070,2023,Round 17,17,2023-09-11,Geelong Cats,Hawthorn Hawks,GMHBA Stadium,VIC,VIC,0,7,7,14,0,84,13,4,82,2,1,1
M18071,2023,Round 17,17,2023-09-13,Richmond Tigers,Brisbane Lions,MCG,VIC,QLD,1,7,8,18,3,111,16,2,98,13,1,1
M18072,2023,Round 17,17,2023-09-15,North Melbourne Kangaroos,GWS Giants,Marvel Stadium,VIC,NSW,1,7,8,15,5,95,11,6,72,23,1,1
M18073,2023,Round 17,17,2023-09-17,Sydney Swans,Collingwood Magpies,SCG,NSW,VIC,1,9,9,15,1,91,13,4,82,9,1,1
M18074,2023,Round 18,18,2023-04-01,Western Bulldogs,Brisbane Lions,Marvel Stadium,VIC,QLD,1,7,7,15,4,94,12,3,75,19,1,1
M18075,2023,Round 18,18,2023-04-03,Carlton Blues,Geelong Cats,Marvel Stadium,VIC,VIC,0,7,8,17,5,107,16,2,98,9,1,1
M18076,2023,Round 18,18,2023-04-05,Adelaide Crows,Fremantle Dockers,Adelaide Oval,SA,WA,1,7,7,15,7,97,13,2,80,17,1,1
M18077,2023,Round 18,18,2023-04-07,Sydney Swans,Gold Coast Suns,SCG,NSW,QLD,1,7,6,17,4,106,14,9,93,13,1,1
M18078,2023,Round 18,18,2023-04-09,Port Adelaide Power,North Melbourne Kangaroos,Adelaide Oval,SA,VIC,1,7,8,16,2,98,12,2,74,24,1,1
M18079,2023,Round 18,18,2023-04-11,Essendon Bombers,St Kilda Saints,Marvel Stadium,VIC,VIC,0,7,9,14,3,87,14,5,89,-2,0,0
M18080,2023,Round 18,18,2023-04-13,West Coast Eagles,Melbourne Demons,Optus Stadium,WA,VIC,1,7,9,14,5,89,12,4,76,13,1,1
M18081,2023,Round 18,18,2023-04-15,Hawthorn Hawks,Collingwood Magpies,MCG,VIC,VIC,0,7,7,14,7,91,14,8,92,-1,0,0
M18082,2023,Round 18,18,2023-04-17,Richmond Tigers,GWS Giants,MCG,VIC,NSW,1,9,7,18,5,113,12,7,79,34,1,1
M18083,2023,Round 19,19,2023-05-01,West Coast Eagles,Gold Coast Suns,Optus Stadium,WA,QLD,1,7,6,13,2,80,13,5,83,-3,0,0
M18084,2023,Round 19,19,2023-05-03,GWS Giants,Carlton Blues,GIANTS Stadium,NSW,VIC,1,6,7,16,3,99,12,7,79,20,1,1
M18085,2023,Round 19,19,2023-05-05,Brisbane Lions,North Melbourne Kangaroos,Gabba,QLD,VIC,1,8,7,17,4,106,15,7,97,9,1,1
M18086,2023,Round 19,19,2023-05-07,Melbourne Demons,St Kilda Saints,MCG,VIC,VIC,0,7,7,13,5,83,14,9,93,-10,0,0
M18087,2023,Round 19,19,2023-05-09,Hawthorn Hawks,Geelong Cats,MCG,VIC,VIC,0,9,6,14,5,89,14,6,90,-1,0,0
M18088,2023,Round 19,19,2023-05-11,Fremantle Dockers,Port Adelaide Power,Optus Stadium,WA,SA,1,6,9,14,3,87,14,5,89,-2,0,0
M18089,2023,Round 19,19,2023-05-13,Sydney Swans,Richmond Tigers,SCG,NSW,VIC,1,7,6,14,5,89,12,3,75,14,1,1
M18090,2023,Round 19,19,2023-05-15,Essendon Bombers,Adelaide Crows,Marvel Stadium,VIC,SA,1,7,7,15,8,98,14,4,88,10,1,1
M18091,2023,Round 19,19,2023-05-17,Western Bulldogs,Collingwood Magpies,Marvel Stadium,VIC,VIC,0,7,6,14,6,90,12,3,75,15,1,1
M18092,2023,Round 20,20,2023-06-01,Richmond Tigers,Essendon Bombers,MCG,VIC,VIC,0,7,8,15,8,98,17,3,105,-7,0,0
M18093,2023,Round 20,20,2023-06-03,Melbourne Demons,Port Adelaide Power,MCG,VIC,SA,1,6,9,14,7,91,16,6,102,-11,0,0
M18094,2023,Round 20,20,2023-06-05,Carlton Blues,Gold Coast Suns,Marvel Stadium,VIC,QLD,1,7,7,16,5,101,13,3,81,20,1,1
M18095,2023,Round 20,20,2023-06-07,Brisbane Lions,Geelong Cats,Gabba,QLD,VIC,1,7,7,12,6,78,13,4,82,-4,0,0
M18096,2023,Round 20,20,2023-06-09,GWS Giants,Adelaide Crows,GIANTS Stadium,NSW,SA,1,8,7,13,1,79,12,7,79,0,0,0
M18097,2023,Round 20,20,2023-06-11,Western Bulldogs,West Coast Eagles,Marvel Stadium,VIC,WA,1,7,6,16,0,96,13,8,86,10,1,1
M18098,2023,Round 20,20,2023-06-13,Collingwood Magpies,Fremantle Dockers,MCG,VIC,WA,1,8,6,16,2,98,14,1,85,13,1,1
M18099,2023,Round 20,20,2023-06-15,St Kilda Saints,Hawthorn Hawks,Marvel Stadium,VIC,VIC,0,7,8,15,4,94,14,6,90,4,1,1
M18100,2023,Round 20,20,2023-06-17,North Melbourne Kangaroos,Sydney Swans,Marvel Stadium,VIC,NSW,1,7,9,13,4,82,13,5,83,-1,0,0
M18101,2023,Round 21,21,2023-07-01,Geelong Cats,Richmond Tigers,GMHBA Stadium,VIC,VIC,0,7,9,16,2,98,14,6,90,8,1,1
M18102,2023,Round 21,21,2023-07-03,Carlton Blues,Adelaide Crows,Marvel Stadium,VIC,SA,1,6,7,12,7,79,14,4,88,-9,0,0
M18103,2023,Round 21,21,2023-07-05,Port Adelaide Power,St Kilda Saints,Adelaide Oval,SA,VIC,1,7,7,16,5,101,13,5,83,18,1,1
M18104,2023,Round 21,21,2023-07-07,Collingwood Magpies,Brisbane Lions,MCG,VIC,QLD,1,8,6,16,5,101,14,8,92,9,1,1
M18105,2023,Round 21,21,2023-07-09,West Coast Eagles,Gold Coast Suns,Optus Stadium,WA,QLD,1,7,7,16,7,103,15,5,95,8,1,1
M18106,2023,Round 21,21,2023-07-11,Fremantle Dockers,Sydney Swans,Optus Stadium,WA,NSW,1,7,7,17,0,102,12,4,76,26,1,1
M18107,2023,Round 21,21,2023-07-13,Western Bulldogs,Melbourne Demons,Marvel Stadium,VIC,VIC,0,6,8,16,5,101,15,6,96,5,1,1
M18108,2023,Round 21,21,2023-07-15,Essendon Bombers,Hawthorn Hawks,Marvel Stadium,VIC,VIC,0,7,7,13,6,84,13,5,83,1,1,1
M18109,2023,Round 21,21,2023-07-17,North Melbourne Kangaroos,GWS Giants,Marvel Stadium,VIC,NSW,1,8,8,15,3,93,13,4,82,11,1,1
M18110,2023,Round 22,22,2023-08-01,Fremantle Dockers,Carlton Blues,Optus Stadium,WA,VIC,1,7,9,15,9,99,16,1,97,2,1,1
M18111,2023,Round 22,22,2023-08-03,North Melbourne Kangaroos,Geelong Cats,Marvel Stadium,VIC,VIC,0,7,8,15,1,91,15,5,95,-4,0,0
M18112,2023,Round 22,22,2023-08-05,Richmond Tigers,Hawthorn Hawks,MCG,VIC,VIC,0,9,8,17,1,103,11,9,75,28,1,1
M18113,2023,Round 22,22,2023-08-07,Sydney Swans,Collingwood Magpies,SCG,NSW,VIC,1,8,9,16,6,102,13,6,84,18,1,1
M18114,2023,Round 22,22,2023-08-09,Western Bulldogs,GWS Giants,Marvel Stadium,VIC,NSW,1,9,8,19,3,117,15,2,92,25,1,1
M18115,2023,Round 22,22,2023-08-11,West Coast Eagles,Gold Coast Suns,Optus Stadium,WA,QLD,1,9,8,15,6,96,15,2,92,4,1,1
M18116,2023,Round 22,22,2023-08-13,Melbourne Demons,Adelaide Crows,MCG,VIC,SA,1,9,8,16,4,100,11,4,70,30,1,1
M18117,2023,Round 22,22,2023-08-15,St Kilda Saints,Port Adelaide Power,Marvel Stadium,VIC,SA,1,8,6,14,7,91,12,5,77,14,1,1
M18118,2023,Round 22,22,2023-08-17,Essendon Bombers,Brisbane Lions,Marvel Stadium,VIC,QLD,1,8,7,17,2,104,13,5,83,21,1,1
M18119,2024,Round 1,1,2024-05-01,West Coast Eagles,Essendon Bombers,Optus Stadium,WA,VIC,1,7,7,13,3,81,16,5,101,-20,0,0
M18120,2024,Round 1,1,2024-05-03,Port Adelaide Power,Sydney Swans,Adelaide Oval,SA,NSW,1,7,9,16,3,99,13,5,83,16,1,1
M18121,2024,Round 1,1,2024-05-05,Brisbane Lions,St Kilda Saints,Gabba,QLD,VIC,1,7,7,12,7,79,13,7,85,-6,0,0
M18122,2024,Round 1,1,2024-05-07,Adelaide Crows,Fremantle Dockers,Adelaide Oval,SA,WA,1,7,6,14,2,86,11,0,66,20,1,1
M18123,2024,Round 1,1,2024-05-09,Melbourne Demons,Collingwood Magpies,MCG,VIC,VIC,0,7,6,13,5,83,11,3,69,14,1,1
M18124,2024,Round 1,1,2024-05-11,Gold Coast Suns,Richmond Tigers,Heritage Bank Stadium,QLD,VIC,1,6,7,16,2,98,16,4,100,-2,0,0
M18125,2024,Round 1,1,2024-05-13,Hawthorn Hawks,GWS Giants,MCG,VIC,NSW,1,7,7,16,6,102,13,4,82,20,1,1
M18126,2024,Round 1,1,2024-05-15,Carlton Blues,Geelong Cats,Marvel Stadium,VIC,VIC,0,8,7,13,3,81,15,4,94,-13,0,0
M18127,2024,Round 1,1,2024-05-17,North Melbourne Kangaroos,Western Bulldogs,Marvel Stadium,VIC,VIC,0,7,7,14,4,88,11,9,75,13,1,1
M18128,2024,Round 2,2,2024-06-01,Carlton Blues,Richmond Tigers,Marvel Stadium,VIC,VIC,0,8,7,14,7,91,12,3,75,16,1,1
M18129,2024,Round 2,2,2024-06-03,North Melbourne Kangaroos,Melbourne Demons,Marvel Stadium,VIC,VIC,0,6,7,15,1,91,12,6,78,13,1,1
M18130,2024,Round 2,2,2024-06-05,Port Adelaide Power,GWS Giants,Adelaide Oval,SA,NSW,1,7,9,17,2,104,15,3,93,11,1,1
M18131,2024,Round 2,2,2024-06-07,Gold Coast Suns,Adelaide Crows,Heritage Bank Stadium,QLD,SA,1,7,7,18,3,111,15,1,91,20,1,1
M18132,2024,Round 2,2,2024-06-09,Hawthorn Hawks,Essendon Bombers,MCG,VIC,VIC,0,8,7,14,7,91,15,1,91,0,0,0
M18133,2024,Round 2,2,2024-06-11,Geelong Cats,Brisbane Lions,GMHBA Stadium,VIC,QLD,1,7,7,16,4,100,13,6,84,16,1,1
M18134,2024,Round 2,2,2024-06-13,Sydney Swans,Western Bulldogs,SCG,NSW,VIC,1,7,7,17,3,105,15,2,92,13,1,1
M18135,2024,Round 2,2,2024-06-15,St Kilda Saints,Fremantle Dockers,Marvel Stadium,VIC,WA,1,7,8,13,6,84,15,2,92,-8,0,0
M18136,2024,Round 2,2,2024-06-17,West Coast Eagles,Collingwood Magpies,Optus Stadium,WA,VIC,1,9,7,15,5,95,13,3,81,14,1,1
M18137,2024,Round 3,3,2024-07-01,Port Adelaide Power,Adelaide Crows,Adelaide Oval,SA,SA,0,9,6,17,3,105,12,6,78,27,1,1
M18138,2024,Round 3,3,2024-07-03,Essendon Bombers,North Melbourne Kangaroos,Marvel Stadium,VIC,VIC,0,6,9,17,6,108,13,5,83,25,1,1
M18139,2024,Round 3,3,2024-07-05,Melbourne Demons,Hawthorn Hawks,MCG,VIC,VIC,0,7,9,16,6,102,14,5,89,13,1,1
M18140,2024,Round 3,3,2024-07-07,Carlton Blues,Sydney Swans,Marvel Stadium,VIC,NSW,1,8,9,14,9,93,17,0,102,-9,0,0
M18141,2024,Round 3,3,2024-07-09,Fremantle Dockers,Brisbane Lions,Optus Stadium,WA,QLD,1,7,7,12,1,73,15,6,96,-23,0,0
M18142,2024,Round 3,3,2024-07-11,GWS Giants,Gold Coast Suns,GIANTS Stadium,NSW,QLD,1,7,9,14,4,88,11,8,74,14,1,1
M18143,2024,Round 3,3,2024-07-13,St Kilda Saints,Geelong Cats,Marvel Stadium,VIC,VIC,0,9,7,13,7,85,15,2,92,-7,0,0
M18144,2024,Round 3,3,2024-07-15,West Coast Eagles,Western Bulldogs,Optus Stadium,WA,VIC,1,8,9,12,6,78,12,4,76,2,1,1
M18145,2024,Round 3,3,2024-07-17,Collingwood Magpies,Richmond Tigers,MCG,VIC,VIC,0,6,7,14,8,92,14,3,87,5,1,1
M18146,2024,Round 4,4,2024-08-01,Carlton Blues,Fremantle Dockers,Marvel Stadium,VIC,WA,1,8,7,16,7,103,13,3,81,22,1,1
M18147,2024,Round 4,4,2024-08-03,Hawthorn Hawks,Sydney Swans,MCG,VIC,NSW,1,9,7,14,4,88,14,5,89,-1,0,0
M18148,2024,Round 4,4,2024-08-05,Richmond Tigers,Gold Coast Suns,MCG,VIC,QLD,1,7,6,16,3,99,16,1,97,2,1,1
M18149,2024,Round 4,4,2024-08-07,Port Adelaide Power,Melbourne Demons,Adelaide Oval,SA,VIC,1,7,9,13,4,82,14,8,92,-10,0,0
M18150,2024,Round 4,4,2024-08-09,Western Bulldogs,North Melbourne Kangaroos,Marvel Stadium,VIC,VIC,0,9,6,15,8,98,14,3,87,11,1,1
M18151,2024,Round 4,4,2024-08-11,Geelong Cats,Essendon Bombers,GMHBA Stadium,VIC,VIC,0,8,8,15,5,95,11,7,73,22,1,1
M18152,2024,Round 4,4,2024-08-13,GWS Giants,West Coast Eagles,GIANTS Stadium,NSW,WA,1,7,8,14,9,93,14,6,90,3,1,1
M18153,2024,Round 4,4,2024-08-15,Adelaide Crows,Brisbane Lions,Adelaide Oval,SA,QLD,1,6,6,16,8,104,16,4,100,4,1,1
M18154,2024,Round 4,4,2024-08-17,Collingwood Magpies,St Kilda Saints,MCG,VIC,VIC,0,9,9,15,4,94,13,2,80,14,1,1
M18155,2024,Round 5,5,2024-09-01,Fremantle Dockers,St Kilda Saints,Optus Stadium,WA,VIC,1,9,7,16,1,97,14,5,89,8,1,1
M18156,2024,Round 5,5,2024-09-03,Richmond Tigers,Gold Coast Suns,MCG,VIC,QLD,1,7,7,14,6,90,15,8,98,-8,0,0
M18157,2024,Round 5,5,2024-09-05,Sydney Swans,GWS Giants,SCG,NSW,NSW,0,7,6,14,4,88,15,1,91,-3,0,0
M18158,2024,Round 5,5,2024-09-07,West Coast Eagles,Hawthorn Hawks,Optus Stadium,WA,VIC,1,7,6,14,2,86,14,3,87,-1,0,0
M18159,2024,Round 5,5,2024-09-09,North Melbourne Kangaroos,Carlton Blues,Marvel Stadium,VIC,VIC,0,9,9,15,5,95,13,5,83,12,1,1
M18160,2024,Round 5,5,2024-09-11,Western Bulldogs,Geelong Cats,Marvel Stadium,VIC,VIC,0,8,6,13,6,84,15,6,96,-12,0,0
M18161,2024,Round 5,5,2024-09-13,Melbourne Demons,Collingwood Magpies,MCG,VIC,VIC,0,7,6,16,4,100,11,7,73,27,1,1
M18162,2024,Round 5,5,2024-09-15,Port Adelaide Power,Adelaide Crows,Adelaide Oval,SA,SA,0,8,8,15,5,95,14,4,88,7,1,1
M18163,2024,Round 5,5,2024-09-17,Essendon Bombers,Brisbane Lions,Marvel Stadium,VIC,QLD,1,7,8,15,1,91,12,3,75,16,1,1
M18164,2024,Round 6,6,2024-04-01,Adelaide Crows,Fremantle Dockers,Adelaide Oval,SA,WA,1,7,8,14,2,86,16,6,102,-16,0,0
M18165,2024,Round 6,6,2024-04-03,Port Adelaide Power,Gold Coast Suns,Adelaide Oval,SA,QLD,1,7,7,17,5,107,12,2,74,33,1,1
M18166,2024,Round 6,6,2024-04-05,Sydney Swans,Essendon Bombers,SCG,NSW,VIC,1,6,8,15,5,95,16,5,101,-6,0,0
M18167,2024,Round 6,6,2024-04-07,Richmond Tigers,Melbourne Demons,MCG,VIC,VIC,0,6,6,13,5,83,15,2,92,-9,0,0
M18168,2024,Round 6,6,2024-04-09,Geelong Cats,Western Bulldogs,GMHBA Stadium,VIC,VIC,0,6,7,15,1,91,12,4,76,15,1,1
M18169,2024,Round 6,6,2024-04-11,GWS Giants,Hawthorn Hawks,GIANTS Stadium,NSW,VIC,1,7,7,17,2,104,14,4,88,16,1,1
M18170,2024,Round 6,6,2024-04-13,Brisbane Lions,Carlton Blues,Gabba,QLD,VIC,1,8,7,14,7,91,14,7,91,0,0,0
M18171,2024,Round 6,6,2024-04-15,St Kilda Saints,Collingwood Magpies,Marvel Stadium,VIC,VIC,0,7,8,12,3,75,8,7,55,20,1,1
M18172,2024,Round 6,6,2024-04-17,North Melbourne Kangaroos,West Coast Eagles,Marvel Stadium,VIC,WA,1,9,7,14,1,85,13,5,83,2,1,1
M18173,2024,Round 7,7,2024-05-01,North Melbourne Kangaroos,Port Adelaide Power,Marvel Stadium,VIC,SA,1,7,6,16,7,103,12,5,77,26,1,1
M18174,2024,Round 7,7,2024-05-03,West Coast Eagles,St Kilda Saints,Optus Stadium,WA,VIC,1,8,8,13,1,79,15,5,95,-16,0,0
M18175,2024,Round 7,7,2024-05-05,Essendon Bombers,Melbourne Demons,Marvel Stadium,VIC,VIC,0,9,8,18,2,110,14,5,89,21,1,1
M18176,2024,Round 7,7,2024-05-07,Hawthorn Hawks,Carlton Blues,MCG,VIC,VIC,0,7,7,16,7,103,12,7,79,24,1,1
M18177,2024,Round 7,7,2024-05-09,Richmond Tigers,Collingwood Magpies,MCG,VIC,VIC,0,7,7,16,0,96,15,4,94,2,1,1
M18178,2024,Round 7,7,2024-05-11,Western Bulldogs,Geelong Cats,Marvel Stadium,VIC,VIC,0,7,9,14,4,88,13,3,81,7,1,1
M18179,2024,Round 7,7,2024-05-13,Gold Coast Suns,Sydney Swans,Heritage Bank Stadium,QLD,NSW,1,7,7,14,3,87,13,4,82,5,1,1
M18180,2024,Round 7,7,2024-05-15,Adelaide Crows,Brisbane Lions,Adelaide Oval,SA,QLD,1,7,7,13,6,84,11,8,74,10,1,1
M18181,2024,Round 7,7,2024-05-17,GWS Giants,Fremantle Dockers,GIANTS Stadium,NSW,WA,1,7,7,14,2,86,13,3,81,5,1,1
M18182,2024,Round 8,8,2024-06-01,Carlton Blues,Gold Coast Suns,Marvel Stadium,VIC,QLD,1,6,7,17,5,107,14,7,91,16,1,1
M18183,2024,Round 8,8,2024-06-03,Richmond Tigers,Adelaide Crows,MCG,VIC,SA,1,7,9,14,1,85,15,1,91,-6,0,0
M18184,2024,Round 8,8,2024-06-05,St Kilda Saints,Melbourne Demons,Marvel Stadium,VIC,VIC,0,7,7,16,6,102,14,5,89,13,1,1
M18185,2024,Round 8,8,2024-06-07,Sydney Swans,West Coast Eagles,SCG,NSW,WA,1,7,7,15,5,95,13,2,80,15,1,1
M18186,2024,Round 8,8,2024-06-09,Fremantle Dockers,Collingwood Magpies,Optus Stadium,WA,VIC,1,9,7,14,1,85,14,7,91,-6,0,0
M18187,2024,Round 8,8,2024-06-11,Geelong Cats,North Melbourne Kangaroos,GMHBA Stadium,VIC,VIC,0,7,7,15,6,96,13,5,83,13,1,1
M18188,2024,Round 8,8,2024-06-13,Hawthorn Hawks,Port Adelaide Power,MCG,VIC,SA,1,7,7,15,5,95,16,5,101,-6,0,0
M18189,2024,Round 8,8,2024-06-15,Brisbane Lions,Essendon Bombers,Gabba,QLD,VIC,1,9,7,17,9,111,12,5,77,34,1,1
M18190,2024,Round 8,8,2024-06-17,Western Bulldogs,GWS Giants,Marvel Stadium,VIC,NSW,1,7,8,15,7,97,15,7,97,0,0,0
M18191,2024,Round 9,9,2024-07-01,Hawthorn Hawks,Essendon Bombers,MCG,VIC,VIC,0,7,8,17,5,107,14,4,88,19,1,1
M18192,2024,Round 9,9,2024-07-03,Geelong Cats,Melbourne Demons,GMHBA Stadium,VIC,VIC,0,7,7,14,3,87,15,7,97,-10,0,0
M18193,2024,Round 9,9,2024-07-05,North Melbourne Kangaroos,Fremantle Dockers,Marvel Stadium,VIC,WA,1,9,6,14,3,87,13,3,81,6,1,1
M18194,2024,Round 9,9,2024-07-07,Port Adelaide Power,Sydney Swans,Adelaide Oval,SA,NSW,1,6,8,15,4,94,10,6,66,28,1,1
M18195,2024,Round 9,9,2024-07-09,Brisbane Lions,GWS Giants,Gabba,QLD,NSW,1,8,7,14,7,91,14,2,86,5,1,1
M18196,2024,Round 9,9,2024-07-11,Adelaide Crows,Collingwood Magpies,Adelaide Oval,SA,VIC,1,7,7,18,5,113,16,5,101,12,1,1
M18197,2024,Round 9,9,2024-07-13,Gold Coast Suns,St Kilda Saints,Heritage Bank Stadium,QLD,VIC,1,9,8,15,3,93,15,2,92,1,1,1
M18198,2024,Round 9,9,2024-07-15,Carlton Blues,West Coast Eagles,Marvel Stadium,VIC,WA,1,7,7,14,5,89,13,6,84,5,1,1
M18199,2024,Round 9,9,2024-07-17,Richmond Tigers,Western Bulldogs,MCG,VIC,VIC,0,7,6,14,6,90,13,7,85,5,1,1
M18200,2024,Round 10,10,2024-08-01,Carlton Blues,Brisbane Lions,Marvel Stadium,VIC,QLD,1,7,7,16,2,98,13,1,79,19,1,1
M18201,2024,Round 10,10,2024-08-03,Melbourne Demons,Collingwood Magpies,MCG,VIC,VIC,0,8,9,20,6,126,11,3,69,57,1,1
M18202,2024,Round 10,10,2024-08-05,Hawthorn Hawks,Western Bulldogs,MCG,VIC,VIC,0,6,9,17,3,105,16,6,102,3,1,1
M18203,2024,Round 10,10,2024-08-07,Fremantle Dockers,Richmond Tigers,Optus Stadium,WA,VIC,1,7,7,17,2,104,16,1,97,7,1,1
M18204,2024,Round 10,10,2024-08-09,Port Adelaide Power,Geelong Cats,Adelaide Oval,SA,VIC,1,6,7,14,6,90,15,7,97,-7,0,0
M18205,2024,Round 10,10,2024-08-11,Sydney Swans,West Coast Eagles,SCG,NSW,WA,1,7,7,15,0,90,15,2,92,-2,0,0
M18206,2024,Round 10,10,2024-08-13,Gold Coast Suns,Essendon Bombers,Heritage Bank Stadium,QLD,VIC,1,7,7,16,2,98,12,4,76,22,1,1
M18207,2024,Round 10,10,2024-08-15,North Melbourne Kangaroos,St Kilda Saints,Marvel Stadium,VIC,VIC,0,9,9,17,6,108,14,4,88,20,1,1
M18208,2024,Round 10,10,2024-08-17,GWS Giants,Adelaide Crows,GIANTS Stadium,NSW,SA,1,6,6,17,1,103,15,2,92,11,1,1
M18209,2024,Round 11,11,2024-09-01,Fremantle Dockers,Melbourne Demons,Optus Stadium,WA,VIC,1,8,7,15,1,91,16,7,103,-12,0,0
M18210,2024,Round 11,11,2024-09-03,Sydney Swans,Western Bulldogs,SCG,NSW,VIC,1,7,7,16,8,104,13,6,84,20,1,1
M18211,2024,Round 11,11,2024-09-05,West Coast Eagles,Essendon Bombers,Optus Stadium,WA,VIC,1,8,6,18,4,112,16,9,105,7,1,1
M18212,2024,Round 11,11,2024-09-07,Adelaide Crows,Carlton Blues,Adelaide Oval,SA,VIC,1,6,6,19,4,118,12,6,78,40,1,1
M18213,2024,Round 11,11,2024-09-09,Hawthorn Hawks,GWS Giants,MCG,VIC,NSW,1,7,7,13,0,78,14,7,91,-13,0,0
M18214,2024,Round 11,11,2024-09-11,North Melbourne Kangaroos,Collingwood Magpies,Marvel Stadium,VIC,VIC,0,6,7,17,7,109,12,3,75,34,1,1
M18215,2024,Round 11,11,2024-09-13,Gold Coast Suns,Port Adelaide Power,Heritage Bank Stadium,QLD,SA,1,9,9,14,6,90,17,3,105,-15,0,0
M18216,2024,Round 11,11,2024-09-15,Richmond Tigers,St Kilda Saints,MCG,VIC,VIC,0,8,9,14,5,89,14,4,88,1,1,1
M18217,2024,Round 11,11,2024-09-17,Geelong Cats,Brisbane Lions,GMHBA Stadium,VIC,QLD,1,9,8,15,2,92,18,4,112,-20,0,0
M18218,2024,Round 12,12,2024-04-01,Gold Coast Suns,Western Bulldogs,Heritage Bank Stadium,QLD,VIC,1,9,6,15,3,93,13,2,80,13,1,1
M18219,2024,Round 12,12,2024-04-03,Melbourne Demons,Adelaide Crows,MCG,VIC,SA,1,8,7,17,6,108,14,4,88,20,1,1
M18220,2024,Round 12,12,2024-04-05,Fremantle Dockers,Essendon Bombers,Optus Stadium,WA,VIC,1,7,8,15,8,98,13,2,80,18,1,1
M18221,2024,Round 12,12,2024-04-07,Brisbane Lions,Geelong Cats,Gabba,QLD,VIC,1,7,7,16,4,100,12,5,77,23,1,1
M18222,2024,Round 12,12,2024-04-09,Sydney Swans,GWS Giants,SCG,NSW,NSW,0,7,6,20,2,122,13,6,84,38,1,1
M18223,2024,Round 12,12,2024-04-11,West Coast Eagles,Hawthorn Hawks,Optus Stadium,WA,VIC,1,9,7,16,6,102,12,3,75,27,1,1
M18224,2024,Round 12,12,2024-04-13,Richmond Tigers,Port Adelaide Power,MCG,VIC,SA,1,7,8,17,7,109,12,3,75,34,1,1
M18225,2024,Round 12,12,2024-04-15,Carlton Blues,St Kilda Saints,Marvel Stadium,VIC,VIC,0,7,8,15,4,94,10,6,66,28,1,1
M18226,2024,Round 12,12,2024-04-17,Collingwood Magpies,North Melbourne Kangaroos,MCG,VIC,VIC,0,7,8,17,1,103,15,4,94,9,1,1
M18227,2024,Round 13,13,2024-05-01,Adelaide Crows,Collingwood Magpies,Adelaide Oval,SA,VIC,1,9,8,15,7,97,16,0,96,1,1,1
M18228,2024,Round 13,13,2024-05-03,Brisbane Lions,Geelong Cats,Gabba,QLD,VIC,1,7,9,14,4,88,13,2,80,8,1,1
M18229,2024,Round 13,13,2024-05-05,Melbourne Demons,Hawthorn Hawks,MCG,VIC,VIC,0,7,9,17,3,105,14,6,90,15,1,1
M18230,2024,Round 13,13,2024-05-07,Fremantle Dockers,St Kilda Saints,Optus Stadium,WA,VIC,1,8,6,18,2,110,13,4,82,28,1,1
M18231,2024,Round 13,13,2024-05-09,Richmond Tigers,Gold Coast Suns,MCG,VIC,QLD,1,9,7,15,6,96,14,1,85,11,1,1
M18232,2024,Round 13,13,2024-05-11,West Coast Eagles,GWS Giants,Optus Stadium,WA,NSW,1,6,7,15,4,94,16,6,102,-8,0,0
M18233,2024,Round 13,13,2024-05-13,Western Bulldogs,Carlton Blues,Marvel Stadium,VIC,VIC,0,9,9,16,8,104,12,2,74,30,1,1
M18234,2024,Round 13,13,2024-05-15,Port Adelaide Power,Sydney Swans,Adelaide Oval,SA,NSW,1,7,7,12,6,78,14,7,91,-13,0,0
M18235,2024,Round 13,13,2024-05-17,Essendon Bombers,North Melbourne Kangaroos,Marvel Stadium,VIC,VIC,0,6,7,15,7,97,14,5,89,8,1,1
M18236,2024,Round 14,14,2024-06-01,Sydney Swans,Geelong Cats,SCG,NSW,VIC,1,6,9,14,1,85,13,6,84,1,1,1
M18237,2024,Round 14,14,2024-06-03,West Coast Eagles,GWS Giants,Optus Stadium,WA,NSW,1,7,7,17,5,107,10,7,67,40,1,1
M18238,2024,Round 14,14,2024-06-05,Western Bulldogs,Collingwood Magpies,Marvel Stadium,VIC,VIC,0,8,7,16,4,100,14,5,89,11,1,1
M18239,2024,Round 14,14,2024-06-07,Richmond Tigers,St Kilda Saints,MCG,VIC,VIC,0,8,7,16,3,99,14,5,89,10,1,1
M18240,2024,Round 14,14,2024-06-09,Hawthorn Hawks,Brisbane Lions,MCG,VIC,QLD,1,6,7,16,5,101,12,3,75,26,1,1
M18241,2024,Round 14,14,2024-06-11,Carlton Blues,Essendon Bombers,Marvel Stadium,VIC,VIC,0,8,9,19,5,119,12,3,75,44,1,1
M18242,2024,Round 14,14,2024-06-13,Melbourne Demons,Adelaide Crows,MCG,VIC,SA,1,8,9,16,5,101,15,2,92,9,1,1
M18243,2024,Round 14,14,2024-06-15,Gold Coast Suns,Fremantle Dockers,Heritage Bank Stadium,QLD,WA,1,7,7,14,3,87,13,7,85,2,1,1
M18244,2024,Round 14,14,2024-06-17,North Melbourne Kangaroos,Port Adelaide Power,Marvel Stadium,VIC,SA,1,7,7,13,4,82,14,4,88,-6,0,0
M18245,2024,Round 15,15,2024-07-01,Richmond Tigers,Adelaide Crows,MCG,VIC,SA,1,7,7,15,4,94,14,5,89,5,1,1
M18246,2024,Round 15,15,2024-07-03,GWS Giants,Geelong Cats,GIANTS Stadium,NSW,VIC,1,7,9,17,1,103,14,3,87,16,1,1
M18247,2024,Round 15,15,2024-07-05,Hawthorn Hawks,North Melbourne Kangaroos,MCG,VIC,VIC,0,7,7,14,3,87,14,3,87,0,0,0
M18248,2024,Round 15,15,2024-07-07,Brisbane Lions,Gold Coast Suns,Gabba,QLD,QLD,0,7,7,14,3,87,16,3,99,-12,0,0
M18249,2024,Round 15,15,2024-07-09,Sydney Swans,St Kilda Saints,SCG,NSW,VIC,1,9,7,16,1,97,13,6,84,13,1,1
M18250,2024,Round 15,15,2024-07-11,Port Adelaide Power,Collingwood Magpies,Adelaide Oval,SA,VIC,1,8,7,14,5,89,14,3,87,2,1,1
M18251,2024,Round 15,15,2024-07-13,Melbourne Demons,Fremantle Dockers,MCG,VIC,WA,1,6,7,14,2,86,13,2,80,6,1,1
M18252,2024,Round 15,15,2024-07-15,Western Bulldogs,West Coast Eagles,Marvel Stadium,VIC,WA,1,6,7,14,5,89,16,5,101,-12,0,0
M18253,2024,Round 15,15,2024-07-17,Carlton Blues,Essendon Bombers,Marvel Stadium,VIC,VIC,0,7,7,16,4,100,15,4,94,6,1,1
M18254,2024,Round 16,16,2024-08-01,GWS Giants,St Kilda Saints,GIANTS Stadium,NSW,VIC,1,6,8,12,8,80,13,7,85,-5,0,0
M18255,2024,Round 16,16,2024-08-03,Essendon Bombers,Port Adelaide Power,Marvel Stadium,VIC,SA,1,7,7,17,2,104,14,5,89,15,1,1
M18256,2024,Round 16,16,2024-08-05,Collingwood Magpies,Western Bulldogs,MCG,VIC,VIC,0,9,9,17,7,109,13,2,80,29,1,1
M18257,2024,Round 16,16,2024-08-07,West Coast Eagles,Carlton Blues,Optus Stadium,WA,VIC,1,9,7,14,7,91,15,4,94,-3,0,0
M18258,2024,Round 16,16,2024-08-09,Melbourne Demons,North Melbourne Kangaroos,MCG,VIC,VIC,0,6,7,17,5,107,12,0,72,35,1,1
M18259,2024,Round 16,16,2024-08-11,Richmond Tigers,Geelong Cats,MCG,VIC,VIC,0,6,7,15,7,97,14,6,90,7,1,1
M18260,2024,Round 16,16,2024-08-13,Hawthorn Hawks,Adelaide Crows,MCG,VIC,SA,1,7,7,16,0,96,16,7,103,-7,0,0
M18261,2024,Round 16,16,2024-08-15,Gold Coast Suns,Fremantle Dockers,Heritage Bank Stadium,QLD,WA,1,8,7,18,2,110,14,4,88,22,1,1
M18262,2024,Round 16,16,2024-08-17,Sydney Swans,Brisbane Lions,SCG,NSW,QLD,1,6,7,12,9,81,14,4,88,-7,0,0
M18263,2024,Round 17,17,2024-09-01,Port Adelaide Power,Western Bulldogs,Adelaide Oval,SA,VIC,1,9,7,13,6,84,14,4,88,-4,0,0
M18264,2024,Round 17,17,2024-09-03,Hawthorn Hawks,GWS Giants,MCG,VIC,NSW,1,7,8,17,3,105,16,2,98,7,1,1
M18265,2024,Round 17,17,2024-09-05,Carlton Blues,Sydney Swans,Marvel Stadium,VIC,NSW,1,7,7,18,3,111,14,0,84,27,1,1
M18266,2024,Round 17,17,2024-09-07,Adelaide Crows,Brisbane Lions,Adelaide Oval,SA,QLD,1,7,6,15,3,93,15,4,94,-1,0,0
M18267,2024,Round 17,17,2024-09-09,Fremantle Dockers,Essendon Bombers,Optus Stadium,WA,VIC,1,7,6,13,5,83,16,0,96,-13,0,0
M18268,2024,Round 17,17,2024-09-11,West Coast Eagles,Gold Coast Suns,Optus Stadium,WA,QLD,1,8,7,12,2,74,14,2,86,-12,0,0
M18269,2024,Round 17,17,2024-09-13,Melbourne Demons,St Kilda Saints,MCG,VIC,VIC,0,8,9,17,8,110,14,0,84,26,1,1
M18270,2024,Round 17,17,2024-09-15,Geelong Cats,North Melbourne Kangaroos,GMHBA Stadium,VIC,VIC,0,7,8,16,6,102,13,2,80,22,1,1
M18271,2024,Round 17,17,2024-09-17,Richmond Tigers,Collingwood Magpies,MCG,VIC,VIC,0,7,7,14,0,84,12,9,81,3,1,1
M18272,2024,Round 18,18,2024-04-01,Gold Coast Suns,Sydney Swans,Heritage Bank Stadium,QLD,NSW,1,7,7,15,3,93,13,4,82,11,1,1
M18273,2024,Round 18,18,2024-04-03,Geelong Cats,Hawthorn Hawks,GMHBA Stadium,VIC,VIC,0,9,6,17,0,102,14,7,91,11,1,1
M18274,2024,Round 18,18,2024-04-05,Richmond Tigers,St Kilda Saints,MCG,VIC,VIC,0,7,9,17,3,105,14,4,88,17,1,1
M18275,2024,Round 18,18,2024-04-07,Adelaide Crows,Melbourne Demons,Adelaide Oval,SA,VIC,1,6,9,18,7,115,14,5,89,26,1,1
M18276,2024,Round 18,18,2024-04-09,Western Bulldogs,West Coast Eagles,Marvel Stadium,VIC,WA,1,7,7,16,5,101,13,4,82,19,1,1
M18277,2024,Round 18,18,2024-04-11,Collingwood Magpies,Brisbane Lions,MCG,VIC,QLD,1,8,9,18,6,114,11,3,69,45,1,1
M18278,2024,Round 18,18,2024-04-13,Fremantle Dockers,GWS Giants,Optus Stadium,WA,NSW,1,7,7,12,8,80,14,0,84,-4,0,0
M18279,2024,Round 18,18,2024-04-15,Port Adelaide Power,Carlton Blues,Adelaide Oval,SA,VIC,1,7,6,16,4,100,16,4,100,0,0,0
M18280,2024,Round 18,18,2024-04-17,North Melbourne Kangaroos,Essendon Bombers,Marvel Stadium,VIC,VIC,0,8,7,13,8,86,11,6,72,14,1,1
M18281,2024,Round 19,19,2024-05-01,Adelaide Crows,Melbourne Demons,Adelaide Oval,SA,VIC,1,9,8,14,1,85,13,7,85,0,0,0
M18282,2024,Round 19,19,2024-05-03,Richmond Tigers,Essendon Bombers,MCG,VIC,VIC,0,9,7,18,7,115,14,7,91,24,1,1
M18283,2024,Round 19,19,2024-05-05,Sydney Swans,Port Adelaide Power,SCG,NSW,SA,1,8,9,17,0,102,12,2,74,28,1,1
M18284,2024,Round 19,19,2024-05-07,GWS Giants,Geelong Cats,GIANTS Stadium,NSW,VIC,1,8,7,13,4,82,14,2,86,-4,0,0
M18285,2024,Round 19,19,2024-05-09,Collingwood Magpies,Fremantle Dockers,MCG,VIC,WA,1,7,6,15,6,96,14,7,91,5,1,1
M18286,2024,Round 19,19,2024-05-11,Hawthorn Hawks,St Kilda Saints,MCG,VIC,VIC,0,7,9,15,6,96,16,7,103,-7,0,0
M18287,2024,Round 19,19,2024-05-13,Carlton Blues,Brisbane Lions,Marvel Stadium,VIC,QLD,1,6,8,15,4,94,12,1,73,21,1,1
M18288,2024,Round 19,19,2024-05-15,North Melbourne Kangaroos,Gold Coast Suns,Marvel Stadium,VIC,QLD,1,8,7,16,5,101,11,8,74,27,1,1
M18289,2024,Round 19,19,2024-05-17,West Coast Eagles,Western Bulldogs,Optus Stadium,WA,VIC,1,6,9,17,2,104,13,5,83,21,1,1
M18290,2024,Round 20,20,2024-06-01,Geelong Cats,Richmond Tigers,GMHBA Stadium,VIC,VIC,0,6,7,14,4,88,15,6,96,-8,0,0
M18291,2024,Round 20,20,2024-06-03,North Melbourne Kangaroos,Gold Coast Suns,Marvel Stadium,VIC,QLD,1,7,7,17,3,105,13,7,85,20,1,1
M18292,2024,Round 20,20,2024-06-05,Hawthorn Hawks,GWS Giants,MCG,VIC,NSW,1,9,7,15,6,96,13,0,78,18,1,1
M18293,2024,Round 20,20,2024-06-07,Sydney Swans,Port Adelaide Power,SCG,NSW,SA,1,7,7,13,5,83,10,6,66,17,1,1
M18294,2024,Round 20,20,2024-06-09,Collingwood Magpies,St Kilda Saints,MCG,VIC,VIC,0,7,6,14,2,86,14,9,93,-7,0,0
M18295,2024,Round 20,20,2024-06-11,Brisbane Lions,Carlton Blues,Gabba,QLD,VIC,1,8,7,13,8,86,12,6,78,8,1,1
M18296,2024,Round 20,20,2024-06-13,Melbourne Demons,West Coast Eagles,MCG,VIC,WA,1,7,6,16,7,103,15,6,96,7,1,1
M18297,2024,Round 20,20,2024-06-15,Adelaide Crows,Essendon Bombers,Adelaide Oval,SA,VIC,1,8,7,15,4,94,15,4,94,0,0,0
M18298,2024,Round 20,20,2024-06-17,Western Bulldogs,Fremantle Dockers,Marvel Stadium,VIC,WA,1,7,8,16,3,99,14,0,84,15,1,1
M18299,2024,Round 21,21,2024-07-01,Brisbane Lions,Port Adelaide Power,Gabba,QLD,SA,1,6,6,12,7,79,14,5,89,-10,0,0
M18300,2024,Round 21,21,2024-07-03,Richmond Tigers,GWS Giants,MCG,VIC,NSW,1,7,7,13,8,86,14,3,87,-1,0,0
M18301,2024,Round 21,21,2024-07-05,Fremantle Dockers,West Coast Eagles,Optus Stadium,WA,WA,0,7,6,15,9,99,14,8,92,7,1,1
M18302,2024,Round 21,21,2024-07-07,St Kilda Saints,Hawthorn Hawks,Marvel Stadium,VIC,VIC,0,8,7,12,3,75,14,5,89,-14,0,0
M18303,2024,Round 21,21,2024-07-09,Melbourne Demons,Gold Coast Suns,MCG,VIC,QLD,1,9,9,16,2,98,11,2,68,30,1,1
M18304,2024,Round 21,21,2024-07-11,Sydney Swans,Geelong Cats,SCG,NSW,VIC,1,7,6,17,5,107,14,3,87,20,1,1
M18305,2024,Round 21,21,2024-07-13,Western Bulldogs,Adelaide Crows,Marvel Stadium,VIC,SA,1,9,7,14,7,91,12,4,76,15,1,1
M18306,2024,Round 21,21,2024-07-15,Carlton Blues,Essendon Bombers,Marvel Stadium,VIC,VIC,0,6,6,13,3,81,13,3,81,0,0,0
M18307,2024,Round 21,21,2024-07-17,North Melbourne Kangaroos,Collingwood Magpies,Marvel Stadium,VIC,VIC,0,7,7,17,1,103,15,8,98,5,1,1
M18308,2024,Round 22,22,2024-08-01,Sydney Swans,North Melbourne Kangaroos,SCG,NSW,VIC,1,8,9,17,3,105,13,6,84,21,1,1
M18309,2024,Round 22,22,2024-08-03,St Kilda Saints,Collingwood Magpies,Marvel Stadium,VIC,VIC,0,8,6,16,6,102,13,3,81,21,1,1
M18310,2024,Round 22,22,2024-08-05,Western Bulldogs,Port Adelaide Power,Marvel Stadium,VIC,SA,1,7,7,15,5,95,15,3,93,2,1,1
M18311,2024,Round 22,22,2024-08-07,Richmond Tigers,Fremantle Dockers,MCG,VIC,WA,1,7,6,17,8,110,15,2,92,18,1,1
M18312,2024,Round 22,22,2024-08-09,West Coast Eagles,Carlton Blues,Optus Stadium,WA,VIC,1,9,6,16,6,102,13,4,82,20,1,1
M18313,2024,Round 22,22,2024-08-11,Adelaide Crows,Hawthorn Hawks,Adelaide Oval,SA,VIC,1,7,9,17,1,103,14,7,91,12,1,1
M18314,2024,Round 22,22,2024-08-13,Essendon Bombers,Brisbane Lions,Marvel Stadium,VIC,QLD,1,9,7,17,4,106,16,5,101,5,1,1
M18315,2024,Round 22,22,2024-08-15,Gold Coast Suns,Melbourne Demons,Heritage Bank Stadium,QLD,VIC,1,7,6,16,7,103,15,3,93,10,1,1
M18316,2024,Round 22,22,2024-08-17,Geelong Cats,GWS Giants,GMHBA Stadium,VIC,NSW,1,7,7,16,4,100,13,3,81,19,1,1
M18317,2024,Round 23,23,2024-09-01,Essendon Bombers,Fremantle Dockers,Marvel Stadium,VIC,WA,1,6,8,14,2,86,13,4,82,4,1,1
M18318,2024,Round 23,23,2024-09-03,Gold Coast Suns,Hawthorn Hawks,Heritage Bank Stadium,QLD,VIC,1,7,6,16,1,97,15,3,93,4,1,1
M18319,2024,Round 23,23,2024-09-05,Collingwood Magpies,Adelaide Crows,MCG,VIC,SA,1,9,7,13,4,82,16,5,101,-19,0,0
M18320,2024,Round 23,23,2024-09-07,Port Adelaide Power,Geelong Cats,Adelaide Oval,SA,VIC,1,7,7,15,8,98,12,8,80,18,1,1
M18321,2024,Round 23,23,2024-09-09,North Melbourne Kangaroos,West Coast Eagles,Marvel Stadium,VIC,WA,1,7,8,16,5,101,15,1,91,10,1,1
M18322,2024,Round 23,23,2024-09-11,Melbourne Demons,Brisbane Lions,MCG,VIC,QLD,1,8,7,13,7,85,12,8,80,5,1,1
M18323,2024,Round 23,23,2024-09-13,Western Bulldogs,St Kilda Saints,Marvel Stadium,VIC,VIC,0,9,7,15,3,93,15,6,96,-3,0,0
M18324,2024,Round 23,23,2024-09-15,Richmond Tigers,Sydney Swans,MCG,VIC,NSW,1,7,7,14,8,92,16,3,99,-7,0,0
M18325,2024,Round 23,23,2024-09-17,GWS Giants,Carlton Blues,GIANTS Stadium,NSW,VIC,1,7,9,15,5,95,14,0,84,11,1,1
M18326,2025,Round 1,1,2025-05-01,GWS Giants,Fremantle Dockers,GIANTS Stadium,NSW,WA,1,9,7,14,3,87,13,5,83,4,1,1
M18327,2025,Round 1,1,2025-05-03,Geelong Cats,Hawthorn Hawks,GMHBA Stadium,VIC,VIC,0,7,7,13,3,81,16,6,102,-21,0,0
M18328,2025,Round 1,1,2025-05-05,Melbourne Demons,Essendon Bombers,MCG,VIC,VIC,0,6,9,15,7,97,17,3,105,-8,0,0
M18329,2025,Round 1,1,2025-05-07,Richmond Tigers,West Coast Eagles,MCG,VIC,WA,1,8,7,16,2,98,11,7,73,25,1,1
M18330,2025,Round 1,1,2025-05-09,Adelaide Crows,Sydney Swans,Adelaide Oval,SA,NSW,1,7,6,17,1,103,14,3,87,16,1,1
M18331,2025,Round 1,1,2025-05-11,Carlton Blues,Gold Coast Suns,Marvel Stadium,VIC,QLD,1,7,7,18,5,113,12,0,72,41,1,1
M18332,2025,Round 1,1,2025-05-13,Western Bulldogs,North Melbourne Kangaroos,Marvel Stadium,VIC,VIC,0,7,6,14,7,91,14,8,92,-1,0,0
M18333,2025,Round 1,1,2025-05-15,St Kilda Saints,Collingwood Magpies,Marvel Stadium,VIC,VIC,0,6,7,14,0,84,16,2,98,-14,0,0
M18334,2025,Round 1,1,2025-05-17,Brisbane Lions,Port Adelaide Power,Gabba,QLD,SA,1,7,6,17,3,105,17,4,106,-1,0,0
M18335,2025,Round 2,2,2025-06-01,St Kilda Saints,Hawthorn Hawks,Marvel Stadium,VIC,VIC,0,7,8,15,6,96,12,1,73,23,1,1
M18336,2025,Round 2,2,2025-06-03,Melbourne Demons,Adelaide Crows,MCG,VIC,SA,1,9,8,17,5,107,14,3,87,20,1,1
M18337,2025,Round 2,2,2025-06-05,GWS Giants,West Coast Eagles,GIANTS Stadium,NSW,WA,1,6,7,14,6,90,16,5,101,-11,0,0
M18338,2025,Round 2,2,2025-06-07,Western Bulldogs,Brisbane Lions,Marvel Stadium,VIC,QLD,1,7,7,16,2,98,14,4,88,10,1,1
M18339,2025,Round 2,2,2025-06-09,Richmond Tigers,Essendon Bombers,MCG,VIC,VIC,0,6,7,16,3,99,17,5,107,-8,0,0
M18340,2025,Round 2,2,2025-06-11,North Melbourne Kangaroos,Gold Coast Suns,Marvel Stadium,VIC,QLD,1,9,9,13,3,81,11,8,74,7,1,1
M18341,2025,Round 2,2,2025-06-13,Collingwood Magpies,Geelong Cats,MCG,VIC,VIC,0,9,6,15,7,97,13,9,87,10,1,1
M18342,2025,Round 2,2,2025-06-15,Fremantle Dockers,Carlton Blues,Optus Stadium,WA,VIC,1,9,8,15,4,94,17,1,103,-9,0,0
M18343,2025,Round 2,2,2025-06-17,Port Adelaide Power,Sydney Swans,Adelaide Oval,SA,NSW,1,6,6,15,8,98,14,6,90,8,1,1
M18344,2025,Round 3,3,2025-07-01,Fremantle Dockers,GWS Giants,Optus Stadium,WA,NSW,1,7,7,17,4,106,16,2,98,8,1,1
M18345,2025,Round 3,3,2025-07-03,Port Adelaide Power,Hawthorn Hawks,Adelaide Oval,SA,VIC,1,7,7,17,5,107,12,5,77,30,1,1
M18346,2025,Round 3,3,2025-07-05,Sydney Swans,Western Bulldogs,SCG,NSW,VIC,1,7,7,14,4,88,11,7,73,15,1,1
M18347,2025,Round 3,3,2025-07-07,Collingwood Magpies,Carlton Blues,MCG,VIC,VIC,0,7,7,16,5,101,13,4,82,19,1,1
M18348,2025,Round 3,3,2025-07-09,Gold Coast Suns,Geelong Cats,Heritage Bank Stadium,QLD,VIC,1,9,6,15,0,90,12,5,77,13,1,1
M18349,2025,Round 3,3,2025-07-11,North Melbourne Kangaroos,Essendon Bombers,Marvel Stadium,VIC,VIC,0,9,9,13,5,83,15,3,93,-10,0,0
M18350,2025,Round 3,3,2025-07-13,West Coast Eagles,Adelaide Crows,Optus Stadium,WA,SA,1,7,8,15,4,94,13,7,85,9,1,1
M18351,2025,Round 3,3,2025-07-15,Brisbane Lions,Melbourne Demons,Gabba,QLD,VIC,1,7,9,13,8,86,15,3,93,-7,0,0
M18352,2025,Round 3,3,2025-07-17,Richmond Tigers,St Kilda Saints,MCG,VIC,VIC,0,7,9,14,0,84,14,5,89,-5,0,0
M18353,2025,Round 4,4,2025-08-01,Richmond Tigers,Adelaide Crows,MCG,VIC,SA,1,7,7,18,2,110,14,5,89,21,1,1
M18354,2025,Round 4,4,2025-08-03,Fremantle Dockers,Geelong Cats,Optus Stadium,WA,VIC,1,7,9,12,7,79,13,3,81,-2,0,0
M18355,2025,Round 4,4,2025-08-05,Port Adelaide Power,Melbourne Demons,Adelaide Oval,SA,VIC,1,8,9,14,1,85,14,3,87,-2,0,0
M18356,2025,Round 4,4,2025-08-07,Collingwood Magpies,Carlton Blues,MCG,VIC,VIC,0,7,7,13,3,81,13,3,81,0,0,0
M18357,2025,Round 4,4,2025-08-09,North Melbourne Kangaroos,Brisbane Lions,Marvel Stadium,VIC,QLD,1,9,7,14,5,89,13,1,79,10,1,1
M18358,2025,Round 4,4,2025-08-11,West Coast Eagles,Western Bulldogs,Optus Stadium,WA,VIC,1,7,6,16,4,100,16,0,96,4,1,1
M18359,2025,Round 4,4,2025-08-13,Hawthorn Hawks,GWS Giants,MCG,VIC,NSW,1,7,9,15,5,95,16,6,102,-7,0,0
M18360,2025,Round 4,4,2025-08-15,Sydney Swans,Gold Coast Suns,SCG,NSW,QLD,1,7,6,15,3,93,14,6,90,3,1,1
M18361,2025,Round 4,4,2025-08-17,St Kilda Saints,Essendon Bombers,Marvel Stadium,VIC,VIC,0,8,6,11,0,66,16,5,101,-35,0,0
M18362,2025,Round 5,5,2025-09-01,West Coast Eagles,Brisbane Lions,Optus Stadium,WA,QLD,1,9,8,16,4,100,13,7,85,15,1,1
M18363,2025,Round 5,5,2025-09-03,St Kilda Saints,Geelong Cats,Marvel Stadium,VIC,VIC,0,7,6,16,5,101,14,5,89,12,1,1
M18364,2025,Round 5,5,2025-09-05,Essendon Bombers,Carlton Blues,Marvel Stadium,VIC,VIC,0,6,7,16,6,102,12,6,78,24,1,1
M18365,2025,Round 5,5,2025-09-07,Adelaide Crows,GWS Giants,Adelaide Oval,SA,NSW,1,7,7,13,6,84,15,8,98,-14,0,0
M18366,2025,Round 5,5,2025-09-09,Melbourne Demons,Fremantle Dockers,MCG,VIC,WA,1,6,7,16,3,99,14,9,93,6,1,1
M18367,2025,Round 5,5,2025-09-11,Sydney Swans,Richmond Tigers,SCG,NSW,VIC,1,7,9,13,6,84,12,4,76,8,1,1
M18368,2025,Round 5,5,2025-09-13,North Melbourne Kangaroos,Western Bulldogs,Marvel Stadium,VIC,VIC,0,7,7,14,8,92,15,6,96,-4,0,0
M18369,2025,Round 5,5,2025-09-15,Port Adelaide Power,Collingwood Magpies,Adelaide Oval,SA,VIC,1,7,8,15,6,96,14,8,92,4,1,1
M18370,2025,Round 5,5,2025-09-17,Gold Coast Suns,Hawthorn Hawks,Heritage Bank Stadium,QLD,VIC,1,8,7,16,2,98,14,7,91,7,1,1
M18371,2025,Round 6,6,2025-04-01,North Melbourne Kangaroos,Essendon Bombers,Marvel Stadium,VIC,VIC,0,7,6,17,4,106,14,3,87,19,1,1
M18372,2025,Round 6,6,2025-04-03,Collingwood Magpies,St Kilda Saints,MCG,VIC,VIC,0,9,8,17,2,104,13,4,82,22,1,1
M18373,2025,Round 6,6,2025-04-05,Sydney Swans,GWS Giants,SCG,NSW,NSW,0,7,7,15,5,95,12,5,77,18,1,1
M18374,2025,Round 6,6,2025-04-07,Hawthorn Hawks,Adelaide Crows,MCG,VIC,SA,1,7,7,16,8,104,15,6,96,8,1,1
M18375,2025,Round 6,6,2025-04-09,Port Adelaide Power,Richmond Tigers,Adelaide Oval,SA,VIC,1,9,7,18,5,113,15,5,95,18,1,1
M18376,2025,Round 6,6,2025-04-11,West Coast Eagles,Brisbane Lions,Optus Stadium,WA,QLD,1,7,7,16,5,101,13,4,82,19,1,1
M18377,2025,Round 6,6,2025-04-13,Carlton Blues,Fremantle Dockers,Marvel Stadium,VIC,WA,1,9,7,15,5,95,15,6,96,-1,0,0
M18378,2025,Round 6,6,2025-04-15,Geelong Cats,Gold Coast Suns,GMHBA Stadium,VIC,QLD,1,8,7,14,6,90,13,2,80,10,1,1
M18379,2025,Round 6,6,2025-04-17,Melbourne Demons,Western Bulldogs,MCG,VIC,VIC,0,7,9,18,5,113,13,7,85,28,1,1
M18380,2025,Round 7,7,2025-05-01,Collingwood Magpies,GWS Giants,MCG,VIC,NSW,1,7,7,17,3,105,11,4,70,35,1,1
M18381,2025,Round 7,7,2025-05-03,Western Bulldogs,Melbourne Demons,Marvel Stadium,VIC,VIC,0,8,7,15,7,97,13,4,82,15,1,1
M18382,2025,Round 7,7,2025-05-05,Brisbane Lions,West Coast Eagles,Gabba,QLD,WA,1,8,7,15,4,94,13,6,84,10,1,1
M18383,2025,Round 7,7,2025-05-07,Richmond Tigers,St Kilda Saints,MCG,VIC,VIC,0,7,7,16,1,97,12,2,74,23,1,1
M18384,2025,Round 7,7,2025-05-09,Sydney Swans,Essendon Bombers,SCG,NSW,VIC,1,9,9,15,4,94,15,8,98,-4,0,0
M18385,2025,Round 7,7,2025-05-11,Carlton Blues,Fremantle Dockers,Marvel Stadium,VIC,WA,1,7,7,16,8,104,14,3,87,17,1,1
M18386,2025,Round 7,7,2025-05-13,Gold Coast Suns,Port Adelaide Power,Heritage Bank Stadium,QLD,SA,1,7,7,16,1,97,14,6,90,7,1,1
M18387,2025,Round 7,7,2025-05-15,Hawthorn Hawks,Geelong Cats,MCG,VIC,VIC,0,6,8,13,5,83,14,8,92,-9,0,0
M18388,2025,Round 7,7,2025-05-17,North Melbourne Kangaroos,Adelaide Crows,Marvel Stadium,VIC,SA,1,8,9,12,5,77,15,1,91,-14,0,0
M18389,2025,Round 8,8,2025-06-01,Carlton Blues,Port Adelaide Power,Marvel Stadium,VIC,SA,1,9,9,17,8,110,13,8,86,24,1,1
M18390,2025,Round 8,8,2025-06-03,Melbourne Demons,Western Bulldogs,MCG,VIC,VIC,0,7,7,16,0,96,13,5,83,13,1,1
M18391,2025,Round 8,8,2025-06-05,Brisbane Lions,Gold Coast Suns,Gabba,QLD,QLD,0,7,7,16,0,96,14,8,92,4,1,1
M18392,2025,Round 8,8,2025-06-07,West Coast Eagles,St Kilda Saints,Optus Stadium,WA,VIC,1,6,9,12,4,76,14,2,86,-10,0,0
M18393,2025,Round 8,8,2025-06-09,Collingwood Magpies,North Melbourne Kangaroos,MCG,VIC,VIC,0,7,8,15,2,92,13,5,83,9,1,1
M18394,2025,Round 8,8,2025-06-11,GWS Giants,Richmond Tigers,GIANTS Stadium,NSW,VIC,1,8,7,16,4,100,12,3,75,25,1,1
M18395,2025,Round 8,8,2025-06-13,Adelaide Crows,Hawthorn Hawks,Adelaide Oval,SA,VIC,1,7,7,14,5,89,13,7,85,4,1,1
M18396,2025,Round 8,8,2025-06-15,Geelong Cats,Sydney Swans,GMHBA Stadium,VIC,NSW,1,7,8,16,4,100,14,7,91,9,1,1
M18397,2025,Round 8,8,2025-06-17,Fremantle Dockers,Essendon Bombers,Optus Stadium,WA,VIC,1,7,8,15,2,92,13,8,86,6,1,1
M18398,2025,Round 9,9,2025-07-01,Collingwood Magpies,GWS Giants,MCG,VIC,NSW,1,7,7,15,6,96,14,4,88,8,1,1
M18399,2025,Round 9,9,2025-07-03,Western Bulldogs,Melbourne Demons,Marvel Stadium,VIC,VIC,0,7,7,14,7,91,11,8,74,17,1,1
M18400,2025,Round 9,9,2025-07-05,St Kilda Saints,Essendon Bombers,Marvel Stadium,VIC,VIC,0,6,8,14,7,91,13,7,85,6,1,1
M18401,2025,Round 9,9,2025-07-07,Gold Coast Suns,Geelong Cats,Heritage Bank Stadium,QLD,VIC,1,6,8,13,7,85,14,3,87,-2,0,0
M18402,2025,Round 9,9,2025-07-09,Hawthorn Hawks,North Melbourne Kangaroos,MCG,VIC,VIC,0,7,6,18,0,108,13,6,84,24,1,1
M18403,2025,Round 9,9,2025-07-11,Adelaide Crows,Sydney Swans,Adelaide Oval,SA,NSW,1,7,7,13,5,83,14,7,91,-8,0,0
M18404,2025,Round 9,9,2025-07-13,Carlton Blues,West Coast Eagles,Marvel Stadium,VIC,WA,1,7,7,18,7,115,14,4,88,27,1,1
M18405,2025,Round 9,9,2025-07-15,Richmond Tigers,Port Adelaide Power,MCG,VIC,SA,1,7,6,14,5,89,12,5,77,12,1,1
M18406,2025,Round 9,9,2025-07-17,Fremantle Dockers,Brisbane Lions,Optus Stadium,WA,QLD,1,6,7,13,3,81,13,2,80,1,1,1
M18407,2025,Round 10,10,2025-08-01,Western Bulldogs,Melbourne Demons,Marvel Stadium,VIC,VIC,0,7,7,18,5,113,12,3,75,38,1,1
M18408,2025,Round 10,10,2025-08-03,Richmond Tigers,Geelong Cats,MCG,VIC,VIC,0,7,8,14,3,87,16,1,97,-10,0,0
M18409,2025,Round 10,10,2025-08-05,St Kilda Saints,Hawthorn Hawks,Marvel Stadium,VIC,VIC,0,7,7,14,9,93,14,5,89,4,1,1
M18410,2025,Round 10,10,2025-08-07,Sydney Swans,Gold Coast Suns,SCG,NSW,QLD,1,6,8,14,5,89,13,5,83,6,1,1
M18411,2025,Round 10,10,2025-08-09,Fremantle Dockers,Adelaide Crows,Optus Stadium,WA,SA,1,7,8,14,8,92,13,4,82,10,1,1
M18412,2025,Round 10,10,2025-08-11,Collingwood Magpies,Essendon Bombers,MCG,VIC,VIC,0,7,6,16,3,99,14,3,87,12,1,1
M18413,2025,Round 10,10,2025-08-13,Brisbane Lions,Carlton Blues,Gabba,QLD,VIC,1,7,7,15,6,96,16,6,102,-6,0,0
M18414,2025,Round 10,10,2025-08-15,GWS Giants,Port Adelaide Power,GIANTS Stadium,NSW,SA,1,7,9,12,4,76,15,4,94,-18,0,0
M18415,2025,Round 10,10,2025-08-17,North Melbourne Kangaroos,West Coast Eagles,Marvel Stadium,VIC,WA,1,9,7,16,2,98,13,2,80,18,1,1
M18416,2025,Round 11,11,2025-09-01,Port Adelaide Power,Richmond Tigers,Adelaide Oval,SA,VIC,1,6,7,14,2,86,16,7,103,-17,0,0
M18417,2025,Round 11,11,2025-09-03,Gold Coast Suns,Brisbane Lions,Heritage Bank Stadium,QLD,QLD,0,8,9,14,6,90,14,6,90,0,0,0
M18418,2025,Round 11,11,2025-09-05,Adelaide Crows,Collingwood Magpies,Adelaide Oval,SA,VIC,1,8,8,15,8,98,13,5,83,15,1,1
M18419,2025,Round 11,11,2025-09-07,Essendon Bombers,Hawthorn Hawks,Marvel Stadium,VIC,VIC,0,7,6,16,5,101,13,9,87,14,1,1
M18420,2025,Round 11,11,2025-09-09,GWS Giants,Melbourne Demons,GIANTS Stadium,NSW,VIC,1,7,7,16,8,104,12,9,81,23,1,1
M18421,2025,Round 11,11,2025-09-11,St Kilda Saints,Western Bulldogs,Marvel Stadium,VIC,VIC,0,8,7,15,4,94,12,6,78,16,1,1
M18422,2025,Round 11,11,2025-09-13,Sydney Swans,Geelong Cats,SCG,NSW,VIC,1,8,9,13,7,85,13,3,81,4,1,1
M18423,2025,Round 11,11,2025-09-15,North Melbourne Kangaroos,West Coast Eagles,Marvel Stadium,VIC,WA,1,8,7,15,2,92,14,5,89,3,1,1
M18424,2025,Round 11,11,2025-09-17,Carlton Blues,Fremantle Dockers,Marvel Stadium,VIC,WA,1,7,7,14,6,90,14,0,84,6,1,1
M18425,2025,Round 12,12,2025-04-01,Brisbane Lions,Richmond Tigers,Gabba,QLD,VIC,1,7,7,15,9,99,14,0,84,15,1,1
M18426,2025,Round 12,12,2025-04-03,North Melbourne Kangaroos,Western Bulldogs,Marvel Stadium,VIC,VIC,0,6,7,16,7,103,18,2,110,-7,0,0
M18427,2025,Round 12,12,2025-04-05,GWS Giants,Collingwood Magpies,GIANTS Stadium,NSW,VIC,1,7,9,15,7,97,11,3,69,28,1,1
M18428,2025,Round 12,12,2025-04-07,Carlton Blues,Sydney Swans,Marvel Stadium,VIC,NSW,1,7,8,18,5,113,11,5,71,42,1,1
M18429,2025,Round 12,12,2025-04-09,Gold Coast Suns,Melbourne Demons,Heritage Bank Stadium,QLD,VIC,1,7,8,14,5,89,15,7,97,-8,0,0
M18430,2025,Round 12,12,2025-04-11,Geelong Cats,Port Adelaide Power,GMHBA Stadium,VIC,SA,1,6,7,15,6,96,13,4,82,14,1,1
M18431,2025,Round 12,12,2025-04-13,Adelaide Crows,Hawthorn Hawks,Adelaide Oval,SA,VIC,1,7,7,14,6,90,12,3,75,15,1,1
M18432,2025,Round 12,12,2025-04-15,Fremantle Dockers,West Coast Eagles,Optus Stadium,WA,WA,0,7,8,14,7,91,14,3,87,4,1,1
M18433,2025,Round 12,12,2025-04-17,Essendon Bombers,St Kilda Saints,Marvel Stadium,VIC,VIC,0,7,7,13,6,84,14,4,88,-4,0,0
M18434,2025,Round 13,13,2025-05-01,Collingwood Magpies,St Kilda Saints,MCG,VIC,VIC,0,8,6,18,5,113,16,6,102,11,1,1
M18435,2025,Round 13,13,2025-05-03,Western Bulldogs,Carlton Blues,Marvel Stadium,VIC,VIC,0,7,8,14,4,88,12,4,76,12,1,1
M18436,2025,Round 13,13,2025-05-05,Fremantle Dockers,Port Adelaide Power,Optus Stadium,WA,SA,1,6,7,17,4,106,11,6,72,34,1,1
M18437,2025,Round 13,13,2025-05-07,Richmond Tigers,Essendon Bombers,MCG,VIC,VIC,0,9,7,18,6,114,14,4,88,26,1,1
M18438,2025,Round 13,13,2025-05-09,Geelong Cats,Sydney Swans,GMHBA Stadium,VIC,NSW,1,9,6,15,9,99,13,7,85,14,1,1
M18439,2025,Round 13,13,2025-05-11,Gold Coast Suns,North Melbourne Kangaroos,Heritage Bank Stadium,QLD,VIC,1,7,8,15,6,96,13,2,80,16,1,1
M18440,2025,Round 13,13,2025-05-13,GWS Giants,Adelaide Crows,GIANTS Stadium,NSW,SA,1,6,7,16,6,102,13,5,83,19,1,1
M18441,2025,Round 13,13,2025-05-15,West Coast Eagles,Hawthorn Hawks,Optus Stadium,WA,VIC,1,9,7,16,7,103,14,7,91,12,1,1
M18442,2025,Round 13,13,2025-05-17,Brisbane Lions,Melbourne Demons,Gabba,QLD,VIC,1,6,8,15,5,95,14,5,89,6,1,1
M18443,2025,Round 14,14,2025-06-01,Carlton Blues,GWS Giants,Marvel Stadium,VIC,NSW,1,7,8,13,4,82,13,4,82,0,0,0
M18444,2025,Round 14,14,2025-06-03,Gold Coast Suns,Brisbane Lions,Heritage Bank Stadium,QLD,QLD,0,7,7,16,5,101,14,7,91,10,1,1
M18445,2025,Round 14,14,2025-06-05,North Melbourne Kangaroos,Geelong Cats,Marvel Stadium,VIC,VIC,0,7,7,14,3,87,14,5,89,-2,0,0
M18446,2025,Round 14,14,2025-06-07,Western Bulldogs,Fremantle Dockers,Marvel Stadium,VIC,WA,1,7,7,13,1,79,13,5,83,-4,0,0
M18447,2025,Round 14,14,2025-06-09,Sydney Swans,West Coast Eagles,SCG,NSW,WA,1,7,9,15,5,95,13,5,83,12,1,1
M18448,2025,Round 14,14,2025-06-11,Adelaide Crows,Port Adelaide Power,Adelaide Oval,SA,SA,0,6,9,16,4,100,14,9,93,7,1,1
M18449,2025,Round 14,14,2025-06-13,Collingwood Magpies,Hawthorn Hawks,MCG,VIC,VIC,0,6,7,14,4,88,13,6,84,4,1,1
M18450,2025,Round 14,14,2025-06-15,Melbourne Demons,Richmond Tigers,MCG,VIC,VIC,0,7,8,16,4,100,11,4,70,30,1,1
M18451,2025,Round 14,14,2025-06-17,Essendon Bombers,St Kilda Saints,Marvel Stadium,VIC,VIC,0,7,8,18,7,115,13,3,81,34,1,1
M18452,2025,Round 15,15,2025-07-01,Geelong Cats,Gold Coast Suns,GMHBA Stadium,VIC,QLD,1,7,7,16,8,104,15,3,93,11,1,1
M18453,2025,Round 15,15,2025-07-03,Sydney Swans,North Melbourne Kangaroos,SCG,NSW,VIC,1,7,8,18,6,114,13,4,82,32,1,1
M18454,2025,Round 15,15,2025-07-05,Adelaide Crows,Brisbane Lions,Adelaide Oval,SA,QLD,1,7,6,17,7,109,15,7,97,12,1,1
M18455,2025,Round 15,15,2025-07-07,West Coast Eagles,Port Adelaide Power,Optus Stadium,WA,SA,1,7,7,13,4,82,14,1,85,-3,0,0
M18456,2025,Round 15,15,2025-07-09,Western Bulldogs,Hawthorn Hawks,Marvel Stadium,VIC,VIC,0,6,8,14,4,88,11,6,72,16,1,1
M18457,2025,Round 15,15,2025-07-11,GWS Giants,St Kilda Saints,GIANTS Stadium,NSW,VIC,1,6,7,14,8,92,15,6,96,-4,0,0
M18458,2025,Round 15,15,2025-07-13,Richmond Tigers,Collingwood Magpies,MCG,VIC,VIC,0,7,9,16,5,101,12,6,78,23,1,1
M18459,2025,Round 15,15,2025-07-15,Melbourne Demons,Carlton Blues,MCG,VIC,VIC,0,8,7,14,4,88,8,9,57,31,1,1
M18460,2025,Round 15,15,2025-07-17,Fremantle Dockers,Essendon Bombers,Optus Stadium,WA,VIC,1,7,7,15,5,95,14,5,89,6,1,1
M18461,2025,Round 16,16,2025-08-01,Melbourne Demons,GWS Giants,MCG,VIC,NSW,1,7,6,19,3,117,13,6,84,33,1,1
M18462,2025,Round 16,16,2025-08-03,Brisbane Lions,Hawthorn Hawks,Gabba,QLD,VIC,1,8,8,17,4,106,9,7,61,45,1,1
M18463,2025,Round 16,16,2025-08-05,Collingwood Magpies,St Kilda Saints,MCG,VIC,VIC,0,9,7,12,4,76,12,7,79,-3,0,0
M18464,2025,Round 16,16,2025-08-07,North Melbourne Kangaroos,Adelaide Crows,Marvel Stadium,VIC,SA,1,7,7,14,3,87,11,5,71,16,1,1
M18465,2025,Round 16,16,2025-08-09,Gold Coast Suns,Sydney Swans,Heritage Bank Stadium,QLD,NSW,1,7,7,13,7,85,13,6,84,1,1,1
M18466,2025,Round 16,16,2025-08-11,Richmond Tigers,West Coast Eagles,MCG,VIC,WA,1,7,6,16,5,101,16,3,99,2,1,1
M18467,2025,Round 16,16,2025-08-13,Essendon Bombers,Fremantle Dockers,Marvel Stadium,VIC,WA,1,6,8,17,7,109,13,4,82,27,1,1
M18468,2025,Round 16,16,2025-08-15,Geelong Cats,Western Bulldogs,GMHBA Stadium,VIC,VIC,0,7,9,18,5,113,12,7,79,34,1,1
M18469,2025,Round 16,16,2025-08-17,Carlton Blues,Port Adelaide Power,Marvel Stadium,VIC,SA,1,9,6,17,5,107,11,7,73,34,1,1
M18470,2025,Round 17,17,2025-09-01,Adelaide Crows,Gold Coast Suns,Adelaide Oval,SA,QLD,1,8,7,17,4,106,15,4,94,12,1,1
M18471,2025,Round 17,17,2025-09-03,Collingwood Magpies,GWS Giants,MCG,VIC,NSW,1,9,6,17,8,110,11,5,71,39,1,1
M18472,2025,Round 17,17,2025-09-05,Brisbane Lions,Western Bulldogs,Gabba,QLD,VIC,1,6,7,14,6,90,13,6,84,6,1,1
M18473,2025,Round 17,17,2025-09-07,Richmond Tigers,Sydney Swans,MCG,VIC,NSW,1,9,7,17,3,105,12,0,72,33,1,1
M18474,2025,Round 17,17,2025-09-09,Hawthorn Hawks,West Coast Eagles,MCG,VIC,WA,1,7,9,18,4,112,15,7,97,15,1,1
M18475,2025,Round 17,17,2025-09-11,Fremantle Dockers,Port Adelaide Power,Optus Stadium,WA,SA,1,7,6,13,4,82,14,5,89,-7,0,0
M18476,2025,Round 17,17,2025-09-13,Geelong Cats,Melbourne Demons,GMHBA Stadium,VIC,VIC,0,7,7,17,2,104,13,5,83,21,1,1
M18477,2025,Round 17,17,2025-09-15,Essendon Bombers,North Melbourne Kangaroos,Marvel Stadium,VIC,VIC,0,7,8,16,3,99,13,8,86,13,1,1
M18478,2025,Round 17,17,2025-09-17,St Kilda Saints,Carlton Blues,Marvel Stadium,VIC,VIC,0,7,8,15,3,93,11,5,71,22,1,1
M18479,2025,Round 18,18,2025-04-01,Melbourne Demons,GWS Giants,MCG,VIC,NSW,1,6,7,16,2,98,12,0,72,26,1,1
M18480,2025,Round 18,18,2025-04-03,St Kilda Saints,North Melbourne Kangaroos,Marvel Stadium,VIC,VIC,0,7,9,14,4,88,15,3,93,-5,0,0
M18481,2025,Round 18,18,2025-04-05,Carlton Blues,Fremantle Dockers,Marvel Stadium,VIC,WA,1,7,7,15,7,97,16,5,101,-4,0,0
M18482,2025,Round 18,18,2025-04-07,West Coast Eagles,Collingwood Magpies,Optus Stadium,WA,VIC,1,7,6,14,3,87,12,3,75,12,1,1
M18483,2025,Round 18,18,2025-04-09,Sydney Swans,Port Adelaide Power,SCG,NSW,SA,1,7,8,17,3,105,10,7,67,38,1,1
M18484,2025,Round 18,18,2025-04-11,Hawthorn Hawks,Adelaide Crows,MCG,VIC,SA,1,8,6,17,0,102,12,4,76,26,1,1
M18485,2025,Round 18,18,2025-04-13,Geelong Cats,Essendon Bombers,GMHBA Stadium,VIC,VIC,0,7,6,17,5,107,13,2,80,27,1,1
M18486,2025,Round 18,18,2025-04-15,Richmond Tigers,Western Bulldogs,MCG,VIC,VIC,0,7,9,17,6,108,16,2,98,10,1,1
M18487,2025,Round 18,18,2025-04-17,Gold Coast Suns,Brisbane Lions,Heritage Bank Stadium,QLD,QLD,0,7,6,14,5,89,12,5,77,12,1,1
M18488,2025,Round 19,19,2025-05-01,Richmond Tigers,Fremantle Dockers,MCG,VIC,WA,1,7,6,16,4,100,15,1,91,9,1,1
M18489,2025,Round 19,19,2025-05-03,St Kilda Saints,Port Adelaide Power,Marvel Stadium,VIC,SA,1,7,7,16,3,99,14,4,88,11,1,1
M18490,2025,Round 19,19,2025-05-05,Geelong Cats,GWS Giants,GMHBA Stadium,VIC,NSW,1,7,7,18,4,112,14,4,88,24,1,1
M18491,2025,Round 19,19,2025-05-07,West Coast Eagles,Sydney Swans,Optus Stadium,WA,NSW,1,8,6,13,5,83,13,9,87,-4,0,0
M18492,2025,Round 19,19,2025-05-09,Melbourne Demons,Brisbane Lions,MCG,VIC,QLD,1,9,8,13,4,82,14,3,87,-5,0,0
M18493,2025,Round 19,19,2025-05-11,Adelaide Crows,Hawthorn Hawks,Adelaide Oval,SA,VIC,1,7,7,15,4,94,17,5,107,-13,0,0
M18494,2025,Round 19,19,2025-05-13,Collingwood Magpies,Carlton Blues,MCG,VIC,VIC,0,7,7,15,8,98,15,5,95,3,1,1
M18495,2025,Round 19,19,2025-05-15,North Melbourne Kangaroos,Essendon Bombers,Marvel Stadium,VIC,VIC,0,8,7,15,5,95,15,2,92,3,1,1
M18496,2025,Round 19,19,2025-05-17,Gold Coast Suns,Western Bulldogs,Heritage Bank Stadium,QLD,VIC,1,7,6,18,4,112,13,2,80,32,1,1
M18497,2025,Round 20,20,2025-06-01,Port Adelaide Power,Richmond Tigers,Adelaide Oval,SA,VIC,1,8,7,15,9,99,15,4,94,5,1,1
M18498,2025,Round 20,20,2025-06-03,Sydney Swans,Adelaide Crows,SCG,NSW,SA,1,7,7,16,8,104,14,6,90,14,1,1
M18499,2025,Round 20,20,2025-06-05,GWS Giants,Brisbane Lions,GIANTS Stadium,NSW,QLD,1,7,6,13,6,84,12,4,76,8,1,1
M18500,2025,Round 20,20,2025-06-07,Carlton Blues,Geelong Cats,Marvel Stadium,VIC,VIC,0,8,7,15,7,97,10,8,68,29,1,1
M18501,2025,Round 20,20,2025-06-09,North Melbourne Kangaroos,Melbourne Demons,Marvel Stadium,VIC,VIC,0,9,8,16,0,96,15,0,90,6,1,1
M18502,2025,Round 20,20,2025-06-11,Collingwood Magpies,Hawthorn Hawks,MCG,VIC,VIC,0,7,9,16,6,102,14,4,88,14,1,1
M18503,2025,Round 20,20,2025-06-13,Fremantle Dockers,Gold Coast Suns,Optus Stadium,WA,QLD,1,8,6,15,2,92,14,7,91,1,1,1
M18504,2025,Round 20,20,2025-06-15,Western Bulldogs,St Kilda Saints,Marvel Stadium,VIC,VIC,0,9,7,17,8,110,13,4,82,28,1,1
M18505,2025,Round 20,20,2025-06-17,Essendon Bombers,West Coast Eagles,Marvel Stadium,VIC,WA,1,7,7,13,4,82,14,8,92,-10,0,0
M18506,2025,Round 21,21,2025-07-01,Brisbane Lions,GWS Giants,Gabba,QLD,NSW,1,6,7,16,3,99,14,0,84,15,1,1
M18507,2025,Round 21,21,2025-07-03,Geelong Cats,Adelaide Crows,GMHBA Stadium,VIC,SA,1,7,7,17,1,103,12,8,80,23,1,1
M18508,2025,Round 21,21,2025-07-05,Western Bulldogs,Carlton Blues,Marvel Stadium,VIC,VIC,0,6,7,17,5,107,14,4,88,19,1,1
M18509,2025,Round 21,21,2025-07-07,Port Adelaide Power,North Melbourne Kangaroos,Adelaide Oval,SA,VIC,1,7,6,17,3,105,13,2,80,25,1,1
M18510,2025,Round 21,21,2025-07-09,Fremantle Dockers,Hawthorn Hawks,Optus Stadium,WA,VIC,1,7,7,13,6,84,14,5,89,-5,0,0
M18511,2025,Round 21,21,2025-07-11,Sydney Swans,West Coast Eagles,SCG,NSW,WA,1,6,6,15,7,97,14,8,92,5,1,1
M18512,2025,Round 21,21,2025-07-13,St Kilda Saints,Essendon Bombers,Marvel Stadium,VIC,VIC,0,7,8,16,4,100,12,5,77,23,1,1
M18513,2025,Round 21,21,2025-07-15,Collingwood Magpies,Melbourne Demons,MCG,VIC,VIC,0,7,8,16,7,103,15,0,90,13,1,1
M18514,2025,Round 21,21,2025-07-17,Gold Coast Suns,Richmond Tigers,Heritage Bank Stadium,QLD,VIC,1,7,6,16,6,102,12,2,74,28,1,1
M18515,2025,Round 22,22,2025-08-01,GWS Giants,Western Bulldogs,GIANTS Stadium,NSW,VIC,1,9,7,17,1,103,13,8,86,17,1,1
M18516,2025,Round 22,22,2025-08-03,Melbourne Demons,Port Adelaide Power,MCG,VIC,SA,1,9,6,15,5,95,13,3,81,14,1,1
M18517,2025,Round 22,22,2025-08-05,Hawthorn Hawks,Adelaide Crows,MCG,VIC,SA,1,7,8,17,5,107,13,7,85,22,1,1
M18518,2025,Round 22,22,2025-08-07,Sydney Swans,Carlton Blues,SCG,NSW,VIC,1,7,7,16,8,104,12,5,77,27,1,1
M18519,2025,Round 22,22,2025-08-09,West Coast Eagles,Richmond Tigers,Optus Stadium,WA,VIC,1,7,7,15,4,94,12,7,79,15,1,1
M18520,2025,Round 22,22,2025-08-11,Gold Coast Suns,Geelong Cats,Heritage Bank Stadium,QLD,VIC,1,6,8,15,4,94,14,5,89,5,1,1
M18521,2025,Round 22,22,2025-08-13,St Kilda Saints,Essendon Bombers,Marvel Stadium,VIC,VIC,0,9,9,17,6,108,13,3,81,27,1,1
M18522,2025,Round 22,22,2025-08-15,Fremantle Dockers,North Melbourne Kangaroos,Optus Stadium,WA,VIC,1,6,7,16,8,104,11,6,72,32,1,1
M18523,2025,Round 22,22,2025-08-17,Brisbane Lions,Collingwood Magpies,Gabba,QLD,VIC,1,9,6,16,8,104,15,6,96,8,1,1
M18524,2025,Round 23,23,2025-09-01,Gold Coast Suns,GWS Giants,Heritage Bank Stadium,QLD,NSW,1,7,9,14,1,85,13,5,83,2,1,1
M18525,2025,Round 23,23,2025-09-03,Port Adelaide Power,North Melbourne Kangaroos,Adelaide Oval,SA,VIC,1,7,8,14,2,86,15,1,91,-5,0,0
M18526,2025,Round 23,23,2025-09-05,Fremantle Dockers,Collingwood Magpies,Optus Stadium,WA,VIC,1,8,7,14,3,87,14,1,85,2,1,1
M18527,2025,Round 23,23,2025-09-07,Brisbane Lions,Adelaide Crows,Gabba,QLD,SA,1,6,7,15,4,94,13,5,83,11,1,1
M18528,2025,Round 23,23,2025-09-09,Essendon Bombers,West Coast Eagles,Marvel Stadium,VIC,WA,1,7,6,14,2,86,15,3,93,-7,0,0
M18529,2025,Round 23,23,2025-09-11,Richmond Tigers,Melbourne Demons,MCG,VIC,VIC,0,7,8,15,3,93,13,7,85,8,1,1
M18530,2025,Round 23,23,2025-09-13,Western Bulldogs,Sydney Swans,Marvel Stadium,VIC,NSW,1,7,8,13,3,81,14,6,90,-9,0,0
M18531,2025,Round 23,23,2025-09-15,Hawthorn Hawks,St Kilda Saints,MCG,VIC,VIC,0,8,7,14,4,88,13,1,79,9,1,1
M18532,2025,Round 23,23,2025-09-17,Carlton Blues,Geelong Cats,Marvel Stadium,VIC,VIC,0,6,7,18,6,114,15,6,96,18,1,1
